claim_id,policy_id,vehicle_id,claim_date,incident_type,claim_amount,claim_status,fraud_flag
1,1097,1235,2024-09-28 02:33:45.000000,COLLISION,5386.34,CLOSED,False
2,598,3583,2024-06-01 14:16:06.000000,GLASS_DAMAGE,15850.78,REJECTED,False
3,3248,3561,2025-03-10 10:13:22.000000,FLOOD,9098.41,IN_REVIEW,False
4,2703,1366,2025-03-09 20:52:52.000000,VANDALISM,22152.92,CLOSED,True
5,2151,388,2025-03-20 07:34:59.000000,FLOOD,10838.29,OPEN,False
6,3395,2541,2026-02-05 09:52:08.000000,VANDALISM,13722.77,REJECTED,False
7,3246,1916,2024-07-18 14:23:48.000000,FIRE,18742.58,REJECTED,True
8,2919,3776,2024-08-14 14:21:45.000000,FIRE,16625.42,APPROVED,False
9,1334,3109,2024-05-21 23:26:28.000000,THEFT,18408.95,CLOSED,True
10,4334,312,2025-03-26 00:34:01.000000,VANDALISM,8908.73,OPEN,False
11,3417,2159,2024-09-16 06:19:59.000000,FIRE,524.43,REJECTED,False
12,3227,3647,2025-10-27 19:32:00.000000,GLASS_DAMAGE,15562.28,REJECTED,False
13,3992,3580,2024-07-17 21:29:01.000000,THEFT,20882.87,APPROVED,True
14,641,1239,2026-04-03 16:52:48.000000,FLOOD,3416.06,OPEN,False
15,4140,4050,2024-09-01 08:59:48.000000,GLASS_DAMAGE,11416.77,REJECTED,False
16,3920,921,2024-09-17 00:32:09.000000,VANDALISM,15797.77,OPEN,False
17,584,2450,2026-05-08 05:52:17.000000,THEFT,17800.74,OPEN,False
18,4359,3021,2026-03-31 09:12:46.000000,GLASS_DAMAGE,16548.74,IN_REVIEW,False
19,3106,3206,2024-08-29 11:48:25.000000,FLOOD,12270.6,CLOSED,False
20,4140,3344,2025-05-11 16:22:24.000000,VANDALISM,7707.49,OPEN,False
21,1126,3391,2025-02-09 02:06:22.000000,GLASS_DAMAGE,3633.41,OPEN,False
22,355,3202,2025-12-18 01:00:09.000000,COLLISION,17718.06,REJECTED,False
23,4612,687,2024-05-13 19:21:52.000000,COLLISION,4168.76,APPROVED,False
24,534,2745,2025-03-15 05:47:27.000000,FLOOD,8110.27,OPEN,False
25,1206,2273,2024-12-07 02:50:06.000000,COLLISION,21331.0,IN_REVIEW,True
26,2120,2678,2025-01-21 20:47:59.000000,FLOOD,17382.41,REJECTED,False
27,351,1749,2026-03-12 05:17:47.000000,FIRE,10514.46,OPEN,False
28,692,598,2025-09-01 01:02:42.000000,GLASS_DAMAGE,6000.92,CLOSED,False
29,1658,430,2025-06-12 23:18:29.000000,FIRE,22577.44,IN_REVIEW,True
30,3886,3641,2025-07-06 02:55:32.000000,FLOOD,11712.88,REJECTED,False
31,3216,3761,2024-09-23 01:37:53.000000,FIRE,12941.07,REJECTED,False
32,2839,2312,2026-05-05 22:17:45.000000,COLLISION,13328.67,CLOSED,False
33,1906,1769,2025-11-13 12:47:11.000000,COLLISION,3476.67,OPEN,False
34,181,3616,2024-10-11 23:59:50.000000,FLOOD,18289.68,CLOSED,True
35,2923,53,2026-03-26 05:27:30.000000,GLASS_DAMAGE,21681.95,APPROVED,True
36,1992,752,2025-06-09 16:15:03.000000,FIRE,20594.91,REJECTED,True
37,3307,2831,2025-04-16 11:26:26.000000,GLASS_DAMAGE,5958.44,APPROVED,False
38,2625,1461,2024-07-07 12:51:55.000000,FLOOD,15192.16,APPROVED,False
39,2923,2058,2025-03-21 01:47:12.000000,VANDALISM,22848.24,CLOSED,True
40,4510,3113,2025-09-13 22:57:49.000000,COLLISION,11733.72,IN_REVIEW,False
41,3855,3056,2024-05-12 14:49:17.000000,VANDALISM,14615.11,IN_REVIEW,False
42,1909,1985,2024-06-11 22:43:43.000000,VANDALISM,22905.2,REJECTED,True
43,4731,565,2024-10-29 01:13:47.000000,FLOOD,4464.8,IN_REVIEW,False
44,2334,3296,2025-12-01 22:13:34.000000,VANDALISM,8804.52,REJECTED,False
45,868,843,2025-11-30 14:48:25.000000,VANDALISM,17689.7,IN_REVIEW,False
46,3641,39,2024-06-11 18:02:51.000000,COLLISION,4167.02,REJECTED,False
47,2246,3934,2025-09-05 06:52:28.000000,FIRE,9239.8,OPEN,False
48,4391,2395,2025-06-08 17:54:10.000000,COLLISION,4266.27,REJECTED,False
49,3902,1491,2025-08-27 05:31:50.000000,FLOOD,22468.59,REJECTED,True
50,909,2945,2025-02-07 12:11:54.000000,COLLISION,12872.66,REJECTED,False
51,873,2744,2025-10-03 16:17:59.000000,THEFT,24039.27,OPEN,True
52,1236,2908,2026-02-25 11:39:46.000000,FIRE,4023.04,IN_REVIEW,False
53,3323,508,2024-12-22 17:02:39.000000,GLASS_DAMAGE,2569.5,OPEN,False
54,1771,3522,2024-12-29 18:38:18.000000,GLASS_DAMAGE,22948.24,APPROVED,True
55,4426,2767,2026-02-02 15:56:24.000000,VANDALISM,20275.38,OPEN,True
56,260,455,2026-04-08 03:57:08.000000,VANDALISM,11174.87,REJECTED,False
57,2971,357,2025-11-25 12:07:07.000000,GLASS_DAMAGE,6248.13,REJECTED,False
58,2948,2443,2025-09-24 06:34:33.000000,THEFT,10300.31,APPROVED,False
59,2966,3352,2024-08-16 00:26:54.000000,COLLISION,5198.31,IN_REVIEW,False
60,2931,37,2025-06-28 06:13:34.000000,COLLISION,24598.64,APPROVED,True
61,2633,1775,2026-03-01 22:18:48.000000,COLLISION,4986.17,IN_REVIEW,False
62,452,1587,2025-08-25 18:44:32.000000,GLASS_DAMAGE,412.16,OPEN,False
63,1446,2164,2026-01-11 01:08:18.000000,THEFT,8429.7,IN_REVIEW,False
64,490,3399,2025-10-16 10:42:21.000000,VANDALISM,3394.88,REJECTED,False
65,2915,151,2025-04-26 23:45:21.000000,FIRE,13668.55,APPROVED,False
66,255,648,2025-10-22 14:24:40.000000,THEFT,17883.46,IN_REVIEW,False
67,1655,494,2025-05-03 01:59:23.000000,COLLISION,9716.7,APPROVED,False
68,3598,3957,2025-10-08 16:32:36.000000,GLASS_DAMAGE,20476.27,REJECTED,True
69,3944,3188,2026-01-17 12:07:11.000000,FIRE,13781.73,APPROVED,False
70,388,3279,2025-08-11 01:41:53.000000,VANDALISM,2965.39,REJECTED,False
71,2764,2471,2025-03-30 21:37:58.000000,VANDALISM,10520.12,OPEN,False
72,62,1476,2026-05-10 11:58:08.000000,FLOOD,6117.48,OPEN,False
73,306,3826,2024-06-14 02:14:16.000000,FLOOD,9573.59,APPROVED,False
74,420,3160,2025-12-18 02:06:50.000000,THEFT,10492.64,CLOSED,False
75,3127,2245,2024-09-05 13:50:52.000000,FIRE,15822.28,OPEN,False
76,4743,2797,2026-01-26 00:10:47.000000,FLOOD,2044.1,OPEN,False
77,1235,48,2025-05-19 04:34:03.000000,GLASS_DAMAGE,18222.72,REJECTED,True
78,1898,241,2025-11-25 14:09:56.000000,FLOOD,21746.43,CLOSED,True
79,2043,2607,2024-09-21 00:19:00.000000,GLASS_DAMAGE,5547.04,REJECTED,False
80,4576,1,2025-07-21 20:51:15.000000,VANDALISM,7905.0,CLOSED,False
81,4464,4177,2025-09-18 08:55:24.000000,VANDALISM,21303.76,OPEN,True
82,2938,1184,2025-11-29 18:37:53.000000,FLOOD,11852.84,CLOSED,False
83,1926,3066,2024-11-19 07:08:35.000000,COLLISION,8030.16,OPEN,False
84,2875,1914,2026-04-06 12:41:32.000000,VANDALISM,4360.51,OPEN,False
85,3772,2214,2024-10-17 01:59:18.000000,VANDALISM,9242.67,IN_REVIEW,False
86,3270,1636,2026-02-04 02:52:34.000000,GLASS_DAMAGE,23261.19,REJECTED,True
87,835,2585,2025-12-13 15:31:11.000000,COLLISION,15523.24,OPEN,False
88,1467,1402,2025-10-03 02:12:23.000000,FIRE,15033.97,IN_REVIEW,False
89,3700,233,2024-12-10 23:02:18.000000,FIRE,15213.58,REJECTED,False
90,3314,1359,2025-02-27 14:27:30.000000,GLASS_DAMAGE,9028.36,REJECTED,False
91,2338,1937,2025-03-31 10:32:17.000000,VANDALISM,755.89,APPROVED,False
92,4397,655,2026-04-06 15:06:45.000000,VANDALISM,2238.04,IN_REVIEW,False
93,882,2528,2025-01-05 06:10:06.000000,VANDALISM,2187.59,OPEN,False
94,3094,3556,2024-11-26 23:49:14.000000,THEFT,7653.56,REJECTED,False
95,1328,3361,2024-06-19 06:14:16.000000,THEFT,24837.2,APPROVED,True
96,50,552,2024-09-12 10:33:26.000000,COLLISION,20561.8,REJECTED,True
97,3978,505,2024-05-17 14:11:13.000000,FLOOD,15141.17,CLOSED,False
98,792,900,2025-08-15 15:48:11.000000,THEFT,2588.06,APPROVED,False
99,4161,3898,2024-09-07 10:55:32.000000,VANDALISM,17439.1,REJECTED,False
100,2366,4042,2026-02-13 18:46:42.000000,COLLISION,14918.64,IN_REVIEW,False
101,3744,552,2026-04-27 14:36:49.000000,FIRE,22710.09,CLOSED,True
102,1036,2329,2025-04-09 17:51:22.000000,FIRE,19834.23,APPROVED,True
103,4342,4082,2024-06-10 11:12:53.000000,FLOOD,2611.07,OPEN,False
104,515,2466,2026-04-11 13:14:56.000000,FLOOD,12010.06,APPROVED,False
105,4564,2389,2025-03-15 00:47:41.000000,VANDALISM,23473.45,IN_REVIEW,True
106,4050,2410,2025-05-12 23:26:23.000000,VANDALISM,11077.29,OPEN,False
107,2394,3742,2024-05-15 17:28:42.000000,COLLISION,17966.81,REJECTED,False
108,4345,1292,2024-07-12 02:43:55.000000,VANDALISM,6371.08,IN_REVIEW,False
109,264,1946,2025-01-29 21:57:18.000000,GLASS_DAMAGE,11433.09,IN_REVIEW,False
110,414,272,2025-06-18 17:51:21.000000,GLASS_DAMAGE,21328.13,APPROVED,True
111,927,362,2024-06-26 10:29:50.000000,FIRE,9068.8,IN_REVIEW,False
112,938,1399,2025-06-24 04:26:50.000000,THEFT,15604.04,OPEN,False
113,4120,52,2026-03-21 14:13:44.000000,THEFT,9927.59,REJECTED,False
114,2680,1626,2025-09-05 17:40:17.000000,FLOOD,12131.95,IN_REVIEW,False
115,609,1305,2025-03-06 09:58:48.000000,COLLISION,20030.66,OPEN,True
116,2347,901,2025-06-05 19:49:50.000000,THEFT,16813.45,OPEN,False
117,1848,2944,2024-06-29 08:50:06.000000,GLASS_DAMAGE,10316.9,IN_REVIEW,False
118,1729,455,2025-01-20 06:19:00.000000,FLOOD,16728.28,OPEN,False
119,4608,1737,2024-07-08 21:29:51.000000,VANDALISM,8744.92,IN_REVIEW,False
120,4367,551,2026-03-22 06:16:29.000000,FLOOD,9602.22,IN_REVIEW,False
121,1950,2610,2024-12-13 22:17:24.000000,THEFT,6949.99,CLOSED,False
122,612,2465,2025-07-18 20:20:56.000000,THEFT,23629.68,REJECTED,True
123,4451,2262,2026-03-07 10:18:27.000000,FLOOD,4969.88,CLOSED,False
124,19,3808,2024-10-03 03:05:08.000000,THEFT,13423.26,CLOSED,False
125,2123,1197,2025-12-17 07:35:22.000000,FIRE,14155.05,REJECTED,False
126,920,3052,2026-02-02 21:52:50.000000,THEFT,4346.93,CLOSED,False
127,4052,446,2025-02-04 10:25:59.000000,THEFT,13955.42,APPROVED,False
128,339,758,2026-02-14 22:13:32.000000,THEFT,4241.5,OPEN,False
129,612,1568,2024-11-26 17:55:19.000000,FLOOD,5670.7,CLOSED,False
130,4225,247,2024-09-29 20:55:48.000000,VANDALISM,2834.05,OPEN,False
131,2139,2094,2024-09-05 01:31:44.000000,FLOOD,10619.32,CLOSED,False
132,2668,3426,2026-05-08 07:27:46.000000,VANDALISM,17922.46,APPROVED,False
133,1994,349,2024-12-04 13:23:01.000000,COLLISION,5606.87,APPROVED,False
134,4422,3706,2025-04-12 23:37:19.000000,GLASS_DAMAGE,7760.85,APPROVED,False
135,1155,2745,2024-08-24 18:07:48.000000,FIRE,13559.18,OPEN,False
136,468,1680,2025-10-15 08:18:41.000000,GLASS_DAMAGE,18636.47,IN_REVIEW,True
137,1806,3586,2026-03-01 13:48:16.000000,FLOOD,8368.4,APPROVED,False
138,4538,4134,2025-02-14 23:21:18.000000,THEFT,21397.32,IN_REVIEW,True
139,1940,2933,2025-10-27 11:11:38.000000,FLOOD,17200.92,IN_REVIEW,False
140,1362,1185,2024-07-25 21:12:30.000000,VANDALISM,11632.47,CLOSED,False
141,613,1494,2025-05-31 07:05:09.000000,FLOOD,9441.5,APPROVED,False
142,3651,2686,2024-09-25 14:26:39.000000,GLASS_DAMAGE,24495.16,IN_REVIEW,True
143,2684,2070,2024-08-07 11:00:06.000000,VANDALISM,3250.42,OPEN,False
144,74,2012,2025-09-02 09:59:17.000000,THEFT,12092.47,REJECTED,False
145,2364,849,2024-09-29 06:51:13.000000,FLOOD,21005.35,REJECTED,True
146,4330,1212,2025-10-05 04:06:47.000000,FLOOD,22940.69,OPEN,True
147,4650,901,2025-04-08 00:52:12.000000,COLLISION,21198.0,IN_REVIEW,True
148,574,2603,2024-06-02 14:52:28.000000,COLLISION,19694.13,APPROVED,True
149,1327,3849,2024-12-14 07:48:14.000000,COLLISION,24568.7,REJECTED,True
150,1507,2548,2024-10-08 18:31:38.000000,COLLISION,21795.44,REJECTED,True
151,1674,2566,2026-04-30 00:52:46.000000,GLASS_DAMAGE,1557.49,CLOSED,False
152,875,2537,2026-04-14 05:24:54.000000,FIRE,19987.85,APPROVED,True
153,3702,3529,2026-03-27 18:46:04.000000,THEFT,17926.95,REJECTED,False
154,1666,1008,2025-10-23 23:32:44.000000,COLLISION,11579.28,APPROVED,False
155,4759,360,2024-06-08 17:41:11.000000,THEFT,12529.32,CLOSED,False
156,2799,4162,2025-05-17 01:00:47.000000,FIRE,23265.96,REJECTED,True
157,2098,2031,2024-12-28 03:25:55.000000,GLASS_DAMAGE,15260.1,OPEN,False
158,1952,1232,2026-03-19 08:31:27.000000,FLOOD,18537.26,REJECTED,True
159,3246,2458,2026-05-10 21:03:05.000000,FIRE,10173.01,REJECTED,False
160,2422,3024,2026-03-10 10:01:00.000000,THEFT,2213.6,IN_REVIEW,False
161,1802,1665,2026-01-15 18:44:08.000000,FIRE,12564.97,OPEN,False
162,425,654,2025-12-22 04:09:36.000000,THEFT,8555.25,APPROVED,False
163,4311,2117,2025-01-03 04:54:57.000000,COLLISION,4651.08,APPROVED,False
164,999,1688,2025-05-11 16:23:52.000000,COLLISION,2247.8,CLOSED,False
165,4790,558,2026-04-23 20:58:27.000000,FLOOD,3619.57,CLOSED,False
166,3732,2835,2024-06-18 12:21:37.000000,VANDALISM,5053.08,OPEN,False
167,3323,113,2026-01-29 03:18:15.000000,GLASS_DAMAGE,15900.61,REJECTED,False
168,4799,3127,2026-04-10 19:43:42.000000,COLLISION,23460.35,REJECTED,True
169,4163,1555,2025-03-11 10:56:16.000000,THEFT,14148.04,IN_REVIEW,False
170,3939,2289,2026-04-04 16:29:14.000000,THEFT,1884.24,REJECTED,False
171,1979,1870,2025-04-23 01:40:23.000000,FIRE,13428.4,REJECTED,False
172,3869,261,2025-02-18 07:21:37.000000,COLLISION,21609.55,IN_REVIEW,True
173,7,3041,2025-11-22 09:29:23.000000,GLASS_DAMAGE,4861.73,CLOSED,False
174,4636,855,2025-06-17 03:11:13.000000,FIRE,12020.11,IN_REVIEW,False
175,976,1639,2024-12-31 10:21:18.000000,GLASS_DAMAGE,11353.53,REJECTED,False
176,1528,3857,2026-01-30 23:00:19.000000,GLASS_DAMAGE,11867.23,OPEN,False
177,2106,2666,2024-11-20 23:08:36.000000,COLLISION,8104.13,OPEN,False
178,1762,1843,2025-08-04 21:02:01.000000,FLOOD,11168.85,OPEN,False
179,3749,4183,2025-12-31 01:02:43.000000,THEFT,12054.86,CLOSED,False
180,2323,3014,2025-01-07 07:22:11.000000,THEFT,8208.93,OPEN,False
181,1374,1774,2026-04-30 19:16:52.000000,VANDALISM,7320.86,IN_REVIEW,False
182,2726,3034,2024-10-07 12:49:44.000000,GLASS_DAMAGE,8881.34,REJECTED,False
183,1157,1431,2024-08-11 05:19:42.000000,FLOOD,24259.96,OPEN,True
184,1421,48,2025-01-25 02:48:59.000000,THEFT,22251.75,IN_REVIEW,True
185,14,3228,2025-04-09 04:48:58.000000,COLLISION,14660.71,APPROVED,False
186,4797,1267,2025-02-18 15:52:32.000000,GLASS_DAMAGE,19088.45,APPROVED,True
187,2080,3192,2024-10-04 09:19:40.000000,THEFT,3616.88,IN_REVIEW,False
188,867,527,2024-11-25 02:37:44.000000,VANDALISM,12570.02,IN_REVIEW,False
189,3899,1268,2026-02-23 21:59:47.000000,THEFT,7173.26,CLOSED,False
190,2575,475,2025-01-03 21:57:57.000000,GLASS_DAMAGE,3548.47,IN_REVIEW,False
191,1762,2368,2025-03-20 07:22:15.000000,FLOOD,23832.31,APPROVED,True
192,3231,1145,2025-10-08 22:55:27.000000,COLLISION,23624.47,REJECTED,True
193,2836,453,2025-10-16 00:45:59.000000,COLLISION,23551.3,IN_REVIEW,True
194,3408,1628,2025-03-14 09:43:27.000000,FIRE,18907.04,CLOSED,True
195,4645,1296,2024-09-05 15:05:52.000000,VANDALISM,6337.75,APPROVED,False
196,2972,2988,2026-01-07 15:09:21.000000,FIRE,20636.21,IN_REVIEW,True
197,3788,3669,2025-03-28 17:24:27.000000,VANDALISM,2189.87,OPEN,False
198,940,996,2024-10-31 17:22:42.000000,COLLISION,23127.35,IN_REVIEW,True
199,1351,1383,2025-11-24 13:48:03.000000,THEFT,21232.94,OPEN,True
200,3162,1708,2026-04-17 14:55:32.000000,FLOOD,14405.34,REJECTED,False
201,4295,3027,2024-11-28 10:12:42.000000,THEFT,22774.64,IN_REVIEW,True
202,4335,3007,2025-02-23 14:59:11.000000,COLLISION,22905.94,CLOSED,True
203,496,3224,2024-06-19 08:00:56.000000,THEFT,6380.97,REJECTED,False
204,3620,1457,2025-10-03 09:27:28.000000,GLASS_DAMAGE,12681.69,IN_REVIEW,False
205,998,2483,2024-07-24 18:06:23.000000,COLLISION,21390.53,CLOSED,True
206,3305,480,2024-06-25 04:37:28.000000,VANDALISM,20516.21,CLOSED,True
207,1762,1758,2025-03-29 05:26:07.000000,VANDALISM,14340.09,REJECTED,False
208,390,3261,2025-06-30 21:15:18.000000,THEFT,6037.71,OPEN,False
209,1347,2416,2024-09-27 06:49:09.000000,COLLISION,20463.75,APPROVED,True
210,1875,3368,2026-03-17 10:03:00.000000,FIRE,3123.47,CLOSED,False
211,3995,2129,2024-12-19 05:25:39.000000,VANDALISM,8011.87,REJECTED,False
212,1505,3891,2025-06-14 04:31:02.000000,COLLISION,19713.13,OPEN,True
213,2355,1362,2025-06-14 00:01:36.000000,FLOOD,6029.34,APPROVED,False
214,1077,1828,2026-01-24 02:16:06.000000,VANDALISM,24757.17,CLOSED,True
215,1495,567,2024-05-26 00:29:53.000000,FIRE,24748.28,APPROVED,True
216,3538,855,2026-02-15 09:39:53.000000,FIRE,12403.55,IN_REVIEW,False
217,4325,621,2026-05-09 03:11:03.000000,FLOOD,17711.65,REJECTED,False
218,2562,482,2025-11-18 14:23:49.000000,FLOOD,6625.46,CLOSED,False
219,1241,2675,2026-04-24 22:22:45.000000,FIRE,9972.03,APPROVED,False
220,1383,288,2024-10-03 20:46:16.000000,VANDALISM,17736.02,REJECTED,False
221,4739,3311,2026-01-11 19:13:34.000000,FLOOD,6900.72,IN_REVIEW,False
222,208,1312,2024-12-24 15:42:24.000000,VANDALISM,2727.23,APPROVED,False
223,3639,1008,2026-04-08 16:50:25.000000,VANDALISM,11832.29,OPEN,False
224,4253,684,2025-07-17 03:49:43.000000,VANDALISM,3062.56,REJECTED,False
225,2650,3526,2025-02-06 22:36:29.000000,THEFT,14089.49,OPEN,False
226,3470,1594,2024-11-29 14:47:01.000000,THEFT,578.76,CLOSED,False
227,1895,1020,2026-01-03 14:19:49.000000,FLOOD,1805.34,OPEN,False
228,2287,1791,2024-10-27 23:19:53.000000,FLOOD,18461.86,IN_REVIEW,True
229,2208,116,2026-02-19 03:08:59.000000,FIRE,2897.01,REJECTED,False
230,3791,917,2026-01-13 04:23:35.000000,THEFT,6647.71,IN_REVIEW,False
231,3845,101,2025-09-29 10:36:57.000000,THEFT,23941.81,REJECTED,True
232,2530,1798,2024-08-11 09:12:21.000000,FLOOD,16376.31,APPROVED,False
233,1774,3868,2025-07-20 09:44:41.000000,THEFT,17879.91,CLOSED,False
234,1738,2955,2025-02-19 22:44:23.000000,VANDALISM,18676.13,REJECTED,True
235,3050,273,2025-07-26 04:55:23.000000,COLLISION,6470.28,APPROVED,False
236,2228,3610,2024-12-20 14:53:57.000000,COLLISION,12703.92,REJECTED,False
237,2739,665,2025-08-12 01:26:45.000000,COLLISION,21960.27,CLOSED,True
238,2855,2628,2025-01-19 03:18:59.000000,GLASS_DAMAGE,14788.63,CLOSED,False
239,3400,1400,2024-12-11 22:52:27.000000,GLASS_DAMAGE,20923.18,IN_REVIEW,True
240,4708,4043,2025-12-03 03:14:01.000000,FLOOD,10899.01,REJECTED,False
241,4235,4000,2026-01-03 01:56:53.000000,FLOOD,12796.94,REJECTED,False
242,2805,2470,2025-04-04 04:03:47.000000,COLLISION,20315.73,OPEN,True
243,2941,2850,2025-12-09 02:56:29.000000,FLOOD,21192.73,REJECTED,True
244,2293,308,2025-08-16 04:30:41.000000,FIRE,10223.03,APPROVED,False
245,30,122,2025-03-17 02:42:07.000000,THEFT,11949.03,IN_REVIEW,False
246,3793,3355,2025-07-10 03:27:08.000000,THEFT,4505.94,APPROVED,False
247,961,3286,2025-09-15 14:45:50.000000,FLOOD,4734.35,IN_REVIEW,False
248,4540,1751,2025-12-26 14:31:48.000000,FLOOD,15784.88,REJECTED,False
249,4133,1679,2024-09-03 22:19:07.000000,COLLISION,9875.94,APPROVED,False
250,2595,2624,2024-10-02 19:07:48.000000,THEFT,8855.82,IN_REVIEW,False
251,4406,3221,2024-05-17 21:19:53.000000,FIRE,13220.24,REJECTED,False
252,940,1641,2025-06-02 13:59:27.000000,VANDALISM,22859.78,IN_REVIEW,True
253,3956,2215,2025-03-19 22:06:35.000000,VANDALISM,3777.95,REJECTED,False
254,868,3158,2024-12-07 06:44:10.000000,GLASS_DAMAGE,17931.91,REJECTED,False
255,393,3679,2024-11-19 08:07:53.000000,COLLISION,14176.78,REJECTED,False
256,4549,2714,2025-05-12 19:27:35.000000,GLASS_DAMAGE,24119.39,IN_REVIEW,True
257,3489,4101,2024-10-07 06:59:39.000000,GLASS_DAMAGE,2113.29,CLOSED,False
258,2205,1445,2025-04-17 19:42:12.000000,THEFT,10296.79,APPROVED,False
259,1983,365,2025-01-25 05:58:55.000000,VANDALISM,16409.97,APPROVED,False
260,2943,3444,2024-06-25 19:46:54.000000,THEFT,13641.41,CLOSED,False
261,1910,2004,2026-04-07 18:37:26.000000,GLASS_DAMAGE,11219.87,APPROVED,False
262,1294,1068,2025-10-16 06:21:05.000000,THEFT,24735.55,OPEN,True
263,2929,1593,2025-02-27 22:50:58.000000,FLOOD,12910.46,APPROVED,False
264,2117,3299,2025-07-16 20:13:41.000000,FLOOD,15776.12,APPROVED,False
265,2554,3941,2025-07-30 20:51:34.000000,COLLISION,2496.94,CLOSED,False
266,4658,650,2025-12-16 06:33:34.000000,THEFT,13493.2,CLOSED,False
267,2757,1268,2025-01-10 14:34:23.000000,FIRE,7508.14,IN_REVIEW,False
268,2620,3677,2025-10-12 19:27:19.000000,COLLISION,15912.15,REJECTED,False
269,2410,3356,2026-02-04 16:39:35.000000,FIRE,18931.79,CLOSED,True
270,3468,1097,2025-05-09 19:55:13.000000,VANDALISM,20683.32,APPROVED,True
271,3029,1584,2025-09-27 23:53:27.000000,FIRE,2425.91,OPEN,False
272,4141,1022,2026-05-10 00:03:05.000000,FLOOD,19472.45,CLOSED,True
273,2774,957,2025-01-02 12:32:19.000000,FIRE,10746.19,OPEN,False
274,1372,2248,2026-03-21 00:11:30.000000,FIRE,20626.06,APPROVED,True
275,3575,4175,2026-01-11 14:00:48.000000,THEFT,16405.31,REJECTED,False
276,3656,261,2025-05-13 23:41:23.000000,THEFT,941.76,APPROVED,False
277,3809,955,2024-05-22 04:12:41.000000,FIRE,626.5,OPEN,False
278,4123,1692,2024-10-09 17:27:14.000000,COLLISION,5351.14,OPEN,False
279,2459,3178,2025-04-10 17:53:57.000000,COLLISION,2157.0,APPROVED,False
280,4211,164,2025-06-23 21:57:31.000000,GLASS_DAMAGE,10864.84,REJECTED,False
281,3076,3387,2025-06-22 07:41:49.000000,GLASS_DAMAGE,13003.99,OPEN,False
282,3070,2268,2024-05-26 15:33:51.000000,FLOOD,23577.89,APPROVED,True
283,4733,470,2026-05-06 04:53:27.000000,FIRE,6463.92,REJECTED,False
284,278,286,2026-04-22 13:11:17.000000,VANDALISM,9596.8,OPEN,False
285,217,2857,2025-07-27 02:09:35.000000,COLLISION,17251.74,OPEN,False
286,2712,1136,2024-09-15 14:22:02.000000,THEFT,20311.39,OPEN,True
287,1740,3882,2025-11-06 04:40:02.000000,THEFT,20937.16,REJECTED,True
288,1454,3980,2024-12-21 03:08:40.000000,THEFT,15105.68,REJECTED,False
289,350,3092,2025-11-30 02:09:14.000000,VANDALISM,16872.48,IN_REVIEW,False
290,921,399,2026-03-20 14:05:56.000000,GLASS_DAMAGE,20528.54,IN_REVIEW,True
291,3513,817,2026-04-10 12:00:36.000000,FLOOD,12171.12,CLOSED,False
292,1908,3127,2026-04-29 11:48:31.000000,GLASS_DAMAGE,4907.77,OPEN,False
293,402,1113,2025-12-08 15:38:47.000000,COLLISION,19978.74,REJECTED,True
294,672,307,2026-02-23 12:33:51.000000,GLASS_DAMAGE,21062.58,APPROVED,True
295,2769,828,2024-08-08 23:11:14.000000,THEFT,23173.53,OPEN,True
296,1103,3067,2025-01-19 19:33:20.000000,FIRE,23988.89,REJECTED,True
297,44,4191,2024-08-10 01:07:05.000000,FIRE,1849.82,REJECTED,False
298,3835,1710,2025-01-14 07:32:10.000000,FLOOD,13436.99,CLOSED,False
299,2787,1288,2025-05-17 06:36:20.000000,VANDALISM,1690.97,CLOSED,False
300,4125,2790,2025-02-14 19:11:28.000000,GLASS_DAMAGE,12547.9,OPEN,False
301,3529,2653,2024-12-31 13:50:47.000000,THEFT,4238.66,IN_REVIEW,False
302,1296,1986,2026-05-02 16:26:48.000000,FLOOD,7819.53,IN_REVIEW,False
303,2170,3583,2025-08-20 15:09:47.000000,THEFT,18614.2,REJECTED,True
304,4661,2013,2025-11-18 21:55:14.000000,FIRE,20212.43,REJECTED,True
305,896,3029,2025-07-17 03:41:49.000000,GLASS_DAMAGE,17452.65,REJECTED,False
306,905,618,2025-08-08 19:59:22.000000,THEFT,16344.97,REJECTED,False
307,4637,3182,2025-08-23 17:09:01.000000,VANDALISM,3393.74,IN_REVIEW,False
308,3483,3039,2026-01-17 12:28:36.000000,THEFT,4861.53,IN_REVIEW,False
309,4486,420,2026-05-02 06:53:39.000000,GLASS_DAMAGE,5959.56,OPEN,False
310,521,3898,2024-06-15 00:37:24.000000,VANDALISM,1918.98,CLOSED,False
311,4768,500,2025-07-24 19:23:15.000000,GLASS_DAMAGE,7472.21,REJECTED,False
312,3397,189,2026-01-12 18:08:59.000000,VANDALISM,2971.57,APPROVED,False
313,712,3326,2026-02-26 23:16:15.000000,GLASS_DAMAGE,693.68,OPEN,False
314,2967,1629,2025-02-12 02:00:48.000000,FLOOD,5030.86,APPROVED,False
315,3552,3429,2025-07-11 23:22:35.000000,THEFT,923.13,APPROVED,False
316,3387,753,2025-09-13 04:56:50.000000,THEFT,12098.48,APPROVED,False
317,857,1007,2026-04-01 13:56:08.000000,GLASS_DAMAGE,1383.21,REJECTED,False
318,953,258,2025-04-21 16:54:25.000000,COLLISION,6674.18,REJECTED,False
319,1792,3142,2024-09-12 18:32:11.000000,GLASS_DAMAGE,18302.03,OPEN,True
320,2153,1715,2025-09-26 14:01:20.000000,THEFT,13267.25,CLOSED,False
321,1864,2626,2026-02-23 03:03:31.000000,VANDALISM,7801.55,REJECTED,False
322,2447,3860,2024-12-17 22:58:48.000000,VANDALISM,20261.46,CLOSED,True
323,1195,3351,2025-01-02 16:03:43.000000,THEFT,9228.27,OPEN,False
324,1716,3689,2025-12-06 08:45:51.000000,FIRE,16919.87,REJECTED,False
325,173,4134,2025-03-03 16:48:14.000000,THEFT,19115.42,CLOSED,True
326,435,2050,2024-12-23 15:58:46.000000,GLASS_DAMAGE,23052.5,REJECTED,True
327,3057,3856,2024-11-04 10:19:37.000000,VANDALISM,1445.17,CLOSED,False
328,1771,8,2025-11-18 19:09:24.000000,VANDALISM,10331.04,REJECTED,False
329,1862,1447,2026-03-20 16:08:56.000000,FIRE,9682.61,OPEN,False
330,1686,444,2024-08-22 10:19:12.000000,FLOOD,4989.63,IN_REVIEW,False
331,3673,2275,2025-09-20 06:34:12.000000,VANDALISM,21384.81,IN_REVIEW,True
332,1488,608,2025-08-24 05:11:06.000000,VANDALISM,10140.28,REJECTED,False
333,1455,3104,2024-11-18 22:37:03.000000,FLOOD,11102.84,APPROVED,False
334,3956,1571,2024-12-27 20:09:51.000000,VANDALISM,13023.6,REJECTED,False
335,1305,2147,2024-09-24 03:48:45.000000,GLASS_DAMAGE,633.52,CLOSED,False
336,410,1876,2025-04-08 08:12:12.000000,GLASS_DAMAGE,5885.35,APPROVED,False
337,4233,320,2024-09-11 00:56:41.000000,THEFT,18738.41,IN_REVIEW,True
338,864,1705,2024-10-28 07:56:30.000000,VANDALISM,16357.72,REJECTED,False
339,4292,3125,2025-07-30 04:23:21.000000,COLLISION,21604.06,CLOSED,True
340,3840,1473,2025-09-08 13:36:18.000000,VANDALISM,1098.14,APPROVED,False
341,1662,2724,2026-04-05 13:52:29.000000,COLLISION,11155.13,REJECTED,False
342,3860,3238,2024-06-22 20:33:54.000000,FLOOD,23134.63,OPEN,True
343,3364,445,2024-12-03 07:28:42.000000,COLLISION,2874.69,REJECTED,False
344,1982,281,2024-09-29 16:01:19.000000,FIRE,21359.1,IN_REVIEW,True
345,692,1145,2025-12-03 19:13:36.000000,COLLISION,9113.15,APPROVED,False
346,1811,3624,2024-06-13 12:30:31.000000,FLOOD,18895.46,OPEN,True
347,4539,1633,2025-07-29 13:23:07.000000,COLLISION,2563.34,CLOSED,False
348,1367,2481,2024-09-10 17:56:31.000000,FLOOD,7264.22,APPROVED,False
349,284,3599,2026-04-19 01:25:45.000000,FIRE,22078.7,REJECTED,True
350,1653,2754,2025-04-09 21:15:13.000000,COLLISION,7343.33,APPROVED,False
351,1980,858,2025-02-15 17:23:06.000000,FIRE,8504.8,IN_REVIEW,False
352,1074,1614,2025-03-23 12:10:05.000000,FIRE,14097.42,OPEN,False
353,654,1604,2024-09-14 23:29:52.000000,FLOOD,7983.77,OPEN,False
354,3400,920,2026-01-07 10:37:47.000000,THEFT,8339.12,APPROVED,False
355,142,3787,2025-02-17 18:40:28.000000,THEFT,8994.03,OPEN,False
356,2203,2566,2024-12-14 08:50:43.000000,COLLISION,1335.13,CLOSED,False
357,1866,1979,2024-06-10 12:25:14.000000,FLOOD,14804.36,APPROVED,False
358,1439,2013,2024-07-10 07:06:04.000000,FIRE,22636.67,CLOSED,True
359,1802,3827,2024-05-30 07:23:23.000000,GLASS_DAMAGE,16665.52,CLOSED,False
360,421,232,2025-05-20 13:11:44.000000,FLOOD,7391.0,OPEN,False
361,1086,3788,2025-03-23 00:05:19.000000,VANDALISM,22537.5,REJECTED,True
362,4568,3182,2024-10-20 19:38:16.000000,FIRE,8746.45,IN_REVIEW,False
363,3333,3742,2025-07-01 00:56:21.000000,COLLISION,5686.82,APPROVED,False
364,149,3753,2025-06-28 18:50:10.000000,THEFT,9004.66,OPEN,False
365,4635,819,2025-10-07 13:31:50.000000,THEFT,23255.81,CLOSED,True
366,515,3026,2025-02-08 18:46:22.000000,COLLISION,21729.59,CLOSED,True
367,2033,485,2025-07-24 21:43:53.000000,VANDALISM,5436.54,OPEN,False
368,4323,3618,2026-03-31 11:05:56.000000,THEFT,14093.08,REJECTED,False
369,340,3898,2024-05-31 02:59:57.000000,FLOOD,22117.15,OPEN,True
370,2126,894,2024-07-04 10:17:59.000000,GLASS_DAMAGE,6777.0,CLOSED,False
371,1789,3972,2026-02-07 08:57:16.000000,GLASS_DAMAGE,15310.46,OPEN,False
372,3385,1023,2024-08-01 00:49:28.000000,COLLISION,21521.52,CLOSED,True
373,3988,2821,2025-10-05 07:12:39.000000,THEFT,24954.59,IN_REVIEW,True
374,3863,2444,2025-03-11 02:24:48.000000,VANDALISM,5453.93,APPROVED,False
375,3832,781,2024-09-16 16:19:45.000000,THEFT,20466.9,REJECTED,True
376,947,2508,2026-02-27 10:18:18.000000,THEFT,7798.49,APPROVED,False
377,2598,2207,2026-03-25 21:17:01.000000,VANDALISM,3780.55,IN_REVIEW,False
378,3026,1659,2025-05-23 12:48:55.000000,FIRE,7392.3,CLOSED,False
379,966,3972,2026-02-10 08:26:03.000000,FIRE,23763.98,REJECTED,True
380,688,3475,2025-05-31 04:47:32.000000,COLLISION,21130.75,CLOSED,True
381,1821,1960,2025-04-11 08:47:22.000000,VANDALISM,12250.42,OPEN,False
382,1237,2118,2026-05-05 17:41:11.000000,FIRE,18057.66,APPROVED,True
383,3126,2822,2025-08-16 00:40:50.000000,GLASS_DAMAGE,24122.22,CLOSED,True
384,2571,2939,2026-03-10 10:16:17.000000,FIRE,15059.44,CLOSED,False
385,4603,4113,2024-05-23 04:53:57.000000,COLLISION,15926.37,APPROVED,False
386,4672,147,2025-07-16 06:18:15.000000,VANDALISM,516.84,APPROVED,False
387,3356,3990,2025-07-21 22:26:23.000000,FIRE,22389.43,IN_REVIEW,True
388,4002,1677,2025-11-01 21:56:58.000000,VANDALISM,11053.12,OPEN,False
389,282,1934,2025-03-11 06:25:57.000000,FLOOD,3944.62,IN_REVIEW,False
390,34,3733,2026-02-11 19:56:44.000000,VANDALISM,10950.03,IN_REVIEW,False
391,66,935,2025-06-06 04:44:24.000000,COLLISION,3654.89,OPEN,False
392,1849,3107,2025-07-26 01:08:50.000000,COLLISION,3511.79,IN_REVIEW,False
393,4490,3540,2026-04-21 05:26:10.000000,VANDALISM,4399.11,OPEN,False
394,4726,2337,2024-08-12 12:01:32.000000,FIRE,613.44,IN_REVIEW,False
395,2144,3646,2024-07-14 16:37:55.000000,VANDALISM,13045.65,IN_REVIEW,False
396,85,601,2026-05-10 17:18:05.000000,THEFT,7698.28,IN_REVIEW,False
397,2764,179,2025-04-21 03:08:17.000000,COLLISION,5628.54,IN_REVIEW,False
398,2320,1837,2024-10-29 05:34:37.000000,GLASS_DAMAGE,12289.12,OPEN,False
399,2682,841,2025-05-04 04:26:35.000000,COLLISION,12708.19,OPEN,False
400,3351,1513,2025-09-21 22:20:56.000000,VANDALISM,22158.36,APPROVED,True
401,4534,3731,2025-12-19 03:47:53.000000,FIRE,8471.65,APPROVED,False
402,4645,1963,2024-12-05 16:38:09.000000,VANDALISM,15711.57,APPROVED,False
403,1420,1227,2025-10-27 14:21:53.000000,GLASS_DAMAGE,4026.5,IN_REVIEW,False
404,125,2850,2025-02-13 03:32:10.000000,COLLISION,7373.26,REJECTED,False
405,2709,4172,2025-09-23 09:42:41.000000,FIRE,22764.49,IN_REVIEW,True
406,1366,1796,2026-04-28 10:41:15.000000,VANDALISM,16316.25,OPEN,False
407,4248,2254,2025-10-04 23:20:08.000000,COLLISION,5657.22,IN_REVIEW,False
408,2753,2565,2025-09-03 02:19:46.000000,VANDALISM,2337.67,IN_REVIEW,False
409,2359,2339,2024-07-05 08:57:04.000000,FIRE,3118.64,REJECTED,False
410,4430,4200,2024-11-18 03:45:17.000000,FIRE,7002.64,APPROVED,False
411,2702,2718,2025-09-06 11:31:44.000000,FIRE,18076.84,APPROVED,True
412,3161,1323,2024-05-31 09:43:47.000000,FIRE,10211.83,IN_REVIEW,False
413,2143,351,2025-10-09 16:57:30.000000,GLASS_DAMAGE,2514.89,CLOSED,False
414,1318,3073,2025-12-10 02:16:32.000000,THEFT,9428.57,REJECTED,False
415,3599,2578,2024-09-28 07:28:13.000000,COLLISION,12356.92,APPROVED,False
416,4454,2862,2024-09-29 07:33:08.000000,VANDALISM,24210.48,REJECTED,True
417,1126,874,2025-01-06 13:34:32.000000,GLASS_DAMAGE,20817.9,IN_REVIEW,True
418,328,3150,2026-03-23 09:26:22.000000,COLLISION,6815.14,CLOSED,False
419,4095,2014,2024-10-05 17:00:25.000000,COLLISION,8909.14,IN_REVIEW,False
420,2539,2963,2024-11-21 20:36:41.000000,VANDALISM,8798.65,OPEN,False
421,2972,2554,2024-12-10 16:54:44.000000,GLASS_DAMAGE,22923.73,IN_REVIEW,True
422,2756,3253,2025-09-27 09:08:01.000000,VANDALISM,9208.81,IN_REVIEW,False
423,690,2037,2025-04-16 15:29:48.000000,VANDALISM,14885.47,APPROVED,False
424,3275,309,2024-06-16 17:03:55.000000,COLLISION,19477.19,CLOSED,True
425,2643,3772,2024-09-08 10:27:30.000000,VANDALISM,314.65,APPROVED,False
426,2026,3096,2025-09-15 23:35:18.000000,VANDALISM,20287.67,IN_REVIEW,True
427,2455,1145,2025-04-13 11:46:43.000000,VANDALISM,7500.06,CLOSED,False
428,318,612,2026-04-25 05:31:18.000000,FIRE,1813.12,APPROVED,False
429,3282,951,2024-11-25 05:53:11.000000,THEFT,12555.81,IN_REVIEW,False
430,3398,4045,2026-04-29 19:00:48.000000,COLLISION,20073.99,CLOSED,True
431,1128,4029,2024-06-06 23:14:18.000000,THEFT,22797.67,CLOSED,True
432,4,510,2026-05-05 13:34:56.000000,FIRE,18182.27,APPROVED,True
433,2913,2793,2026-04-09 06:56:36.000000,THEFT,24840.14,IN_REVIEW,True
434,4402,1710,2026-01-17 03:37:34.000000,FLOOD,7314.42,APPROVED,False
435,842,3788,2025-03-02 05:06:36.000000,VANDALISM,11109.56,OPEN,False
436,1908,3347,2026-01-10 04:04:52.000000,THEFT,11037.39,OPEN,False
437,1038,2645,2025-06-26 06:05:35.000000,GLASS_DAMAGE,21854.75,OPEN,True
438,3906,1628,2024-11-26 08:30:47.000000,FLOOD,10249.81,CLOSED,False
439,101,3811,2024-10-06 02:16:00.000000,FLOOD,24297.16,REJECTED,True
440,3823,2402,2024-10-16 17:13:05.000000,COLLISION,5884.76,APPROVED,False
441,3432,2580,2024-09-10 04:41:53.000000,GLASS_DAMAGE,24072.73,APPROVED,True
442,2775,2328,2026-02-06 09:50:30.000000,GLASS_DAMAGE,19385.56,REJECTED,True
443,1342,2303,2024-10-12 08:11:45.000000,COLLISION,22660.37,REJECTED,True
444,2840,3703,2025-05-31 04:59:44.000000,VANDALISM,12677.86,APPROVED,False
445,969,3555,2026-02-22 21:17:50.000000,GLASS_DAMAGE,20021.56,REJECTED,True
446,3827,87,2024-10-06 09:03:00.000000,FLOOD,14218.2,CLOSED,False
447,1483,1478,2025-01-13 20:04:00.000000,FIRE,14353.5,IN_REVIEW,False
448,2916,639,2026-03-13 01:56:57.000000,FIRE,3074.14,REJECTED,False
449,3099,3275,2026-04-27 16:01:27.000000,THEFT,4143.31,IN_REVIEW,False
450,585,4169,2025-02-01 18:07:41.000000,THEFT,19850.9,REJECTED,True
451,1451,950,2025-07-05 15:15:26.000000,COLLISION,19797.35,REJECTED,True
452,2316,4084,2026-04-06 06:14:04.000000,FLOOD,10941.21,IN_REVIEW,False
453,1144,3487,2025-07-27 17:06:22.000000,COLLISION,6393.41,IN_REVIEW,False
454,4408,2899,2025-05-10 15:02:24.000000,FIRE,16432.68,APPROVED,False
455,2012,1871,2024-09-19 04:02:05.000000,GLASS_DAMAGE,4514.07,REJECTED,False
456,1175,3520,2024-08-29 11:45:25.000000,VANDALISM,5532.32,OPEN,False
457,610,3922,2025-07-08 14:31:41.000000,COLLISION,16375.12,APPROVED,False
458,4536,1573,2024-11-30 23:14:05.000000,THEFT,318.6,REJECTED,False
459,3924,1273,2025-05-24 14:46:18.000000,GLASS_DAMAGE,16678.87,APPROVED,False
460,1177,2358,2025-07-15 21:34:29.000000,FIRE,15640.33,APPROVED,False
461,2850,3141,2024-07-29 23:27:49.000000,FLOOD,13681.57,REJECTED,False
462,2094,1431,2026-03-06 11:41:29.000000,FLOOD,23354.44,APPROVED,True
463,699,939,2025-03-12 14:38:32.000000,VANDALISM,15338.22,IN_REVIEW,False
464,907,4192,2025-06-04 21:52:12.000000,COLLISION,24615.58,OPEN,True
465,1725,1133,2024-09-18 15:13:39.000000,COLLISION,10245.2,IN_REVIEW,False
466,1440,2272,2025-04-28 06:43:23.000000,GLASS_DAMAGE,21026.99,REJECTED,True
467,4332,2274,2025-02-01 23:26:49.000000,THEFT,17025.43,IN_REVIEW,False
468,2400,203,2025-05-23 05:33:06.000000,VANDALISM,7132.25,OPEN,False
469,2393,2894,2024-11-21 00:54:26.000000,THEFT,15923.3,IN_REVIEW,False
470,1501,3002,2025-01-08 08:56:43.000000,COLLISION,20289.69,IN_REVIEW,True
471,2002,4139,2026-04-13 06:48:30.000000,FIRE,1006.11,APPROVED,False
472,106,3559,2024-06-16 19:44:27.000000,FLOOD,11518.74,CLOSED,False
473,4370,1850,2025-04-06 01:49:01.000000,FIRE,7668.68,APPROVED,False
474,1315,2042,2024-09-19 03:36:18.000000,COLLISION,11111.07,IN_REVIEW,False
475,2135,3413,2024-06-17 19:19:53.000000,FIRE,19944.5,IN_REVIEW,True
476,4634,2570,2026-03-15 12:55:04.000000,VANDALISM,24766.47,IN_REVIEW,True
477,356,1637,2024-12-16 02:00:08.000000,COLLISION,15904.79,REJECTED,False
478,1109,884,2025-03-20 08:20:21.000000,THEFT,6357.59,REJECTED,False
479,3557,2015,2024-08-20 17:29:44.000000,FIRE,24842.61,IN_REVIEW,True
480,3952,4064,2024-07-15 12:13:03.000000,FIRE,15821.45,APPROVED,False
481,4600,1109,2024-11-28 11:30:31.000000,COLLISION,16243.98,REJECTED,False
482,2850,2878,2024-05-28 02:29:58.000000,FLOOD,17576.6,IN_REVIEW,False
483,2652,12,2025-10-08 22:23:29.000000,THEFT,3482.05,OPEN,False
484,4585,707,2025-09-09 05:12:16.000000,FLOOD,5773.15,CLOSED,False
485,1,1348,2025-11-15 23:17:17.000000,THEFT,3150.0,CLOSED,False
486,23,3654,2026-03-30 18:39:26.000000,FLOOD,11959.31,REJECTED,False
487,889,1724,2025-04-10 20:29:36.000000,COLLISION,10824.24,OPEN,False
488,2514,171,2026-05-02 08:03:28.000000,COLLISION,7749.57,IN_REVIEW,False
489,3516,2362,2025-10-05 03:45:05.000000,FLOOD,20262.01,REJECTED,True
490,2045,1114,2026-01-17 18:47:57.000000,FLOOD,14905.4,CLOSED,False
491,2405,1984,2026-01-19 05:08:06.000000,COLLISION,14463.0,CLOSED,False
492,2958,2357,2025-12-29 16:16:18.000000,FIRE,24738.76,REJECTED,True
493,2260,3273,2025-11-12 07:34:48.000000,VANDALISM,22320.56,APPROVED,True
494,988,4011,2025-11-30 13:11:52.000000,VANDALISM,413.26,REJECTED,False
495,4762,945,2026-02-25 03:15:20.000000,COLLISION,16904.35,IN_REVIEW,False
496,2327,815,2025-03-31 22:56:28.000000,FIRE,10872.1,OPEN,False
497,4409,1600,2025-07-14 09:52:28.000000,THEFT,4568.51,CLOSED,False
498,1974,2847,2024-12-20 01:53:12.000000,GLASS_DAMAGE,9388.7,REJECTED,False
499,2112,3028,2025-11-01 20:11:32.000000,THEFT,9326.7,OPEN,False
500,1377,2677,2025-09-02 04:59:49.000000,GLASS_DAMAGE,996.92,REJECTED,False
501,3102,3012,2026-02-01 10:04:25.000000,GLASS_DAMAGE,13110.65,REJECTED,False
502,2140,1729,2025-06-15 03:17:49.000000,COLLISION,16961.12,APPROVED,False
503,444,1807,2024-10-01 13:52:40.000000,THEFT,16422.78,IN_REVIEW,False
504,3652,2147,2025-01-24 22:03:24.000000,GLASS_DAMAGE,2778.44,CLOSED,False
505,479,2590,2025-08-10 09:24:47.000000,VANDALISM,1502.9,OPEN,False
506,2776,479,2025-12-02 14:38:25.000000,COLLISION,13642.95,REJECTED,False
507,3920,646,2025-06-09 14:16:27.000000,GLASS_DAMAGE,3534.28,OPEN,False
508,2708,1850,2024-10-07 10:24:03.000000,COLLISION,14300.05,APPROVED,False
509,3568,333,2025-05-22 04:56:29.000000,COLLISION,10946.97,IN_REVIEW,False
510,4135,2582,2024-09-06 03:08:32.000000,FIRE,9322.7,OPEN,False
511,1645,58,2025-04-07 18:34:22.000000,FLOOD,10378.93,IN_REVIEW,False
512,547,932,2026-02-17 02:32:41.000000,VANDALISM,21872.8,OPEN,True
513,2697,3488,2025-11-09 02:34:14.000000,FLOOD,21813.59,OPEN,True
514,1489,3596,2024-05-19 05:07:35.000000,COLLISION,7014.68,OPEN,False
515,2380,3676,2025-06-12 01:15:16.000000,FLOOD,15491.64,OPEN,False
516,1938,3020,2025-02-13 03:57:45.000000,THEFT,2513.66,CLOSED,False
517,1825,1187,2024-07-22 09:26:19.000000,THEFT,7597.48,IN_REVIEW,False
518,463,1600,2024-09-07 19:29:38.000000,FLOOD,23025.41,APPROVED,True
519,3388,2724,2025-01-19 11:34:02.000000,FIRE,14950.48,APPROVED,False
520,1269,984,2025-11-16 19:04:24.000000,COLLISION,12494.29,CLOSED,False
521,1973,1483,2025-10-10 12:25:20.000000,THEFT,2172.14,CLOSED,False
522,2949,77,2025-08-13 04:07:49.000000,COLLISION,14091.52,CLOSED,False
523,1655,2305,2024-05-31 14:01:23.000000,FLOOD,17113.3,IN_REVIEW,False
524,2864,3719,2026-04-13 16:41:50.000000,FLOOD,23822.23,OPEN,True
525,713,910,2025-09-16 16:26:36.000000,GLASS_DAMAGE,4291.46,REJECTED,False
526,2881,3596,2024-06-01 08:37:55.000000,COLLISION,18274.72,OPEN,True
527,758,1072,2025-07-07 21:25:21.000000,FLOOD,13696.58,IN_REVIEW,False
528,3922,1267,2024-09-01 04:07:02.000000,FIRE,14321.66,REJECTED,False
529,124,1807,2025-05-17 10:23:17.000000,THEFT,8510.28,APPROVED,False
530,296,303,2025-12-31 15:07:56.000000,FLOOD,13094.78,APPROVED,False
531,804,941,2025-12-16 03:46:46.000000,GLASS_DAMAGE,10594.79,CLOSED,False
532,3017,4027,2026-04-22 00:01:10.000000,FLOOD,22702.97,APPROVED,True
533,86,1941,2025-10-22 14:03:39.000000,VANDALISM,18961.16,APPROVED,True
534,2831,3051,2024-09-06 13:05:54.000000,FIRE,16242.97,OPEN,False
535,2022,3659,2025-09-21 15:21:43.000000,FIRE,23571.97,REJECTED,True
536,2910,3016,2026-04-04 12:56:48.000000,GLASS_DAMAGE,289.37,IN_REVIEW,False
537,378,3557,2025-04-06 17:28:56.000000,COLLISION,8002.17,APPROVED,False
538,2603,1477,2025-12-26 18:30:28.000000,VANDALISM,12251.43,CLOSED,False
539,121,2691,2025-09-01 14:37:12.000000,THEFT,22906.24,IN_REVIEW,True
540,875,1247,2026-02-27 05:53:01.000000,COLLISION,18329.39,IN_REVIEW,True
541,2619,1468,2026-03-07 01:29:13.000000,FIRE,3106.63,REJECTED,False
542,3727,3654,2024-08-21 14:16:08.000000,FLOOD,9322.22,APPROVED,False
543,3152,557,2025-06-05 15:09:49.000000,VANDALISM,3071.47,OPEN,False
544,400,2904,2026-04-15 02:48:46.000000,VANDALISM,20019.16,CLOSED,True
545,4227,2367,2025-11-02 00:46:03.000000,COLLISION,13605.48,OPEN,False
546,2523,1997,2024-08-05 09:56:33.000000,THEFT,5229.22,CLOSED,False
547,1102,1237,2025-10-20 18:17:41.000000,COLLISION,313.13,APPROVED,False
548,161,1137,2024-12-23 23:08:42.000000,THEFT,20530.41,APPROVED,True
549,396,4063,2025-10-01 03:06:30.000000,COLLISION,16864.22,APPROVED,False
550,3294,35,2024-12-26 03:16:36.000000,FIRE,18251.83,CLOSED,True
551,2849,38,2026-01-09 12:13:27.000000,FIRE,13928.5,APPROVED,False
552,1451,2307,2025-03-03 03:20:19.000000,THEFT,385.35,APPROVED,False
553,2452,3049,2024-08-13 06:36:19.000000,COLLISION,9801.12,IN_REVIEW,False
554,2946,2159,2025-12-15 14:55:07.000000,FLOOD,17130.89,OPEN,False
555,3064,1844,2026-01-21 08:52:17.000000,FIRE,21725.7,IN_REVIEW,True
556,4393,3188,2025-01-10 08:37:22.000000,VANDALISM,10886.49,APPROVED,False
557,3500,2218,2025-02-22 04:34:30.000000,FLOOD,24930.57,CLOSED,True
558,4337,1131,2025-06-19 04:57:47.000000,COLLISION,17769.31,CLOSED,False
559,4106,2646,2025-06-16 21:04:43.000000,FLOOD,21790.85,APPROVED,True
560,1189,693,2026-05-03 04:06:24.000000,COLLISION,8107.14,REJECTED,False
561,3866,3499,2026-02-25 17:09:54.000000,COLLISION,18562.11,OPEN,True
562,1668,3044,2025-10-24 02:43:16.000000,FLOOD,11116.35,OPEN,False
563,1395,3966,2024-11-13 03:04:15.000000,GLASS_DAMAGE,20795.31,OPEN,True
564,4337,3846,2024-08-16 12:31:49.000000,VANDALISM,11297.79,IN_REVIEW,False
565,1586,510,2024-08-30 18:09:24.000000,VANDALISM,5153.01,REJECTED,False
566,218,3418,2024-06-01 02:55:16.000000,GLASS_DAMAGE,729.87,APPROVED,False
567,3343,3281,2025-04-22 22:42:22.000000,VANDALISM,21350.68,OPEN,True
568,270,3551,2024-07-04 06:15:04.000000,FLOOD,7983.51,OPEN,False
569,3887,3440,2025-09-24 17:10:16.000000,FLOOD,20983.99,REJECTED,True
570,3012,2423,2026-03-12 16:54:15.000000,FIRE,6688.93,IN_REVIEW,False
571,1291,342,2025-11-22 22:17:29.000000,GLASS_DAMAGE,2260.23,CLOSED,False
572,3749,2804,2026-04-25 19:32:10.000000,GLASS_DAMAGE,18496.36,CLOSED,True
573,3869,3701,2025-09-06 15:04:17.000000,FIRE,7587.05,CLOSED,False
574,3197,2116,2026-04-25 08:36:28.000000,GLASS_DAMAGE,23750.98,IN_REVIEW,True
575,2846,2315,2026-04-16 10:12:09.000000,VANDALISM,14646.03,REJECTED,False
576,586,1097,2024-08-02 08:59:06.000000,VANDALISM,15023.9,CLOSED,False
577,3475,524,2025-11-15 02:24:47.000000,VANDALISM,9506.88,CLOSED,False
578,433,324,2024-10-10 09:46:56.000000,GLASS_DAMAGE,6688.45,OPEN,False
579,1174,2637,2024-08-08 03:22:44.000000,FIRE,23117.76,CLOSED,True
580,2174,2274,2024-06-22 09:57:40.000000,COLLISION,20207.33,CLOSED,True
581,3894,906,2026-01-15 02:11:55.000000,GLASS_DAMAGE,10547.46,REJECTED,False
582,4542,3697,2025-03-23 11:54:11.000000,FIRE,15408.17,IN_REVIEW,False
583,4607,3961,2025-10-31 05:17:41.000000,FIRE,21456.57,CLOSED,True
584,4460,609,2025-06-19 15:04:09.000000,VANDALISM,20048.63,REJECTED,True
585,3695,2748,2025-02-17 23:02:14.000000,THEFT,22392.79,CLOSED,True
586,1967,1156,2025-12-05 14:24:22.000000,GLASS_DAMAGE,10518.26,CLOSED,False
587,3875,1199,2025-01-02 16:49:20.000000,FLOOD,20379.1,OPEN,True
588,669,306,2025-10-16 19:28:34.000000,FLOOD,7981.29,APPROVED,False
589,4555,344,2026-03-27 00:04:53.000000,COLLISION,13311.63,IN_REVIEW,False
590,1205,1189,2025-01-19 02:09:59.000000,THEFT,16713.93,CLOSED,False
591,1728,2263,2025-06-07 22:50:01.000000,GLASS_DAMAGE,10499.89,REJECTED,False
592,2395,3480,2024-05-30 23:40:13.000000,VANDALISM,5751.6,REJECTED,False
593,4050,2188,2026-01-15 17:56:05.000000,VANDALISM,2912.68,APPROVED,False
594,984,3024,2025-02-27 00:00:07.000000,COLLISION,13809.02,OPEN,False
595,1595,409,2025-06-19 12:01:02.000000,COLLISION,13353.3,OPEN,False
596,2870,3174,2025-01-31 23:48:07.000000,VANDALISM,4695.61,OPEN,False
597,1874,2768,2024-05-26 08:19:16.000000,COLLISION,10191.08,APPROVED,False
598,2088,3736,2025-04-01 04:26:57.000000,FLOOD,8086.73,REJECTED,False
599,2855,4095,2026-03-31 06:34:49.000000,FIRE,17145.85,CLOSED,False
600,1602,3323,2025-07-08 02:39:50.000000,FIRE,24088.52,OPEN,True
601,538,2816,2024-06-25 11:25:43.000000,FIRE,548.63,CLOSED,False
602,2893,2157,2025-12-06 11:48:17.000000,GLASS_DAMAGE,22297.07,IN_REVIEW,True
603,1085,1708,2025-06-15 06:50:34.000000,GLASS_DAMAGE,16212.73,CLOSED,False
604,1744,2065,2024-11-21 01:55:33.000000,THEFT,19978.27,REJECTED,True
605,202,1485,2024-12-11 21:46:47.000000,FLOOD,9341.11,IN_REVIEW,False
606,2738,3753,2025-03-29 03:57:44.000000,GLASS_DAMAGE,20493.26,CLOSED,True
607,4651,1050,2024-05-17 18:21:57.000000,VANDALISM,21167.18,CLOSED,True
608,2971,3524,2025-11-29 12:45:21.000000,FLOOD,9534.47,IN_REVIEW,False
609,994,588,2024-09-17 08:24:29.000000,VANDALISM,10758.41,APPROVED,False
610,4273,860,2025-09-24 05:22:16.000000,FLOOD,6559.45,IN_REVIEW,False
611,4225,1190,2024-10-07 15:52:53.000000,GLASS_DAMAGE,12781.44,IN_REVIEW,False
612,2437,2025,2026-03-06 19:02:20.000000,COLLISION,18979.36,CLOSED,True
613,565,3046,2025-10-10 01:03:33.000000,VANDALISM,6320.36,APPROVED,False
614,4615,3149,2024-09-21 10:21:09.000000,THEFT,15461.1,APPROVED,False
615,4224,520,2024-07-10 19:57:22.000000,GLASS_DAMAGE,17048.57,CLOSED,False
616,2862,4029,2024-11-30 11:34:21.000000,FIRE,622.1,IN_REVIEW,False
617,2802,874,2025-06-10 03:26:22.000000,FIRE,20672.26,CLOSED,True
618,4578,3460,2025-12-10 06:06:51.000000,FLOOD,20699.7,IN_REVIEW,True
619,4527,591,2024-08-29 03:13:50.000000,FLOOD,13049.57,IN_REVIEW,False
620,2545,1323,2024-10-09 04:02:52.000000,FIRE,13733.95,REJECTED,False
621,354,2724,2024-10-21 09:52:25.000000,COLLISION,21654.82,APPROVED,True
622,630,2591,2025-06-15 10:24:10.000000,GLASS_DAMAGE,6099.17,CLOSED,False
623,3053,2331,2024-11-16 01:15:31.000000,VANDALISM,19182.78,APPROVED,True
624,3070,1816,2025-08-25 16:04:12.000000,THEFT,15374.82,IN_REVIEW,False
625,479,459,2024-07-29 23:24:59.000000,FLOOD,22671.99,APPROVED,True
626,4319,1735,2025-04-18 13:16:56.000000,VANDALISM,18310.71,APPROVED,True
627,3025,2817,2024-10-07 20:50:44.000000,COLLISION,18998.36,REJECTED,True
628,4458,2634,2024-07-24 07:58:17.000000,GLASS_DAMAGE,18480.3,OPEN,True
629,2342,3542,2026-02-19 12:11:15.000000,FLOOD,13803.68,REJECTED,False
630,531,2666,2024-11-05 10:01:16.000000,VANDALISM,22441.17,CLOSED,True
631,3762,2309,2024-09-04 17:14:16.000000,COLLISION,11363.26,OPEN,False
632,2526,2706,2025-02-18 21:38:49.000000,VANDALISM,20314.12,CLOSED,True
633,2352,3048,2024-08-02 14:24:40.000000,FIRE,16199.97,CLOSED,False
634,1832,2934,2025-05-22 03:16:57.000000,GLASS_DAMAGE,9202.33,APPROVED,False
635,1521,444,2024-08-12 15:42:18.000000,VANDALISM,955.6,REJECTED,False
636,2116,1432,2025-03-05 11:35:13.000000,COLLISION,5866.18,APPROVED,False
637,398,538,2025-02-02 04:20:01.000000,FLOOD,1789.05,CLOSED,False
638,4,169,2025-03-10 10:44:47.000000,COLLISION,2497.91,IN_REVIEW,False
639,141,3855,2026-03-25 17:14:36.000000,THEFT,15017.28,APPROVED,False
640,401,1357,2025-05-12 17:04:33.000000,GLASS_DAMAGE,7154.85,IN_REVIEW,False
641,222,1965,2024-12-02 07:26:43.000000,FLOOD,24602.7,IN_REVIEW,True
642,4228,3762,2024-08-09 07:46:33.000000,COLLISION,23967.01,REJECTED,True
643,4549,3694,2026-03-05 11:05:40.000000,FIRE,14231.18,APPROVED,False
644,3452,275,2025-11-15 17:34:47.000000,VANDALISM,11490.51,APPROVED,False
645,2122,1112,2025-08-23 01:54:20.000000,FIRE,4344.55,CLOSED,False
646,3856,3278,2025-04-09 09:16:21.000000,FLOOD,20008.24,APPROVED,True
647,4225,1702,2024-07-03 23:29:34.000000,FIRE,16718.22,REJECTED,False
648,1097,1952,2025-04-11 10:00:10.000000,THEFT,14027.81,CLOSED,False
649,1179,600,2025-08-31 23:05:45.000000,FLOOD,22198.49,APPROVED,True
650,3266,2367,2025-11-13 21:37:37.000000,GLASS_DAMAGE,24505.58,REJECTED,True
651,3666,3350,2025-12-20 12:32:33.000000,GLASS_DAMAGE,5907.1,CLOSED,False
652,1833,4110,2024-12-12 23:17:52.000000,FIRE,7740.93,IN_REVIEW,False
653,2384,952,2026-03-31 13:58:19.000000,GLASS_DAMAGE,24415.07,OPEN,True
654,3014,2633,2025-09-02 17:57:15.000000,FLOOD,4513.77,REJECTED,False
655,1473,2401,2025-05-16 09:15:48.000000,FIRE,3500.62,CLOSED,False
656,2489,3680,2025-08-20 20:54:41.000000,VANDALISM,14861.28,IN_REVIEW,False
657,3367,1288,2025-09-30 15:42:20.000000,VANDALISM,5383.0,APPROVED,False
658,134,2820,2025-07-31 18:20:10.000000,FIRE,19007.6,REJECTED,True
659,821,1,2025-04-26 05:59:36.000000,FIRE,11366.34,APPROVED,False
660,3316,2913,2025-07-30 16:45:14.000000,THEFT,19286.23,CLOSED,True
661,4573,3140,2025-10-23 17:06:49.000000,GLASS_DAMAGE,14106.04,IN_REVIEW,False
662,4351,199,2025-03-27 04:19:55.000000,GLASS_DAMAGE,19917.87,REJECTED,True
663,1286,93,2026-05-12 05:19:25.000000,VANDALISM,9188.65,IN_REVIEW,False
664,965,1927,2025-04-16 11:14:18.000000,THEFT,14311.65,OPEN,False
665,3203,1646,2024-10-05 18:54:32.000000,GLASS_DAMAGE,1262.41,APPROVED,False
666,2813,154,2026-01-03 10:55:33.000000,FLOOD,15313.74,APPROVED,False
667,1826,3328,2025-04-02 20:57:52.000000,THEFT,17801.0,CLOSED,False
668,2445,459,2024-06-07 23:33:01.000000,FIRE,9943.24,IN_REVIEW,False
669,3503,433,2025-11-02 04:53:27.000000,THEFT,1109.82,OPEN,False
670,3045,923,2026-01-23 14:26:30.000000,THEFT,2663.03,REJECTED,False
671,4720,2042,2025-10-30 18:41:14.000000,COLLISION,7399.51,REJECTED,False
672,1089,113,2025-12-01 18:06:05.000000,FIRE,17817.71,REJECTED,False
673,1617,3128,2025-03-10 11:45:05.000000,FIRE,21541.14,CLOSED,True
674,31,1836,2024-05-28 04:12:14.000000,THEFT,6350.76,REJECTED,False
675,1850,1061,2026-04-16 01:37:35.000000,VANDALISM,21309.16,OPEN,True
676,2473,4176,2025-01-05 17:32:32.000000,FLOOD,13312.08,IN_REVIEW,False
677,845,1671,2025-02-26 09:21:22.000000,VANDALISM,16352.74,APPROVED,False
678,4163,2373,2024-07-18 02:55:18.000000,GLASS_DAMAGE,4920.01,CLOSED,False
679,3065,1301,2024-11-19 11:18:35.000000,COLLISION,8076.89,REJECTED,False
680,1218,3807,2025-05-13 10:13:55.000000,THEFT,2471.7,IN_REVIEW,False
681,429,260,2024-05-28 23:05:05.000000,FIRE,19449.76,IN_REVIEW,True
682,4691,81,2025-09-14 05:31:53.000000,THEFT,6132.19,CLOSED,False
683,3692,3437,2024-06-25 11:45:13.000000,THEFT,16493.25,CLOSED,False
684,4365,990,2025-10-29 15:11:08.000000,VANDALISM,9525.49,CLOSED,False
685,1098,3600,2024-08-05 23:31:39.000000,GLASS_DAMAGE,15300.64,REJECTED,False
686,3829,3046,2024-08-16 12:06:26.000000,COLLISION,22888.92,APPROVED,True
687,3725,2786,2024-12-14 04:10:48.000000,COLLISION,16185.52,REJECTED,False
688,2350,4119,2025-10-17 01:10:14.000000,FLOOD,17317.81,CLOSED,False
689,2461,848,2025-04-17 02:43:10.000000,THEFT,17530.95,CLOSED,False
690,4132,340,2024-05-27 09:27:46.000000,FLOOD,19373.85,IN_REVIEW,True
691,1088,3491,2024-10-03 08:26:05.000000,COLLISION,23287.63,IN_REVIEW,True
692,648,364,2025-08-24 17:04:03.000000,GLASS_DAMAGE,15425.02,IN_REVIEW,False
693,3614,2179,2024-05-28 04:16:42.000000,GLASS_DAMAGE,22108.43,APPROVED,True
694,703,3338,2025-12-22 13:32:39.000000,FIRE,9999.12,REJECTED,False
695,347,1449,2024-10-15 23:24:45.000000,THEFT,17405.45,REJECTED,False
696,3965,1532,2025-08-10 23:54:27.000000,FIRE,24756.87,REJECTED,True
697,1889,483,2026-03-13 21:20:01.000000,THEFT,819.96,OPEN,False
698,3232,2183,2025-09-01 17:41:29.000000,FIRE,1335.8,CLOSED,False
699,3764,2560,2025-06-24 01:16:34.000000,COLLISION,19130.94,REJECTED,True
700,2141,2433,2024-12-26 16:55:51.000000,VANDALISM,11443.07,APPROVED,False
701,4750,4069,2025-10-01 05:00:39.000000,COLLISION,10689.31,CLOSED,False
702,2738,1516,2026-04-06 20:29:56.000000,THEFT,22765.04,IN_REVIEW,True
703,4646,110,2024-10-26 13:58:29.000000,FLOOD,16115.03,OPEN,False
704,3973,1027,2025-06-12 18:09:33.000000,VANDALISM,6335.31,OPEN,False
705,3201,3398,2024-08-20 11:21:47.000000,FLOOD,10368.5,CLOSED,False
706,786,3147,2025-12-21 19:48:37.000000,COLLISION,6906.78,CLOSED,False
707,2533,520,2025-12-04 01:29:17.000000,VANDALISM,10741.19,APPROVED,False
708,4219,2261,2026-03-14 06:35:08.000000,GLASS_DAMAGE,14154.34,REJECTED,False
709,2039,729,2025-04-15 22:06:36.000000,COLLISION,8821.38,IN_REVIEW,False
710,4221,3338,2025-01-10 12:05:38.000000,COLLISION,20335.24,CLOSED,True
711,3479,3159,2025-12-05 04:39:30.000000,VANDALISM,5212.43,APPROVED,False
712,3956,1466,2024-11-25 13:37:37.000000,GLASS_DAMAGE,15577.3,OPEN,False
713,1591,1389,2026-03-13 21:44:05.000000,FLOOD,23739.81,APPROVED,True
714,1055,1361,2026-01-18 17:49:44.000000,GLASS_DAMAGE,5408.93,IN_REVIEW,False
715,4042,761,2026-04-08 02:32:08.000000,GLASS_DAMAGE,3777.79,CLOSED,False
716,792,2520,2025-05-31 07:33:58.000000,VANDALISM,9377.96,CLOSED,False
717,443,3186,2025-10-17 22:53:53.000000,GLASS_DAMAGE,12764.97,APPROVED,False
718,3170,642,2026-05-11 15:05:48.000000,COLLISION,18125.85,CLOSED,True
719,1216,3117,2025-09-08 17:35:44.000000,GLASS_DAMAGE,5619.87,CLOSED,False
720,1888,3028,2025-09-10 22:12:39.000000,FIRE,9258.78,OPEN,False
721,4792,1208,2024-11-06 18:02:28.000000,FIRE,24316.04,OPEN,True
722,4547,3635,2025-07-27 16:41:21.000000,COLLISION,11921.56,APPROVED,False
723,3310,623,2025-03-19 21:04:22.000000,GLASS_DAMAGE,17360.81,IN_REVIEW,False
724,4381,1130,2025-05-05 14:03:22.000000,FLOOD,2155.2,REJECTED,False
725,3849,2143,2024-10-19 13:32:01.000000,FIRE,10864.16,CLOSED,False
726,1138,3465,2025-09-23 01:00:27.000000,FIRE,12530.83,IN_REVIEW,False
727,2895,923,2024-10-31 07:32:57.000000,FIRE,6199.38,OPEN,False
728,4728,2513,2025-06-22 02:48:54.000000,FIRE,6129.62,CLOSED,False
729,2155,82,2025-05-09 05:18:15.000000,GLASS_DAMAGE,4008.86,CLOSED,False
730,2315,543,2024-05-31 22:13:09.000000,FLOOD,6007.98,OPEN,False
731,209,2991,2025-07-22 06:06:43.000000,COLLISION,6860.59,APPROVED,False
732,2480,85,2024-07-04 02:47:44.000000,GLASS_DAMAGE,6548.69,REJECTED,False
733,3040,26,2024-06-16 11:12:19.000000,COLLISION,7111.46,OPEN,False
734,4709,27,2024-10-21 21:01:48.000000,VANDALISM,10511.07,CLOSED,False
735,1726,1251,2024-12-04 20:05:31.000000,THEFT,2286.62,CLOSED,False
736,1933,3003,2025-04-07 13:42:56.000000,COLLISION,9140.47,IN_REVIEW,False
737,3502,1541,2025-08-25 02:26:46.000000,FLOOD,4245.63,CLOSED,False
738,1655,529,2024-12-14 03:17:02.000000,GLASS_DAMAGE,21483.29,APPROVED,True
739,4466,3817,2026-02-26 11:49:14.000000,GLASS_DAMAGE,8227.71,REJECTED,False
740,248,1884,2024-12-05 20:41:54.000000,COLLISION,21373.41,APPROVED,True
741,68,2600,2025-03-30 22:50:47.000000,THEFT,23788.87,APPROVED,True
742,2667,1346,2026-05-04 21:18:48.000000,VANDALISM,8876.72,CLOSED,False
743,911,170,2025-12-31 05:46:58.000000,GLASS_DAMAGE,15771.68,OPEN,False
744,4416,227,2025-07-18 05:41:06.000000,THEFT,6876.09,REJECTED,False
745,2410,3289,2024-08-06 13:35:06.000000,FLOOD,5228.48,IN_REVIEW,False
746,2673,3398,2025-06-19 19:58:01.000000,THEFT,21023.03,IN_REVIEW,True
747,4032,3832,2025-04-01 17:04:29.000000,THEFT,16140.54,APPROVED,False
748,3132,2907,2026-02-20 08:58:03.000000,GLASS_DAMAGE,4638.64,IN_REVIEW,False
749,563,971,2025-04-24 14:14:26.000000,FLOOD,7517.07,APPROVED,False
750,1171,812,2026-02-24 14:38:44.000000,GLASS_DAMAGE,20242.57,CLOSED,True
751,531,1290,2024-07-04 09:41:51.000000,VANDALISM,22625.11,IN_REVIEW,True
752,4210,479,2024-07-19 06:14:47.000000,VANDALISM,7027.21,APPROVED,False
753,2024,3817,2026-01-22 03:41:56.000000,COLLISION,9447.35,APPROVED,False
754,4600,2264,2025-05-04 13:01:44.000000,FIRE,23924.86,CLOSED,True
755,2385,3904,2025-11-18 03:28:14.000000,FLOOD,13305.76,IN_REVIEW,False
756,3066,899,2025-06-20 02:30:31.000000,FIRE,17109.99,CLOSED,False
757,4429,1503,2026-02-18 07:10:09.000000,VANDALISM,10620.5,IN_REVIEW,False
758,1655,382,2024-07-09 03:56:58.000000,COLLISION,13192.11,APPROVED,False
759,4082,1782,2025-06-28 21:19:31.000000,FLOOD,12139.22,APPROVED,False
760,2942,1606,2025-06-29 09:31:17.000000,GLASS_DAMAGE,23797.15,IN_REVIEW,True
761,2726,2522,2025-06-23 09:38:15.000000,GLASS_DAMAGE,2255.05,REJECTED,False
762,3080,3751,2025-03-05 04:20:41.000000,VANDALISM,8038.29,APPROVED,False
763,1228,495,2024-09-29 03:42:31.000000,FIRE,16507.59,APPROVED,False
764,577,2827,2025-01-31 07:27:43.000000,VANDALISM,9896.1,OPEN,False
765,3365,1587,2025-04-29 06:52:01.000000,COLLISION,14870.5,APPROVED,False
766,2112,2537,2024-06-30 19:28:00.000000,COLLISION,19348.04,IN_REVIEW,True
767,1627,2214,2025-10-13 17:34:40.000000,THEFT,12793.11,OPEN,False
768,624,2541,2025-09-28 17:13:11.000000,COLLISION,4476.24,CLOSED,False
769,2201,591,2024-10-02 11:28:39.000000,FLOOD,14416.19,CLOSED,False
770,4593,2235,2025-10-12 13:02:33.000000,FIRE,8657.97,IN_REVIEW,False
771,4215,208,2025-11-21 16:56:23.000000,FIRE,6690.01,CLOSED,False
772,4079,2928,2024-11-24 18:12:22.000000,FLOOD,23181.57,IN_REVIEW,True
773,3544,3710,2025-05-02 12:12:45.000000,GLASS_DAMAGE,5586.86,CLOSED,False
774,546,1406,2024-08-05 13:21:08.000000,THEFT,19676.51,IN_REVIEW,True
775,241,2585,2025-12-03 15:13:52.000000,COLLISION,12552.11,IN_REVIEW,False
776,132,3091,2025-02-27 09:35:22.000000,FLOOD,4028.4,CLOSED,False
777,111,4094,2025-01-08 12:51:22.000000,GLASS_DAMAGE,19396.92,APPROVED,True
778,3024,4175,2026-05-09 03:24:04.000000,FIRE,18615.83,REJECTED,True
779,1779,4029,2024-05-18 13:21:57.000000,VANDALISM,24980.29,REJECTED,True
780,2245,3486,2025-11-25 13:54:37.000000,GLASS_DAMAGE,19440.34,CLOSED,True
781,2132,961,2025-04-22 14:35:30.000000,COLLISION,14249.15,IN_REVIEW,False
782,2776,2038,2024-06-14 22:08:09.000000,GLASS_DAMAGE,20292.44,APPROVED,True
783,1013,1088,2024-10-08 12:10:16.000000,VANDALISM,1093.35,IN_REVIEW,False
784,1523,695,2025-03-25 03:13:10.000000,FIRE,15678.71,APPROVED,False
785,1644,3459,2025-11-16 23:20:16.000000,COLLISION,23395.96,REJECTED,True
786,2157,1383,2025-03-09 02:58:08.000000,GLASS_DAMAGE,9731.87,REJECTED,False
787,2473,1855,2025-02-07 02:39:20.000000,FIRE,4203.39,APPROVED,False
788,4141,3008,2025-11-08 05:29:41.000000,THEFT,6263.44,IN_REVIEW,False
789,892,843,2025-12-24 22:40:23.000000,VANDALISM,16118.51,OPEN,False
790,3193,2882,2025-04-09 08:42:27.000000,FLOOD,7912.19,REJECTED,False
791,235,2353,2025-05-13 19:54:23.000000,FIRE,2157.6,CLOSED,False
792,1517,1552,2024-12-01 03:21:39.000000,COLLISION,7023.67,CLOSED,False
793,4650,3810,2025-04-02 05:09:26.000000,THEFT,16192.48,REJECTED,False
794,2610,2108,2024-05-18 21:07:38.000000,COLLISION,4758.43,APPROVED,False
795,2798,2731,2026-03-23 12:22:44.000000,VANDALISM,17078.05,IN_REVIEW,False
796,2702,1811,2025-02-02 00:44:34.000000,THEFT,3868.93,IN_REVIEW,False
797,2916,521,2024-07-01 11:46:22.000000,GLASS_DAMAGE,16007.77,APPROVED,False
798,3012,155,2024-10-18 12:34:22.000000,THEFT,3543.28,APPROVED,False
799,4706,3239,2025-09-02 03:21:38.000000,FIRE,10265.48,OPEN,False
800,2288,1374,2026-02-28 17:29:03.000000,VANDALISM,15600.99,IN_REVIEW,False
801,274,1489,2024-10-10 08:29:51.000000,THEFT,24946.68,APPROVED,True
802,3458,1878,2025-03-16 14:23:15.000000,COLLISION,3317.46,OPEN,False
803,3250,2346,2024-12-18 23:31:45.000000,FLOOD,6631.69,CLOSED,False
804,3013,3029,2025-03-01 19:18:08.000000,THEFT,12298.76,OPEN,False
805,2284,3143,2024-07-28 09:23:37.000000,FLOOD,20929.79,CLOSED,True
806,947,1643,2024-06-09 00:32:38.000000,FIRE,21998.84,REJECTED,True
807,4226,4031,2025-08-14 13:40:02.000000,FIRE,4369.83,APPROVED,False
808,471,3883,2024-10-27 04:53:41.000000,FLOOD,12718.4,REJECTED,False
809,168,2689,2024-12-29 20:40:11.000000,GLASS_DAMAGE,1362.89,IN_REVIEW,False
810,3537,3286,2025-09-07 05:37:48.000000,COLLISION,1451.39,CLOSED,False
811,4776,4108,2025-12-21 19:05:20.000000,COLLISION,23340.67,OPEN,True
812,3778,3930,2025-07-23 13:54:44.000000,GLASS_DAMAGE,18478.49,APPROVED,True
813,2707,2905,2024-12-04 18:27:56.000000,GLASS_DAMAGE,17565.93,CLOSED,False
814,1414,1268,2024-08-07 14:04:39.000000,GLASS_DAMAGE,4590.11,IN_REVIEW,False
815,728,149,2025-01-22 02:15:38.000000,GLASS_DAMAGE,549.84,OPEN,False
816,3308,174,2025-12-11 00:42:56.000000,COLLISION,8482.68,IN_REVIEW,False
817,2411,629,2025-02-04 17:03:40.000000,FIRE,7162.65,APPROVED,False
818,1386,3891,2025-05-11 04:30:01.000000,GLASS_DAMAGE,12754.37,OPEN,False
819,165,2643,2025-12-21 11:00:44.000000,COLLISION,14075.45,REJECTED,False
820,1571,3837,2025-09-24 00:19:33.000000,VANDALISM,24325.35,CLOSED,True
821,2533,910,2025-06-27 21:29:53.000000,FLOOD,20902.59,APPROVED,True
822,3585,3108,2025-09-19 03:48:17.000000,GLASS_DAMAGE,13547.84,IN_REVIEW,False
823,1515,2380,2024-08-05 12:17:40.000000,GLASS_DAMAGE,18888.86,REJECTED,True
824,3272,1751,2025-09-30 17:33:34.000000,GLASS_DAMAGE,8674.03,REJECTED,False
825,267,3205,2025-04-13 03:17:55.000000,VANDALISM,19181.44,APPROVED,True
826,3678,3033,2026-04-26 11:22:11.000000,FLOOD,5822.03,REJECTED,False
827,499,855,2025-02-09 04:09:22.000000,GLASS_DAMAGE,2870.32,APPROVED,False
828,2879,1513,2024-08-01 05:58:19.000000,VANDALISM,3799.8,CLOSED,False
829,3027,3962,2024-12-05 12:18:02.000000,GLASS_DAMAGE,14697.54,OPEN,False
830,3927,1233,2025-09-04 05:43:54.000000,FLOOD,19587.47,OPEN,True
831,78,1953,2024-05-23 14:00:32.000000,FLOOD,21562.42,REJECTED,True
832,4454,1725,2025-03-11 03:38:56.000000,VANDALISM,6072.64,OPEN,False
833,3570,4029,2024-07-08 11:45:29.000000,THEFT,8858.28,IN_REVIEW,False
834,249,1688,2025-07-11 18:38:56.000000,THEFT,21008.8,APPROVED,True
835,1353,2636,2025-02-02 13:11:57.000000,GLASS_DAMAGE,10005.4,APPROVED,False
836,1614,2649,2025-04-30 01:44:00.000000,FIRE,17366.38,CLOSED,False
837,895,4062,2025-04-16 00:38:17.000000,FLOOD,18036.91,CLOSED,True
838,3387,539,2026-03-18 04:53:35.000000,FLOOD,24872.2,CLOSED,True
839,1691,3107,2024-10-27 09:02:00.000000,THEFT,24390.79,APPROVED,True
840,4590,922,2024-07-31 12:16:24.000000,GLASS_DAMAGE,14571.29,CLOSED,False
841,4504,962,2024-06-12 12:38:09.000000,FLOOD,1745.38,OPEN,False
842,3265,2341,2025-07-09 21:38:04.000000,COLLISION,4369.93,CLOSED,False
843,1430,1785,2025-10-13 00:34:22.000000,THEFT,23377.16,IN_REVIEW,True
844,361,1727,2025-08-07 22:53:56.000000,GLASS_DAMAGE,10292.66,APPROVED,False
845,3711,998,2025-01-13 07:30:30.000000,VANDALISM,12415.73,IN_REVIEW,False
846,4593,835,2024-12-18 03:52:14.000000,VANDALISM,22836.04,OPEN,True
847,4319,3257,2024-06-09 12:49:14.000000,THEFT,12805.76,APPROVED,False
848,2205,2104,2024-07-24 08:39:49.000000,FIRE,12076.2,REJECTED,False
849,1919,1194,2024-05-12 23:33:05.000000,FLOOD,10665.45,OPEN,False
850,235,3373,2024-12-20 09:10:48.000000,FLOOD,14791.57,OPEN,False
851,1484,3640,2025-09-06 23:28:38.000000,COLLISION,16715.31,REJECTED,False
852,3501,2600,2025-03-31 21:50:38.000000,THEFT,7439.63,APPROVED,False
853,2815,2161,2025-06-06 07:55:48.000000,FLOOD,11457.27,CLOSED,False
854,4125,374,2025-11-30 08:32:25.000000,GLASS_DAMAGE,21342.22,CLOSED,True
855,3289,2535,2024-10-07 13:17:32.000000,FLOOD,24901.24,IN_REVIEW,True
856,3925,3383,2026-04-15 09:11:51.000000,COLLISION,19321.21,APPROVED,True
857,4296,1191,2025-12-06 10:51:27.000000,GLASS_DAMAGE,15786.82,APPROVED,False
858,3693,1153,2025-12-20 04:55:34.000000,COLLISION,24575.83,OPEN,True
859,1024,3254,2026-03-24 23:29:54.000000,COLLISION,18750.72,CLOSED,True
860,1785,2973,2026-03-04 10:53:51.000000,THEFT,18136.13,IN_REVIEW,True
861,2981,1210,2024-10-29 14:42:49.000000,FIRE,17079.81,CLOSED,False
862,1744,3723,2025-07-25 04:59:15.000000,FLOOD,8483.99,CLOSED,False
863,3334,1531,2025-12-06 03:14:59.000000,COLLISION,22187.76,REJECTED,True
864,2348,3965,2025-06-25 19:54:42.000000,FIRE,21539.3,IN_REVIEW,True
865,3371,3535,2024-08-24 05:55:31.000000,COLLISION,1443.72,CLOSED,False
866,2289,2887,2025-03-28 08:29:08.000000,THEFT,1040.36,REJECTED,False
867,370,1037,2026-04-22 00:19:21.000000,FLOOD,23460.33,CLOSED,True
868,1509,1760,2024-11-15 05:43:02.000000,THEFT,5432.84,CLOSED,False
869,2571,3078,2024-11-17 20:13:49.000000,THEFT,23479.86,CLOSED,True
870,1044,2764,2026-01-21 14:16:42.000000,GLASS_DAMAGE,7616.23,APPROVED,False
871,4459,293,2025-02-25 22:37:33.000000,GLASS_DAMAGE,6556.94,IN_REVIEW,False
872,1112,1980,2025-10-30 14:52:09.000000,GLASS_DAMAGE,24278.3,OPEN,True
873,1966,3214,2024-10-31 12:15:44.000000,THEFT,1044.14,CLOSED,False
874,3526,3299,2025-10-23 05:14:15.000000,COLLISION,15115.44,IN_REVIEW,False
875,1544,3267,2024-09-23 23:32:51.000000,COLLISION,578.32,CLOSED,False
876,4583,1743,2025-07-26 12:17:30.000000,VANDALISM,14890.06,OPEN,False
877,4670,2907,2025-06-23 14:17:38.000000,FLOOD,21589.73,APPROVED,True
878,3890,592,2025-10-07 15:53:15.000000,VANDALISM,11279.45,IN_REVIEW,False
879,3282,1377,2024-07-01 12:46:52.000000,COLLISION,1051.68,APPROVED,False
880,1620,3190,2025-01-16 05:29:26.000000,FIRE,3379.47,CLOSED,False
881,3662,1352,2025-08-30 07:27:50.000000,VANDALISM,17742.67,IN_REVIEW,False
882,2313,3215,2025-04-04 01:19:39.000000,VANDALISM,16392.43,REJECTED,False
883,4467,3491,2026-01-09 22:33:27.000000,COLLISION,23752.26,OPEN,True
884,2353,276,2024-06-11 02:16:26.000000,FIRE,20114.04,APPROVED,True
885,196,1255,2025-03-20 14:06:41.000000,VANDALISM,3836.78,OPEN,False
886,3031,3729,2025-01-13 23:10:20.000000,THEFT,19637.19,APPROVED,True
887,495,3595,2024-11-23 01:20:30.000000,VANDALISM,15945.09,OPEN,False
888,333,872,2025-03-27 11:12:31.000000,THEFT,2809.23,OPEN,False
889,3415,3363,2025-01-26 07:24:09.000000,GLASS_DAMAGE,3882.07,OPEN,False
890,537,2132,2025-02-25 23:42:36.000000,FIRE,3340.63,IN_REVIEW,False
891,3355,730,2025-03-31 06:39:35.000000,FIRE,13437.38,CLOSED,False
892,779,426,2026-01-06 06:25:02.000000,GLASS_DAMAGE,20052.83,CLOSED,True
893,2453,1116,2025-02-26 05:41:22.000000,FIRE,22760.79,CLOSED,True
894,1059,2339,2025-06-25 00:51:37.000000,GLASS_DAMAGE,20931.86,OPEN,True
895,4095,4033,2026-03-20 19:02:47.000000,THEFT,17282.45,CLOSED,False
896,414,381,2025-11-14 23:04:54.000000,FIRE,18704.9,IN_REVIEW,True
897,2394,3184,2024-07-28 09:08:09.000000,GLASS_DAMAGE,2265.79,APPROVED,False
898,4091,310,2024-11-02 04:44:43.000000,THEFT,6694.01,CLOSED,False
899,768,1879,2024-08-31 06:02:52.000000,THEFT,24786.97,REJECTED,True
900,2404,3795,2025-04-21 07:45:57.000000,FLOOD,22326.79,OPEN,True
901,1895,3736,2025-02-17 20:18:09.000000,FLOOD,3958.1,OPEN,False
902,2398,1715,2026-01-04 09:45:12.000000,COLLISION,23770.78,CLOSED,True
903,2985,388,2024-11-25 22:30:05.000000,FIRE,3882.39,CLOSED,False
904,4315,1340,2024-12-03 14:02:24.000000,GLASS_DAMAGE,15934.67,REJECTED,False
905,3066,1505,2026-03-02 01:23:20.000000,THEFT,24967.1,IN_REVIEW,True
906,4573,3514,2024-05-26 21:58:48.000000,THEFT,19118.35,OPEN,True
907,4264,2201,2024-09-24 22:33:45.000000,VANDALISM,17187.58,REJECTED,False
908,2072,2056,2025-09-11 02:14:07.000000,GLASS_DAMAGE,16565.93,APPROVED,False
909,1411,2310,2025-05-24 21:45:55.000000,GLASS_DAMAGE,19800.01,IN_REVIEW,True
910,647,2392,2025-08-11 01:42:42.000000,GLASS_DAMAGE,2905.02,CLOSED,False
911,865,2618,2025-07-17 11:58:32.000000,GLASS_DAMAGE,20539.41,APPROVED,True
912,2605,391,2025-12-14 18:35:02.000000,THEFT,12189.65,CLOSED,False
913,1885,2294,2025-05-04 01:59:21.000000,VANDALISM,22858.43,REJECTED,True
914,1130,1759,2024-07-27 08:06:08.000000,FIRE,5181.35,APPROVED,False
915,2674,3175,2025-12-10 19:57:48.000000,COLLISION,702.12,REJECTED,False
916,3973,1644,2025-02-13 21:07:50.000000,FLOOD,12766.36,APPROVED,False
917,3552,2111,2024-08-31 10:18:57.000000,FIRE,18177.15,OPEN,True
918,4064,1164,2025-03-25 02:21:08.000000,VANDALISM,21089.2,CLOSED,True
919,3339,4091,2025-12-23 07:44:54.000000,VANDALISM,8495.72,OPEN,False
920,2312,3532,2025-04-17 11:15:16.000000,GLASS_DAMAGE,4197.12,OPEN,False
921,1939,2678,2025-08-01 16:37:42.000000,VANDALISM,8685.93,OPEN,False
922,137,3558,2025-08-28 10:03:11.000000,FIRE,1409.6,CLOSED,False
923,1451,3915,2025-12-31 11:04:03.000000,FIRE,5726.66,CLOSED,False
924,1815,2758,2025-09-01 11:31:52.000000,THEFT,1402.27,IN_REVIEW,False
925,1941,3914,2025-03-09 04:28:02.000000,GLASS_DAMAGE,5060.92,REJECTED,False
926,4221,3890,2024-08-02 07:12:49.000000,FIRE,8594.42,CLOSED,False
927,1195,138,2026-02-16 08:20:19.000000,VANDALISM,17773.07,OPEN,False
928,3174,869,2025-01-25 18:48:46.000000,FLOOD,4412.03,CLOSED,False
929,1046,2851,2026-03-30 08:02:49.000000,THEFT,6240.22,IN_REVIEW,False
930,1888,1163,2026-04-01 23:33:15.000000,FLOOD,11992.07,REJECTED,False
931,1697,2534,2026-02-28 06:56:11.000000,GLASS_DAMAGE,12606.92,OPEN,False
932,2673,2092,2025-08-08 14:39:10.000000,VANDALISM,24342.57,OPEN,True
933,3173,1705,2024-08-19 20:17:58.000000,THEFT,1310.82,OPEN,False
934,1362,2795,2024-06-19 05:07:27.000000,THEFT,16498.35,IN_REVIEW,False
935,2965,996,2025-12-04 01:00:02.000000,COLLISION,10544.8,APPROVED,False
936,3957,1888,2024-11-16 01:08:07.000000,VANDALISM,5697.72,APPROVED,False
937,3519,2111,2025-12-07 18:28:38.000000,GLASS_DAMAGE,6410.67,CLOSED,False
938,3250,1406,2024-11-10 07:50:53.000000,FIRE,5160.69,CLOSED,False
939,3187,2874,2024-09-16 08:26:53.000000,THEFT,21176.57,CLOSED,True
940,3620,1510,2026-01-22 23:10:19.000000,THEFT,2348.37,OPEN,False
941,4595,4031,2025-08-12 07:28:08.000000,COLLISION,18360.49,OPEN,True
942,514,572,2024-06-15 17:47:54.000000,FLOOD,3002.0,REJECTED,False
943,2151,3538,2025-01-13 12:34:31.000000,FIRE,22595.8,OPEN,True
944,4609,3962,2025-08-13 03:00:25.000000,FIRE,11276.16,CLOSED,False
945,3207,990,2025-07-22 06:23:03.000000,GLASS_DAMAGE,1471.69,OPEN,False
946,2434,39,2025-10-01 23:47:48.000000,GLASS_DAMAGE,7604.23,APPROVED,False
947,1728,3471,2026-03-03 11:05:10.000000,THEFT,1668.16,APPROVED,False
948,867,552,2025-11-20 18:26:57.000000,COLLISION,7203.74,CLOSED,False
949,4586,2727,2025-02-17 19:59:36.000000,COLLISION,3911.86,REJECTED,False
950,2827,1127,2025-10-12 10:29:38.000000,THEFT,12181.54,CLOSED,False
951,1648,1121,2026-03-05 06:29:58.000000,VANDALISM,11166.22,APPROVED,False
952,1560,1219,2025-04-12 07:25:59.000000,VANDALISM,4099.67,IN_REVIEW,False
953,4215,1883,2025-08-27 10:29:22.000000,COLLISION,15230.83,OPEN,False
954,2836,106,2025-11-13 23:43:53.000000,FIRE,11377.55,CLOSED,False
955,3284,1989,2026-03-13 13:37:29.000000,COLLISION,962.76,IN_REVIEW,False
956,1103,3647,2025-04-04 02:04:16.000000,VANDALISM,10116.18,REJECTED,False
957,2882,2016,2026-01-19 12:29:17.000000,VANDALISM,7465.27,APPROVED,False
958,1664,3191,2025-05-03 02:40:22.000000,FIRE,4473.95,APPROVED,False
959,2844,1944,2025-12-24 21:16:09.000000,FLOOD,19025.37,APPROVED,True
960,2108,2415,2025-11-24 19:20:38.000000,VANDALISM,2414.21,IN_REVIEW,False
961,3120,3421,2025-01-04 16:25:27.000000,THEFT,11542.79,CLOSED,False
962,1382,3372,2025-11-23 04:53:39.000000,FIRE,23868.18,APPROVED,True
963,3192,3610,2025-09-13 21:30:02.000000,COLLISION,23798.25,APPROVED,True
964,2509,3486,2025-10-08 19:09:44.000000,GLASS_DAMAGE,16831.33,REJECTED,False
965,152,3696,2024-07-06 01:47:07.000000,FIRE,4381.2,REJECTED,False
966,803,3375,2025-09-23 04:47:52.000000,VANDALISM,23534.01,CLOSED,True
967,4623,480,2024-10-25 16:18:39.000000,FIRE,12773.82,CLOSED,False
968,2000,1941,2024-10-23 14:35:49.000000,FLOOD,21124.93,CLOSED,True
969,688,1985,2025-06-21 00:15:19.000000,VANDALISM,20983.13,IN_REVIEW,True
970,2741,1655,2024-10-25 00:00:31.000000,VANDALISM,10421.38,OPEN,False
971,1604,2950,2025-11-03 01:05:10.000000,THEFT,5750.54,APPROVED,False
972,193,1923,2026-03-30 05:35:37.000000,FIRE,20776.31,OPEN,True
973,2994,2157,2025-04-15 20:00:01.000000,COLLISION,2201.52,REJECTED,False
974,1126,629,2025-01-28 22:31:39.000000,FIRE,17714.24,CLOSED,False
975,4413,1861,2024-11-29 04:36:11.000000,COLLISION,23039.13,IN_REVIEW,True
976,2002,4084,2026-02-15 22:42:04.000000,FLOOD,19569.65,APPROVED,True
977,2278,1312,2025-03-18 13:07:51.000000,VANDALISM,4102.32,REJECTED,False
978,637,3564,2024-06-28 20:31:11.000000,FLOOD,240.69,CLOSED,False
979,4219,4022,2024-11-02 16:45:28.000000,VANDALISM,20106.2,OPEN,True
980,1735,2648,2026-01-30 06:30:54.000000,THEFT,20806.95,IN_REVIEW,True
981,4560,2868,2026-01-01 20:09:51.000000,GLASS_DAMAGE,16119.59,REJECTED,False
982,2719,766,2025-08-26 08:16:41.000000,VANDALISM,10338.44,REJECTED,False
983,4623,3803,2025-03-02 05:57:01.000000,THEFT,18127.35,APPROVED,True
984,2227,130,2026-01-23 11:35:18.000000,FLOOD,21286.48,CLOSED,True
985,1963,3619,2024-08-01 19:13:51.000000,GLASS_DAMAGE,10204.12,APPROVED,False
986,3378,3681,2025-10-29 16:42:21.000000,FIRE,18361.48,CLOSED,True
987,1814,3701,2026-02-12 17:49:29.000000,THEFT,24939.16,REJECTED,True
988,1246,3062,2025-03-21 03:19:04.000000,FLOOD,2124.55,IN_REVIEW,False
989,1246,2336,2024-09-22 11:06:38.000000,FLOOD,19648.27,REJECTED,True
990,1466,1240,2025-04-11 03:51:41.000000,FIRE,24322.67,OPEN,True
991,2794,187,2024-09-20 08:08:54.000000,FIRE,11915.56,APPROVED,False
992,1837,806,2026-05-04 14:57:00.000000,GLASS_DAMAGE,2963.53,OPEN,False
993,51,887,2025-02-18 04:23:48.000000,GLASS_DAMAGE,14608.08,APPROVED,False
994,3508,1501,2026-01-30 00:17:16.000000,THEFT,12679.04,CLOSED,False
995,1059,1135,2025-03-07 09:41:30.000000,GLASS_DAMAGE,7161.67,APPROVED,False
996,3519,2416,2025-02-20 15:17:51.000000,GLASS_DAMAGE,8464.65,APPROVED,False
997,3218,3601,2025-12-27 20:47:23.000000,FIRE,20478.05,REJECTED,True
998,1076,1753,2025-03-09 01:53:53.000000,FIRE,23339.69,IN_REVIEW,True
999,3915,2897,2026-04-11 08:38:34.000000,THEFT,15118.38,APPROVED,False
1000,3899,4195,2025-03-22 19:33:23.000000,VANDALISM,7832.38,OPEN,False
1001,377,3171,2026-04-05 15:05:04.000000,GLASS_DAMAGE,24661.77,OPEN,True
1002,1786,2301,2025-07-20 16:49:50.000000,GLASS_DAMAGE,19234.95,APPROVED,True
1003,4780,1633,2024-07-22 15:36:22.000000,FIRE,10014.57,REJECTED,False
1004,1683,711,2024-08-06 19:10:58.000000,FLOOD,5148.1,IN_REVIEW,False
1005,1894,3432,2026-03-25 04:53:14.000000,FLOOD,4952.65,IN_REVIEW,False
1006,3184,3351,2024-06-02 07:06:42.000000,COLLISION,353.88,OPEN,False
1007,4410,148,2024-06-06 02:39:12.000000,FIRE,987.39,REJECTED,False
1008,3717,3159,2024-09-16 20:00:11.000000,FIRE,7940.8,APPROVED,False
1009,1806,2552,2025-09-13 20:10:40.000000,VANDALISM,20109.05,APPROVED,True
1010,2360,3187,2025-08-24 13:01:19.000000,THEFT,18327.13,APPROVED,True
1011,2551,3135,2025-04-15 16:11:50.000000,THEFT,22054.72,IN_REVIEW,True
1012,2126,2814,2024-05-13 15:09:26.000000,THEFT,7645.46,CLOSED,False
1013,1809,526,2025-03-09 13:06:55.000000,FLOOD,4165.39,REJECTED,False
1014,528,4198,2024-09-25 18:57:59.000000,GLASS_DAMAGE,6677.87,CLOSED,False
1015,737,4162,2025-02-03 05:25:07.000000,THEFT,4582.36,IN_REVIEW,False
1016,4238,1774,2026-02-17 21:51:02.000000,VANDALISM,8223.69,APPROVED,False
1017,4001,1451,2025-01-21 07:29:17.000000,FLOOD,223.16,IN_REVIEW,False
1018,4759,2375,2025-09-07 15:45:41.000000,GLASS_DAMAGE,19022.93,REJECTED,True
1019,4241,346,2025-03-02 20:43:55.000000,FIRE,3809.3,IN_REVIEW,False
1020,865,737,2026-02-17 02:54:11.000000,FLOOD,11794.09,APPROVED,False
1021,1640,1478,2025-08-17 18:02:35.000000,VANDALISM,24421.98,APPROVED,True
1022,2551,2761,2026-03-16 04:28:19.000000,FIRE,19714.93,APPROVED,True
1023,1099,2267,2025-06-24 07:10:41.000000,COLLISION,8392.93,CLOSED,False
1024,447,3658,2025-10-24 10:38:50.000000,FLOOD,14939.54,REJECTED,False
1025,2122,56,2024-06-02 11:02:43.000000,COLLISION,13249.09,IN_REVIEW,False
1026,4506,852,2024-10-03 08:05:05.000000,THEFT,20351.27,IN_REVIEW,True
1027,255,733,2025-10-30 18:46:59.000000,FIRE,1430.3,REJECTED,False
1028,4009,2668,2024-06-23 08:06:14.000000,FLOOD,23046.07,APPROVED,True
1029,3997,2640,2024-10-17 06:07:04.000000,THEFT,19991.71,IN_REVIEW,True
1030,1210,1673,2025-10-11 02:51:08.000000,FLOOD,6027.98,APPROVED,False
1031,1694,318,2024-11-08 04:39:12.000000,COLLISION,5282.17,OPEN,False
1032,1383,1745,2026-04-29 12:40:59.000000,VANDALISM,20367.72,OPEN,True
1033,2126,663,2026-05-01 17:20:02.000000,GLASS_DAMAGE,17599.13,IN_REVIEW,False
1034,3188,958,2025-07-03 03:46:27.000000,THEFT,22601.26,CLOSED,True
1035,4638,2591,2025-10-12 14:13:53.000000,GLASS_DAMAGE,14053.36,IN_REVIEW,False
1036,3917,324,2025-12-23 00:29:03.000000,GLASS_DAMAGE,7501.51,APPROVED,False
1037,4727,3668,2025-08-11 01:56:04.000000,COLLISION,15455.85,OPEN,False
1038,136,2847,2025-02-14 06:58:43.000000,GLASS_DAMAGE,5192.98,APPROVED,False
1039,443,271,2026-01-31 16:57:52.000000,FIRE,21999.0,IN_REVIEW,True
1040,4493,3298,2024-08-05 02:14:03.000000,GLASS_DAMAGE,10298.85,APPROVED,False
1041,4180,3715,2024-08-29 04:54:44.000000,FLOOD,646.62,OPEN,False
1042,1274,1438,2026-05-06 09:56:07.000000,THEFT,8953.71,CLOSED,False
1043,580,2096,2025-09-17 04:43:14.000000,GLASS_DAMAGE,5292.28,CLOSED,False
1044,2449,2022,2025-10-26 18:43:21.000000,FIRE,22394.88,IN_REVIEW,True
1045,2197,1198,2024-06-12 08:13:01.000000,GLASS_DAMAGE,10929.01,CLOSED,False
1046,4713,3296,2026-03-23 11:20:11.000000,FLOOD,4440.76,CLOSED,False
1047,2132,3176,2025-11-29 10:15:06.000000,FIRE,17453.79,IN_REVIEW,False
1048,252,1089,2024-08-08 05:23:52.000000,FLOOD,13541.95,IN_REVIEW,False
1049,4523,3285,2025-05-05 16:34:58.000000,FIRE,17072.44,REJECTED,False
1050,3063,98,2024-05-21 03:57:49.000000,FIRE,8582.08,CLOSED,False
1051,3387,1450,2026-01-26 15:44:41.000000,FLOOD,13688.19,REJECTED,False
1052,381,1726,2024-09-15 15:18:34.000000,FIRE,19647.87,REJECTED,True
1053,3327,3954,2025-07-06 07:55:40.000000,VANDALISM,12790.86,REJECTED,False
1054,1137,2653,2024-11-05 02:46:23.000000,COLLISION,14044.25,CLOSED,False
1055,2665,1945,2025-03-16 11:28:36.000000,THEFT,15813.31,OPEN,False
1056,4380,195,2025-08-14 19:11:13.000000,VANDALISM,8143.43,REJECTED,False
1057,2720,1749,2025-05-29 13:59:02.000000,GLASS_DAMAGE,12196.05,APPROVED,False
1058,339,4,2024-06-21 13:41:15.000000,FIRE,7323.45,IN_REVIEW,False
1059,578,1391,2025-10-30 23:50:49.000000,FLOOD,11243.0,CLOSED,False
1060,839,3904,2026-02-08 14:12:59.000000,FIRE,17383.11,IN_REVIEW,False
1061,3619,2616,2024-10-10 15:01:43.000000,FIRE,18969.45,IN_REVIEW,True
1062,14,2736,2025-04-01 03:27:31.000000,FLOOD,4533.89,IN_REVIEW,False
1063,3118,3902,2025-12-19 20:37:04.000000,FIRE,1211.79,IN_REVIEW,False
1064,388,99,2025-10-24 03:28:01.000000,FLOOD,24187.99,CLOSED,True
1065,117,3355,2025-09-20 20:58:46.000000,FLOOD,559.65,CLOSED,False
1066,3586,3598,2024-06-09 09:35:01.000000,FIRE,8527.64,OPEN,False
1067,1708,874,2026-03-27 21:39:03.000000,VANDALISM,9333.43,CLOSED,False
1068,2449,1690,2025-08-24 07:32:53.000000,GLASS_DAMAGE,13943.82,OPEN,False
1069,4520,1595,2024-10-02 13:57:31.000000,VANDALISM,1344.8,APPROVED,False
1070,3252,3562,2025-01-21 22:08:02.000000,GLASS_DAMAGE,2646.79,CLOSED,False
1071,3776,3632,2024-12-07 18:44:58.000000,VANDALISM,9710.2,OPEN,False
1072,2807,1650,2025-06-09 23:49:32.000000,GLASS_DAMAGE,13605.4,OPEN,False
1073,1692,1835,2025-11-30 11:29:58.000000,FIRE,13797.88,IN_REVIEW,False
1074,4653,2941,2024-11-09 00:28:00.000000,THEFT,18360.79,REJECTED,True
1075,2464,1184,2024-07-15 23:06:35.000000,GLASS_DAMAGE,17996.29,CLOSED,False
1076,2304,1618,2026-03-31 15:11:54.000000,VANDALISM,15819.94,APPROVED,False
1077,1589,3524,2025-01-30 19:55:45.000000,COLLISION,14525.1,CLOSED,False
1078,1011,3747,2025-08-24 18:36:41.000000,THEFT,5317.72,REJECTED,False
1079,1619,1512,2024-10-01 10:53:20.000000,COLLISION,12608.88,CLOSED,False
1080,2080,1879,2024-08-19 19:58:55.000000,FIRE,5553.21,OPEN,False
1081,2316,2036,2025-06-05 22:23:18.000000,FLOOD,9987.92,OPEN,False
1082,1300,2667,2024-08-23 07:02:14.000000,FIRE,23969.92,APPROVED,True
1083,1612,3505,2024-12-29 04:22:34.000000,FIRE,24942.15,OPEN,True
1084,1698,1743,2025-07-06 07:14:53.000000,THEFT,21317.2,OPEN,True
1085,1857,3342,2025-02-01 09:52:36.000000,VANDALISM,7360.08,REJECTED,False
1086,4174,3022,2025-08-16 20:16:14.000000,GLASS_DAMAGE,14676.98,REJECTED,False
1087,3340,3748,2024-08-18 05:56:14.000000,GLASS_DAMAGE,4042.14,CLOSED,False
1088,2196,3707,2025-08-03 04:17:46.000000,COLLISION,17317.25,OPEN,False
1089,2687,1882,2026-02-27 12:01:27.000000,THEFT,22905.05,REJECTED,True
1090,4235,3437,2025-06-07 02:56:22.000000,COLLISION,14629.14,APPROVED,False
1091,1772,3917,2026-03-03 00:35:05.000000,FIRE,2123.28,IN_REVIEW,False
1092,3889,2581,2025-06-02 04:39:11.000000,VANDALISM,7999.33,OPEN,False
1093,4623,3271,2025-11-27 01:58:00.000000,VANDALISM,22146.51,REJECTED,True
1094,4054,2335,2024-12-01 08:44:02.000000,THEFT,12679.72,CLOSED,False
1095,414,3023,2025-06-28 22:13:46.000000,FLOOD,13360.65,REJECTED,False
1096,2320,2982,2025-12-03 02:38:24.000000,COLLISION,10855.15,CLOSED,False
1097,504,2498,2024-05-29 23:34:24.000000,THEFT,24576.17,OPEN,True
1098,1014,3838,2025-12-05 20:27:34.000000,THEFT,15724.29,IN_REVIEW,False
1099,1598,1072,2025-07-21 13:25:43.000000,THEFT,2099.42,REJECTED,False
1100,2408,3109,2025-07-16 15:09:52.000000,FIRE,15235.65,APPROVED,False
1101,1750,2577,2024-09-26 11:53:25.000000,VANDALISM,234.28,REJECTED,False
1102,1711,1871,2024-09-22 20:44:51.000000,COLLISION,7934.74,APPROVED,False
1103,1512,3488,2025-01-20 03:26:59.000000,FLOOD,6892.96,REJECTED,False
1104,4186,3707,2025-06-20 16:30:00.000000,VANDALISM,9364.97,REJECTED,False
1105,2281,2528,2024-05-28 05:00:26.000000,FLOOD,16289.0,IN_REVIEW,False
1106,4776,689,2024-09-01 08:20:47.000000,COLLISION,9489.33,APPROVED,False
1107,2397,2034,2025-04-21 18:19:26.000000,THEFT,7783.68,APPROVED,False
1108,3299,2885,2024-10-19 14:41:46.000000,FLOOD,18486.37,APPROVED,True
1109,159,345,2025-12-03 15:08:45.000000,COLLISION,20301.89,REJECTED,True
1110,3777,186,2024-08-01 11:47:56.000000,THEFT,7555.79,OPEN,False
1111,1742,7,2026-04-22 13:15:38.000000,FLOOD,23404.78,APPROVED,True
1112,3591,382,2024-08-06 01:12:34.000000,FIRE,9845.15,APPROVED,False
1113,1196,579,2024-10-30 02:33:18.000000,VANDALISM,13919.04,OPEN,False
1114,2313,1297,2026-02-27 21:28:13.000000,THEFT,13123.0,OPEN,False
1115,1758,654,2024-07-06 22:09:44.000000,FLOOD,22797.53,IN_REVIEW,True
1116,4225,3242,2026-01-17 13:51:52.000000,FIRE,24225.44,IN_REVIEW,True
1117,2992,3346,2025-06-24 07:25:53.000000,FIRE,19425.32,OPEN,True
1118,4047,2124,2025-08-11 18:21:20.000000,COLLISION,5869.12,IN_REVIEW,False
1119,3357,1484,2025-07-08 09:24:52.000000,GLASS_DAMAGE,18381.03,REJECTED,True
1120,3244,2451,2025-10-02 10:22:05.000000,THEFT,23846.99,IN_REVIEW,True
1121,2762,3181,2026-05-05 21:46:21.000000,FIRE,10446.28,CLOSED,False
1122,296,1343,2025-03-23 19:29:08.000000,FIRE,8933.09,IN_REVIEW,False
1123,436,784,2025-12-01 12:34:24.000000,COLLISION,6060.63,CLOSED,False
1124,3325,3870,2025-02-18 19:03:33.000000,COLLISION,19287.34,APPROVED,True
1125,537,3560,2024-09-16 22:28:57.000000,THEFT,2354.11,IN_REVIEW,False
1126,451,2790,2026-03-05 03:04:34.000000,FIRE,457.78,CLOSED,False
1127,68,2407,2026-01-18 05:01:54.000000,COLLISION,24805.1,CLOSED,True
1128,3385,1762,2025-06-08 17:26:26.000000,FLOOD,23451.29,IN_REVIEW,True
1129,3595,2310,2025-05-08 17:39:27.000000,COLLISION,4570.46,REJECTED,False
1130,525,3848,2025-04-04 13:33:35.000000,GLASS_DAMAGE,5370.78,REJECTED,False
1131,1817,3475,2025-09-17 00:44:13.000000,VANDALISM,11388.43,OPEN,False
1132,4168,1078,2024-08-01 10:21:55.000000,VANDALISM,24441.84,REJECTED,True
1133,4264,2919,2025-05-21 15:24:01.000000,FIRE,13014.15,IN_REVIEW,False
1134,1299,3514,2026-04-27 08:45:33.000000,FIRE,8183.45,OPEN,False
1135,447,3514,2024-07-15 09:22:50.000000,FLOOD,618.68,CLOSED,False
1136,2871,388,2024-08-15 23:36:33.000000,FLOOD,3464.63,APPROVED,False
1137,2553,1166,2025-12-26 03:29:03.000000,FIRE,19914.48,REJECTED,True
1138,912,2608,2024-05-12 09:49:11.000000,THEFT,24261.41,CLOSED,True
1139,1580,2738,2024-06-23 07:02:00.000000,COLLISION,24342.85,APPROVED,True
1140,1568,3185,2024-12-11 20:16:07.000000,COLLISION,17296.4,REJECTED,False
1141,3040,3860,2026-04-13 12:54:47.000000,VANDALISM,1842.83,CLOSED,False
1142,2760,797,2026-04-29 22:31:40.000000,COLLISION,8521.02,CLOSED,False
1143,966,356,2025-12-28 05:09:41.000000,VANDALISM,11577.37,APPROVED,False
1144,2084,1036,2025-10-12 06:11:27.000000,THEFT,456.29,CLOSED,False
1145,4438,3711,2025-11-10 02:44:22.000000,THEFT,4941.88,REJECTED,False
1146,336,215,2025-02-17 19:53:20.000000,COLLISION,21342.39,APPROVED,True
1147,2782,664,2025-06-26 04:58:13.000000,VANDALISM,15933.69,APPROVED,False
1148,3555,1804,2025-02-05 15:04:44.000000,FIRE,17076.29,IN_REVIEW,False
1149,4637,381,2026-04-04 13:03:19.000000,VANDALISM,5275.19,CLOSED,False
1150,2049,623,2024-10-03 23:19:18.000000,GLASS_DAMAGE,987.0,REJECTED,False
1151,2990,3427,2025-09-12 10:06:28.000000,VANDALISM,5391.18,CLOSED,False
1152,4483,2757,2025-01-04 01:48:37.000000,FIRE,5969.17,OPEN,False
1153,875,2062,2025-11-04 08:41:16.000000,GLASS_DAMAGE,7196.32,REJECTED,False
1154,4767,2845,2026-01-14 20:09:06.000000,COLLISION,17491.64,APPROVED,False
1155,604,424,2025-11-09 17:36:13.000000,COLLISION,4947.78,CLOSED,False
1156,3591,1215,2024-12-22 10:39:27.000000,THEFT,20121.41,APPROVED,True
1157,3040,73,2024-07-31 13:00:44.000000,FLOOD,4903.04,OPEN,False
1158,4332,1959,2025-12-07 17:34:20.000000,GLASS_DAMAGE,6653.27,OPEN,False
1159,3709,1955,2026-04-16 17:32:37.000000,COLLISION,903.45,IN_REVIEW,False
1160,3460,2779,2026-02-03 01:57:07.000000,THEFT,1518.46,CLOSED,False
1161,2348,855,2025-02-10 15:02:13.000000,FIRE,17203.34,APPROVED,False
1162,3444,3787,2025-05-06 19:12:32.000000,COLLISION,21518.18,IN_REVIEW,True
1163,325,2599,2026-04-02 02:41:16.000000,GLASS_DAMAGE,20355.31,CLOSED,True
1164,200,2906,2025-09-16 01:51:04.000000,VANDALISM,19921.47,REJECTED,True
1165,2328,247,2025-06-16 01:57:19.000000,GLASS_DAMAGE,20160.78,CLOSED,True
1166,4528,52,2026-04-22 07:56:20.000000,COLLISION,5144.08,OPEN,False
1167,1702,3715,2025-11-03 00:38:41.000000,GLASS_DAMAGE,13130.24,APPROVED,False
1168,1695,2668,2025-06-03 11:39:02.000000,FLOOD,11568.55,IN_REVIEW,False
1169,3177,1085,2025-10-09 09:50:51.000000,VANDALISM,1871.87,IN_REVIEW,False
1170,4592,3400,2026-05-04 21:39:36.000000,VANDALISM,23001.34,OPEN,True
1171,2908,2456,2026-01-19 18:53:33.000000,COLLISION,14261.68,APPROVED,False
1172,1133,1568,2026-04-16 01:40:32.000000,FIRE,14457.65,APPROVED,False
1173,1006,3356,2025-11-29 11:55:42.000000,GLASS_DAMAGE,19509.26,CLOSED,True
1174,4280,3406,2026-04-14 18:56:05.000000,COLLISION,7469.43,APPROVED,False
1175,4705,3877,2024-05-27 20:21:34.000000,COLLISION,24279.43,APPROVED,True
1176,2131,331,2025-01-18 21:21:04.000000,VANDALISM,18286.79,REJECTED,True
1177,2889,853,2025-01-03 18:27:28.000000,VANDALISM,7678.16,REJECTED,False
1178,2060,78,2024-08-25 20:44:33.000000,GLASS_DAMAGE,3377.14,REJECTED,False
1179,2975,2086,2025-07-24 19:47:01.000000,GLASS_DAMAGE,17602.42,APPROVED,False
1180,3886,1294,2025-04-19 23:50:34.000000,VANDALISM,16753.74,REJECTED,False
1181,1720,3545,2024-09-12 19:14:12.000000,COLLISION,13128.83,APPROVED,False
1182,4366,3469,2026-02-19 22:10:18.000000,VANDALISM,4686.05,REJECTED,False
1183,4357,1586,2026-04-18 10:36:43.000000,VANDALISM,558.12,CLOSED,False
1184,4735,1323,2025-12-19 21:09:09.000000,FIRE,12711.02,CLOSED,False
1185,4179,3320,2025-05-03 15:34:03.000000,FIRE,15758.05,APPROVED,False
1186,4740,235,2026-01-25 18:22:22.000000,FLOOD,23234.06,APPROVED,True
1187,244,1248,2025-07-11 15:21:10.000000,COLLISION,10388.83,IN_REVIEW,False
1188,2126,3362,2025-08-06 09:03:40.000000,FIRE,12556.74,IN_REVIEW,False
1189,997,3538,2024-08-09 06:26:46.000000,COLLISION,8800.89,IN_REVIEW,False
1190,940,3978,2024-10-06 12:09:51.000000,FIRE,22978.35,APPROVED,True
1191,2529,1450,2025-03-07 11:35:30.000000,GLASS_DAMAGE,17400.41,REJECTED,False
1192,2359,499,2025-12-30 05:43:49.000000,FLOOD,6107.41,CLOSED,False
1193,3289,2675,2025-02-26 02:47:23.000000,GLASS_DAMAGE,11582.6,REJECTED,False
1194,790,1103,2025-06-07 01:07:34.000000,THEFT,18741.05,IN_REVIEW,True
1195,1608,1715,2025-07-25 07:02:26.000000,FIRE,3776.95,APPROVED,False
1196,2873,244,2025-02-14 12:50:31.000000,THEFT,15585.19,REJECTED,False
1197,1338,2245,2024-12-23 22:52:02.000000,THEFT,9491.37,CLOSED,False
1198,2866,206,2025-06-21 14:26:43.000000,VANDALISM,19842.02,REJECTED,True
1199,4231,3539,2024-10-12 20:17:42.000000,FIRE,17960.89,CLOSED,False
1200,825,454,2024-07-28 19:42:48.000000,GLASS_DAMAGE,13303.2,APPROVED,False
1201,150,3580,2026-01-06 10:04:14.000000,FLOOD,10400.81,REJECTED,False
1202,3276,4121,2025-12-10 13:23:21.000000,FIRE,24721.36,OPEN,True
1203,2780,2846,2026-02-03 14:36:14.000000,COLLISION,10862.52,IN_REVIEW,False
1204,4046,153,2025-08-03 20:09:36.000000,GLASS_DAMAGE,5508.04,REJECTED,False
1205,2176,2943,2025-11-27 12:08:38.000000,THEFT,16716.6,IN_REVIEW,False
1206,1389,2973,2025-08-07 16:59:08.000000,GLASS_DAMAGE,15526.16,IN_REVIEW,False
1207,391,921,2026-05-06 18:07:13.000000,THEFT,24947.69,OPEN,True
1208,3040,1461,2025-09-01 16:13:06.000000,GLASS_DAMAGE,20918.0,OPEN,True
1209,1126,1049,2024-11-20 23:59:04.000000,COLLISION,22988.69,CLOSED,True
1210,4066,2821,2025-04-06 18:04:19.000000,GLASS_DAMAGE,14626.51,IN_REVIEW,False
1211,2754,572,2025-06-27 21:07:48.000000,FLOOD,966.35,OPEN,False
1212,3132,958,2025-05-16 15:10:51.000000,FIRE,3037.02,APPROVED,False
1213,144,1015,2026-04-29 16:23:47.000000,GLASS_DAMAGE,7493.83,OPEN,False
1214,1259,293,2025-07-11 03:58:04.000000,FLOOD,5727.91,CLOSED,False
1215,3939,3955,2026-05-01 13:57:29.000000,GLASS_DAMAGE,24502.71,REJECTED,True
1216,1635,2472,2025-05-12 15:08:56.000000,GLASS_DAMAGE,20747.96,OPEN,True
1217,1809,1037,2025-07-29 20:32:14.000000,VANDALISM,22181.44,REJECTED,True
1218,1165,531,2025-11-21 02:44:11.000000,FLOOD,10456.73,CLOSED,False
1219,2031,728,2025-10-24 17:12:26.000000,VANDALISM,5663.02,REJECTED,False
1220,1336,3875,2025-11-22 06:09:14.000000,FLOOD,22308.29,IN_REVIEW,True
1221,1336,4200,2025-01-27 14:06:14.000000,FIRE,11481.97,REJECTED,False
1222,1973,2081,2025-11-28 13:25:22.000000,GLASS_DAMAGE,23937.06,APPROVED,True
1223,2483,2431,2025-07-16 21:04:07.000000,VANDALISM,242.23,CLOSED,False
1224,1882,3668,2025-05-02 14:03:37.000000,THEFT,12558.52,REJECTED,False
1225,1926,1436,2025-12-26 15:09:40.000000,GLASS_DAMAGE,9240.85,REJECTED,False
1226,1613,1718,2025-07-14 21:47:18.000000,COLLISION,19723.85,IN_REVIEW,True
1227,2215,104,2024-11-11 18:51:16.000000,FIRE,13926.28,REJECTED,False
1228,3347,2966,2026-05-02 09:17:19.000000,THEFT,20580.36,APPROVED,True
1229,3693,3742,2024-12-09 02:34:14.000000,VANDALISM,8051.38,CLOSED,False
1230,1822,536,2025-09-27 11:54:20.000000,FLOOD,10758.88,OPEN,False
1231,3750,884,2025-06-18 16:25:33.000000,FLOOD,17528.3,REJECTED,False
1232,2680,2237,2026-03-24 15:48:43.000000,FLOOD,6774.62,OPEN,False
1233,503,575,2026-01-18 05:47:54.000000,VANDALISM,22465.91,REJECTED,True
1234,4754,1793,2025-02-16 15:50:30.000000,FLOOD,6418.35,CLOSED,False
1235,3655,3503,2025-03-19 22:12:37.000000,VANDALISM,7197.46,OPEN,False
1236,3129,3141,2024-10-15 08:49:58.000000,VANDALISM,15345.34,OPEN,False
1237,1505,3200,2025-08-20 08:31:41.000000,GLASS_DAMAGE,18684.11,REJECTED,True
1238,1698,3498,2025-04-22 13:51:28.000000,COLLISION,21678.83,REJECTED,True
1239,1375,763,2025-03-09 15:57:48.000000,GLASS_DAMAGE,16052.0,REJECTED,False
1240,1753,117,2026-03-29 19:12:57.000000,COLLISION,14262.74,APPROVED,False
1241,693,225,2024-10-18 06:35:45.000000,FLOOD,20510.4,OPEN,True
1242,305,2825,2024-07-22 18:58:02.000000,FLOOD,8517.83,APPROVED,False
1243,564,3262,2025-05-05 01:18:09.000000,COLLISION,8491.74,CLOSED,False
1244,4695,854,2025-05-04 02:35:01.000000,GLASS_DAMAGE,5837.19,APPROVED,False
1245,621,2954,2025-06-26 08:12:00.000000,COLLISION,16312.85,REJECTED,False
1246,2815,3640,2025-03-25 06:38:00.000000,VANDALISM,24394.51,IN_REVIEW,True
1247,642,3321,2024-08-12 12:35:15.000000,FLOOD,14152.8,IN_REVIEW,False
1248,3225,2276,2025-09-17 09:59:39.000000,GLASS_DAMAGE,17378.33,CLOSED,False
1249,1122,1496,2025-10-01 21:09:56.000000,GLASS_DAMAGE,17374.35,REJECTED,False
1250,3097,1179,2025-03-03 17:19:00.000000,VANDALISM,3966.88,OPEN,False
1251,2201,185,2025-09-19 00:03:27.000000,GLASS_DAMAGE,16504.56,IN_REVIEW,False
1252,2489,1308,2025-02-12 08:27:22.000000,COLLISION,24121.94,IN_REVIEW,True
1253,2583,3737,2026-02-16 15:05:42.000000,FLOOD,17702.51,OPEN,False
1254,1388,2371,2025-10-27 11:33:49.000000,FIRE,13864.23,REJECTED,False
1255,3132,1442,2024-12-12 10:44:14.000000,GLASS_DAMAGE,9207.65,APPROVED,False
1256,2400,2762,2024-08-07 06:51:50.000000,COLLISION,15977.76,OPEN,False
1257,1872,1738,2025-09-28 18:22:24.000000,VANDALISM,19835.07,OPEN,True
1258,4536,179,2025-06-16 11:49:47.000000,THEFT,20688.76,REJECTED,True
1259,131,52,2026-01-22 04:49:21.000000,COLLISION,11551.35,REJECTED,False
1260,2571,47,2025-05-26 19:23:13.000000,FLOOD,8893.88,APPROVED,False
1261,197,1136,2024-05-23 18:18:27.000000,VANDALISM,10685.06,OPEN,False
1262,3169,130,2026-03-26 00:34:20.000000,GLASS_DAMAGE,1976.05,CLOSED,False
1263,3880,2755,2026-02-11 07:21:54.000000,FLOOD,24557.67,CLOSED,True
1264,4687,2735,2024-08-23 17:19:05.000000,VANDALISM,7721.78,REJECTED,False
1265,4262,2777,2024-10-07 04:18:10.000000,COLLISION,899.41,REJECTED,False
1266,2168,2986,2024-09-18 04:20:10.000000,THEFT,17668.65,APPROVED,False
1267,1599,2620,2024-05-29 05:30:35.000000,GLASS_DAMAGE,17457.31,REJECTED,False
1268,354,1608,2025-06-12 12:50:38.000000,COLLISION,17266.08,CLOSED,False
1269,3266,2990,2025-01-19 06:29:22.000000,THEFT,11251.06,APPROVED,False
1270,2884,3315,2025-12-06 13:30:28.000000,COLLISION,15150.14,OPEN,False
1271,1420,1059,2024-08-13 11:31:30.000000,THEFT,5613.34,APPROVED,False
1272,4704,282,2024-10-16 11:10:03.000000,FLOOD,1398.85,OPEN,False
1273,3709,59,2025-08-18 02:54:26.000000,THEFT,21983.44,REJECTED,True
1274,3684,2360,2025-03-28 18:45:09.000000,GLASS_DAMAGE,5296.96,APPROVED,False
1275,1014,3272,2024-12-14 21:12:57.000000,GLASS_DAMAGE,6134.93,IN_REVIEW,False
1276,130,2596,2025-06-28 13:57:00.000000,GLASS_DAMAGE,22915.45,APPROVED,True
1277,991,1003,2025-11-03 14:25:39.000000,FLOOD,13078.3,IN_REVIEW,False
1278,3255,1247,2024-06-15 22:59:04.000000,FIRE,237.28,APPROVED,False
1279,48,1298,2024-11-17 02:18:42.000000,FIRE,10035.78,IN_REVIEW,False
1280,1974,1255,2024-11-07 11:51:52.000000,FIRE,15469.01,OPEN,False
1281,3904,2355,2025-09-09 17:33:32.000000,FLOOD,8472.11,IN_REVIEW,False
1282,1530,186,2025-09-17 11:04:55.000000,FIRE,15069.05,APPROVED,False
1283,1719,778,2026-02-19 04:34:36.000000,FLOOD,17378.33,REJECTED,False
1284,786,2267,2025-08-27 01:01:01.000000,GLASS_DAMAGE,21143.7,REJECTED,True
1285,3216,2356,2025-02-27 15:32:38.000000,FLOOD,15962.86,APPROVED,False
1286,1850,3453,2025-12-29 05:38:13.000000,THEFT,23478.73,REJECTED,True
1287,4135,3877,2025-02-05 07:58:28.000000,THEFT,9658.65,IN_REVIEW,False
1288,1836,3489,2024-10-14 10:26:52.000000,VANDALISM,1900.16,CLOSED,False
1289,2695,1377,2024-06-01 14:56:43.000000,VANDALISM,20013.0,REJECTED,True
1290,2351,3567,2025-11-29 12:25:19.000000,THEFT,10585.18,REJECTED,False
1291,510,3420,2026-05-01 21:55:14.000000,VANDALISM,11783.87,IN_REVIEW,False
1292,2493,1377,2026-03-02 11:19:39.000000,GLASS_DAMAGE,14243.44,APPROVED,False
1293,1327,2633,2024-10-15 19:08:29.000000,VANDALISM,560.3,APPROVED,False
1294,4034,2219,2024-10-06 01:15:11.000000,FIRE,18465.3,OPEN,True
1295,2340,2074,2026-05-10 15:36:12.000000,VANDALISM,9681.17,IN_REVIEW,False
1296,1195,1472,2025-03-20 03:49:04.000000,FLOOD,2407.06,REJECTED,False
1297,4255,2006,2024-12-15 09:57:30.000000,VANDALISM,20103.65,IN_REVIEW,True
1298,1831,610,2024-12-19 12:01:55.000000,THEFT,14508.71,APPROVED,False
1299,3698,90,2025-02-18 12:18:05.000000,COLLISION,1651.41,REJECTED,False
1300,4183,1870,2025-11-27 06:48:40.000000,VANDALISM,13858.12,CLOSED,False
1301,1503,931,2025-07-15 12:21:16.000000,FLOOD,11877.21,IN_REVIEW,False
1302,1212,1902,2025-09-30 17:09:37.000000,VANDALISM,10660.56,IN_REVIEW,False
1303,4150,1424,2025-02-18 11:31:04.000000,FIRE,18296.15,IN_REVIEW,True
1304,871,775,2026-04-27 14:38:28.000000,GLASS_DAMAGE,23705.92,REJECTED,True
1305,202,1828,2024-09-24 15:46:26.000000,FIRE,12272.6,CLOSED,False
1306,1160,63,2025-07-11 09:10:36.000000,COLLISION,23258.08,IN_REVIEW,True
1307,4636,1559,2025-12-07 16:23:51.000000,FIRE,7448.42,REJECTED,False
1308,2012,2635,2025-01-07 03:03:22.000000,FLOOD,1974.62,IN_REVIEW,False
1309,580,3364,2024-07-19 02:32:57.000000,COLLISION,24611.71,IN_REVIEW,True
1310,3404,3770,2026-01-19 09:52:29.000000,COLLISION,16754.1,IN_REVIEW,False
1311,4051,3696,2026-02-03 10:55:18.000000,COLLISION,20017.56,REJECTED,True
1312,761,1836,2025-09-14 10:13:18.000000,FIRE,16485.17,OPEN,False
1313,3999,1137,2024-08-31 23:09:14.000000,FLOOD,4336.43,APPROVED,False
1314,1637,1941,2026-04-25 19:23:16.000000,COLLISION,8837.66,OPEN,False
1315,3090,1430,2024-11-15 01:08:17.000000,FIRE,8153.79,IN_REVIEW,False
1316,2894,3211,2026-01-04 00:23:45.000000,VANDALISM,10852.65,APPROVED,False
1317,4177,1456,2024-09-10 01:16:10.000000,VANDALISM,23455.27,IN_REVIEW,True
1318,4513,4095,2026-05-05 13:05:39.000000,COLLISION,14685.66,APPROVED,False
1319,3101,1069,2024-10-06 19:32:20.000000,VANDALISM,7600.93,APPROVED,False
1320,877,3175,2024-06-09 18:38:34.000000,FLOOD,15711.14,APPROVED,False
1321,588,1907,2024-11-11 10:00:01.000000,THEFT,10354.05,REJECTED,False
1322,3628,2267,2026-03-22 20:15:08.000000,COLLISION,5434.3,REJECTED,False
1323,2499,1441,2025-09-28 19:24:46.000000,GLASS_DAMAGE,12535.6,REJECTED,False
1324,2760,3091,2025-05-29 18:17:00.000000,FLOOD,3007.68,IN_REVIEW,False
1325,1942,1951,2026-03-09 04:35:40.000000,GLASS_DAMAGE,14445.24,IN_REVIEW,False
1326,4188,1563,2026-02-08 09:47:32.000000,FLOOD,6844.17,APPROVED,False
1327,1109,3836,2025-01-28 07:41:35.000000,FLOOD,24318.72,OPEN,True
1328,798,435,2024-08-10 19:36:05.000000,VANDALISM,535.8,OPEN,False
1329,3145,729,2025-11-23 05:44:22.000000,VANDALISM,8213.98,OPEN,False
1330,2995,3785,2026-03-30 03:56:52.000000,COLLISION,14391.77,CLOSED,False
1331,691,3527,2025-06-25 15:30:30.000000,COLLISION,1690.25,APPROVED,False
1332,706,1616,2024-06-17 00:27:11.000000,FIRE,10696.23,CLOSED,False
1333,1541,1209,2025-09-22 19:10:46.000000,GLASS_DAMAGE,23707.73,REJECTED,True
1334,3602,3214,2025-12-12 01:43:39.000000,GLASS_DAMAGE,5461.97,REJECTED,False
1335,3616,2181,2024-10-09 14:26:01.000000,FIRE,23785.19,OPEN,True
1336,2099,1766,2025-01-10 21:02:35.000000,VANDALISM,20701.51,IN_REVIEW,True
1337,4258,1308,2024-06-06 17:54:43.000000,GLASS_DAMAGE,3116.23,CLOSED,False
1338,4096,3556,2024-10-16 21:15:31.000000,FIRE,24761.1,IN_REVIEW,True
1339,3511,877,2024-10-17 21:39:57.000000,THEFT,15829.78,IN_REVIEW,False
1340,3778,1982,2025-12-24 16:41:08.000000,VANDALISM,645.65,IN_REVIEW,False
1341,3075,1738,2024-10-11 12:06:43.000000,THEFT,12159.45,OPEN,False
1342,1814,369,2025-03-02 19:03:25.000000,GLASS_DAMAGE,2731.12,REJECTED,False
1343,2177,3037,2025-05-24 05:05:39.000000,FIRE,10044.59,REJECTED,False
1344,1098,837,2026-01-20 16:58:47.000000,GLASS_DAMAGE,3709.29,REJECTED,False
1345,221,302,2026-04-22 07:16:24.000000,VANDALISM,23727.64,REJECTED,True
1346,2319,3065,2024-07-05 01:50:06.000000,FIRE,22576.03,REJECTED,True
1347,4672,2743,2025-08-31 18:13:51.000000,VANDALISM,7223.59,OPEN,False
1348,3827,3194,2024-07-04 08:45:06.000000,FLOOD,8300.18,OPEN,False
1349,3539,2404,2024-11-28 15:09:33.000000,VANDALISM,18985.99,REJECTED,True
1350,3743,3767,2025-02-25 10:42:22.000000,THEFT,19586.68,REJECTED,True
1351,4236,723,2024-09-13 06:57:23.000000,THEFT,24088.89,OPEN,True
1352,1654,2313,2025-01-09 16:27:19.000000,FLOOD,14997.55,OPEN,False
1353,3336,1602,2024-10-11 21:00:24.000000,FLOOD,6014.27,IN_REVIEW,False
1354,1698,3978,2025-01-06 16:17:21.000000,GLASS_DAMAGE,13859.22,REJECTED,False
1355,3099,3167,2025-04-08 13:13:34.000000,GLASS_DAMAGE,1514.68,REJECTED,False
1356,66,2260,2025-11-07 14:46:34.000000,FLOOD,12059.12,REJECTED,False
1357,99,77,2025-06-04 19:10:03.000000,COLLISION,9072.36,CLOSED,False
1358,4508,1654,2024-07-08 18:49:16.000000,COLLISION,21687.21,OPEN,True
1359,2550,148,2025-03-28 22:43:08.000000,GLASS_DAMAGE,16314.15,REJECTED,False
1360,2251,1886,2024-09-15 20:57:23.000000,FLOOD,8062.2,CLOSED,False
1361,1267,310,2024-09-12 05:05:53.000000,COLLISION,579.89,APPROVED,False
1362,3203,2825,2025-11-05 09:25:44.000000,COLLISION,5090.41,REJECTED,False
1363,4794,3642,2025-03-22 10:30:23.000000,FLOOD,11548.0,IN_REVIEW,False
1364,2069,798,2025-02-17 21:55:57.000000,GLASS_DAMAGE,12839.13,APPROVED,False
1365,2326,2415,2025-08-15 22:44:53.000000,THEFT,8796.33,OPEN,False
1366,1773,3102,2025-07-27 04:52:49.000000,GLASS_DAMAGE,2763.69,IN_REVIEW,False
1367,2997,2144,2024-05-25 12:52:04.000000,GLASS_DAMAGE,16779.34,APPROVED,False
1368,4198,4171,2024-07-19 23:48:56.000000,COLLISION,4241.17,OPEN,False
1369,533,3761,2024-08-20 13:51:18.000000,VANDALISM,9912.96,APPROVED,False
1370,1581,2289,2025-09-16 07:47:43.000000,THEFT,23139.93,REJECTED,True
1371,2360,1137,2024-06-13 20:43:12.000000,COLLISION,8570.37,REJECTED,False
1372,4457,2749,2024-09-05 22:56:40.000000,VANDALISM,18518.8,IN_REVIEW,True
1373,2489,423,2025-04-25 23:45:17.000000,THEFT,19976.13,CLOSED,True
1374,1840,2897,2024-08-20 16:05:23.000000,FLOOD,10934.75,REJECTED,False
1375,700,1787,2026-01-05 03:04:02.000000,THEFT,5102.63,IN_REVIEW,False
1376,2204,3639,2026-01-16 15:14:09.000000,FLOOD,14442.0,OPEN,False
1377,2684,838,2025-08-31 03:06:20.000000,COLLISION,6161.79,OPEN,False
1378,665,4059,2025-04-18 16:16:45.000000,COLLISION,22127.26,OPEN,True
1379,3277,3226,2025-07-21 23:49:49.000000,FLOOD,13312.84,REJECTED,False
1380,4132,3012,2025-02-27 11:38:06.000000,FIRE,22109.52,OPEN,True
1381,2781,97,2025-04-16 17:29:11.000000,FIRE,10915.79,OPEN,False
1382,1359,2202,2026-01-30 04:42:44.000000,VANDALISM,7300.8,REJECTED,False
1383,195,1346,2024-05-19 21:53:38.000000,FLOOD,2685.22,OPEN,False
1384,2733,2017,2024-08-31 08:52:01.000000,FIRE,23465.48,REJECTED,True
1385,2815,3614,2025-11-12 01:21:01.000000,GLASS_DAMAGE,10520.93,OPEN,False
1386,7,1488,2025-09-14 16:04:01.000000,THEFT,10508.53,OPEN,False
1387,1453,853,2026-02-27 20:42:59.000000,GLASS_DAMAGE,8652.99,IN_REVIEW,False
1388,882,1043,2024-11-23 12:21:06.000000,FLOOD,16809.05,APPROVED,False
1389,1854,377,2026-02-15 23:19:43.000000,GLASS_DAMAGE,19864.77,APPROVED,True
1390,131,1881,2025-07-25 10:16:59.000000,GLASS_DAMAGE,14621.17,REJECTED,False
1391,3367,2590,2025-11-21 11:13:48.000000,THEFT,4999.82,APPROVED,False
1392,2478,3436,2025-11-17 10:23:01.000000,FLOOD,12943.75,APPROVED,False
1393,1606,1868,2024-12-08 16:51:33.000000,FIRE,13675.6,OPEN,False
1394,1442,3853,2024-05-22 15:35:38.000000,FLOOD,6593.56,IN_REVIEW,False
1395,2512,2105,2024-09-28 19:54:01.000000,THEFT,18622.71,OPEN,True
1396,1588,445,2026-05-09 18:39:43.000000,FIRE,2483.57,CLOSED,False
1397,2247,3576,2025-12-22 07:52:18.000000,GLASS_DAMAGE,7368.45,OPEN,False
1398,2609,2767,2026-01-27 22:31:29.000000,FIRE,5435.98,REJECTED,False
1399,1290,143,2025-02-12 14:53:16.000000,GLASS_DAMAGE,5967.79,IN_REVIEW,False
1400,3352,4012,2025-07-20 18:24:03.000000,FLOOD,12453.78,REJECTED,False
1401,3940,1306,2025-08-10 13:23:08.000000,VANDALISM,7574.92,CLOSED,False
1402,3092,2579,2025-09-18 07:30:04.000000,FIRE,23162.95,IN_REVIEW,True
1403,2841,27,2025-07-29 20:43:29.000000,COLLISION,6358.62,IN_REVIEW,False
1404,2139,3475,2024-09-12 00:51:21.000000,FIRE,6108.94,APPROVED,False
1405,2798,3656,2025-07-05 00:47:57.000000,COLLISION,22342.77,IN_REVIEW,True
1406,1279,1494,2025-10-09 02:22:24.000000,FIRE,2780.75,REJECTED,False
1407,1821,3861,2024-10-13 08:22:06.000000,COLLISION,11183.42,OPEN,False
1408,1154,3228,2025-12-04 07:38:08.000000,FIRE,5369.66,IN_REVIEW,False
1409,4503,1130,2026-02-24 18:04:00.000000,COLLISION,23690.38,IN_REVIEW,True
1410,2524,1526,2025-06-27 23:27:37.000000,COLLISION,6108.16,CLOSED,False
1411,2280,1564,2024-06-03 02:57:56.000000,VANDALISM,1466.42,CLOSED,False
1412,3556,2330,2025-08-16 11:35:34.000000,FIRE,8500.33,OPEN,False
1413,612,3643,2025-12-20 11:33:53.000000,FLOOD,7462.75,OPEN,False
1414,2418,1858,2025-09-11 16:24:50.000000,VANDALISM,8144.05,IN_REVIEW,False
1415,4602,3881,2026-04-15 17:33:50.000000,VANDALISM,21531.22,CLOSED,True
1416,1155,2756,2025-01-01 08:43:26.000000,COLLISION,22153.9,OPEN,True
1417,4401,2172,2025-04-27 02:32:22.000000,FLOOD,2899.54,APPROVED,False
1418,126,1315,2024-09-14 11:11:01.000000,GLASS_DAMAGE,23563.74,REJECTED,True
1419,1022,1373,2025-06-16 00:26:47.000000,COLLISION,17437.21,OPEN,False
1420,4037,504,2025-08-27 05:18:10.000000,COLLISION,18970.39,IN_REVIEW,True
1421,3291,3638,2025-01-14 02:21:49.000000,FIRE,13777.61,REJECTED,False
1422,1812,3953,2024-11-15 22:01:02.000000,GLASS_DAMAGE,4519.5,REJECTED,False
1423,2248,417,2026-03-22 03:05:33.000000,COLLISION,19319.99,CLOSED,True
1424,1716,3109,2025-01-17 12:47:00.000000,VANDALISM,10865.76,OPEN,False
1425,4190,1465,2025-12-16 11:33:26.000000,VANDALISM,24425.22,OPEN,True
1426,558,2051,2025-02-28 04:22:01.000000,COLLISION,19263.21,REJECTED,True
1427,1512,2181,2024-09-23 13:53:03.000000,VANDALISM,22814.23,IN_REVIEW,True
1428,2760,29,2025-08-28 20:19:52.000000,THEFT,6044.48,APPROVED,False
1429,4560,2011,2025-02-19 13:50:54.000000,GLASS_DAMAGE,4757.47,REJECTED,False
1430,3553,2292,2024-11-03 05:08:59.000000,FIRE,18175.01,REJECTED,True
1431,2221,4045,2024-08-03 14:49:20.000000,FIRE,19717.35,OPEN,True
1432,789,4023,2026-03-08 05:55:52.000000,THEFT,5658.46,REJECTED,False
1433,168,4160,2024-05-14 03:40:26.000000,VANDALISM,10360.82,CLOSED,False
1434,2364,2583,2025-03-20 14:08:51.000000,FLOOD,1446.07,REJECTED,False
1435,3089,2092,2026-01-17 17:50:22.000000,VANDALISM,8314.0,REJECTED,False
1436,2692,3495,2026-04-10 00:13:50.000000,GLASS_DAMAGE,443.71,REJECTED,False
1437,4318,4180,2024-07-02 13:30:42.000000,THEFT,8233.75,CLOSED,False
1438,447,1729,2026-03-07 17:45:14.000000,COLLISION,21842.13,APPROVED,True
1439,4471,3661,2025-01-15 15:45:25.000000,FLOOD,4061.32,APPROVED,False
1440,2072,3700,2025-05-06 06:59:04.000000,VANDALISM,13905.16,REJECTED,False
1441,1078,1237,2025-05-04 07:51:42.000000,COLLISION,4531.11,OPEN,False
1442,819,1490,2024-07-02 17:59:07.000000,FLOOD,6481.02,APPROVED,False
1443,596,3772,2025-01-30 23:32:45.000000,VANDALISM,5314.76,REJECTED,False
1444,1236,1023,2025-11-07 07:45:53.000000,FIRE,24168.74,CLOSED,True
1445,1786,4053,2025-06-29 03:50:04.000000,FLOOD,21748.23,REJECTED,True
1446,2257,1214,2025-12-25 14:58:30.000000,THEFT,12157.75,APPROVED,False
1447,2100,2345,2026-02-11 00:54:22.000000,FLOOD,14644.93,OPEN,False
1448,2802,3737,2024-09-13 08:55:37.000000,VANDALISM,15497.13,REJECTED,False
1449,365,1173,2025-04-25 23:27:14.000000,FIRE,4931.53,REJECTED,False
1450,4768,3452,2024-07-19 05:51:43.000000,FLOOD,20004.1,IN_REVIEW,True
1451,1214,2139,2024-07-01 15:02:10.000000,GLASS_DAMAGE,1829.13,OPEN,False
1452,1403,2426,2025-07-16 04:51:37.000000,FIRE,11736.58,IN_REVIEW,False
1453,17,20,2024-05-15 21:42:38.000000,VANDALISM,17745.89,REJECTED,False
1454,2576,3239,2025-03-22 01:25:27.000000,FIRE,10139.37,OPEN,False
1455,3807,1974,2024-08-15 18:40:21.000000,COLLISION,4585.7,CLOSED,False
1456,3588,3693,2026-04-06 17:45:13.000000,VANDALISM,13736.13,OPEN,False
1457,4107,930,2024-07-26 10:09:14.000000,GLASS_DAMAGE,11910.87,REJECTED,False
1458,257,3424,2025-10-24 19:09:16.000000,COLLISION,16510.32,CLOSED,False
1459,517,2645,2026-02-25 13:48:39.000000,THEFT,23778.29,OPEN,True
1460,958,2000,2024-09-26 17:28:20.000000,FIRE,9254.1,OPEN,False
1461,1575,226,2026-01-29 05:39:34.000000,FLOOD,4357.74,OPEN,False
1462,4058,1440,2024-05-13 01:33:43.000000,FLOOD,20767.53,IN_REVIEW,True
1463,3121,539,2025-12-24 05:44:30.000000,FIRE,9903.23,APPROVED,False
1464,4166,4180,2025-01-26 10:12:04.000000,VANDALISM,6163.33,REJECTED,False
1465,4326,2727,2024-08-27 13:06:06.000000,FIRE,1787.48,APPROVED,False
1466,4548,309,2025-07-31 12:51:59.000000,VANDALISM,3519.25,OPEN,False
1467,4630,3096,2025-08-26 23:44:46.000000,THEFT,8532.63,REJECTED,False
1468,1736,2488,2026-04-29 20:46:10.000000,COLLISION,19812.55,APPROVED,True
1469,3798,448,2024-11-11 09:07:59.000000,FLOOD,11619.72,CLOSED,False
1470,1357,1624,2026-01-16 01:33:47.000000,THEFT,20303.02,REJECTED,True
1471,664,1403,2024-10-13 18:32:02.000000,COLLISION,4604.72,APPROVED,False
1472,307,1332,2026-05-08 08:01:37.000000,FIRE,417.3,REJECTED,False
1473,437,2258,2025-03-04 05:44:52.000000,GLASS_DAMAGE,9773.49,IN_REVIEW,False
1474,3729,3437,2025-06-29 19:24:53.000000,THEFT,21435.81,IN_REVIEW,True
1475,3381,2544,2025-11-18 09:01:37.000000,VANDALISM,16911.02,IN_REVIEW,False
1476,1261,601,2025-06-21 19:57:13.000000,VANDALISM,18897.14,CLOSED,True
1477,464,3625,2024-10-04 18:51:29.000000,VANDALISM,9720.97,IN_REVIEW,False
1478,3443,1344,2025-05-04 20:22:58.000000,GLASS_DAMAGE,7355.92,REJECTED,False
1479,2687,751,2025-11-09 20:32:09.000000,GLASS_DAMAGE,24605.86,APPROVED,True
1480,1508,2673,2026-02-28 13:27:23.000000,COLLISION,14167.39,APPROVED,False
1481,211,1554,2025-08-10 09:57:06.000000,GLASS_DAMAGE,13122.28,APPROVED,False
1482,2957,208,2024-08-05 17:14:43.000000,GLASS_DAMAGE,6614.89,CLOSED,False
1483,4106,1269,2025-06-13 05:49:41.000000,FIRE,24392.88,OPEN,True
1484,2734,2264,2025-04-26 04:02:54.000000,COLLISION,14342.87,IN_REVIEW,False
1485,4123,2661,2026-04-03 23:59:31.000000,THEFT,19155.17,IN_REVIEW,True
1486,4510,1090,2026-02-18 05:35:56.000000,GLASS_DAMAGE,3657.56,CLOSED,False
1487,2254,392,2025-02-14 08:31:52.000000,GLASS_DAMAGE,22393.61,APPROVED,True
1488,4517,4129,2025-06-06 00:00:37.000000,GLASS_DAMAGE,745.76,CLOSED,False
1489,1139,3660,2025-11-16 04:36:38.000000,VANDALISM,14419.0,IN_REVIEW,False
1490,1270,2819,2025-06-22 19:03:31.000000,FIRE,9930.8,REJECTED,False
1491,476,473,2024-05-28 07:23:11.000000,GLASS_DAMAGE,21371.78,APPROVED,True
1492,3698,2636,2026-04-21 20:20:11.000000,FIRE,6012.55,APPROVED,False
1493,4468,1420,2025-02-23 06:15:40.000000,VANDALISM,9129.11,APPROVED,False
1494,351,2728,2025-10-02 16:07:02.000000,GLASS_DAMAGE,10690.35,APPROVED,False
1495,1360,3950,2025-06-09 20:34:41.000000,VANDALISM,18189.08,CLOSED,True
1496,2918,3246,2024-08-12 10:44:19.000000,THEFT,17853.69,REJECTED,False
1497,670,908,2024-07-27 23:18:11.000000,FIRE,6018.7,OPEN,False
1498,2019,2680,2025-07-30 16:05:49.000000,COLLISION,10488.62,CLOSED,False
1499,3543,3088,2025-02-23 21:54:50.000000,GLASS_DAMAGE,5366.91,IN_REVIEW,False
1500,1060,1520,2026-03-03 20:40:44.000000,FLOOD,1312.83,OPEN,False
1501,3029,3564,2024-09-07 06:43:26.000000,VANDALISM,7712.47,OPEN,False
1502,4235,2266,2025-04-28 10:56:42.000000,FLOOD,7749.53,OPEN,False
1503,976,716,2024-06-24 05:36:02.000000,THEFT,3445.47,CLOSED,False
1504,4656,3355,2026-05-07 03:16:47.000000,GLASS_DAMAGE,8599.1,IN_REVIEW,False
1505,1092,2478,2025-08-05 20:02:54.000000,COLLISION,4139.53,CLOSED,False
1506,2331,871,2025-12-09 13:35:43.000000,THEFT,15563.55,REJECTED,False
1507,1778,2596,2025-02-22 13:46:04.000000,FIRE,7369.47,APPROVED,False
1508,230,737,2025-10-26 16:27:22.000000,VANDALISM,16258.6,REJECTED,False
1509,1947,2789,2025-12-17 21:55:39.000000,GLASS_DAMAGE,17518.73,APPROVED,False
1510,1136,3814,2025-02-24 02:37:02.000000,FIRE,12914.5,OPEN,False
1511,3242,3079,2026-04-24 11:25:22.000000,FLOOD,24176.03,REJECTED,True
1512,1593,228,2024-06-24 17:11:53.000000,FLOOD,11645.97,CLOSED,False
1513,688,2933,2025-07-27 19:21:13.000000,VANDALISM,11203.5,CLOSED,False
1514,2744,4169,2024-08-15 23:42:31.000000,FIRE,2514.93,REJECTED,False
1515,969,2408,2024-07-13 18:31:11.000000,FIRE,3932.64,OPEN,False
1516,2852,3930,2025-07-27 15:29:43.000000,GLASS_DAMAGE,2962.29,OPEN,False
1517,4511,880,2026-05-05 12:49:00.000000,VANDALISM,14358.9,REJECTED,False
1518,3274,2565,2024-08-17 21:26:36.000000,FLOOD,16571.01,CLOSED,False
1519,2332,2169,2025-06-14 10:06:06.000000,COLLISION,10501.88,REJECTED,False
1520,1728,2664,2025-09-13 13:27:22.000000,FLOOD,11307.37,OPEN,False
1521,1119,3151,2025-06-29 23:13:15.000000,VANDALISM,9345.07,OPEN,False
1522,2112,858,2025-11-28 11:27:49.000000,GLASS_DAMAGE,1790.31,REJECTED,False
1523,2062,1976,2024-12-08 20:54:24.000000,COLLISION,2519.01,CLOSED,False
1524,3249,3991,2024-09-25 10:58:21.000000,GLASS_DAMAGE,9099.39,REJECTED,False
1525,698,2339,2025-10-31 12:08:37.000000,VANDALISM,12651.13,APPROVED,False
1526,4536,3887,2025-08-07 14:56:10.000000,GLASS_DAMAGE,1944.4,IN_REVIEW,False
1527,73,1731,2026-01-21 07:53:24.000000,GLASS_DAMAGE,6687.31,IN_REVIEW,False
1528,1415,1515,2025-10-26 07:02:50.000000,VANDALISM,5473.13,REJECTED,False
1529,2294,218,2025-10-06 09:31:22.000000,FIRE,12313.73,APPROVED,False
1530,3369,607,2025-09-01 16:48:14.000000,VANDALISM,11728.41,REJECTED,False
1531,4464,753,2024-12-14 02:04:46.000000,THEFT,18326.02,CLOSED,True
1532,2676,1300,2024-06-03 19:42:20.000000,FLOOD,15648.98,IN_REVIEW,False
1533,64,502,2024-12-29 21:51:43.000000,FIRE,10500.87,REJECTED,False
1534,374,4191,2026-04-11 19:25:29.000000,VANDALISM,2233.27,APPROVED,False
1535,1969,3340,2025-11-06 04:05:28.000000,THEFT,14639.0,IN_REVIEW,False
1536,2827,3799,2024-08-21 07:37:42.000000,THEFT,1952.62,REJECTED,False
1537,669,64,2025-10-26 17:25:20.000000,GLASS_DAMAGE,16833.21,REJECTED,False
1538,3224,3305,2025-11-24 17:15:14.000000,COLLISION,19715.75,REJECTED,True
1539,1420,4088,2024-07-21 11:51:32.000000,FIRE,7683.72,OPEN,False
1540,3226,620,2025-11-06 03:57:16.000000,COLLISION,18002.78,REJECTED,True
1541,1416,1696,2024-07-30 16:20:01.000000,GLASS_DAMAGE,16253.92,OPEN,False
1542,1750,2118,2025-09-13 11:20:32.000000,COLLISION,24911.77,CLOSED,True
1543,4250,2245,2026-02-24 07:54:02.000000,THEFT,12749.31,OPEN,False
1544,4200,2599,2026-02-14 12:07:22.000000,THEFT,1638.07,CLOSED,False
1545,2433,3700,2024-08-14 05:55:37.000000,COLLISION,4235.77,CLOSED,False
1546,3417,2750,2025-12-13 10:56:32.000000,COLLISION,3875.28,APPROVED,False
1547,1453,2888,2025-04-09 20:14:47.000000,COLLISION,14565.91,OPEN,False
1548,425,1842,2025-02-19 20:37:08.000000,THEFT,1036.61,CLOSED,False
1549,2069,3226,2024-05-30 16:22:25.000000,FIRE,20198.05,IN_REVIEW,True
1550,1776,425,2024-12-22 06:51:17.000000,THEFT,9261.9,IN_REVIEW,False
1551,584,652,2025-04-09 06:29:59.000000,FLOOD,22977.15,IN_REVIEW,True
1552,2544,1065,2025-05-03 20:34:53.000000,FLOOD,10497.16,REJECTED,False
1553,2334,2574,2024-12-26 09:10:35.000000,VANDALISM,1148.92,IN_REVIEW,False
1554,637,3553,2025-09-24 09:05:29.000000,FLOOD,9355.4,APPROVED,False
1555,2840,2738,2025-09-02 20:09:04.000000,FLOOD,419.28,IN_REVIEW,False
1556,2969,807,2024-10-07 09:02:38.000000,FLOOD,3583.61,REJECTED,False
1557,679,2736,2024-07-01 15:43:41.000000,FLOOD,2046.22,OPEN,False
1558,1234,3426,2025-08-17 09:27:17.000000,THEFT,12622.43,APPROVED,False
1559,2918,3614,2026-02-13 07:32:15.000000,FIRE,12994.5,APPROVED,False
1560,3646,3282,2024-11-23 02:51:28.000000,FIRE,13808.14,REJECTED,False
1561,4357,119,2024-07-26 02:42:43.000000,COLLISION,24189.35,APPROVED,True
1562,3239,1453,2024-08-06 00:46:49.000000,VANDALISM,23366.77,CLOSED,True
1563,1880,4024,2025-11-11 05:37:25.000000,THEFT,17105.54,APPROVED,False
1564,3304,2062,2025-07-20 11:06:31.000000,THEFT,10902.55,REJECTED,False
1565,390,159,2026-03-27 15:08:15.000000,COLLISION,11391.25,OPEN,False
1566,2500,1789,2024-12-16 02:18:13.000000,GLASS_DAMAGE,20971.17,APPROVED,True
1567,1621,1748,2025-04-23 20:51:25.000000,FIRE,16604.22,CLOSED,False
1568,44,3688,2026-02-01 06:16:38.000000,FIRE,10585.44,REJECTED,False
1569,788,2301,2025-09-14 05:54:29.000000,FIRE,15496.56,REJECTED,False
1570,263,2254,2025-11-11 14:19:29.000000,GLASS_DAMAGE,20912.13,APPROVED,True
1571,381,374,2024-12-11 00:22:11.000000,THEFT,11267.44,REJECTED,False
1572,3884,1131,2024-11-26 00:20:08.000000,FLOOD,24573.26,OPEN,True
1573,3940,3577,2024-10-07 09:59:39.000000,GLASS_DAMAGE,13843.24,IN_REVIEW,False
1574,3480,2658,2025-12-20 19:54:47.000000,COLLISION,22799.25,REJECTED,True
1575,3546,2365,2024-12-10 11:50:50.000000,VANDALISM,4860.58,IN_REVIEW,False
1576,3091,3497,2026-03-04 08:45:49.000000,COLLISION,19759.79,OPEN,True
1577,4744,1028,2025-06-04 15:37:48.000000,COLLISION,15028.57,IN_REVIEW,False
1578,3642,1107,2026-01-11 05:39:07.000000,THEFT,11457.43,OPEN,False
1579,2506,1683,2026-03-22 11:51:19.000000,FIRE,16309.51,CLOSED,False
1580,3872,3093,2025-11-23 06:45:56.000000,FIRE,13813.05,OPEN,False
1581,3333,1642,2025-11-07 16:23:26.000000,GLASS_DAMAGE,15399.84,IN_REVIEW,False
1582,3414,1524,2024-11-13 08:44:24.000000,FIRE,24835.88,REJECTED,True
1583,3160,2846,2025-02-05 19:45:02.000000,FLOOD,5442.22,IN_REVIEW,False
1584,110,3102,2024-09-18 14:12:51.000000,VANDALISM,14746.5,OPEN,False
1585,4065,4127,2025-03-26 08:14:00.000000,COLLISION,12501.62,OPEN,False
1586,2665,2777,2025-12-21 23:26:37.000000,FLOOD,21013.61,IN_REVIEW,True
1587,290,1651,2025-10-21 06:07:15.000000,FIRE,17050.36,IN_REVIEW,False
1588,3785,1848,2025-12-01 13:52:20.000000,THEFT,3962.08,REJECTED,False
1589,1874,3840,2024-08-08 18:43:54.000000,VANDALISM,24473.33,REJECTED,True
1590,1781,1333,2026-01-26 07:00:30.000000,GLASS_DAMAGE,6071.76,REJECTED,False
1591,1913,2459,2025-01-12 05:58:32.000000,FIRE,7634.31,REJECTED,False
1592,760,3608,2024-12-12 05:07:51.000000,FIRE,2644.93,CLOSED,False
1593,2259,3273,2025-01-27 21:05:24.000000,VANDALISM,8193.4,CLOSED,False
1594,3177,1859,2025-12-23 22:35:41.000000,GLASS_DAMAGE,17826.98,REJECTED,False
1595,4465,4007,2025-06-15 19:11:28.000000,FLOOD,10717.85,CLOSED,False
1596,3658,1380,2024-06-14 11:57:37.000000,COLLISION,23170.08,APPROVED,True
1597,3610,1307,2025-11-03 02:50:48.000000,THEFT,15488.36,APPROVED,False
1598,1461,55,2025-08-31 16:55:02.000000,GLASS_DAMAGE,19130.94,OPEN,True
1599,59,1157,2024-06-24 14:11:04.000000,GLASS_DAMAGE,8426.29,OPEN,False
1600,1847,2098,2024-06-29 11:18:33.000000,FLOOD,5959.23,OPEN,False
1601,2920,2242,2025-05-25 07:39:03.000000,GLASS_DAMAGE,9649.74,REJECTED,False
1602,2307,405,2025-07-16 13:58:21.000000,FLOOD,10262.26,OPEN,False
1603,859,3457,2025-07-02 13:15:33.000000,GLASS_DAMAGE,12870.97,CLOSED,False
1604,4266,3773,2024-09-24 17:59:08.000000,FLOOD,6981.34,APPROVED,False
1605,4709,3819,2024-08-04 19:54:02.000000,COLLISION,12584.11,CLOSED,False
1606,1544,3437,2025-09-10 19:07:38.000000,VANDALISM,17062.84,IN_REVIEW,False
1607,1798,2757,2025-01-27 13:51:49.000000,COLLISION,8773.36,CLOSED,False
1608,2236,1855,2026-02-19 14:19:45.000000,FIRE,16145.23,IN_REVIEW,False
1609,1392,1332,2025-02-19 09:20:56.000000,VANDALISM,4991.72,CLOSED,False
1610,4628,3432,2024-07-20 23:19:19.000000,COLLISION,9694.07,APPROVED,False
1611,1660,3509,2024-12-14 14:07:18.000000,FLOOD,9981.65,IN_REVIEW,False
1612,1813,1630,2026-04-05 00:58:49.000000,GLASS_DAMAGE,20347.15,IN_REVIEW,True
1613,2010,2833,2026-05-11 23:42:18.000000,FLOOD,14106.13,REJECTED,False
1614,4382,1157,2024-06-12 15:03:57.000000,GLASS_DAMAGE,11588.01,REJECTED,False
1615,1068,2453,2025-02-17 01:01:19.000000,COLLISION,22319.93,APPROVED,True
1616,4057,4014,2024-07-01 08:51:09.000000,FLOOD,2955.38,REJECTED,False
1617,3743,2605,2025-11-02 11:55:24.000000,COLLISION,331.08,OPEN,False
1618,4444,2003,2025-05-18 20:34:39.000000,THEFT,17244.28,OPEN,False
1619,1173,419,2025-03-24 08:44:07.000000,GLASS_DAMAGE,19347.93,OPEN,True
1620,1250,1047,2025-12-10 22:32:48.000000,GLASS_DAMAGE,12267.66,IN_REVIEW,False
1621,2038,1287,2025-09-21 10:09:56.000000,VANDALISM,23724.2,IN_REVIEW,True
1622,3667,604,2024-05-28 16:44:13.000000,FIRE,4540.57,CLOSED,False
1623,2031,982,2025-07-14 14:32:45.000000,GLASS_DAMAGE,14175.93,CLOSED,False
1624,1500,3750,2026-01-22 06:05:17.000000,GLASS_DAMAGE,24466.89,APPROVED,True
1625,3734,2016,2025-11-26 00:41:43.000000,VANDALISM,18579.81,REJECTED,True
1626,392,3155,2025-09-19 12:41:41.000000,VANDALISM,22021.5,REJECTED,True
1627,2525,3432,2026-02-02 06:10:53.000000,THEFT,10439.49,IN_REVIEW,False
1628,843,3194,2024-08-15 11:11:26.000000,THEFT,5234.25,IN_REVIEW,False
1629,2613,224,2025-03-17 09:26:04.000000,GLASS_DAMAGE,22616.44,REJECTED,True
1630,1571,1818,2025-08-03 13:17:44.000000,COLLISION,5495.4,REJECTED,False
1631,1579,2155,2025-12-24 08:56:18.000000,VANDALISM,22606.81,OPEN,True
1632,3517,2803,2024-06-10 17:07:02.000000,VANDALISM,8406.6,OPEN,False
1633,4327,3614,2025-10-27 00:48:59.000000,VANDALISM,6603.25,CLOSED,False
1634,1808,1821,2025-08-22 02:19:56.000000,VANDALISM,13486.83,APPROVED,False
1635,3716,3102,2025-11-09 18:15:41.000000,FLOOD,17901.96,OPEN,False
1636,3811,440,2025-06-28 20:59:57.000000,THEFT,4492.03,REJECTED,False
1637,2266,1838,2025-08-22 11:49:00.000000,THEFT,1407.15,APPROVED,False
1638,665,2802,2024-07-14 12:57:08.000000,THEFT,21237.36,CLOSED,True
1639,3394,2565,2024-05-25 09:42:29.000000,VANDALISM,14913.04,CLOSED,False
1640,2109,4145,2025-07-29 20:33:38.000000,VANDALISM,9839.58,OPEN,False
1641,2895,1119,2026-03-17 02:09:20.000000,THEFT,10555.14,CLOSED,False
1642,34,847,2025-09-26 08:29:38.000000,VANDALISM,1260.52,APPROVED,False
1643,3368,2159,2025-05-23 21:22:26.000000,GLASS_DAMAGE,12361.02,REJECTED,False
1644,2526,3022,2025-08-14 02:49:30.000000,FIRE,12331.12,APPROVED,False
1645,1912,1751,2025-01-03 02:49:38.000000,FIRE,1692.63,APPROVED,False
1646,597,2210,2024-07-01 13:46:34.000000,GLASS_DAMAGE,21459.93,APPROVED,True
1647,4266,2526,2025-10-05 13:42:18.000000,GLASS_DAMAGE,20832.06,OPEN,True
1648,27,433,2024-06-05 13:35:32.000000,FLOOD,2977.55,REJECTED,False
1649,3980,3021,2025-02-27 10:36:25.000000,COLLISION,11025.7,REJECTED,False
1650,3081,1078,2026-03-10 18:10:11.000000,FLOOD,11360.61,REJECTED,False
1651,1661,1618,2025-01-30 10:45:34.000000,VANDALISM,8110.11,IN_REVIEW,False
1652,1234,3374,2025-09-18 05:39:52.000000,FIRE,20364.27,IN_REVIEW,True
1653,111,2909,2025-09-19 00:17:41.000000,THEFT,11407.28,OPEN,False
1654,4207,3188,2025-12-20 20:54:18.000000,FIRE,23095.06,APPROVED,True
1655,4334,730,2025-11-09 17:11:06.000000,THEFT,8740.53,OPEN,False
1656,3660,177,2026-02-26 09:13:04.000000,VANDALISM,7781.75,CLOSED,False
1657,1178,4182,2025-02-06 12:07:49.000000,FLOOD,17577.88,REJECTED,False
1658,2623,2007,2024-12-15 23:22:22.000000,THEFT,12242.41,CLOSED,False
1659,3534,1484,2024-12-28 08:55:08.000000,THEFT,12555.6,OPEN,False
1660,863,1240,2024-05-18 05:57:38.000000,GLASS_DAMAGE,16484.17,REJECTED,False
1661,4320,3937,2024-07-24 00:27:08.000000,GLASS_DAMAGE,13465.33,OPEN,False
1662,3411,2189,2025-01-08 05:35:31.000000,COLLISION,7214.37,REJECTED,False
1663,3444,4123,2024-06-17 15:24:44.000000,FIRE,15461.35,OPEN,False
1664,339,103,2024-05-19 03:35:04.000000,FLOOD,10461.68,REJECTED,False
1665,1787,2021,2025-12-31 00:13:39.000000,COLLISION,24203.77,OPEN,True
1666,1495,2078,2025-01-07 13:57:04.000000,GLASS_DAMAGE,9629.08,OPEN,False
1667,851,3447,2025-04-16 00:37:16.000000,VANDALISM,23945.59,APPROVED,True
1668,2459,1003,2024-10-21 09:53:01.000000,VANDALISM,17170.74,CLOSED,False
1669,4743,2725,2024-09-25 23:11:49.000000,FLOOD,3561.87,REJECTED,False
1670,2372,678,2026-02-10 11:01:47.000000,THEFT,2187.02,APPROVED,False
1671,4171,2496,2026-02-21 01:11:32.000000,GLASS_DAMAGE,9914.93,IN_REVIEW,False
1672,3943,2586,2025-08-26 03:56:57.000000,COLLISION,20521.03,APPROVED,True
1673,1116,2621,2024-11-24 22:26:24.000000,GLASS_DAMAGE,1695.31,OPEN,False
1674,247,4043,2026-04-21 17:50:35.000000,GLASS_DAMAGE,5519.98,OPEN,False
1675,4382,426,2025-09-17 12:47:49.000000,GLASS_DAMAGE,23910.2,OPEN,True
1676,4072,1305,2025-08-05 08:40:46.000000,FLOOD,22484.8,APPROVED,True
1677,2801,2334,2025-09-17 08:47:57.000000,COLLISION,16204.04,OPEN,False
1678,919,1576,2025-05-09 14:08:47.000000,THEFT,14004.31,CLOSED,False
1679,2000,2787,2024-09-05 19:48:09.000000,FLOOD,17546.03,IN_REVIEW,False
1680,1350,1612,2026-04-14 22:21:55.000000,COLLISION,22906.86,OPEN,True
1681,3688,3805,2026-04-26 09:03:42.000000,THEFT,20687.8,APPROVED,True
1682,47,871,2024-07-05 05:21:22.000000,FIRE,18382.79,APPROVED,True
1683,3699,1713,2024-07-09 22:34:57.000000,VANDALISM,22532.28,IN_REVIEW,True
1684,2069,3795,2025-06-26 16:11:26.000000,THEFT,20689.08,APPROVED,True
1685,4329,3162,2024-12-13 15:52:50.000000,COLLISION,18294.57,IN_REVIEW,True
1686,185,1174,2026-02-21 05:59:07.000000,COLLISION,6889.48,APPROVED,False
1687,1334,3670,2025-11-05 02:24:54.000000,COLLISION,10804.75,OPEN,False
1688,2837,2988,2025-05-10 00:16:32.000000,GLASS_DAMAGE,11844.6,CLOSED,False
1689,381,1273,2024-12-14 10:22:02.000000,FLOOD,17272.57,OPEN,False
1690,1772,2394,2025-11-08 10:57:14.000000,GLASS_DAMAGE,23062.32,OPEN,True
1691,1829,734,2025-07-17 15:40:07.000000,GLASS_DAMAGE,3658.97,CLOSED,False
1692,2264,3650,2025-08-23 16:27:51.000000,THEFT,16025.7,CLOSED,False
1693,835,3865,2024-08-03 20:37:14.000000,COLLISION,13396.19,IN_REVIEW,False
1694,1752,2683,2026-02-15 19:41:24.000000,COLLISION,18665.03,CLOSED,True
1695,3185,1018,2024-06-14 00:07:18.000000,VANDALISM,7351.94,REJECTED,False
1696,3966,1290,2024-12-02 03:36:18.000000,VANDALISM,1599.24,CLOSED,False
1697,3340,191,2025-01-13 21:55:25.000000,COLLISION,16121.48,APPROVED,False
1698,3578,3314,2025-11-22 01:12:16.000000,VANDALISM,22177.65,APPROVED,True
1699,4446,4165,2025-09-24 20:54:25.000000,GLASS_DAMAGE,4723.03,REJECTED,False
1700,2899,2265,2025-12-27 15:25:34.000000,THEFT,11266.51,REJECTED,False
1701,2559,1504,2024-08-08 05:46:37.000000,GLASS_DAMAGE,9137.29,CLOSED,False
1702,2964,672,2026-04-18 15:58:08.000000,FIRE,16958.36,APPROVED,False
1703,3120,2892,2024-10-12 23:30:03.000000,THEFT,8989.97,OPEN,False
1704,429,2396,2026-04-10 21:35:41.000000,FLOOD,22988.45,OPEN,True
1705,1495,1056,2026-03-04 17:39:56.000000,FLOOD,20527.98,REJECTED,True
1706,406,2028,2024-07-04 04:06:30.000000,FIRE,4591.4,OPEN,False
1707,4725,216,2026-03-13 07:13:10.000000,VANDALISM,23295.93,OPEN,True
1708,424,3302,2025-03-08 07:50:56.000000,THEFT,20160.91,REJECTED,True
1709,129,2851,2025-04-20 22:14:31.000000,FLOOD,3037.68,IN_REVIEW,False
1710,847,3525,2026-03-01 04:22:18.000000,FLOOD,3788.68,CLOSED,False
1711,1760,942,2025-04-11 19:27:46.000000,COLLISION,8155.35,OPEN,False
1712,1776,2184,2025-08-12 19:25:39.000000,FIRE,8116.88,IN_REVIEW,False
1713,491,2976,2024-12-06 20:15:33.000000,COLLISION,1624.03,CLOSED,False
1714,4728,1977,2026-03-12 07:23:28.000000,COLLISION,1079.11,CLOSED,False
1715,1255,2278,2025-02-20 03:06:37.000000,GLASS_DAMAGE,20774.55,REJECTED,True
1716,3379,2357,2024-07-08 14:02:23.000000,COLLISION,16808.82,APPROVED,False
1717,1655,100,2025-08-24 11:57:22.000000,GLASS_DAMAGE,12623.8,CLOSED,False
1718,2534,267,2024-09-02 01:14:34.000000,FIRE,19720.15,REJECTED,True
1719,3506,2845,2026-01-17 21:56:28.000000,FLOOD,8448.8,CLOSED,False
1720,2621,1290,2025-10-16 11:58:26.000000,THEFT,5053.06,APPROVED,False
1721,4290,843,2025-02-03 08:12:46.000000,VANDALISM,9043.55,IN_REVIEW,False
1722,3731,2360,2025-03-12 00:59:33.000000,FLOOD,20688.53,APPROVED,True
1723,1983,287,2025-09-24 03:29:28.000000,FLOOD,14964.42,REJECTED,False
1724,1952,3266,2025-12-19 03:59:10.000000,GLASS_DAMAGE,3449.89,OPEN,False
1725,917,2130,2024-12-15 13:40:53.000000,VANDALISM,19997.4,IN_REVIEW,True
1726,4232,4052,2024-10-16 04:00:14.000000,THEFT,7816.63,REJECTED,False
1727,2644,2730,2025-05-21 11:28:36.000000,COLLISION,17873.0,IN_REVIEW,False
1728,2677,1600,2024-08-30 12:52:14.000000,THEFT,6877.05,OPEN,False
1729,1144,3290,2025-07-30 16:51:59.000000,THEFT,3333.05,IN_REVIEW,False
1730,50,824,2026-03-30 05:47:02.000000,COLLISION,10391.31,IN_REVIEW,False
1731,402,2458,2024-12-08 23:19:59.000000,FIRE,16605.83,CLOSED,False
1732,4406,4153,2024-06-15 05:57:31.000000,THEFT,20245.03,APPROVED,True
1733,4406,4084,2025-02-08 21:43:50.000000,FLOOD,14760.2,OPEN,False
1734,4681,1996,2026-03-09 19:01:01.000000,VANDALISM,24629.74,REJECTED,True
1735,2737,1166,2026-03-04 08:22:41.000000,THEFT,14999.13,IN_REVIEW,False
1736,1877,3127,2024-08-06 09:30:09.000000,VANDALISM,6488.1,APPROVED,False
1737,910,73,2026-03-21 23:43:34.000000,COLLISION,17529.49,REJECTED,False
1738,4297,1850,2025-09-10 05:05:30.000000,GLASS_DAMAGE,4655.8,REJECTED,False
1739,4344,533,2024-10-02 00:20:44.000000,COLLISION,24088.84,REJECTED,True
1740,3001,1683,2024-07-03 18:02:47.000000,THEFT,22503.2,CLOSED,True
1741,1465,2897,2024-10-11 22:27:28.000000,THEFT,13704.66,OPEN,False
1742,2764,698,2025-10-25 23:05:30.000000,COLLISION,24533.08,OPEN,True
1743,734,2167,2024-05-27 12:46:45.000000,GLASS_DAMAGE,19275.19,CLOSED,True
1744,3276,1648,2026-04-14 13:09:38.000000,COLLISION,8894.04,REJECTED,False
1745,454,3633,2024-09-21 00:06:08.000000,FIRE,16566.7,IN_REVIEW,False
1746,2423,339,2026-03-28 16:06:07.000000,FLOOD,16507.79,APPROVED,False
1747,393,3872,2026-03-25 17:25:07.000000,FLOOD,14513.03,OPEN,False
1748,4671,3401,2024-08-29 00:54:12.000000,FIRE,22698.82,IN_REVIEW,True
1749,3249,3281,2024-12-31 23:11:41.000000,VANDALISM,15074.49,REJECTED,False
1750,1687,2091,2024-08-11 13:52:47.000000,COLLISION,7063.39,CLOSED,False
1751,3237,2835,2025-02-23 21:15:28.000000,VANDALISM,17031.73,REJECTED,False
1752,4720,1484,2025-02-14 05:35:52.000000,COLLISION,6886.88,IN_REVIEW,False
1753,3777,3648,2024-07-13 00:38:25.000000,FLOOD,9138.61,REJECTED,False
1754,943,3382,2025-12-14 19:00:07.000000,FLOOD,16514.77,IN_REVIEW,False
1755,56,2417,2025-07-23 09:00:31.000000,VANDALISM,14705.66,OPEN,False
1756,2672,1851,2025-01-13 06:36:00.000000,THEFT,16555.21,REJECTED,False
1757,4700,77,2024-11-24 17:20:18.000000,COLLISION,23475.88,REJECTED,True
1758,604,719,2026-01-27 05:55:30.000000,COLLISION,23392.3,OPEN,True
1759,4045,2893,2025-06-09 12:55:48.000000,FIRE,9331.0,OPEN,False
1760,1336,3022,2025-02-26 00:54:38.000000,COLLISION,7284.82,REJECTED,False
1761,2182,2508,2025-08-19 08:09:21.000000,VANDALISM,23930.01,CLOSED,True
1762,1319,302,2025-10-26 07:58:04.000000,VANDALISM,2432.31,OPEN,False
1763,268,529,2025-04-16 17:03:07.000000,VANDALISM,17712.03,IN_REVIEW,False
1764,376,2396,2025-08-12 12:49:00.000000,GLASS_DAMAGE,18165.63,OPEN,True
1765,2646,3169,2025-01-10 10:30:01.000000,THEFT,1975.28,REJECTED,False
1766,498,2129,2025-09-23 03:36:13.000000,VANDALISM,6244.65,OPEN,False
1767,1346,2191,2025-01-04 07:28:34.000000,COLLISION,15012.67,CLOSED,False
1768,3700,2629,2024-11-17 03:06:43.000000,THEFT,21433.09,CLOSED,True
1769,222,1065,2025-09-12 17:57:50.000000,THEFT,12674.16,CLOSED,False
1770,4463,58,2025-01-11 17:48:55.000000,COLLISION,7883.32,CLOSED,False
1771,3740,3546,2025-04-03 23:57:34.000000,THEFT,2035.66,OPEN,False
1772,3534,707,2024-09-18 20:54:08.000000,FLOOD,14946.2,CLOSED,False
1773,4,610,2025-07-01 13:03:32.000000,FLOOD,13436.24,APPROVED,False
1774,1968,329,2024-08-19 16:50:56.000000,FLOOD,6240.56,CLOSED,False
1775,299,1678,2025-08-22 06:57:29.000000,VANDALISM,15757.64,CLOSED,False
1776,747,2682,2025-10-05 12:24:03.000000,FIRE,17041.19,IN_REVIEW,False
1777,1696,3367,2026-03-25 19:53:19.000000,THEFT,18662.26,REJECTED,True
1778,4799,3935,2026-04-15 18:48:16.000000,GLASS_DAMAGE,20231.34,REJECTED,True
1779,1102,849,2024-10-03 22:09:32.000000,COLLISION,12031.2,CLOSED,False
1780,2907,3962,2024-06-14 19:38:13.000000,COLLISION,4100.41,APPROVED,False
1781,1815,8,2024-09-29 07:50:59.000000,COLLISION,4339.72,IN_REVIEW,False
1782,1540,2755,2024-08-20 19:16:02.000000,FLOOD,12720.06,REJECTED,False
1783,4108,500,2024-08-12 05:04:52.000000,THEFT,21176.23,IN_REVIEW,True
1784,626,2325,2025-05-30 21:17:42.000000,GLASS_DAMAGE,19589.36,OPEN,True
1785,4566,1881,2025-07-15 04:36:22.000000,COLLISION,6377.16,IN_REVIEW,False
1786,1216,1256,2024-11-01 13:29:16.000000,FLOOD,4248.75,CLOSED,False
1787,289,739,2024-07-01 21:25:18.000000,COLLISION,18589.43,CLOSED,True
1788,2161,554,2026-03-23 18:52:51.000000,COLLISION,13200.24,CLOSED,False
1789,2650,3591,2025-08-06 21:59:43.000000,COLLISION,16187.08,CLOSED,False
1790,4759,4192,2025-09-02 22:46:53.000000,COLLISION,7775.32,IN_REVIEW,False
1791,758,392,2025-12-20 19:31:55.000000,FIRE,904.63,APPROVED,False
1792,856,605,2025-11-24 05:38:18.000000,VANDALISM,4947.45,APPROVED,False
1793,3198,764,2026-03-19 19:14:35.000000,FIRE,8777.37,IN_REVIEW,False
1794,3962,132,2025-01-01 02:12:02.000000,THEFT,19621.31,REJECTED,True
1795,1237,1124,2024-10-25 16:04:34.000000,FIRE,1513.17,REJECTED,False
1796,79,1226,2025-06-21 13:40:24.000000,VANDALISM,21888.86,CLOSED,True
1797,3084,1687,2024-08-04 03:01:12.000000,COLLISION,8975.01,REJECTED,False
1798,1193,1709,2025-01-29 13:07:19.000000,COLLISION,24484.82,IN_REVIEW,True
1799,1787,13,2025-06-15 06:58:14.000000,VANDALISM,10996.13,IN_REVIEW,False
1800,4666,3389,2025-04-29 02:45:48.000000,VANDALISM,17189.77,CLOSED,False
1801,3143,4035,2025-01-28 18:34:08.000000,FIRE,14626.76,APPROVED,False
1802,416,4028,2025-08-24 11:20:02.000000,COLLISION,16102.42,REJECTED,False
1803,3913,674,2025-04-18 05:18:49.000000,THEFT,11249.99,APPROVED,False
1804,4583,2259,2024-10-19 11:55:33.000000,FLOOD,17266.57,IN_REVIEW,False
1805,693,1579,2025-10-12 19:03:03.000000,COLLISION,5069.94,APPROVED,False
1806,3277,1704,2026-03-12 13:33:16.000000,FIRE,1380.18,CLOSED,False
1807,1743,1320,2024-10-04 05:06:03.000000,THEFT,2601.54,OPEN,False
1808,1876,2003,2025-08-05 05:49:54.000000,FIRE,19797.85,APPROVED,True
1809,3422,3454,2026-04-09 07:25:35.000000,FLOOD,4960.49,CLOSED,False
1810,2921,1473,2026-02-03 12:46:24.000000,THEFT,16116.15,IN_REVIEW,False
1811,4339,2675,2025-08-06 15:19:37.000000,FIRE,10857.19,APPROVED,False
1812,514,969,2024-12-05 00:22:43.000000,COLLISION,9062.73,OPEN,False
1813,1645,534,2025-05-19 09:58:09.000000,VANDALISM,3306.95,CLOSED,False
1814,2954,2720,2025-01-04 04:41:08.000000,FLOOD,2398.71,IN_REVIEW,False
1815,2389,1233,2024-10-07 00:36:13.000000,FLOOD,9772.34,IN_REVIEW,False
1816,3390,1850,2024-12-13 21:11:45.000000,GLASS_DAMAGE,4522.07,CLOSED,False
1817,38,1387,2025-02-28 23:43:12.000000,FIRE,2347.88,CLOSED,False
1818,2507,3470,2024-10-20 06:15:11.000000,COLLISION,18982.43,OPEN,True
1819,759,2539,2024-10-14 17:34:26.000000,FLOOD,2044.32,CLOSED,False
1820,4179,3612,2024-06-30 02:45:34.000000,GLASS_DAMAGE,5353.19,APPROVED,False
1821,3284,2182,2025-08-02 16:35:10.000000,THEFT,1471.46,CLOSED,False
1822,1214,3085,2025-09-02 22:03:50.000000,FIRE,17626.46,APPROVED,False
1823,1428,1567,2025-10-15 13:28:51.000000,GLASS_DAMAGE,23764.33,IN_REVIEW,True
1824,939,1409,2025-07-18 03:01:08.000000,COLLISION,8397.45,IN_REVIEW,False
1825,4746,911,2024-07-11 15:36:18.000000,GLASS_DAMAGE,18991.5,CLOSED,True
1826,4417,2529,2025-02-23 20:46:26.000000,VANDALISM,24758.48,APPROVED,True
1827,4157,2225,2026-04-25 22:08:10.000000,VANDALISM,7874.24,IN_REVIEW,False
1828,873,1374,2025-07-02 18:58:44.000000,COLLISION,18186.32,REJECTED,True
1829,1072,2449,2024-06-17 16:11:14.000000,THEFT,13901.14,REJECTED,False
1830,1399,331,2025-06-15 00:41:12.000000,FLOOD,9490.86,APPROVED,False
1831,3881,3983,2024-08-22 06:12:21.000000,THEFT,517.58,OPEN,False
1832,4300,191,2026-03-22 17:05:09.000000,THEFT,17374.12,IN_REVIEW,False
1833,1481,1769,2024-09-15 11:16:46.000000,VANDALISM,2551.32,REJECTED,False
1834,1790,1326,2026-01-20 16:02:48.000000,THEFT,13898.74,OPEN,False
1835,2475,2970,2026-01-11 09:24:49.000000,GLASS_DAMAGE,15454.84,CLOSED,False
1836,1747,38,2026-04-10 06:44:49.000000,COLLISION,9909.01,REJECTED,False
1837,1757,56,2025-10-30 02:17:10.000000,FIRE,11590.27,IN_REVIEW,False
1838,3830,881,2025-06-02 00:39:57.000000,THEFT,18508.53,APPROVED,True
1839,3858,2405,2024-12-23 09:40:52.000000,VANDALISM,16790.23,APPROVED,False
1840,2340,3959,2025-03-07 02:20:52.000000,COLLISION,5705.04,IN_REVIEW,False
1841,201,2120,2025-08-05 11:36:38.000000,VANDALISM,22890.09,IN_REVIEW,True
1842,3063,1977,2025-01-15 18:12:32.000000,VANDALISM,22098.05,OPEN,True
1843,369,2249,2026-03-18 05:15:33.000000,THEFT,956.52,CLOSED,False
1844,1225,481,2025-04-21 14:22:32.000000,FLOOD,12908.19,OPEN,False
1845,2444,1984,2025-02-13 20:45:18.000000,VANDALISM,13342.37,APPROVED,False
1846,3847,2526,2024-12-23 14:15:23.000000,VANDALISM,200.83,OPEN,False
1847,3328,2702,2025-12-15 06:49:41.000000,GLASS_DAMAGE,5852.46,CLOSED,False
1848,1734,2852,2025-12-03 03:23:06.000000,GLASS_DAMAGE,3572.05,CLOSED,False
1849,884,4128,2025-01-29 18:51:54.000000,FLOOD,14512.11,IN_REVIEW,False
1850,4769,39,2026-04-07 10:50:33.000000,COLLISION,21920.73,OPEN,True
1851,4617,703,2025-03-08 13:32:54.000000,THEFT,15239.79,OPEN,False
1852,3445,2,2025-05-21 07:01:26.000000,THEFT,939.61,OPEN,False
1853,2713,1504,2026-04-02 14:00:02.000000,VANDALISM,11683.77,OPEN,False
1854,3629,3824,2024-12-21 02:34:29.000000,THEFT,15583.7,REJECTED,False
1855,90,2387,2026-03-05 22:45:55.000000,FIRE,16564.74,CLOSED,False
1856,4618,2440,2025-01-06 21:36:37.000000,FIRE,19211.97,APPROVED,True
1857,1616,3072,2025-03-12 17:35:52.000000,THEFT,15053.04,APPROVED,False
1858,320,4151,2024-08-04 18:47:30.000000,COLLISION,19065.64,CLOSED,True
1859,2936,34,2025-04-22 10:19:40.000000,VANDALISM,7019.68,REJECTED,False
1860,3097,1462,2025-02-13 21:22:49.000000,FIRE,17502.04,REJECTED,False
1861,4538,2497,2025-05-04 15:45:14.000000,VANDALISM,7221.37,APPROVED,False
1862,3466,1673,2024-10-26 05:40:35.000000,FIRE,23128.05,IN_REVIEW,True
1863,382,1949,2026-05-10 19:11:54.000000,GLASS_DAMAGE,6311.8,OPEN,False
1864,2465,3136,2025-10-19 15:58:39.000000,FIRE,458.86,CLOSED,False
1865,3957,2701,2025-08-14 01:51:16.000000,GLASS_DAMAGE,3799.79,IN_REVIEW,False
1866,2990,1318,2026-03-12 10:11:23.000000,FLOOD,1578.57,CLOSED,False
1867,1909,114,2024-10-16 00:13:30.000000,FIRE,4843.68,IN_REVIEW,False
1868,2661,2287,2026-05-08 08:37:13.000000,FLOOD,18007.13,REJECTED,True
1869,2281,950,2025-08-18 12:03:13.000000,THEFT,24538.95,REJECTED,True
1870,1058,2001,2025-03-14 11:20:37.000000,FLOOD,3712.3,OPEN,False
1871,2033,937,2024-08-10 14:26:33.000000,FLOOD,17334.87,REJECTED,False
1872,435,1820,2025-10-28 01:51:14.000000,COLLISION,16586.53,IN_REVIEW,False
1873,3221,3255,2024-08-10 13:58:02.000000,GLASS_DAMAGE,13662.74,APPROVED,False
1874,2095,2999,2025-06-24 06:05:25.000000,FIRE,1536.49,OPEN,False
1875,2788,3517,2025-02-27 05:49:13.000000,GLASS_DAMAGE,22812.4,IN_REVIEW,True
1876,16,2128,2026-05-05 08:25:52.000000,GLASS_DAMAGE,22114.89,OPEN,True
1877,1124,1012,2024-10-17 10:10:48.000000,GLASS_DAMAGE,7040.25,CLOSED,False
1878,3153,2718,2025-06-01 07:40:15.000000,FLOOD,12113.62,IN_REVIEW,False
1879,3675,409,2024-10-22 17:00:14.000000,GLASS_DAMAGE,16551.85,REJECTED,False
1880,2936,546,2025-06-22 09:09:22.000000,THEFT,7364.54,REJECTED,False
1881,3086,2764,2025-03-31 06:52:53.000000,FLOOD,5655.87,APPROVED,False
1882,188,3832,2024-12-13 04:34:43.000000,FIRE,5738.98,APPROVED,False
1883,2651,232,2025-12-21 21:04:23.000000,THEFT,365.89,OPEN,False
1884,4141,3711,2025-12-22 13:22:40.000000,THEFT,13062.2,OPEN,False
1885,4198,48,2025-04-10 00:09:57.000000,FIRE,9995.18,REJECTED,False
1886,3720,4025,2025-06-22 22:26:05.000000,VANDALISM,6202.13,CLOSED,False
1887,665,1728,2024-11-01 11:41:34.000000,FLOOD,18445.87,REJECTED,True
1888,4208,577,2026-05-09 11:00:11.000000,FIRE,19359.04,OPEN,True
1889,359,3939,2024-05-18 20:47:35.000000,COLLISION,24170.94,IN_REVIEW,True
1890,4459,361,2024-05-21 07:45:31.000000,FLOOD,11726.65,OPEN,False
1891,3222,1028,2025-02-22 16:36:18.000000,GLASS_DAMAGE,21469.43,CLOSED,True
1892,4667,1163,2025-07-26 17:34:42.000000,FIRE,16392.71,OPEN,False
1893,2177,3814,2024-09-29 07:47:49.000000,GLASS_DAMAGE,4919.62,OPEN,False
1894,2563,2068,2026-03-24 22:59:48.000000,VANDALISM,19408.14,IN_REVIEW,True
1895,3659,2208,2025-09-08 09:04:57.000000,VANDALISM,7927.66,CLOSED,False
1896,344,3641,2025-05-12 18:36:06.000000,VANDALISM,21940.27,OPEN,True
1897,3114,2196,2024-08-18 15:34:14.000000,COLLISION,18240.35,IN_REVIEW,True
1898,4589,3903,2025-04-06 22:21:16.000000,GLASS_DAMAGE,19734.42,OPEN,True
1899,4701,4097,2026-04-10 23:38:39.000000,VANDALISM,20390.63,OPEN,True
1900,4414,2246,2024-07-03 20:40:32.000000,THEFT,18462.33,OPEN,True
1901,942,1588,2025-06-14 06:15:53.000000,FIRE,14635.17,CLOSED,False
1902,1157,2061,2025-03-20 15:16:57.000000,FIRE,24752.91,OPEN,True
1903,148,4091,2025-09-02 00:06:34.000000,COLLISION,1265.99,APPROVED,False
1904,197,2105,2026-03-02 10:39:27.000000,FIRE,617.61,APPROVED,False
1905,3775,4054,2026-03-05 16:12:33.000000,FLOOD,10281.02,IN_REVIEW,False
1906,3513,1480,2024-10-30 12:25:35.000000,FIRE,18254.43,IN_REVIEW,True
1907,3783,1918,2024-11-03 16:23:57.000000,VANDALISM,21893.02,IN_REVIEW,True
1908,1374,1045,2025-11-16 16:47:45.000000,COLLISION,442.13,IN_REVIEW,False
1909,3309,3983,2025-08-23 23:07:43.000000,FIRE,16985.3,APPROVED,False
1910,3633,1822,2024-06-03 16:29:49.000000,FIRE,9329.18,REJECTED,False
1911,3865,3550,2025-05-18 15:29:02.000000,VANDALISM,5173.53,OPEN,False
1912,3731,2531,2025-02-03 09:15:26.000000,FIRE,20558.34,OPEN,True
1913,553,975,2025-10-14 13:39:25.000000,GLASS_DAMAGE,1884.12,APPROVED,False
1914,72,3581,2026-03-23 01:06:28.000000,FLOOD,18317.23,CLOSED,True
1915,3412,1151,2025-08-29 18:18:33.000000,FLOOD,14943.97,REJECTED,False
1916,760,1940,2025-09-21 05:29:32.000000,FIRE,23216.01,APPROVED,True
1917,330,4043,2025-07-06 01:25:11.000000,COLLISION,9273.68,REJECTED,False
1918,570,895,2025-11-30 05:06:14.000000,FIRE,22771.07,OPEN,True
1919,3262,1009,2024-09-17 12:49:41.000000,GLASS_DAMAGE,3178.6,OPEN,False
1920,4692,751,2026-01-10 09:24:01.000000,COLLISION,4232.88,OPEN,False
1921,4511,884,2024-11-01 16:36:57.000000,VANDALISM,11147.61,OPEN,False
1922,1174,3892,2025-01-03 06:05:28.000000,FLOOD,9080.19,OPEN,False
1923,1660,1702,2025-06-25 12:28:09.000000,FIRE,7175.84,APPROVED,False
1924,3126,3655,2024-05-28 08:19:56.000000,GLASS_DAMAGE,23484.55,OPEN,True
1925,3723,2810,2025-10-03 21:33:01.000000,FLOOD,16269.53,REJECTED,False
1926,1307,970,2025-01-23 08:30:58.000000,THEFT,913.46,IN_REVIEW,False
1927,2843,439,2025-03-19 20:40:04.000000,COLLISION,15204.97,IN_REVIEW,False
1928,2811,334,2026-04-16 22:55:39.000000,THEFT,5758.86,CLOSED,False
1929,3106,888,2025-05-21 08:46:12.000000,THEFT,7819.69,OPEN,False
1930,1919,1587,2024-09-03 05:57:23.000000,THEFT,19633.48,IN_REVIEW,True
1931,2129,2878,2025-05-11 13:25:39.000000,GLASS_DAMAGE,9793.88,CLOSED,False
1932,1125,573,2025-03-03 23:22:30.000000,GLASS_DAMAGE,19126.67,IN_REVIEW,True
1933,2642,3750,2025-05-26 00:20:57.000000,THEFT,8313.63,CLOSED,False
1934,1379,829,2025-10-26 12:35:27.000000,GLASS_DAMAGE,13071.2,IN_REVIEW,False
1935,1441,886,2024-10-17 07:00:22.000000,GLASS_DAMAGE,10558.04,REJECTED,False
1936,258,281,2025-10-18 05:33:02.000000,FIRE,9046.8,CLOSED,False
1937,4408,2114,2025-04-21 13:28:41.000000,GLASS_DAMAGE,20209.19,IN_REVIEW,True
1938,2911,3523,2024-11-08 03:17:38.000000,FIRE,9984.31,REJECTED,False
1939,125,3569,2026-02-11 20:19:55.000000,GLASS_DAMAGE,10832.16,OPEN,False
1940,1649,1661,2025-07-25 07:12:49.000000,VANDALISM,2628.59,REJECTED,False
1941,1084,1293,2025-03-21 13:37:45.000000,COLLISION,4090.93,IN_REVIEW,False
1942,578,2704,2024-09-11 10:25:21.000000,THEFT,15420.65,REJECTED,False
1943,929,3136,2025-10-25 08:39:16.000000,VANDALISM,8832.86,APPROVED,False
1944,2253,1679,2025-07-07 00:32:56.000000,THEFT,21703.36,IN_REVIEW,True
1945,4120,354,2025-01-02 08:07:17.000000,COLLISION,11886.46,IN_REVIEW,False
1946,4717,1502,2024-12-21 10:08:59.000000,FLOOD,7805.93,REJECTED,False
1947,2597,1031,2025-02-07 07:27:40.000000,VANDALISM,19341.82,OPEN,True
1948,4209,1877,2024-12-05 17:46:34.000000,GLASS_DAMAGE,3212.48,CLOSED,False
1949,1000,775,2024-11-14 14:05:55.000000,COLLISION,18565.66,CLOSED,True
1950,3645,994,2024-05-19 20:11:43.000000,FLOOD,8063.9,IN_REVIEW,False
1951,3393,2112,2024-11-02 19:18:11.000000,THEFT,16392.36,OPEN,False
1952,677,3876,2026-02-05 09:10:09.000000,FLOOD,19217.37,APPROVED,True
1953,956,1527,2025-01-24 13:34:42.000000,VANDALISM,6720.66,APPROVED,False
1954,2282,1685,2025-02-04 01:38:49.000000,GLASS_DAMAGE,2229.3,APPROVED,False
1955,1188,2983,2025-03-19 03:49:00.000000,FIRE,12081.92,APPROVED,False
1956,2907,95,2025-09-17 10:36:30.000000,FIRE,10341.94,CLOSED,False
1957,697,3368,2026-02-09 10:03:49.000000,FLOOD,12268.39,REJECTED,False
1958,624,1444,2024-05-26 07:16:14.000000,VANDALISM,4790.09,REJECTED,False
1959,480,774,2024-12-30 14:18:35.000000,THEFT,3898.96,IN_REVIEW,False
1960,3123,2549,2025-12-17 03:27:44.000000,COLLISION,16109.38,REJECTED,False
1961,3980,3965,2026-04-09 05:16:15.000000,VANDALISM,9517.04,APPROVED,False
1962,797,1872,2025-01-10 04:22:49.000000,FIRE,2964.28,APPROVED,False
1963,1135,1820,2024-06-10 21:58:28.000000,FIRE,17243.1,APPROVED,False
1964,4559,1549,2026-04-17 19:09:05.000000,THEFT,19272.34,APPROVED,True
1965,2704,3190,2025-03-21 14:35:25.000000,VANDALISM,2518.38,APPROVED,False
1966,1878,3384,2025-10-29 01:31:47.000000,GLASS_DAMAGE,23793.58,OPEN,True
1967,3776,3241,2025-02-05 13:30:17.000000,COLLISION,6442.18,OPEN,False
1968,3895,932,2026-02-03 09:22:49.000000,FIRE,16759.48,REJECTED,False
1969,419,3327,2025-11-03 05:45:54.000000,FIRE,15979.2,APPROVED,False
1970,998,2254,2025-11-13 02:00:56.000000,GLASS_DAMAGE,17954.74,OPEN,False
1971,2978,3042,2025-08-25 04:26:37.000000,FIRE,16305.77,CLOSED,False
1972,3018,2131,2025-09-06 13:51:55.000000,FIRE,7156.62,CLOSED,False
1973,2809,995,2025-02-06 11:05:31.000000,FLOOD,12815.66,REJECTED,False
1974,3858,1317,2024-09-18 21:09:59.000000,THEFT,24028.56,REJECTED,True
1975,3122,477,2024-12-09 12:16:06.000000,COLLISION,21469.82,CLOSED,True
1976,4377,3820,2026-04-29 06:45:01.000000,FLOOD,17641.24,OPEN,False
1977,3163,27,2024-12-22 17:06:41.000000,GLASS_DAMAGE,11692.14,IN_REVIEW,False
1978,3522,2729,2025-05-24 17:16:20.000000,FLOOD,10977.25,CLOSED,False
1979,376,491,2024-09-16 09:04:52.000000,FLOOD,613.92,IN_REVIEW,False
1980,3900,1620,2024-11-27 22:55:49.000000,FIRE,3269.48,CLOSED,False
1981,693,3681,2024-06-23 02:38:40.000000,FLOOD,8736.5,OPEN,False
1982,2501,824,2024-10-04 11:53:16.000000,GLASS_DAMAGE,21260.03,OPEN,True
1983,3091,621,2026-01-16 18:39:21.000000,FLOOD,19523.01,APPROVED,True
1984,930,1334,2026-05-02 10:33:31.000000,GLASS_DAMAGE,8934.66,IN_REVIEW,False
1985,1292,1931,2025-04-11 06:16:02.000000,GLASS_DAMAGE,10627.46,CLOSED,False
1986,2001,3426,2026-02-18 05:37:23.000000,GLASS_DAMAGE,2050.86,IN_REVIEW,False
1987,518,3295,2024-11-03 14:00:20.000000,THEFT,11492.94,REJECTED,False
1988,2897,696,2024-12-30 09:49:53.000000,VANDALISM,9555.03,CLOSED,False
1989,3064,3703,2025-09-14 13:41:28.000000,VANDALISM,17545.61,CLOSED,False
1990,669,2246,2025-02-22 07:43:11.000000,FLOOD,20993.15,OPEN,True
1991,186,3997,2024-07-26 00:36:32.000000,THEFT,1515.75,CLOSED,False
1992,950,1196,2025-07-07 07:48:03.000000,GLASS_DAMAGE,16044.89,OPEN,False
1993,1187,150,2025-10-05 09:13:23.000000,COLLISION,9467.35,REJECTED,False
1994,1714,2883,2025-08-06 14:11:24.000000,COLLISION,18307.66,OPEN,True
1995,4321,602,2025-04-20 03:00:10.000000,GLASS_DAMAGE,5673.48,OPEN,False
1996,2771,3324,2025-12-07 01:45:39.000000,COLLISION,20354.25,CLOSED,True
1997,1578,1187,2025-07-02 01:04:28.000000,GLASS_DAMAGE,24206.27,OPEN,True
1998,1902,2842,2025-02-07 02:32:19.000000,COLLISION,17346.01,IN_REVIEW,False
1999,185,1667,2026-04-09 03:08:49.000000,VANDALISM,20124.56,CLOSED,True
2000,3582,1105,2024-12-10 17:43:09.000000,FLOOD,22893.5,IN_REVIEW,True
2001,3048,2026,2025-11-06 09:24:15.000000,COLLISION,319.75,OPEN,False
2002,3745,2433,2025-10-31 23:17:58.000000,FIRE,12656.9,APPROVED,False
2003,3818,3416,2025-03-16 22:19:43.000000,VANDALISM,19075.23,IN_REVIEW,True
2004,1021,510,2024-06-02 18:36:07.000000,FLOOD,24583.21,IN_REVIEW,True
2005,4168,2949,2024-05-26 20:00:49.000000,FIRE,5864.77,OPEN,False
2006,383,2463,2025-01-24 09:03:26.000000,FLOOD,8604.34,IN_REVIEW,False
2007,2832,1758,2024-07-07 03:13:53.000000,COLLISION,23460.94,IN_REVIEW,True
2008,1078,705,2024-10-11 17:41:51.000000,THEFT,5876.02,APPROVED,False
2009,1328,2541,2026-04-09 02:55:14.000000,FIRE,17095.41,OPEN,False
2010,2956,2389,2025-03-27 11:40:22.000000,THEFT,13186.36,CLOSED,False
2011,1733,3528,2024-12-17 00:16:48.000000,COLLISION,19789.98,OPEN,True
2012,10,2853,2025-12-17 17:59:20.000000,THEFT,3565.81,IN_REVIEW,False
2013,126,1641,2024-09-09 04:02:02.000000,FIRE,12301.52,REJECTED,False
2014,1492,1569,2025-01-10 06:01:49.000000,COLLISION,4747.87,OPEN,False
2015,1748,864,2025-10-18 14:05:52.000000,VANDALISM,4683.65,REJECTED,False
2016,2297,361,2024-06-23 03:07:02.000000,COLLISION,9836.39,REJECTED,False
2017,1070,151,2024-06-01 13:42:51.000000,FLOOD,23137.88,CLOSED,True
2018,4166,2601,2025-01-17 08:47:35.000000,GLASS_DAMAGE,7680.39,CLOSED,False
2019,909,413,2024-08-31 08:09:43.000000,FIRE,11564.71,REJECTED,False
2020,137,2677,2026-01-29 14:30:14.000000,FIRE,15403.56,CLOSED,False
2021,4154,2813,2026-01-04 11:01:01.000000,FIRE,1262.11,APPROVED,False
2022,118,3124,2025-11-09 00:30:55.000000,FLOOD,4687.26,OPEN,False
2023,4767,3721,2025-06-16 01:39:33.000000,VANDALISM,11255.79,CLOSED,False
2024,546,2638,2025-01-30 21:15:36.000000,GLASS_DAMAGE,12070.71,OPEN,False
2025,1256,391,2024-07-04 05:53:45.000000,COLLISION,7449.66,REJECTED,False
2026,4289,819,2024-11-11 17:34:47.000000,THEFT,3747.92,CLOSED,False
2027,3283,2761,2025-10-04 09:22:15.000000,COLLISION,10386.69,APPROVED,False
2028,4739,327,2026-04-17 19:11:21.000000,COLLISION,18528.79,APPROVED,True
2029,2349,2808,2026-04-21 17:11:14.000000,VANDALISM,5189.94,IN_REVIEW,False
2030,2721,2548,2024-12-02 01:02:01.000000,FIRE,15376.23,REJECTED,False
2031,508,1862,2025-12-17 05:00:34.000000,THEFT,2866.28,OPEN,False
2032,1381,616,2025-08-14 21:57:47.000000,FIRE,24289.8,APPROVED,True
2033,1289,433,2026-04-07 21:27:02.000000,THEFT,9693.72,CLOSED,False
2034,779,3767,2025-09-15 06:19:36.000000,VANDALISM,17159.75,OPEN,False
2035,2079,4136,2024-08-23 04:30:59.000000,GLASS_DAMAGE,7684.53,OPEN,False
2036,3821,1235,2025-09-20 22:52:49.000000,VANDALISM,9215.09,OPEN,False
2037,1908,3194,2025-02-02 20:13:42.000000,GLASS_DAMAGE,19015.69,CLOSED,True
2038,4285,3312,2024-09-05 15:07:59.000000,GLASS_DAMAGE,1776.67,IN_REVIEW,False
2039,3572,3743,2024-09-26 12:02:28.000000,THEFT,792.97,CLOSED,False
2040,3697,1167,2024-12-29 10:12:28.000000,GLASS_DAMAGE,24565.59,IN_REVIEW,True
2041,3304,743,2024-07-25 00:08:24.000000,VANDALISM,11413.5,REJECTED,False
2042,4103,1331,2024-06-15 11:22:50.000000,COLLISION,23705.26,REJECTED,True
2043,4194,1508,2024-08-05 08:10:08.000000,GLASS_DAMAGE,23958.38,OPEN,True
2044,1236,3489,2025-08-30 15:43:33.000000,FIRE,24687.55,OPEN,True
2045,66,460,2025-01-05 05:26:56.000000,THEFT,14714.36,CLOSED,False
2046,251,1030,2024-07-15 19:10:36.000000,FLOOD,1387.59,IN_REVIEW,False
2047,3164,2595,2025-01-22 08:08:44.000000,VANDALISM,19843.32,APPROVED,True
2048,1766,1687,2025-03-17 17:04:38.000000,GLASS_DAMAGE,15086.12,CLOSED,False
2049,715,4112,2025-11-20 09:09:50.000000,VANDALISM,18301.13,IN_REVIEW,True
2050,2131,1676,2025-07-29 09:48:27.000000,FLOOD,9359.33,APPROVED,False
2051,4754,928,2026-03-22 19:19:31.000000,FIRE,10728.09,CLOSED,False
2052,3211,2314,2025-06-03 20:16:14.000000,VANDALISM,12060.83,OPEN,False
2053,4055,2040,2025-11-01 07:49:42.000000,THEFT,2218.64,OPEN,False
2054,2964,639,2026-04-08 16:32:33.000000,VANDALISM,17782.11,REJECTED,False
2055,107,320,2024-10-24 09:28:04.000000,THEFT,8562.77,REJECTED,False
2056,2371,3489,2025-03-10 18:09:37.000000,VANDALISM,10477.44,IN_REVIEW,False
2057,992,1317,2024-06-23 21:02:04.000000,FIRE,18788.81,CLOSED,True
2058,1597,2641,2025-09-07 01:42:37.000000,THEFT,4512.16,CLOSED,False
2059,1706,3681,2024-07-09 15:57:27.000000,THEFT,19517.47,IN_REVIEW,True
2060,3181,3421,2025-10-23 12:02:13.000000,VANDALISM,13480.56,OPEN,False
2061,3685,510,2026-03-04 11:07:57.000000,THEFT,9259.98,CLOSED,False
2062,2524,778,2025-12-11 01:06:32.000000,GLASS_DAMAGE,19006.21,OPEN,True
2063,2343,3670,2025-09-26 12:01:35.000000,VANDALISM,21283.41,CLOSED,True
2064,409,2274,2025-09-26 05:20:18.000000,THEFT,4406.98,OPEN,False
2065,2692,2991,2025-06-03 07:07:47.000000,VANDALISM,24279.96,CLOSED,True
2066,4659,2862,2026-01-29 17:03:41.000000,VANDALISM,2833.48,REJECTED,False
2067,93,1722,2024-06-28 08:47:37.000000,THEFT,8425.64,OPEN,False
2068,4039,971,2025-04-14 09:57:43.000000,GLASS_DAMAGE,16127.15,REJECTED,False
2069,4086,523,2024-07-19 20:25:38.000000,FLOOD,24999.19,IN_REVIEW,True
2070,236,2947,2026-03-12 02:07:24.000000,COLLISION,24236.51,REJECTED,True
2071,4653,1074,2025-12-26 18:02:13.000000,COLLISION,12959.71,CLOSED,False
2072,137,651,2026-02-01 19:22:46.000000,COLLISION,2657.65,REJECTED,False
2073,3034,1033,2026-03-29 06:32:46.000000,FLOOD,5097.88,APPROVED,False
2074,4473,470,2025-09-28 13:14:19.000000,COLLISION,22451.33,APPROVED,True
2075,2225,2939,2024-08-03 08:30:06.000000,THEFT,6118.33,REJECTED,False
2076,4703,1041,2024-12-28 11:40:18.000000,THEFT,18314.98,CLOSED,True
2077,4379,1732,2025-11-02 22:38:34.000000,FIRE,18835.42,IN_REVIEW,True
2078,3445,2905,2025-08-04 20:54:25.000000,FLOOD,7630.38,IN_REVIEW,False
2079,1159,673,2025-02-02 12:15:48.000000,THEFT,13228.37,OPEN,False
2080,4257,2936,2024-11-29 22:53:24.000000,VANDALISM,22371.85,CLOSED,True
2081,500,1577,2025-01-12 00:49:50.000000,COLLISION,21758.39,IN_REVIEW,True
2082,202,1875,2024-12-22 04:57:27.000000,COLLISION,5010.91,OPEN,False
2083,1104,1630,2025-03-31 19:42:52.000000,FIRE,8964.18,APPROVED,False
2084,1951,3001,2025-05-03 13:53:01.000000,THEFT,8659.08,CLOSED,False
2085,215,831,2025-03-12 23:13:38.000000,COLLISION,21678.37,OPEN,True
2086,2112,1308,2025-08-12 09:29:58.000000,FLOOD,595.11,OPEN,False
2087,275,1708,2025-05-16 11:32:15.000000,VANDALISM,6074.76,IN_REVIEW,False
2088,2083,609,2025-09-09 04:19:34.000000,GLASS_DAMAGE,1038.49,REJECTED,False
2089,999,2397,2025-12-05 03:54:02.000000,VANDALISM,24503.73,IN_REVIEW,True
2090,19,857,2025-05-20 02:28:45.000000,FLOOD,7163.66,REJECTED,False
2091,2808,2123,2025-11-01 05:54:51.000000,THEFT,2921.43,OPEN,False
2092,3237,824,2025-12-27 22:28:58.000000,GLASS_DAMAGE,2134.18,REJECTED,False
2093,302,2307,2025-10-08 17:38:08.000000,GLASS_DAMAGE,2727.17,APPROVED,False
2094,4618,2757,2025-04-03 19:43:01.000000,THEFT,13946.38,REJECTED,False
2095,4141,168,2025-08-17 21:09:32.000000,GLASS_DAMAGE,12334.38,IN_REVIEW,False
2096,1097,2042,2024-10-24 15:04:01.000000,FLOOD,20082.88,REJECTED,True
2097,2547,2598,2025-02-16 09:29:32.000000,VANDALISM,18933.29,REJECTED,True
2098,1017,1470,2024-06-16 05:30:04.000000,FIRE,15475.71,IN_REVIEW,False
2099,1793,3928,2024-08-20 22:10:32.000000,GLASS_DAMAGE,14690.16,CLOSED,False
2100,2459,3176,2025-01-05 10:23:05.000000,THEFT,13397.71,APPROVED,False
2101,4059,3601,2024-10-14 11:41:38.000000,THEFT,19417.61,APPROVED,True
2102,2712,2099,2025-08-27 08:26:10.000000,FLOOD,8477.03,IN_REVIEW,False
2103,1342,2152,2025-04-25 08:36:39.000000,VANDALISM,19242.19,IN_REVIEW,True
2104,2771,410,2024-06-23 00:10:11.000000,THEFT,6694.29,IN_REVIEW,False
2105,311,2857,2026-03-06 21:26:06.000000,FLOOD,22665.52,REJECTED,True
2106,1381,1705,2025-06-23 18:23:32.000000,FLOOD,21341.55,OPEN,True
2107,1728,1213,2025-07-18 10:47:43.000000,COLLISION,9450.74,IN_REVIEW,False
2108,3143,3734,2025-07-01 05:38:27.000000,COLLISION,4064.15,IN_REVIEW,False
2109,2316,3139,2024-09-24 17:28:23.000000,THEFT,6271.12,IN_REVIEW,False
2110,2993,2853,2025-10-01 04:08:50.000000,VANDALISM,21020.1,APPROVED,True
2111,2439,1708,2025-09-21 23:16:49.000000,VANDALISM,14485.99,IN_REVIEW,False
2112,3031,1580,2025-02-05 06:13:09.000000,VANDALISM,6680.38,IN_REVIEW,False
2113,422,3293,2025-11-24 19:45:46.000000,GLASS_DAMAGE,11904.9,IN_REVIEW,False
2114,4633,1663,2024-10-05 23:56:19.000000,FIRE,1036.48,REJECTED,False
2115,4268,4040,2024-11-13 02:35:58.000000,FLOOD,19998.72,OPEN,True
2116,3032,3446,2024-10-01 05:57:34.000000,COLLISION,18149.01,CLOSED,True
2117,3150,2784,2024-06-13 07:46:55.000000,THEFT,10433.91,CLOSED,False
2118,853,1414,2026-04-04 09:01:04.000000,FIRE,17778.58,CLOSED,False
2119,1925,3439,2025-02-16 08:35:03.000000,FIRE,3250.67,APPROVED,False
2120,2924,375,2024-07-15 21:30:59.000000,FLOOD,5554.97,REJECTED,False
2121,859,2906,2025-05-16 04:49:51.000000,THEFT,18967.64,IN_REVIEW,True
2122,269,2712,2024-07-09 23:34:00.000000,GLASS_DAMAGE,19491.71,OPEN,True
2123,2249,3879,2024-09-19 21:17:07.000000,GLASS_DAMAGE,1457.79,OPEN,False
2124,1369,3239,2026-05-10 08:06:05.000000,FLOOD,1778.28,IN_REVIEW,False
2125,445,1997,2026-02-09 18:20:22.000000,VANDALISM,2074.82,IN_REVIEW,False
2126,4145,4190,2024-09-27 14:55:59.000000,FLOOD,5893.89,CLOSED,False
2127,2207,2020,2024-11-02 13:00:25.000000,VANDALISM,2071.35,OPEN,False
2128,839,3752,2025-10-26 18:07:24.000000,FIRE,17549.15,OPEN,False
2129,2978,51,2024-08-15 02:16:41.000000,FIRE,21317.87,IN_REVIEW,True
2130,837,2660,2024-08-28 18:21:30.000000,FLOOD,4227.96,IN_REVIEW,False
2131,3554,377,2025-05-08 05:30:30.000000,VANDALISM,23573.03,APPROVED,True
2132,355,1205,2024-12-14 01:43:39.000000,FIRE,21163.79,APPROVED,True
2133,885,1693,2025-08-08 12:39:44.000000,FLOOD,19517.19,CLOSED,True
2134,934,1918,2025-06-14 06:44:50.000000,GLASS_DAMAGE,14378.44,REJECTED,False
2135,559,2893,2025-10-24 17:03:21.000000,GLASS_DAMAGE,17482.29,IN_REVIEW,False
2136,1791,381,2024-06-04 14:45:45.000000,FLOOD,4754.56,OPEN,False
2137,417,3419,2026-03-28 16:35:36.000000,COLLISION,1862.0,APPROVED,False
2138,3173,1400,2025-01-05 03:57:59.000000,VANDALISM,7598.03,IN_REVIEW,False
2139,1836,1330,2025-12-12 10:02:56.000000,THEFT,4230.11,OPEN,False
2140,1012,972,2024-06-02 16:48:41.000000,VANDALISM,23791.52,OPEN,True
2141,1451,1345,2025-07-25 08:48:54.000000,THEFT,14103.6,CLOSED,False
2142,542,591,2024-08-13 05:52:58.000000,VANDALISM,20836.11,REJECTED,True
2143,2167,1267,2024-10-13 05:44:24.000000,GLASS_DAMAGE,517.83,IN_REVIEW,False
2144,2491,2245,2025-04-09 17:37:47.000000,THEFT,4944.15,OPEN,False
2145,338,3433,2025-12-20 03:40:10.000000,VANDALISM,8271.89,CLOSED,False
2146,2465,1176,2025-09-16 03:42:30.000000,COLLISION,17653.58,CLOSED,False
2147,1575,68,2025-10-08 12:15:25.000000,FIRE,11760.54,REJECTED,False
2148,1632,844,2025-11-09 00:01:12.000000,THEFT,6242.29,REJECTED,False
2149,3165,3363,2024-12-17 21:36:51.000000,COLLISION,20130.22,APPROVED,True
2150,531,1627,2024-10-06 01:03:16.000000,FLOOD,12988.88,APPROVED,False
2151,113,3995,2025-06-16 17:04:52.000000,COLLISION,22392.61,OPEN,True
2152,1218,2702,2025-04-06 10:57:23.000000,THEFT,12235.62,IN_REVIEW,False
2153,876,4055,2026-01-13 19:37:18.000000,COLLISION,16381.55,OPEN,False
2154,3582,2903,2024-09-09 22:54:08.000000,GLASS_DAMAGE,8391.41,IN_REVIEW,False
2155,1514,2150,2025-03-17 04:08:37.000000,THEFT,12228.47,OPEN,False
2156,2263,3865,2024-07-01 07:06:59.000000,THEFT,7275.29,APPROVED,False
2157,321,2833,2025-08-30 04:14:42.000000,THEFT,14075.38,IN_REVIEW,False
2158,1623,2829,2024-12-13 20:00:38.000000,GLASS_DAMAGE,2714.9,OPEN,False
2159,1125,2781,2024-10-30 01:33:54.000000,THEFT,21185.09,OPEN,True
2160,429,3948,2026-03-05 03:09:16.000000,FLOOD,14681.09,APPROVED,False
2161,1741,2043,2025-03-18 08:37:36.000000,FLOOD,16266.32,APPROVED,False
2162,4305,57,2025-02-23 15:10:28.000000,FIRE,19248.13,OPEN,True
2163,3245,884,2025-11-22 15:51:18.000000,VANDALISM,21682.31,OPEN,True
2164,619,2568,2026-03-10 12:29:05.000000,THEFT,21950.7,REJECTED,True
2165,2261,38,2025-03-12 01:12:35.000000,FIRE,18065.62,CLOSED,True
2166,3567,3291,2025-11-13 02:02:33.000000,THEFT,14804.72,OPEN,False
2167,2377,3758,2026-02-10 20:29:52.000000,FIRE,6365.64,APPROVED,False
2168,1746,3082,2025-11-26 09:49:39.000000,FLOOD,9253.94,OPEN,False
2169,2351,3011,2025-02-26 14:38:15.000000,FLOOD,3479.32,IN_REVIEW,False
2170,1594,3988,2024-10-15 18:32:01.000000,FLOOD,17383.7,OPEN,False
2171,831,614,2026-02-07 06:37:58.000000,FIRE,292.4,REJECTED,False
2172,3924,3908,2025-11-27 03:08:52.000000,THEFT,7578.4,REJECTED,False
2173,2025,1519,2025-01-21 09:19:47.000000,GLASS_DAMAGE,11460.21,REJECTED,False
2174,3719,890,2025-05-24 13:59:00.000000,FIRE,24466.16,CLOSED,True
2175,1086,2366,2025-12-25 03:27:15.000000,VANDALISM,22465.76,APPROVED,True
2176,3603,1461,2026-03-13 12:01:36.000000,COLLISION,15697.42,OPEN,False
2177,3446,2894,2025-09-19 00:21:59.000000,FIRE,20511.05,CLOSED,True
2178,4558,1121,2025-06-09 17:20:45.000000,VANDALISM,1752.29,OPEN,False
2179,1191,4156,2025-10-27 03:32:31.000000,COLLISION,16391.72,IN_REVIEW,False
2180,2549,1326,2026-03-11 19:29:43.000000,GLASS_DAMAGE,8213.24,APPROVED,False
2181,217,3723,2026-01-26 12:28:08.000000,FIRE,24128.39,CLOSED,True
2182,1673,792,2024-11-10 09:39:17.000000,GLASS_DAMAGE,23745.15,APPROVED,True
2183,1402,3081,2025-10-11 00:55:41.000000,COLLISION,1925.11,CLOSED,False
2184,1960,99,2025-09-22 12:47:40.000000,FLOOD,18113.62,REJECTED,True
2185,124,3306,2025-07-27 23:54:55.000000,VANDALISM,13847.22,APPROVED,False
2186,1839,3980,2025-02-21 11:37:30.000000,FIRE,20463.56,OPEN,True
2187,3872,3051,2025-02-19 19:21:28.000000,GLASS_DAMAGE,23875.03,APPROVED,True
2188,1449,2013,2025-09-01 22:57:01.000000,FIRE,13520.06,CLOSED,False
2189,2081,198,2025-08-01 17:49:30.000000,THEFT,24259.62,IN_REVIEW,True
2190,4245,2848,2024-11-11 13:36:19.000000,GLASS_DAMAGE,12925.88,CLOSED,False
2191,2212,1825,2026-05-12 13:21:22.000000,VANDALISM,18801.26,IN_REVIEW,True
2192,1917,3892,2025-08-04 08:10:26.000000,COLLISION,15316.27,APPROVED,False
2193,4506,774,2026-04-22 07:49:22.000000,GLASS_DAMAGE,264.65,REJECTED,False
2194,1382,395,2024-11-17 01:06:43.000000,COLLISION,14178.29,OPEN,False
2195,4778,759,2026-03-28 05:51:50.000000,THEFT,24708.01,REJECTED,True
2196,2907,1716,2024-10-12 19:11:38.000000,GLASS_DAMAGE,8039.83,REJECTED,False
2197,994,2173,2025-11-06 15:34:31.000000,FLOOD,1913.45,CLOSED,False
2198,3833,3891,2025-08-11 09:06:47.000000,FIRE,21591.62,CLOSED,True
2199,159,2287,2024-12-15 00:34:45.000000,COLLISION,1327.74,APPROVED,False
2200,2076,763,2025-12-05 23:48:20.000000,VANDALISM,13769.21,OPEN,False
2201,2977,1366,2025-02-09 16:51:47.000000,GLASS_DAMAGE,9849.36,OPEN,False
2202,3962,259,2025-11-24 20:28:23.000000,FIRE,5311.28,OPEN,False
2203,2691,4097,2025-09-21 00:58:56.000000,GLASS_DAMAGE,467.22,IN_REVIEW,False
2204,1922,3755,2024-10-14 10:55:26.000000,FLOOD,17129.47,APPROVED,False
2205,1810,1196,2024-08-17 08:42:36.000000,COLLISION,12355.3,CLOSED,False
2206,3783,2529,2026-01-30 04:13:54.000000,FLOOD,18575.48,REJECTED,True
2207,1778,3494,2026-02-08 05:01:47.000000,THEFT,767.84,APPROVED,False
2208,1699,3059,2026-03-24 01:54:36.000000,FLOOD,20806.91,OPEN,True
2209,2140,2553,2024-11-22 19:15:23.000000,FLOOD,4220.82,OPEN,False
2210,2685,2091,2025-05-23 02:15:08.000000,FIRE,20923.61,APPROVED,True
2211,3513,3471,2025-07-18 17:05:19.000000,GLASS_DAMAGE,7531.63,CLOSED,False
2212,4439,2459,2024-05-23 12:38:45.000000,GLASS_DAMAGE,12788.18,OPEN,False
2213,3536,466,2024-11-17 01:48:31.000000,VANDALISM,11795.07,APPROVED,False
2214,366,2735,2025-12-24 20:47:55.000000,COLLISION,8706.43,CLOSED,False
2215,2118,417,2024-10-06 10:46:02.000000,FIRE,18059.51,OPEN,True
2216,4055,609,2025-07-17 15:56:13.000000,THEFT,24612.0,REJECTED,True
2217,1339,2495,2025-05-29 01:51:31.000000,COLLISION,21690.52,OPEN,True
2218,3560,96,2025-02-11 13:01:42.000000,COLLISION,3360.13,CLOSED,False
2219,4020,352,2025-10-15 17:18:48.000000,COLLISION,6779.44,OPEN,False
2220,2922,1572,2026-01-25 14:39:01.000000,THEFT,6510.05,IN_REVIEW,False
2221,1306,815,2026-04-23 05:51:55.000000,COLLISION,11443.61,REJECTED,False
2222,958,1865,2025-04-14 17:06:37.000000,GLASS_DAMAGE,10293.89,CLOSED,False
2223,265,2328,2025-03-07 05:58:26.000000,THEFT,18305.21,APPROVED,True
2224,828,1785,2024-10-09 23:15:59.000000,THEFT,4814.4,IN_REVIEW,False
2225,382,2882,2026-03-01 15:11:33.000000,COLLISION,3297.37,IN_REVIEW,False
2226,1155,497,2026-04-01 19:49:15.000000,VANDALISM,20494.94,OPEN,True
2227,586,1092,2024-12-23 20:40:47.000000,FIRE,6083.94,IN_REVIEW,False
2228,3383,3311,2025-02-06 11:19:44.000000,GLASS_DAMAGE,4130.27,OPEN,False
2229,1503,432,2024-11-27 10:26:03.000000,COLLISION,5950.48,OPEN,False
2230,1524,3156,2024-08-11 09:22:29.000000,FLOOD,15252.25,REJECTED,False
2231,2872,2901,2025-08-12 16:09:58.000000,VANDALISM,13144.3,OPEN,False
2232,366,2041,2024-09-23 20:21:08.000000,FLOOD,1738.19,REJECTED,False
2233,4331,3804,2025-11-09 19:25:59.000000,FLOOD,24583.52,OPEN,True
2234,3256,1029,2024-11-22 15:00:25.000000,FLOOD,449.27,IN_REVIEW,False
2235,1483,2465,2024-10-31 09:48:10.000000,VANDALISM,21799.12,APPROVED,True
2236,1639,1964,2025-07-02 05:42:11.000000,FLOOD,7979.72,OPEN,False
2237,390,2627,2025-10-27 08:55:02.000000,FLOOD,1913.47,REJECTED,False
2238,1058,1244,2026-04-30 14:18:54.000000,COLLISION,15588.44,IN_REVIEW,False
2239,2973,1911,2026-04-07 03:10:45.000000,COLLISION,17546.57,IN_REVIEW,False
2240,1118,4179,2026-02-16 07:05:41.000000,THEFT,14845.94,CLOSED,False
2241,52,3709,2024-07-13 15:34:01.000000,FIRE,18453.11,APPROVED,True
2242,2,2193,2025-12-07 00:19:12.000000,COLLISION,16910.04,APPROVED,False
2243,2652,122,2024-05-17 02:45:31.000000,GLASS_DAMAGE,4943.35,CLOSED,False
2244,191,2507,2025-01-07 19:17:14.000000,GLASS_DAMAGE,11808.67,OPEN,False
2245,4078,653,2025-03-12 15:02:52.000000,COLLISION,11687.29,CLOSED,False
2246,278,2078,2025-04-30 09:08:33.000000,COLLISION,13157.34,IN_REVIEW,False
2247,1166,2283,2024-06-13 17:17:57.000000,GLASS_DAMAGE,10018.36,IN_REVIEW,False
2248,1324,3430,2024-11-26 16:18:03.000000,THEFT,14416.4,IN_REVIEW,False
2249,3672,170,2024-06-13 20:01:02.000000,COLLISION,18470.57,OPEN,True
2250,310,3368,2026-03-20 12:03:46.000000,THEFT,19805.18,APPROVED,True
2251,3879,1135,2025-08-05 19:05:27.000000,VANDALISM,22004.26,REJECTED,True
2252,1253,4048,2026-03-21 14:15:10.000000,VANDALISM,10526.92,CLOSED,False
2253,4103,3210,2025-11-24 10:34:41.000000,FIRE,21308.82,APPROVED,True
2254,3585,2641,2025-10-06 05:09:42.000000,COLLISION,11647.44,IN_REVIEW,False
2255,1622,279,2024-06-22 14:06:36.000000,THEFT,3992.55,IN_REVIEW,False
2256,2246,19,2026-02-03 13:08:35.000000,THEFT,14512.61,APPROVED,False
2257,577,119,2025-03-05 20:43:26.000000,COLLISION,24047.21,APPROVED,True
2258,654,3634,2026-01-14 19:12:15.000000,FIRE,10937.47,REJECTED,False
2259,1048,2141,2024-08-22 18:04:09.000000,FIRE,948.84,CLOSED,False
2260,2952,2738,2024-10-28 00:02:27.000000,VANDALISM,5564.12,APPROVED,False
2261,2303,366,2025-08-10 07:27:13.000000,THEFT,16446.5,OPEN,False
2262,2625,1172,2025-01-08 21:44:10.000000,COLLISION,19139.2,CLOSED,True
2263,2787,679,2024-08-29 17:37:52.000000,GLASS_DAMAGE,24241.59,IN_REVIEW,True
2264,1849,4200,2025-05-07 02:56:17.000000,FIRE,20157.1,OPEN,True
2265,2812,2292,2025-04-01 07:33:37.000000,THEFT,11481.41,APPROVED,False
2266,2577,2189,2025-04-03 06:47:26.000000,THEFT,13787.02,REJECTED,False
2267,2779,2500,2025-04-29 21:07:59.000000,FLOOD,24913.87,IN_REVIEW,True
2268,4012,469,2024-08-07 17:43:06.000000,VANDALISM,17760.36,CLOSED,False
2269,1961,4186,2026-04-12 16:46:28.000000,COLLISION,19257.56,IN_REVIEW,True
2270,2160,2786,2025-09-15 21:54:43.000000,FIRE,14505.95,CLOSED,False
2271,631,343,2024-07-14 09:11:13.000000,FLOOD,8029.81,REJECTED,False
2272,3080,3414,2025-12-17 12:59:16.000000,THEFT,24356.93,IN_REVIEW,True
2273,3349,1582,2025-04-22 18:42:10.000000,FLOOD,19567.73,REJECTED,True
2274,2180,2422,2024-12-29 03:50:59.000000,THEFT,7104.46,OPEN,False
2275,1317,2223,2024-06-11 13:19:45.000000,COLLISION,2141.3,REJECTED,False
2276,1166,984,2025-09-15 01:46:43.000000,VANDALISM,17907.6,APPROVED,False
2277,308,450,2025-05-01 14:25:30.000000,FIRE,16216.9,CLOSED,False
2278,2670,2611,2025-08-01 12:54:53.000000,THEFT,21813.38,OPEN,True
2279,4371,2067,2025-02-23 08:46:43.000000,FLOOD,15105.75,CLOSED,False
2280,3823,421,2024-05-25 21:04:26.000000,FLOOD,3749.91,IN_REVIEW,False
2281,663,1657,2026-05-03 06:08:43.000000,GLASS_DAMAGE,10558.03,CLOSED,False
2282,3669,2053,2025-01-18 23:07:28.000000,FIRE,12155.1,REJECTED,False
2283,2826,1575,2025-12-29 17:18:17.000000,FIRE,377.75,OPEN,False
2284,4592,4013,2024-12-28 14:15:32.000000,FLOOD,24651.99,CLOSED,True
2285,3580,979,2024-07-18 10:06:54.000000,VANDALISM,24658.18,REJECTED,True
2286,975,3532,2024-06-07 04:46:17.000000,GLASS_DAMAGE,7290.33,REJECTED,False
2287,964,3745,2026-02-14 17:51:19.000000,VANDALISM,7904.21,REJECTED,False
2288,4720,908,2025-03-16 14:06:59.000000,COLLISION,1621.25,CLOSED,False
2289,1896,1943,2024-08-05 14:35:48.000000,THEFT,17164.35,OPEN,False
2290,4072,1093,2025-02-21 05:00:39.000000,GLASS_DAMAGE,7797.6,APPROVED,False
2291,3963,928,2025-06-21 01:52:12.000000,COLLISION,5061.03,APPROVED,False
2292,643,1461,2025-08-31 21:41:18.000000,FIRE,2903.64,APPROVED,False
2293,1168,2931,2025-04-24 14:04:25.000000,FLOOD,6370.75,REJECTED,False
2294,1142,2857,2025-06-21 20:21:37.000000,FIRE,5303.47,REJECTED,False
2295,3248,329,2025-05-18 15:55:19.000000,FIRE,8976.12,OPEN,False
2296,147,329,2026-02-13 18:43:50.000000,FLOOD,24094.56,IN_REVIEW,True
2297,4454,3714,2024-11-26 15:17:07.000000,THEFT,14317.06,OPEN,False
2298,467,3315,2025-11-08 01:16:53.000000,COLLISION,24751.0,CLOSED,True
2299,3111,2376,2025-07-27 09:14:14.000000,FIRE,2180.83,OPEN,False
2300,2247,2429,2026-03-10 01:15:01.000000,THEFT,8592.29,CLOSED,False
2301,3477,2435,2024-11-06 12:25:40.000000,GLASS_DAMAGE,6297.61,IN_REVIEW,False
2302,4456,131,2024-12-17 18:37:43.000000,COLLISION,6077.51,IN_REVIEW,False
2303,1787,397,2026-03-16 15:37:34.000000,COLLISION,14523.49,APPROVED,False
2304,2901,1058,2025-10-13 22:43:07.000000,COLLISION,2966.33,REJECTED,False
2305,3315,1090,2025-09-11 09:58:38.000000,FLOOD,3994.58,APPROVED,False
2306,4077,1015,2024-11-11 17:38:34.000000,THEFT,1092.94,REJECTED,False
2307,1467,2365,2026-02-27 00:31:41.000000,THEFT,5375.55,OPEN,False
2308,969,901,2025-02-28 22:28:49.000000,COLLISION,23956.08,IN_REVIEW,True
2309,2400,334,2025-12-07 06:37:17.000000,THEFT,2012.15,CLOSED,False
2310,893,1765,2025-08-16 21:06:17.000000,COLLISION,19325.46,REJECTED,True
2311,2641,390,2025-11-14 21:04:27.000000,VANDALISM,17537.53,OPEN,False
2312,2254,463,2026-01-19 22:24:48.000000,COLLISION,19915.1,REJECTED,True
2313,4400,3370,2024-11-05 11:37:52.000000,FLOOD,13622.02,OPEN,False
2314,2742,3843,2025-12-12 05:06:47.000000,GLASS_DAMAGE,264.53,OPEN,False
2315,3157,2767,2025-06-25 03:21:51.000000,COLLISION,10073.1,IN_REVIEW,False
2316,2154,3904,2026-01-22 23:43:22.000000,VANDALISM,4531.64,IN_REVIEW,False
2317,2387,4107,2025-11-03 18:20:00.000000,COLLISION,11338.44,CLOSED,False
2318,2691,279,2026-03-19 12:11:53.000000,COLLISION,14850.89,IN_REVIEW,False
2319,2391,746,2024-09-14 15:58:21.000000,COLLISION,553.03,OPEN,False
2320,2487,3070,2025-11-29 22:12:26.000000,VANDALISM,23054.47,OPEN,True
2321,3880,1137,2025-03-20 19:22:38.000000,THEFT,17300.42,CLOSED,False
2322,3402,2574,2025-03-20 23:45:57.000000,FIRE,22659.99,IN_REVIEW,True
2323,725,3569,2024-05-18 07:28:40.000000,FIRE,5243.09,APPROVED,False
2324,297,3199,2026-04-06 16:19:04.000000,THEFT,984.64,REJECTED,False
2325,50,1979,2024-07-12 07:40:28.000000,VANDALISM,12255.29,IN_REVIEW,False
2326,2806,3986,2025-11-22 08:45:17.000000,GLASS_DAMAGE,2967.74,REJECTED,False
2327,1645,1677,2025-10-11 15:48:43.000000,FLOOD,14880.25,OPEN,False
2328,4349,43,2024-12-17 22:25:41.000000,GLASS_DAMAGE,18189.31,OPEN,True
2329,512,3341,2024-06-10 05:00:41.000000,GLASS_DAMAGE,10207.72,IN_REVIEW,False
2330,480,3895,2024-09-07 17:28:59.000000,FIRE,12953.26,APPROVED,False
2331,4728,3378,2025-07-13 18:22:29.000000,VANDALISM,2397.56,REJECTED,False
2332,1607,374,2026-04-15 00:17:35.000000,THEFT,6891.73,OPEN,False
2333,4158,3168,2024-07-07 14:49:24.000000,COLLISION,13166.42,OPEN,False
2334,824,653,2025-10-21 22:31:08.000000,GLASS_DAMAGE,4158.56,CLOSED,False
2335,235,3939,2026-01-30 07:48:22.000000,VANDALISM,16944.86,IN_REVIEW,False
2336,4173,6,2026-03-11 23:49:24.000000,VANDALISM,18694.53,REJECTED,True
2337,2733,2041,2024-07-06 00:57:01.000000,THEFT,22146.96,OPEN,True
2338,1531,1978,2025-04-24 11:12:52.000000,FLOOD,12367.03,OPEN,False
2339,1918,88,2026-04-08 19:02:03.000000,FIRE,21554.59,APPROVED,True
2340,1929,1127,2025-12-04 12:38:59.000000,FLOOD,13425.49,REJECTED,False
2341,4552,3856,2024-08-18 17:43:32.000000,VANDALISM,14179.07,IN_REVIEW,False
2342,4098,699,2024-06-02 13:28:22.000000,VANDALISM,2665.96,REJECTED,False
2343,652,2848,2025-11-28 15:14:48.000000,GLASS_DAMAGE,8487.44,APPROVED,False
2344,875,223,2026-01-08 16:21:25.000000,GLASS_DAMAGE,21450.36,REJECTED,True
2345,3877,179,2024-12-15 12:31:03.000000,VANDALISM,1083.74,OPEN,False
2346,3590,3031,2024-10-02 02:00:11.000000,FLOOD,20438.39,IN_REVIEW,True
2347,2421,3115,2026-04-07 10:06:49.000000,FLOOD,11970.85,CLOSED,False
2348,3181,186,2024-12-01 19:28:31.000000,THEFT,24269.57,IN_REVIEW,True
2349,4614,1580,2024-10-17 04:34:12.000000,FIRE,9194.84,REJECTED,False
2350,143,2563,2025-02-13 05:10:17.000000,FLOOD,15800.39,APPROVED,False
2351,3159,3960,2025-12-15 20:04:01.000000,COLLISION,7190.77,APPROVED,False
2352,604,1825,2025-11-13 18:16:45.000000,GLASS_DAMAGE,4413.59,IN_REVIEW,False
2353,4770,1721,2024-07-31 17:06:04.000000,VANDALISM,24155.86,APPROVED,True
2354,571,39,2024-10-13 12:48:33.000000,VANDALISM,15788.55,IN_REVIEW,False
2355,4123,2899,2025-10-28 22:27:25.000000,FLOOD,6136.96,REJECTED,False
2356,4478,638,2026-01-11 13:02:45.000000,COLLISION,22928.93,REJECTED,True
2357,3176,3484,2024-08-15 22:53:58.000000,GLASS_DAMAGE,3481.6,OPEN,False
2358,1831,3243,2024-12-29 10:54:12.000000,COLLISION,12721.0,OPEN,False
2359,3107,3308,2024-12-19 14:03:14.000000,COLLISION,14419.44,REJECTED,False
2360,2764,2018,2024-06-22 14:46:09.000000,FLOOD,2115.65,CLOSED,False
2361,475,3757,2025-05-06 16:34:17.000000,GLASS_DAMAGE,23281.74,APPROVED,True
2362,4109,3476,2024-08-27 07:38:32.000000,VANDALISM,22396.31,OPEN,True
2363,561,3883,2024-07-26 16:42:34.000000,COLLISION,16965.95,APPROVED,False
2364,4088,3911,2026-02-22 13:58:33.000000,THEFT,6843.19,CLOSED,False
2365,3655,2345,2025-11-28 21:54:56.000000,FLOOD,6112.06,REJECTED,False
2366,4353,1352,2025-08-15 16:33:05.000000,FLOOD,4385.13,OPEN,False
2367,2388,3372,2025-01-29 00:04:13.000000,FLOOD,18610.19,IN_REVIEW,True
2368,1824,2222,2026-03-02 19:51:58.000000,VANDALISM,514.89,CLOSED,False
2369,4294,2899,2025-10-20 04:38:21.000000,COLLISION,14241.93,OPEN,False
2370,683,863,2024-06-11 01:55:16.000000,COLLISION,21492.39,APPROVED,True
2371,2878,3991,2025-12-01 08:17:09.000000,FLOOD,23447.0,OPEN,True
2372,1784,4032,2026-01-08 02:54:30.000000,FIRE,8925.16,CLOSED,False
2373,3529,1118,2024-06-20 07:22:32.000000,FLOOD,24158.19,REJECTED,True
2374,1498,3847,2024-07-02 03:14:03.000000,VANDALISM,14195.14,REJECTED,False
2375,1439,571,2026-01-04 20:02:15.000000,FIRE,17294.98,IN_REVIEW,False
2376,2892,689,2025-01-13 16:31:05.000000,GLASS_DAMAGE,24325.56,APPROVED,True
2377,2080,3963,2025-09-21 22:50:24.000000,GLASS_DAMAGE,20031.81,CLOSED,True
2378,2186,296,2026-04-05 11:28:03.000000,COLLISION,15719.03,APPROVED,False
2379,4797,2431,2025-07-31 00:48:15.000000,VANDALISM,9014.14,IN_REVIEW,False
2380,667,3420,2025-09-08 08:43:16.000000,VANDALISM,3018.51,IN_REVIEW,False
2381,923,2545,2025-08-30 10:31:51.000000,FLOOD,14294.19,REJECTED,False
2382,3812,3039,2024-08-16 18:22:26.000000,FLOOD,818.98,CLOSED,False
2383,3914,1957,2025-02-16 19:32:27.000000,THEFT,22617.42,IN_REVIEW,True
2384,2415,783,2024-12-06 18:49:06.000000,COLLISION,14583.13,REJECTED,False
2385,508,3462,2024-07-13 05:30:21.000000,COLLISION,15982.91,IN_REVIEW,False
2386,1361,3772,2024-07-10 11:57:27.000000,GLASS_DAMAGE,13700.29,REJECTED,False
2387,3271,3110,2024-05-16 17:38:53.000000,COLLISION,20024.7,OPEN,True
2388,4281,1763,2024-05-31 00:08:11.000000,COLLISION,10899.53,OPEN,False
2389,2406,2920,2025-12-22 21:44:50.000000,VANDALISM,10705.79,OPEN,False
2390,2511,3675,2025-06-07 07:34:22.000000,FIRE,4786.72,CLOSED,False
2391,4688,2016,2025-03-20 11:20:20.000000,COLLISION,1797.4,CLOSED,False
2392,2890,2944,2026-01-06 20:33:37.000000,FIRE,6099.85,REJECTED,False
2393,917,3813,2024-06-23 04:57:17.000000,FLOOD,1060.63,CLOSED,False
2394,673,3012,2024-09-19 06:54:48.000000,GLASS_DAMAGE,15404.55,REJECTED,False
2395,3128,2865,2024-07-15 08:09:53.000000,GLASS_DAMAGE,20420.92,IN_REVIEW,True
2396,124,3085,2025-10-10 12:35:11.000000,GLASS_DAMAGE,10076.37,IN_REVIEW,False
2397,597,2600,2024-07-05 01:59:27.000000,GLASS_DAMAGE,19577.23,REJECTED,True
2398,2287,235,2026-03-03 21:28:11.000000,THEFT,19854.97,IN_REVIEW,True
2399,1694,1541,2024-12-25 13:44:43.000000,FLOOD,21522.44,REJECTED,True
2400,3024,388,2024-08-15 06:55:59.000000,COLLISION,20974.2,CLOSED,True
2401,1895,310,2025-02-17 20:18:35.000000,VANDALISM,9366.98,OPEN,False
2402,4583,3289,2024-11-19 04:34:37.000000,GLASS_DAMAGE,8700.97,CLOSED,False
2403,2570,432,2025-04-24 19:52:19.000000,VANDALISM,24469.8,CLOSED,True
2404,3655,3540,2025-06-12 06:39:41.000000,FLOOD,991.81,CLOSED,False
2405,1536,3127,2025-06-25 09:50:58.000000,FIRE,8704.0,APPROVED,False
2406,4308,1507,2026-01-09 13:26:01.000000,GLASS_DAMAGE,12855.89,CLOSED,False
2407,203,3253,2025-04-25 22:29:38.000000,COLLISION,3667.24,OPEN,False
2408,3983,1124,2025-11-18 04:33:24.000000,GLASS_DAMAGE,2166.09,IN_REVIEW,False
2409,3743,2152,2025-04-06 03:12:41.000000,VANDALISM,6078.02,REJECTED,False
2410,2395,3017,2025-02-20 11:40:21.000000,THEFT,5454.79,IN_REVIEW,False
2411,3963,2607,2025-09-21 15:25:36.000000,COLLISION,15799.2,CLOSED,False
2412,3485,3551,2024-07-18 01:29:28.000000,GLASS_DAMAGE,4574.47,IN_REVIEW,False
2413,1285,3681,2025-12-19 03:18:50.000000,THEFT,23271.58,OPEN,True
2414,4462,1555,2026-05-03 14:33:42.000000,GLASS_DAMAGE,2923.85,IN_REVIEW,False
2415,2238,4086,2025-02-03 08:22:16.000000,COLLISION,8520.89,OPEN,False
2416,3751,3614,2025-01-14 07:37:54.000000,GLASS_DAMAGE,7439.1,APPROVED,False
2417,2597,1510,2025-02-11 04:39:35.000000,COLLISION,11039.46,REJECTED,False
2418,320,430,2024-08-15 19:07:32.000000,COLLISION,8334.0,OPEN,False
2419,462,1348,2026-01-15 05:21:31.000000,GLASS_DAMAGE,12677.14,OPEN,False
2420,2821,4038,2025-02-25 21:29:49.000000,VANDALISM,3384.87,APPROVED,False
2421,3766,1103,2025-05-09 00:21:06.000000,COLLISION,6944.57,CLOSED,False
2422,1222,739,2025-03-14 10:31:48.000000,GLASS_DAMAGE,24488.74,APPROVED,True
2423,2182,3569,2024-10-16 17:45:24.000000,FIRE,10231.29,OPEN,False
2424,1715,2816,2025-08-21 03:26:53.000000,FLOOD,20805.41,IN_REVIEW,True
2425,4681,3764,2025-10-20 16:16:13.000000,FIRE,3828.35,CLOSED,False
2426,3228,2642,2025-11-21 04:26:49.000000,VANDALISM,16604.5,APPROVED,False
2427,2630,786,2024-07-18 21:48:59.000000,FLOOD,7141.37,APPROVED,False
2428,3914,173,2024-10-17 20:08:46.000000,COLLISION,3679.35,CLOSED,False
2429,3452,3405,2024-08-07 13:24:42.000000,GLASS_DAMAGE,16438.34,APPROVED,False
2430,3639,1653,2024-06-16 09:12:23.000000,FIRE,5289.43,APPROVED,False
2431,709,3473,2024-09-27 22:45:37.000000,THEFT,16512.78,IN_REVIEW,False
2432,2325,1142,2025-11-04 12:03:36.000000,COLLISION,8715.98,APPROVED,False
2433,2383,1418,2026-04-13 15:01:25.000000,FLOOD,19415.55,OPEN,True
2434,1036,3603,2024-10-14 23:59:46.000000,FLOOD,19599.54,OPEN,True
2435,3795,820,2025-09-24 10:23:22.000000,GLASS_DAMAGE,24356.91,IN_REVIEW,True
2436,1531,3126,2024-05-14 00:53:01.000000,FLOOD,14990.03,OPEN,False
2437,2199,3531,2024-11-09 13:50:15.000000,FIRE,11559.23,APPROVED,False
2438,523,4067,2025-03-16 01:58:51.000000,FLOOD,7651.34,OPEN,False
2439,2411,3597,2025-02-10 21:17:41.000000,VANDALISM,9292.11,IN_REVIEW,False
2440,4736,1201,2025-05-12 05:29:46.000000,VANDALISM,22469.49,REJECTED,True
2441,2779,1611,2026-02-15 21:47:27.000000,VANDALISM,22141.31,OPEN,True
2442,3501,2423,2025-06-22 03:24:03.000000,COLLISION,4170.91,CLOSED,False
2443,2789,3343,2025-04-28 07:40:30.000000,THEFT,5087.64,IN_REVIEW,False
2444,4470,3904,2025-08-01 11:36:55.000000,FLOOD,16641.85,IN_REVIEW,False
2445,4793,3173,2025-04-27 21:12:52.000000,FIRE,8443.89,REJECTED,False
2446,3808,1019,2024-07-02 22:54:26.000000,VANDALISM,16153.11,REJECTED,False
2447,50,2755,2026-02-27 10:50:19.000000,FLOOD,5708.64,OPEN,False
2448,3670,3306,2025-03-11 04:45:51.000000,COLLISION,23380.2,IN_REVIEW,True
2449,196,1650,2024-08-15 14:14:52.000000,FIRE,12734.78,REJECTED,False
2450,2939,21,2025-05-05 06:48:07.000000,COLLISION,17309.48,CLOSED,False
2451,2181,725,2024-10-06 10:46:27.000000,COLLISION,21535.79,IN_REVIEW,True
2452,2159,2466,2025-02-22 04:45:53.000000,FIRE,628.83,CLOSED,False
2453,1481,3309,2025-03-13 23:37:30.000000,VANDALISM,9772.49,CLOSED,False
2454,4213,3222,2025-10-27 07:32:59.000000,VANDALISM,14444.13,IN_REVIEW,False
2455,97,345,2024-08-31 07:43:10.000000,GLASS_DAMAGE,877.65,CLOSED,False
2456,1877,3660,2024-12-29 05:18:21.000000,COLLISION,17064.68,APPROVED,False
2457,3801,637,2024-06-06 17:28:57.000000,COLLISION,17658.53,OPEN,False
2458,2630,651,2025-05-23 07:20:54.000000,FIRE,19225.99,OPEN,True
2459,1680,3670,2024-07-18 22:37:30.000000,FIRE,20629.85,APPROVED,True
2460,1135,3150,2026-04-16 21:16:42.000000,COLLISION,3867.97,OPEN,False
2461,1370,4056,2025-12-15 18:01:55.000000,VANDALISM,20595.9,OPEN,True
2462,562,3107,2025-04-11 16:44:05.000000,VANDALISM,21427.43,IN_REVIEW,True
2463,961,710,2024-10-17 09:15:02.000000,COLLISION,6641.84,OPEN,False
2464,1376,2836,2024-08-17 02:25:32.000000,VANDALISM,2204.77,IN_REVIEW,False
2465,431,3583,2025-02-04 09:45:16.000000,VANDALISM,18005.64,OPEN,True
2466,3637,1948,2025-08-02 14:31:31.000000,COLLISION,1774.24,IN_REVIEW,False
2467,3932,310,2026-02-05 00:51:14.000000,COLLISION,11213.94,REJECTED,False
2468,4486,3665,2026-03-27 07:10:11.000000,VANDALISM,18310.25,REJECTED,True
2469,1421,2094,2026-03-20 00:21:33.000000,FIRE,9424.88,CLOSED,False
2470,2712,737,2025-03-20 13:12:20.000000,COLLISION,17705.71,APPROVED,False
2471,1103,4087,2025-08-02 20:51:51.000000,THEFT,9429.05,OPEN,False
2472,3675,682,2025-08-29 20:39:39.000000,FLOOD,12987.14,REJECTED,False
2473,2941,4082,2025-04-26 15:54:40.000000,THEFT,16846.9,CLOSED,False
2474,1553,2998,2024-05-29 01:53:13.000000,GLASS_DAMAGE,6268.9,OPEN,False
2475,782,4082,2024-12-03 07:32:21.000000,FLOOD,12380.8,IN_REVIEW,False
2476,176,3332,2026-01-12 22:03:27.000000,THEFT,12244.12,IN_REVIEW,False
2477,3184,1171,2025-09-13 07:55:45.000000,GLASS_DAMAGE,9263.27,IN_REVIEW,False
2478,1052,2665,2026-03-08 09:14:19.000000,VANDALISM,3476.3,APPROVED,False
2479,1826,1014,2024-11-17 01:38:21.000000,VANDALISM,22781.23,CLOSED,True
2480,1672,3883,2025-05-08 04:00:27.000000,COLLISION,4673.64,IN_REVIEW,False
2481,4463,911,2025-01-01 17:34:59.000000,FLOOD,5184.86,REJECTED,False
2482,1893,1119,2024-10-05 13:24:23.000000,FIRE,13206.91,REJECTED,False
2483,2851,69,2025-07-01 05:41:00.000000,THEFT,9222.78,APPROVED,False
2484,3202,301,2024-10-10 07:50:29.000000,FLOOD,13411.78,REJECTED,False
2485,3201,3875,2025-12-08 17:25:30.000000,COLLISION,5689.7,REJECTED,False
2486,3627,2365,2026-01-24 07:24:17.000000,VANDALISM,16477.27,OPEN,False
2487,1027,3153,2026-03-26 18:18:16.000000,THEFT,5558.19,OPEN,False
2488,1343,1702,2024-09-04 15:21:48.000000,VANDALISM,21320.85,IN_REVIEW,True
2489,890,2603,2024-09-10 08:18:30.000000,FIRE,10912.5,APPROVED,False
2490,2021,3584,2025-02-19 04:15:12.000000,VANDALISM,19681.9,IN_REVIEW,True
2491,434,1292,2025-05-15 09:24:32.000000,VANDALISM,12460.49,IN_REVIEW,False
2492,2633,2843,2025-11-17 11:59:33.000000,FIRE,15137.52,CLOSED,False
2493,590,2621,2025-08-23 23:04:47.000000,FLOOD,11122.4,APPROVED,False
2494,2434,600,2024-07-05 22:20:10.000000,VANDALISM,11758.94,OPEN,False
2495,2725,473,2025-09-29 13:18:05.000000,COLLISION,10064.8,CLOSED,False
2496,4012,3884,2025-03-01 07:15:32.000000,FLOOD,5980.66,APPROVED,False
2497,2742,2008,2025-04-20 05:56:07.000000,FLOOD,9870.83,OPEN,False
2498,207,4064,2026-02-13 08:58:47.000000,GLASS_DAMAGE,6445.74,OPEN,False
2499,4795,2034,2025-04-11 18:06:46.000000,FLOOD,1836.34,CLOSED,False
2500,4482,884,2025-06-19 00:17:25.000000,VANDALISM,2760.27,OPEN,False
2501,1004,3812,2025-05-10 07:40:52.000000,FLOOD,14542.95,APPROVED,False
2502,2340,94,2025-04-05 21:09:37.000000,GLASS_DAMAGE,2122.26,REJECTED,False
2503,962,1507,2024-10-23 00:55:33.000000,FIRE,616.5,IN_REVIEW,False
2504,3272,390,2024-11-16 18:20:56.000000,THEFT,13318.45,OPEN,False
2505,2737,1394,2025-04-26 01:48:45.000000,FLOOD,19475.28,OPEN,True
2506,1645,1049,2025-10-20 16:41:00.000000,FIRE,24319.16,REJECTED,True
2507,2955,818,2025-11-21 14:27:40.000000,FLOOD,6046.1,APPROVED,False
2508,3315,1657,2025-03-21 03:04:41.000000,FIRE,2082.41,APPROVED,False
2509,3479,3072,2024-07-25 07:38:17.000000,THEFT,9990.97,IN_REVIEW,False
2510,336,2173,2024-10-12 19:04:57.000000,GLASS_DAMAGE,15067.86,CLOSED,False
2511,1730,836,2025-11-20 06:42:59.000000,VANDALISM,9616.1,CLOSED,False
2512,2401,2836,2025-12-15 15:02:47.000000,FLOOD,11548.69,APPROVED,False
2513,1334,2448,2026-02-14 01:48:22.000000,FLOOD,12274.19,APPROVED,False
2514,2618,351,2024-08-04 13:06:33.000000,FLOOD,12628.2,REJECTED,False
2515,1287,16,2026-03-02 16:52:57.000000,FLOOD,7175.14,APPROVED,False
2516,4693,2935,2024-08-19 16:50:24.000000,THEFT,2506.24,APPROVED,False
2517,3822,2363,2026-02-10 04:33:31.000000,VANDALISM,14950.97,OPEN,False
2518,3737,3754,2025-07-08 15:45:05.000000,VANDALISM,1142.83,REJECTED,False
2519,969,1550,2024-12-11 12:40:20.000000,GLASS_DAMAGE,16502.96,CLOSED,False
2520,2708,3122,2026-03-19 20:25:36.000000,THEFT,17447.16,OPEN,False
2521,1216,1149,2025-06-26 12:20:50.000000,GLASS_DAMAGE,23956.35,REJECTED,True
2522,1878,2609,2025-09-07 14:17:20.000000,COLLISION,6580.11,CLOSED,False
2523,2363,283,2026-04-01 11:40:40.000000,COLLISION,2090.09,REJECTED,False
2524,4035,299,2025-08-14 19:30:20.000000,FLOOD,14108.87,IN_REVIEW,False
2525,799,4035,2025-02-09 12:26:47.000000,FLOOD,23402.08,OPEN,True
2526,1616,2053,2025-08-15 06:58:48.000000,COLLISION,1768.61,OPEN,False
2527,434,2907,2025-04-26 11:00:45.000000,FIRE,24999.15,CLOSED,True
2528,649,3394,2024-08-31 11:08:13.000000,VANDALISM,7013.86,IN_REVIEW,False
2529,1654,4122,2024-08-04 12:52:00.000000,THEFT,6909.55,REJECTED,False
2530,2592,682,2026-01-10 03:07:25.000000,FLOOD,17681.26,CLOSED,False
2531,1263,1657,2024-10-21 22:02:07.000000,FIRE,8738.07,REJECTED,False
2532,3544,3847,2025-07-15 07:54:48.000000,COLLISION,2550.02,IN_REVIEW,False
2533,3912,2860,2025-06-24 13:01:08.000000,FIRE,11256.05,APPROVED,False
2534,904,1903,2024-07-16 02:19:42.000000,FIRE,6779.41,APPROVED,False
2535,3521,3592,2025-05-29 22:38:22.000000,GLASS_DAMAGE,19898.17,CLOSED,True
2536,38,2671,2025-03-15 11:13:07.000000,GLASS_DAMAGE,6005.37,OPEN,False
2537,1901,1211,2024-12-14 11:38:58.000000,THEFT,16530.82,OPEN,False
2538,1644,4014,2024-06-08 10:56:19.000000,FLOOD,4426.69,IN_REVIEW,False
2539,3575,1051,2025-02-17 12:58:30.000000,COLLISION,1615.14,APPROVED,False
2540,2475,3915,2025-05-07 04:11:20.000000,GLASS_DAMAGE,11528.13,OPEN,False
2541,1163,1583,2024-10-22 05:25:08.000000,THEFT,5504.58,IN_REVIEW,False
2542,4032,2857,2025-10-29 00:31:49.000000,THEFT,1928.75,OPEN,False
2543,3462,3458,2026-01-17 22:42:59.000000,FLOOD,16751.19,CLOSED,False
2544,4703,2833,2025-10-24 01:51:43.000000,THEFT,15668.05,CLOSED,False
2545,4660,4067,2025-05-13 00:37:48.000000,VANDALISM,4956.51,IN_REVIEW,False
2546,799,574,2024-10-18 04:56:44.000000,FLOOD,896.18,CLOSED,False
2547,1634,3025,2025-04-24 14:56:42.000000,VANDALISM,8778.85,OPEN,False
2548,13,239,2026-01-15 13:06:55.000000,FIRE,7544.94,CLOSED,False
2549,4138,1029,2024-11-08 04:05:56.000000,FLOOD,8012.32,CLOSED,False
2550,3690,954,2024-05-14 07:38:08.000000,VANDALISM,1006.37,CLOSED,False
2551,1272,2610,2025-04-14 13:52:28.000000,FLOOD,22687.75,APPROVED,True
2552,2660,2748,2026-01-03 13:13:02.000000,FIRE,12210.01,APPROVED,False
2553,2985,731,2024-08-23 02:33:25.000000,FLOOD,24456.4,REJECTED,True
2554,478,1276,2026-01-13 00:15:50.000000,FLOOD,21311.81,OPEN,True
2555,3213,363,2025-07-10 14:53:28.000000,COLLISION,24525.99,REJECTED,True
2556,1535,2093,2025-12-21 05:02:19.000000,FLOOD,4212.7,REJECTED,False
2557,2471,1630,2025-11-19 06:49:42.000000,COLLISION,18766.48,OPEN,True
2558,1669,2389,2025-05-27 14:03:10.000000,FLOOD,6128.07,IN_REVIEW,False
2559,1054,4103,2024-11-19 03:59:12.000000,FLOOD,16116.05,OPEN,False
2560,1411,3486,2024-06-02 21:05:03.000000,VANDALISM,4525.43,REJECTED,False
2561,1600,2579,2025-12-02 14:35:27.000000,COLLISION,12090.81,IN_REVIEW,False
2562,2830,841,2025-12-29 18:39:14.000000,COLLISION,11827.04,OPEN,False
2563,2906,233,2024-08-26 18:03:38.000000,THEFT,7696.54,IN_REVIEW,False
2564,1026,1985,2024-05-27 22:07:25.000000,COLLISION,2340.99,IN_REVIEW,False
2565,1653,3633,2024-12-12 22:25:11.000000,VANDALISM,5768.3,OPEN,False
2566,3385,1761,2026-01-10 15:49:14.000000,FIRE,2178.25,REJECTED,False
2567,2527,834,2024-11-28 21:16:57.000000,GLASS_DAMAGE,12451.25,IN_REVIEW,False
2568,2140,2570,2025-07-14 14:33:32.000000,FIRE,14371.07,OPEN,False
2569,1582,2409,2025-01-03 01:22:23.000000,COLLISION,12882.1,OPEN,False
2570,2180,2608,2026-05-03 23:39:01.000000,GLASS_DAMAGE,17802.55,IN_REVIEW,False
2571,4425,3374,2024-11-06 05:23:00.000000,FIRE,15133.45,IN_REVIEW,False
2572,1585,479,2025-05-30 08:28:10.000000,VANDALISM,19820.38,IN_REVIEW,True
2573,3680,1741,2024-12-19 11:09:33.000000,VANDALISM,10477.44,OPEN,False
2574,7,3454,2025-07-17 23:48:43.000000,FIRE,13621.0,CLOSED,False
2575,3966,2239,2025-03-29 10:19:44.000000,FIRE,24502.92,OPEN,True
2576,621,2353,2025-08-18 14:33:40.000000,THEFT,7608.84,APPROVED,False
2577,4678,98,2024-08-30 19:37:41.000000,FLOOD,10688.24,APPROVED,False
2578,1765,1611,2024-06-01 20:04:53.000000,THEFT,2845.53,REJECTED,False
2579,1224,2347,2025-02-27 16:21:48.000000,COLLISION,13377.61,OPEN,False
2580,2614,609,2024-06-17 23:09:30.000000,THEFT,23930.32,OPEN,True
2581,4020,1576,2025-10-28 05:05:33.000000,FLOOD,3372.94,CLOSED,False
2582,4434,3797,2025-09-13 09:30:19.000000,FLOOD,12370.73,CLOSED,False
2583,3867,4149,2025-06-26 03:55:34.000000,GLASS_DAMAGE,10801.28,IN_REVIEW,False
2584,2266,4119,2024-07-08 21:01:16.000000,COLLISION,692.53,APPROVED,False
2585,3297,3486,2026-01-19 18:42:56.000000,VANDALISM,2396.81,APPROVED,False
2586,4707,3499,2025-05-23 10:58:28.000000,GLASS_DAMAGE,15979.97,REJECTED,False
2587,3245,255,2026-03-17 07:19:22.000000,GLASS_DAMAGE,3433.84,OPEN,False
2588,403,3164,2026-01-11 08:22:22.000000,FIRE,20332.06,REJECTED,True
2589,3279,3553,2024-12-16 07:09:58.000000,FIRE,21326.33,REJECTED,True
2590,3339,1752,2026-02-25 06:29:14.000000,VANDALISM,16408.57,IN_REVIEW,False
2591,735,1346,2025-08-03 18:19:06.000000,FIRE,19038.12,APPROVED,True
2592,4485,1582,2025-03-04 16:52:47.000000,VANDALISM,1245.68,IN_REVIEW,False
2593,247,591,2024-12-20 15:00:01.000000,VANDALISM,1925.98,OPEN,False
2594,253,1268,2026-05-12 07:27:48.000000,FLOOD,10382.44,OPEN,False
2595,802,727,2025-07-07 10:49:49.000000,THEFT,6146.79,CLOSED,False
2596,4497,1840,2025-10-30 13:21:59.000000,FLOOD,18012.55,REJECTED,True
2597,2805,2560,2024-06-07 11:05:10.000000,FIRE,7622.05,REJECTED,False
2598,4379,165,2025-01-11 19:52:33.000000,FLOOD,12508.4,REJECTED,False
2599,149,3966,2025-05-03 03:03:00.000000,VANDALISM,8274.5,OPEN,False
2600,152,3488,2026-01-30 13:55:02.000000,GLASS_DAMAGE,22087.58,CLOSED,True
2601,2616,48,2024-08-04 23:35:23.000000,THEFT,7910.2,IN_REVIEW,False
2602,785,1771,2025-08-27 19:11:48.000000,THEFT,6120.89,IN_REVIEW,False
2603,1991,1753,2026-04-02 23:19:21.000000,THEFT,9623.82,REJECTED,False
2604,878,2461,2024-08-04 16:23:51.000000,FLOOD,22963.27,IN_REVIEW,True
2605,4455,1642,2025-05-08 03:53:29.000000,FLOOD,13950.71,APPROVED,False
2606,1226,1663,2025-09-18 15:28:07.000000,GLASS_DAMAGE,23456.45,REJECTED,True
2607,280,4065,2024-08-25 23:36:04.000000,COLLISION,8251.9,OPEN,False
2608,3672,1204,2026-04-16 05:24:39.000000,VANDALISM,20082.94,IN_REVIEW,True
2609,4251,2177,2024-06-11 17:24:48.000000,THEFT,9804.44,IN_REVIEW,False
2610,4487,2828,2025-04-23 13:18:37.000000,FLOOD,2667.67,APPROVED,False
2611,110,4173,2025-01-01 02:48:37.000000,FIRE,24513.62,IN_REVIEW,True
2612,1893,1588,2025-10-26 20:17:49.000000,THEFT,6776.68,REJECTED,False
2613,1050,3871,2026-01-06 09:33:25.000000,GLASS_DAMAGE,7981.15,REJECTED,False
2614,4114,2138,2025-10-05 08:06:00.000000,THEFT,14876.87,APPROVED,False
2615,4647,3465,2025-10-15 16:49:06.000000,FLOOD,22377.21,OPEN,True
2616,3046,2315,2025-10-28 20:21:52.000000,FLOOD,4023.5,CLOSED,False
2617,1720,880,2024-06-15 17:11:30.000000,COLLISION,7033.02,IN_REVIEW,False
2618,1187,2416,2025-09-30 13:52:40.000000,GLASS_DAMAGE,23901.7,APPROVED,True
2619,1235,4067,2025-09-08 00:41:43.000000,COLLISION,7430.0,APPROVED,False
2620,924,2178,2024-12-13 14:57:45.000000,GLASS_DAMAGE,22556.99,CLOSED,True
2621,3872,815,2025-07-30 12:27:44.000000,FLOOD,552.55,IN_REVIEW,False
2622,35,2680,2025-10-05 23:43:39.000000,THEFT,20498.52,REJECTED,True
2623,4196,1679,2026-02-25 15:02:14.000000,FIRE,21404.98,OPEN,True
2624,3357,2723,2025-09-20 04:32:56.000000,FIRE,4719.41,APPROVED,False
2625,3679,1163,2024-06-25 08:21:34.000000,THEFT,4902.34,IN_REVIEW,False
2626,131,3082,2024-05-26 09:40:40.000000,GLASS_DAMAGE,24028.77,IN_REVIEW,True
2627,831,183,2024-12-01 05:58:14.000000,FIRE,11940.92,CLOSED,False
2628,4292,3419,2025-05-10 17:49:53.000000,THEFT,400.98,CLOSED,False
2629,3397,33,2025-12-03 08:23:45.000000,VANDALISM,11222.65,REJECTED,False
2630,3919,892,2026-02-01 16:46:58.000000,GLASS_DAMAGE,11340.6,CLOSED,False
2631,1299,2663,2025-03-19 11:51:40.000000,VANDALISM,6666.35,CLOSED,False
2632,4217,2226,2025-08-18 18:13:44.000000,COLLISION,12288.23,CLOSED,False
2633,2586,1574,2025-04-08 22:16:35.000000,FIRE,17353.97,IN_REVIEW,False
2634,1521,1782,2025-12-03 21:53:57.000000,FLOOD,7960.04,APPROVED,False
2635,2345,3799,2024-11-09 08:37:43.000000,VANDALISM,23092.34,REJECTED,True
2636,4759,276,2025-04-04 23:49:11.000000,THEFT,5705.16,APPROVED,False
2637,3944,1970,2024-05-29 20:59:35.000000,THEFT,13969.04,IN_REVIEW,False
2638,2546,3553,2026-02-12 05:07:02.000000,COLLISION,15206.43,OPEN,False
2639,2008,964,2024-08-13 00:19:09.000000,VANDALISM,6214.48,CLOSED,False
2640,298,2497,2024-09-17 03:38:17.000000,FIRE,23866.63,OPEN,True
2641,4577,2050,2025-11-30 10:25:39.000000,COLLISION,7336.97,IN_REVIEW,False
2642,1729,44,2026-02-23 04:32:58.000000,COLLISION,4623.7,OPEN,False
2643,690,1837,2025-12-27 02:23:56.000000,FLOOD,6746.09,REJECTED,False
2644,4493,2857,2025-04-21 16:29:42.000000,FLOOD,631.17,IN_REVIEW,False
2645,2723,3063,2025-05-16 12:18:41.000000,COLLISION,24831.12,OPEN,True
2646,1484,1874,2025-03-07 16:58:10.000000,VANDALISM,18877.04,APPROVED,True
2647,3640,967,2026-04-17 10:45:23.000000,THEFT,4915.51,CLOSED,False
2648,2343,2816,2024-07-27 00:08:51.000000,FLOOD,16990.95,CLOSED,False
2649,2655,2357,2026-03-11 04:28:30.000000,FIRE,11884.06,REJECTED,False
2650,3109,665,2025-05-19 21:46:45.000000,GLASS_DAMAGE,24462.05,APPROVED,True
2651,1657,1513,2025-07-24 10:15:49.000000,GLASS_DAMAGE,9875.74,OPEN,False
2652,4543,2055,2024-06-01 05:46:49.000000,THEFT,1733.26,CLOSED,False
2653,2560,3569,2024-11-05 13:22:13.000000,COLLISION,24387.89,IN_REVIEW,True
2654,3012,3769,2025-06-14 11:21:31.000000,VANDALISM,3727.97,OPEN,False
2655,4070,3709,2026-04-04 10:49:42.000000,THEFT,20493.58,CLOSED,True
2656,3519,1089,2024-06-06 05:11:05.000000,THEFT,17558.02,APPROVED,False
2657,3822,2074,2024-07-10 03:22:28.000000,COLLISION,7675.06,OPEN,False
2658,2618,2672,2024-12-30 08:22:14.000000,VANDALISM,19200.83,REJECTED,True
2659,3074,36,2025-06-11 03:45:06.000000,COLLISION,3218.9,APPROVED,False
2660,629,1999,2024-11-24 15:16:17.000000,FIRE,16097.94,IN_REVIEW,False
2661,3143,2625,2024-10-08 03:14:17.000000,FIRE,9199.65,IN_REVIEW,False
2662,1558,1508,2024-10-24 08:22:19.000000,GLASS_DAMAGE,11710.2,OPEN,False
2663,2577,1788,2025-04-07 05:28:46.000000,VANDALISM,19034.29,REJECTED,True
2664,4433,913,2024-09-10 20:50:50.000000,VANDALISM,20484.53,REJECTED,True
2665,1267,3121,2024-05-26 08:37:00.000000,THEFT,19278.08,IN_REVIEW,True
2666,522,2522,2025-01-03 14:37:38.000000,FLOOD,22896.22,APPROVED,True
2667,4293,30,2025-11-24 09:46:34.000000,GLASS_DAMAGE,4387.53,IN_REVIEW,False
2668,4207,413,2026-03-28 19:08:23.000000,FIRE,813.13,REJECTED,False
2669,1577,661,2025-10-07 17:57:53.000000,THEFT,2746.04,APPROVED,False
2670,502,2409,2026-01-01 19:54:25.000000,VANDALISM,10417.75,APPROVED,False
2671,101,2313,2026-04-29 01:08:32.000000,THEFT,721.15,APPROVED,False
2672,3690,3608,2026-04-09 17:45:04.000000,THEFT,10400.66,REJECTED,False
2673,3191,659,2025-10-14 10:35:39.000000,GLASS_DAMAGE,24065.83,IN_REVIEW,True
2674,3728,2150,2024-11-03 19:51:59.000000,VANDALISM,5605.42,APPROVED,False
2675,2906,2600,2025-12-19 18:55:33.000000,GLASS_DAMAGE,21793.46,APPROVED,True
2676,4667,3858,2026-01-01 05:16:36.000000,GLASS_DAMAGE,15532.67,CLOSED,False
2677,2342,2691,2024-07-20 19:44:04.000000,FIRE,6324.58,REJECTED,False
2678,2630,1719,2024-08-17 00:38:10.000000,COLLISION,12097.49,CLOSED,False
2679,1429,2225,2024-06-17 19:17:24.000000,THEFT,7997.05,OPEN,False
2680,683,74,2026-03-26 01:16:57.000000,THEFT,11785.82,OPEN,False
2681,1044,1457,2025-03-08 18:21:51.000000,THEFT,11539.26,APPROVED,False
2682,3929,2237,2024-05-23 16:20:08.000000,VANDALISM,23166.41,IN_REVIEW,True
2683,3875,903,2024-09-09 17:28:28.000000,FIRE,19338.45,REJECTED,True
2684,2274,3674,2025-11-23 00:23:05.000000,THEFT,2233.22,OPEN,False
2685,4321,481,2026-01-21 05:41:05.000000,VANDALISM,11680.97,OPEN,False
2686,3252,2852,2025-03-13 03:13:00.000000,GLASS_DAMAGE,19405.06,APPROVED,True
2687,1800,2236,2025-12-25 12:28:53.000000,FLOOD,15456.6,OPEN,False
2688,1290,2398,2024-11-03 02:07:11.000000,GLASS_DAMAGE,19654.84,IN_REVIEW,True
2689,1306,2914,2024-11-21 13:54:39.000000,FLOOD,12105.91,IN_REVIEW,False
2690,2643,1859,2026-04-06 00:27:49.000000,COLLISION,22552.19,REJECTED,True
2691,3278,1256,2025-10-22 11:40:50.000000,FLOOD,13008.07,OPEN,False
2692,3000,3077,2024-05-28 12:30:03.000000,FLOOD,5800.49,REJECTED,False
2693,35,37,2026-05-10 10:23:50.000000,THEFT,9110.26,OPEN,False
2694,887,52,2025-11-30 22:58:03.000000,THEFT,19139.29,APPROVED,True
2695,1993,3142,2024-06-12 16:14:05.000000,GLASS_DAMAGE,10436.43,REJECTED,False
2696,2346,1879,2025-03-16 19:36:32.000000,FLOOD,10414.17,REJECTED,False
2697,4272,654,2026-05-05 03:46:05.000000,VANDALISM,15350.45,OPEN,False
2698,2129,2235,2024-08-05 12:55:10.000000,VANDALISM,10265.13,REJECTED,False
2699,4328,960,2025-11-16 07:08:12.000000,COLLISION,15322.42,REJECTED,False
2700,560,2767,2025-05-02 21:26:33.000000,FLOOD,13526.94,CLOSED,False
2701,1083,105,2025-12-03 06:26:28.000000,FLOOD,6479.5,OPEN,False
2702,2621,1034,2026-01-31 02:57:39.000000,FIRE,10384.44,APPROVED,False
2703,348,2908,2024-06-07 15:06:42.000000,COLLISION,16085.17,CLOSED,False
2704,2159,2509,2025-05-16 18:50:42.000000,THEFT,7865.3,REJECTED,False
2705,1808,352,2025-03-17 20:59:06.000000,THEFT,8531.7,APPROVED,False
2706,1543,1,2025-01-21 05:51:14.000000,THEFT,5617.34,CLOSED,False
2707,3873,2813,2025-01-14 12:57:21.000000,FLOOD,17464.38,CLOSED,False
2708,1208,3257,2025-10-16 13:42:15.000000,COLLISION,18120.71,IN_REVIEW,True
2709,4376,256,2025-04-19 09:58:48.000000,VANDALISM,2448.51,APPROVED,False
2710,1121,1938,2025-09-09 07:45:20.000000,COLLISION,13580.78,REJECTED,False
2711,1174,1540,2025-10-07 11:37:29.000000,COLLISION,1801.15,REJECTED,False
2712,3103,1568,2026-02-17 23:53:51.000000,VANDALISM,11779.92,IN_REVIEW,False
2713,2663,1346,2025-04-08 06:10:23.000000,FIRE,15057.81,OPEN,False
2714,2981,1449,2025-12-22 16:05:58.000000,GLASS_DAMAGE,15335.53,OPEN,False
2715,1874,2508,2025-09-07 17:31:10.000000,COLLISION,9085.76,APPROVED,False
2716,406,1415,2025-08-15 17:48:26.000000,GLASS_DAMAGE,18124.12,OPEN,True
2717,3616,3242,2026-04-02 04:09:03.000000,GLASS_DAMAGE,17554.62,IN_REVIEW,False
2718,4053,3167,2026-02-01 12:06:47.000000,THEFT,14789.2,OPEN,False
2719,2716,2990,2024-05-16 02:50:39.000000,GLASS_DAMAGE,4869.53,REJECTED,False
2720,4794,1293,2024-06-24 02:59:30.000000,THEFT,7854.23,REJECTED,False
2721,3333,4101,2025-01-26 11:31:54.000000,FIRE,14875.37,OPEN,False
2722,1397,3025,2025-01-06 14:32:23.000000,FIRE,21402.52,APPROVED,True
2723,1626,464,2025-01-12 15:59:30.000000,FLOOD,1855.05,REJECTED,False
2724,3017,3778,2025-07-25 21:01:46.000000,FLOOD,10859.14,APPROVED,False
2725,4116,343,2026-01-24 15:59:25.000000,GLASS_DAMAGE,22525.47,OPEN,True
2726,2410,1066,2025-08-24 04:02:11.000000,THEFT,11323.42,OPEN,False
2727,2721,4,2024-09-15 16:21:24.000000,COLLISION,10358.1,CLOSED,False
2728,4372,257,2025-07-03 15:50:55.000000,COLLISION,23030.47,IN_REVIEW,True
2729,3549,1420,2025-04-02 03:52:34.000000,COLLISION,6580.71,OPEN,False
2730,531,665,2025-04-10 19:03:36.000000,VANDALISM,422.83,CLOSED,False
2731,1423,127,2024-07-16 06:21:25.000000,FIRE,4391.79,CLOSED,False
2732,1973,2411,2026-03-10 04:08:26.000000,GLASS_DAMAGE,24847.57,REJECTED,True
2733,747,1030,2026-03-13 17:19:28.000000,GLASS_DAMAGE,16550.29,CLOSED,False
2734,431,717,2024-08-22 18:07:24.000000,FIRE,6777.34,OPEN,False
2735,4632,3735,2025-06-23 14:21:16.000000,FLOOD,12811.46,REJECTED,False
2736,2368,3357,2025-10-14 21:55:34.000000,GLASS_DAMAGE,11051.61,APPROVED,False
2737,2814,1438,2024-08-03 13:34:45.000000,COLLISION,8238.23,REJECTED,False
2738,3205,2528,2024-05-17 23:35:07.000000,FIRE,16073.15,CLOSED,False
2739,821,1323,2025-04-11 22:52:58.000000,THEFT,15445.57,CLOSED,False
2740,2125,3043,2026-03-27 09:14:03.000000,GLASS_DAMAGE,21504.74,CLOSED,True
2741,2284,1270,2024-09-11 20:56:47.000000,FLOOD,8740.31,REJECTED,False
2742,3694,1219,2026-01-10 20:02:12.000000,FLOOD,14369.3,APPROVED,False
2743,4225,1050,2024-08-06 18:53:12.000000,VANDALISM,21408.32,IN_REVIEW,True
2744,4532,3696,2025-02-10 01:26:09.000000,FIRE,7664.98,IN_REVIEW,False
2745,1346,4133,2025-04-15 05:20:46.000000,THEFT,15056.36,CLOSED,False
2746,894,2748,2024-10-05 01:13:18.000000,FIRE,4848.71,CLOSED,False
2747,1639,2099,2025-06-01 12:55:34.000000,THEFT,18942.42,OPEN,True
2748,475,663,2025-10-19 21:52:52.000000,GLASS_DAMAGE,7164.51,CLOSED,False
2749,3360,56,2026-02-15 04:21:03.000000,COLLISION,15063.88,OPEN,False
2750,2695,3338,2025-01-05 05:35:00.000000,THEFT,21817.33,APPROVED,True
2751,3118,3660,2025-04-14 22:28:20.000000,FIRE,4349.82,CLOSED,False
2752,2507,538,2025-03-14 13:39:07.000000,GLASS_DAMAGE,15433.91,CLOSED,False
2753,1141,2284,2024-11-09 08:49:50.000000,FIRE,9544.91,CLOSED,False
2754,3577,3641,2024-12-12 04:27:06.000000,FIRE,4361.99,APPROVED,False
2755,965,3630,2025-01-04 23:33:26.000000,FIRE,18574.14,IN_REVIEW,True
2756,2660,769,2026-04-11 12:25:36.000000,COLLISION,4139.94,APPROVED,False
2757,3678,141,2025-07-06 18:02:52.000000,GLASS_DAMAGE,2609.83,APPROVED,False
2758,617,2373,2026-04-05 05:20:45.000000,VANDALISM,2059.21,OPEN,False
2759,946,3103,2026-04-21 11:21:16.000000,THEFT,7297.43,OPEN,False
2760,2846,2213,2026-02-23 21:58:54.000000,COLLISION,22814.58,OPEN,True
2761,2290,3866,2026-01-26 12:52:31.000000,THEFT,22042.26,APPROVED,True
2762,4063,1994,2024-07-07 22:07:24.000000,FIRE,10110.28,IN_REVIEW,False
2763,4475,3300,2024-10-20 15:00:10.000000,VANDALISM,12241.96,REJECTED,False
2764,1340,1158,2026-03-17 15:23:35.000000,FLOOD,3675.9,IN_REVIEW,False
2765,4424,4198,2025-02-09 13:24:57.000000,THEFT,6794.94,IN_REVIEW,False
2766,1926,593,2026-02-24 06:08:24.000000,THEFT,9932.12,OPEN,False
2767,887,2222,2025-10-23 12:02:15.000000,THEFT,16335.17,IN_REVIEW,False
2768,3216,59,2024-09-28 20:27:15.000000,GLASS_DAMAGE,1309.84,IN_REVIEW,False
2769,4713,2815,2025-04-15 01:48:42.000000,THEFT,3810.29,REJECTED,False
2770,2949,1673,2024-10-26 05:08:06.000000,VANDALISM,10806.42,REJECTED,False
2771,300,3227,2025-07-13 06:20:06.000000,THEFT,1578.2,REJECTED,False
2772,4112,4037,2024-11-27 04:58:38.000000,COLLISION,19700.01,REJECTED,True
2773,2656,3111,2024-12-13 23:30:16.000000,GLASS_DAMAGE,20977.76,CLOSED,True
2774,1811,1822,2025-10-07 16:20:27.000000,GLASS_DAMAGE,20989.39,REJECTED,True
2775,207,923,2025-10-19 21:50:40.000000,COLLISION,23375.26,APPROVED,True
2776,1300,1375,2024-11-20 05:50:14.000000,THEFT,9052.9,CLOSED,False
2777,2397,2210,2024-06-14 08:42:51.000000,GLASS_DAMAGE,12058.45,OPEN,False
2778,772,267,2025-11-11 16:15:37.000000,THEFT,10628.08,CLOSED,False
2779,832,2325,2024-06-15 14:47:59.000000,VANDALISM,16717.58,APPROVED,False
2780,1063,3665,2024-12-31 01:22:14.000000,THEFT,12741.4,CLOSED,False
2781,4224,264,2025-02-04 17:24:56.000000,FIRE,10069.62,OPEN,False
2782,2572,3539,2025-12-01 05:58:02.000000,THEFT,5854.06,APPROVED,False
2783,1678,194,2026-02-25 00:43:00.000000,GLASS_DAMAGE,3464.06,APPROVED,False
2784,4129,3723,2025-02-01 07:36:27.000000,VANDALISM,17196.65,IN_REVIEW,False
2785,2316,3884,2025-05-30 09:44:19.000000,COLLISION,17758.0,IN_REVIEW,False
2786,77,1974,2024-10-06 04:36:10.000000,COLLISION,24736.54,CLOSED,True
2787,1957,2032,2025-05-11 15:59:42.000000,FIRE,6514.99,APPROVED,False
2788,623,2186,2025-09-08 07:19:01.000000,COLLISION,17624.02,REJECTED,False
2789,1116,556,2025-10-08 20:21:08.000000,THEFT,10549.75,REJECTED,False
2790,1835,576,2024-08-09 19:21:26.000000,COLLISION,24376.35,CLOSED,True
2791,1039,1119,2024-05-25 08:11:09.000000,VANDALISM,3270.73,REJECTED,False
2792,2313,1099,2026-01-06 03:42:08.000000,GLASS_DAMAGE,19377.12,CLOSED,True
2793,3660,3534,2026-01-04 11:13:31.000000,GLASS_DAMAGE,11373.68,REJECTED,False
2794,1563,3220,2026-03-30 08:25:01.000000,FIRE,9361.68,CLOSED,False
2795,2556,3109,2025-03-11 02:32:56.000000,FIRE,1174.01,CLOSED,False
2796,3232,1091,2024-12-28 14:56:16.000000,FLOOD,7872.78,OPEN,False
2797,3481,886,2026-04-10 16:54:05.000000,FLOOD,20308.84,IN_REVIEW,True
2798,683,2528,2024-09-04 04:34:40.000000,COLLISION,18231.48,OPEN,True
2799,3325,4148,2025-03-12 06:27:19.000000,FIRE,11660.55,APPROVED,False
2800,739,2369,2025-12-19 20:48:50.000000,FLOOD,22506.58,APPROVED,True
2801,1079,3896,2025-02-19 19:56:59.000000,GLASS_DAMAGE,12811.84,APPROVED,False
2802,3049,1884,2025-04-07 03:03:13.000000,VANDALISM,12060.31,CLOSED,False
2803,1401,1899,2026-03-03 06:46:06.000000,GLASS_DAMAGE,13144.74,OPEN,False
2804,2089,1242,2025-01-20 11:42:48.000000,GLASS_DAMAGE,4681.21,IN_REVIEW,False
2805,915,1341,2025-05-14 07:15:10.000000,GLASS_DAMAGE,6504.94,REJECTED,False
2806,4468,2587,2026-04-27 00:23:58.000000,COLLISION,24054.94,CLOSED,True
2807,1941,145,2024-07-26 13:45:07.000000,FIRE,5533.06,APPROVED,False
2808,957,3013,2025-08-21 05:21:58.000000,THEFT,11463.64,REJECTED,False
2809,3988,1147,2025-01-18 14:10:15.000000,VANDALISM,14645.38,APPROVED,False
2810,3868,778,2025-04-25 05:05:23.000000,VANDALISM,18490.92,REJECTED,True
2811,719,1029,2025-08-27 04:23:34.000000,THEFT,9889.26,CLOSED,False
2812,2717,1578,2025-09-10 13:24:31.000000,THEFT,5650.81,IN_REVIEW,False
2813,1012,3485,2026-03-02 20:49:53.000000,FLOOD,22915.87,APPROVED,True
2814,782,3081,2025-04-18 17:18:26.000000,FLOOD,779.79,CLOSED,False
2815,4430,2474,2024-12-26 02:49:51.000000,FIRE,3564.62,CLOSED,False
2816,1505,1405,2025-10-14 01:25:41.000000,THEFT,18779.49,IN_REVIEW,True
2817,555,315,2024-06-14 18:54:06.000000,FIRE,5931.2,IN_REVIEW,False
2818,2817,606,2024-08-07 23:10:14.000000,COLLISION,15084.71,CLOSED,False
2819,4653,2334,2026-05-05 00:07:58.000000,VANDALISM,10136.2,OPEN,False
2820,621,1275,2025-12-09 14:02:46.000000,GLASS_DAMAGE,24382.28,REJECTED,True
2821,1931,3108,2024-07-21 22:25:08.000000,FLOOD,3867.34,OPEN,False
2822,1859,536,2024-05-15 16:31:48.000000,VANDALISM,19722.74,OPEN,True
2823,830,3802,2024-07-05 20:59:51.000000,FIRE,6392.99,REJECTED,False
2824,267,1155,2025-03-26 05:13:52.000000,COLLISION,12629.26,CLOSED,False
2825,2593,3982,2025-11-05 13:54:23.000000,FIRE,3557.01,CLOSED,False
2826,4306,1416,2026-03-03 18:13:14.000000,FLOOD,19224.17,IN_REVIEW,True
2827,2844,2380,2025-11-08 08:44:59.000000,VANDALISM,16020.68,REJECTED,False
2828,3719,3656,2025-12-25 09:21:25.000000,FIRE,9905.65,APPROVED,False
2829,820,3773,2026-02-25 19:54:57.000000,FIRE,10545.34,IN_REVIEW,False
2830,1567,3486,2025-05-24 22:08:14.000000,FIRE,4408.4,OPEN,False
2831,3706,430,2024-09-18 18:37:32.000000,GLASS_DAMAGE,18139.93,APPROVED,True
2832,1898,712,2025-01-01 14:43:52.000000,FIRE,11981.71,APPROVED,False
2833,2078,2618,2025-06-13 23:25:18.000000,VANDALISM,11915.53,OPEN,False
2834,4497,903,2024-07-02 06:40:17.000000,GLASS_DAMAGE,24890.19,REJECTED,True
2835,2653,387,2024-05-12 17:14:25.000000,GLASS_DAMAGE,5462.62,CLOSED,False
2836,1479,1895,2024-11-21 01:38:57.000000,FIRE,16847.12,CLOSED,False
2837,2046,4140,2025-06-14 15:53:47.000000,COLLISION,19064.6,OPEN,True
2838,3170,2838,2025-05-12 22:32:00.000000,THEFT,15991.9,OPEN,False
2839,2914,2421,2025-04-26 00:24:44.000000,FIRE,1860.69,CLOSED,False
2840,2003,2036,2025-10-21 02:10:37.000000,GLASS_DAMAGE,16458.26,APPROVED,False
2841,1752,363,2026-04-19 08:10:11.000000,COLLISION,14009.25,CLOSED,False
2842,2342,2074,2026-05-03 11:01:28.000000,VANDALISM,4431.69,IN_REVIEW,False
2843,78,3066,2025-03-09 20:07:29.000000,FLOOD,13313.7,REJECTED,False
2844,2389,1252,2024-11-18 23:01:59.000000,VANDALISM,8001.07,CLOSED,False
2845,989,2765,2025-01-21 07:43:40.000000,VANDALISM,15030.08,APPROVED,False
2846,678,2407,2025-10-15 15:00:16.000000,GLASS_DAMAGE,2325.55,OPEN,False
2847,4727,613,2025-08-05 14:47:18.000000,COLLISION,4657.36,OPEN,False
2848,1356,669,2025-11-19 02:49:52.000000,VANDALISM,11376.65,CLOSED,False
2849,4677,3816,2025-11-29 22:16:53.000000,FIRE,413.55,REJECTED,False
2850,2386,2319,2024-09-09 17:26:02.000000,GLASS_DAMAGE,24983.57,REJECTED,True
2851,1061,3665,2025-11-13 03:33:25.000000,FIRE,8133.97,REJECTED,False
2852,257,1430,2024-07-18 20:33:56.000000,COLLISION,3418.86,REJECTED,False
2853,668,3558,2025-03-28 14:29:15.000000,GLASS_DAMAGE,11646.56,IN_REVIEW,False
2854,4237,3451,2026-03-28 13:05:15.000000,VANDALISM,8618.59,APPROVED,False
2855,3907,3369,2025-10-10 13:21:54.000000,THEFT,7706.48,REJECTED,False
2856,1853,2623,2025-01-15 16:25:46.000000,VANDALISM,10143.43,CLOSED,False
2857,2348,3708,2025-06-11 03:13:11.000000,FLOOD,290.34,IN_REVIEW,False
2858,2844,413,2024-05-13 16:35:48.000000,THEFT,5237.2,IN_REVIEW,False
2859,4653,2945,2025-05-03 04:08:28.000000,VANDALISM,21793.56,CLOSED,True
2860,2736,2074,2024-05-28 12:31:01.000000,VANDALISM,11654.1,IN_REVIEW,False
2861,4749,157,2026-03-30 21:10:19.000000,GLASS_DAMAGE,8633.49,OPEN,False
2862,1176,2548,2024-11-28 03:04:13.000000,VANDALISM,13129.72,IN_REVIEW,False
2863,3346,4018,2024-11-06 16:54:21.000000,GLASS_DAMAGE,18034.5,IN_REVIEW,True
2864,677,1689,2025-04-27 22:45:55.000000,THEFT,12622.98,OPEN,False
2865,2762,1021,2024-05-23 14:16:24.000000,THEFT,3040.99,APPROVED,False
2866,3331,358,2025-04-05 23:44:22.000000,FLOOD,657.0,IN_REVIEW,False
2867,4084,3802,2024-10-15 20:57:40.000000,FIRE,24619.76,IN_REVIEW,True
2868,1732,2803,2025-10-09 12:42:45.000000,VANDALISM,21400.28,REJECTED,True
2869,857,2892,2025-02-10 04:38:06.000000,FLOOD,12356.57,APPROVED,False
2870,3605,2240,2024-10-05 20:49:05.000000,GLASS_DAMAGE,5473.62,CLOSED,False
2871,2861,3719,2025-08-19 03:18:32.000000,GLASS_DAMAGE,21747.79,CLOSED,True
2872,3672,1549,2024-08-25 00:35:15.000000,FIRE,20290.44,REJECTED,True
2873,4453,1395,2025-12-15 05:57:13.000000,FIRE,21827.49,OPEN,True
2874,1143,923,2024-08-28 09:37:10.000000,COLLISION,4824.8,APPROVED,False
2875,3584,1924,2025-03-31 03:30:16.000000,COLLISION,20696.89,CLOSED,True
2876,4091,644,2024-10-04 05:38:27.000000,GLASS_DAMAGE,24666.79,IN_REVIEW,True
2877,542,2416,2026-04-15 10:51:04.000000,FIRE,2018.38,APPROVED,False
2878,1761,4064,2024-10-15 04:26:42.000000,THEFT,1042.67,IN_REVIEW,False
2879,4172,1867,2025-01-05 10:56:20.000000,FIRE,7145.26,OPEN,False
2880,4009,690,2024-12-24 04:58:02.000000,GLASS_DAMAGE,22867.49,CLOSED,True
2881,3450,3995,2025-03-30 04:22:21.000000,COLLISION,20712.39,REJECTED,True
2882,3547,3096,2024-11-02 16:02:39.000000,FLOOD,12675.04,APPROVED,False
2883,4320,3044,2026-02-21 10:58:48.000000,FIRE,14036.91,IN_REVIEW,False
2884,146,2260,2026-01-09 22:27:07.000000,THEFT,7705.91,OPEN,False
2885,3455,808,2024-10-23 10:49:05.000000,THEFT,5418.5,REJECTED,False
2886,1804,2979,2025-09-27 15:15:17.000000,THEFT,23810.72,OPEN,True
2887,3409,1230,2026-04-10 16:14:00.000000,COLLISION,5387.97,CLOSED,False
2888,662,3530,2026-02-23 17:54:32.000000,VANDALISM,23304.23,IN_REVIEW,True
2889,3151,1818,2026-05-10 13:49:23.000000,THEFT,7832.57,OPEN,False
2890,2932,1730,2024-12-20 15:53:29.000000,FLOOD,12873.95,IN_REVIEW,False
2891,759,1059,2024-10-14 21:12:31.000000,FLOOD,11361.52,CLOSED,False
2892,2388,3322,2025-09-27 20:32:53.000000,GLASS_DAMAGE,19009.74,IN_REVIEW,True
2893,3495,2898,2024-08-25 03:42:58.000000,GLASS_DAMAGE,7005.16,OPEN,False
2894,2067,434,2024-08-17 06:28:52.000000,VANDALISM,7908.01,IN_REVIEW,False
2895,2180,6,2026-03-22 13:55:38.000000,GLASS_DAMAGE,14886.25,CLOSED,False
2896,495,4017,2025-08-09 11:40:57.000000,COLLISION,11387.09,CLOSED,False
2897,1416,2006,2025-08-15 05:37:47.000000,GLASS_DAMAGE,19990.69,APPROVED,True
2898,1844,1723,2025-11-15 01:29:04.000000,VANDALISM,8718.34,IN_REVIEW,False
2899,1425,3460,2024-09-30 19:22:10.000000,COLLISION,13192.11,OPEN,False
2900,3239,1328,2024-09-12 20:32:47.000000,VANDALISM,10879.01,REJECTED,False
2901,3431,3175,2025-12-08 16:53:25.000000,FIRE,15826.78,CLOSED,False
2902,4029,2963,2025-11-20 08:30:25.000000,VANDALISM,6383.2,REJECTED,False
2903,4738,3000,2024-08-12 11:44:46.000000,GLASS_DAMAGE,10043.47,CLOSED,False
2904,4703,982,2024-07-11 13:35:13.000000,THEFT,17867.6,IN_REVIEW,False
2905,4062,720,2025-05-31 12:38:49.000000,THEFT,21028.56,APPROVED,True
2906,1083,480,2025-12-06 06:28:55.000000,THEFT,23919.7,APPROVED,True
2907,3353,3267,2024-11-16 19:12:37.000000,THEFT,7171.53,OPEN,False
2908,4451,2241,2026-03-29 04:07:49.000000,GLASS_DAMAGE,2251.47,IN_REVIEW,False
2909,1382,2699,2026-05-09 07:14:14.000000,COLLISION,22531.41,OPEN,True
2910,2132,2659,2026-02-06 16:36:30.000000,FIRE,2078.41,CLOSED,False
2911,3461,3482,2024-11-29 14:56:17.000000,FIRE,7701.94,REJECTED,False
2912,1173,3899,2025-09-20 19:47:19.000000,VANDALISM,6304.47,CLOSED,False
2913,4759,3247,2025-12-15 01:05:14.000000,GLASS_DAMAGE,2607.24,OPEN,False
2914,1805,710,2025-06-29 01:29:38.000000,THEFT,5832.6,IN_REVIEW,False
2915,3898,1765,2026-01-31 08:17:28.000000,COLLISION,14502.37,APPROVED,False
2916,4585,2095,2025-06-26 10:30:02.000000,VANDALISM,12446.83,IN_REVIEW,False
2917,2624,1487,2025-02-03 00:21:57.000000,FIRE,19041.63,REJECTED,True
2918,2759,2703,2025-12-15 19:53:57.000000,FLOOD,4438.86,APPROVED,False
2919,604,2576,2024-10-31 01:49:19.000000,VANDALISM,4514.61,CLOSED,False
2920,3302,2626,2025-12-27 15:07:07.000000,THEFT,3814.36,REJECTED,False
2921,1594,3868,2026-05-01 10:42:19.000000,VANDALISM,9907.91,CLOSED,False
2922,2621,1414,2025-08-19 14:27:05.000000,GLASS_DAMAGE,17675.34,REJECTED,False
2923,3236,1168,2024-06-14 01:26:54.000000,VANDALISM,13953.93,APPROVED,False
2924,3750,3897,2025-07-16 23:38:10.000000,THEFT,21081.34,CLOSED,True
2925,4396,3836,2026-02-20 07:42:59.000000,FLOOD,15348.23,REJECTED,False
2926,3056,2665,2026-05-11 00:23:15.000000,VANDALISM,8449.78,OPEN,False
2927,3588,63,2024-12-09 16:27:11.000000,GLASS_DAMAGE,21662.28,CLOSED,True
2928,1818,232,2024-09-20 02:09:02.000000,GLASS_DAMAGE,4530.55,IN_REVIEW,False
2929,1930,1460,2025-10-06 06:47:45.000000,VANDALISM,4758.87,REJECTED,False
2930,1590,3526,2025-03-22 19:30:56.000000,VANDALISM,1608.07,REJECTED,False
2931,681,1417,2025-04-30 09:25:09.000000,COLLISION,21664.36,APPROVED,True
2932,3136,28,2025-10-28 02:32:36.000000,THEFT,16126.66,CLOSED,False
2933,1188,1747,2024-08-10 20:48:10.000000,FLOOD,23598.64,OPEN,True
2934,1707,4004,2024-12-04 01:56:02.000000,THEFT,1384.68,APPROVED,False
2935,221,1118,2025-02-25 16:18:17.000000,FIRE,15478.88,APPROVED,False
2936,1385,483,2025-11-06 16:23:06.000000,FLOOD,24698.59,APPROVED,True
2937,3261,1090,2026-03-01 04:26:10.000000,VANDALISM,3996.14,APPROVED,False
2938,3342,2682,2024-06-20 06:32:25.000000,VANDALISM,7845.58,CLOSED,False
2939,464,3782,2025-05-18 14:14:36.000000,GLASS_DAMAGE,4599.59,REJECTED,False
2940,4553,1416,2024-12-20 20:18:47.000000,VANDALISM,14258.83,REJECTED,False
2941,1236,2576,2024-12-16 21:34:22.000000,FIRE,24536.19,APPROVED,True
2942,4351,2754,2024-05-13 22:07:53.000000,COLLISION,13952.89,REJECTED,False
2943,4260,669,2026-01-14 13:04:03.000000,FIRE,17719.44,REJECTED,False
2944,2309,666,2025-04-20 02:57:41.000000,THEFT,3169.4,OPEN,False
2945,1318,1484,2025-06-30 10:38:59.000000,FIRE,17996.24,OPEN,False
2946,4744,3617,2025-06-07 23:36:26.000000,FIRE,14951.89,OPEN,False
2947,3150,658,2025-09-13 18:46:18.000000,THEFT,13379.0,CLOSED,False
2948,2247,2268,2025-11-30 05:37:11.000000,FIRE,13129.9,CLOSED,False
2949,3563,4091,2025-11-15 17:01:56.000000,COLLISION,9688.33,OPEN,False
2950,270,855,2025-06-20 17:35:33.000000,VANDALISM,21722.05,CLOSED,True
2951,2135,1251,2024-05-27 18:31:06.000000,FLOOD,22953.84,APPROVED,True
2952,2626,1661,2025-05-19 10:03:10.000000,COLLISION,11774.9,IN_REVIEW,False
2953,1997,1121,2025-08-24 14:35:04.000000,FIRE,9658.7,IN_REVIEW,False
2954,4558,2563,2025-08-08 05:40:54.000000,THEFT,24003.23,APPROVED,True
2955,4599,2735,2026-03-23 09:55:59.000000,THEFT,11812.41,APPROVED,False
2956,1978,624,2025-05-09 21:24:45.000000,THEFT,975.05,REJECTED,False
2957,3397,2078,2024-08-24 08:31:30.000000,GLASS_DAMAGE,1171.69,REJECTED,False
2958,3289,1906,2024-09-06 10:35:35.000000,COLLISION,17071.8,APPROVED,False
2959,3945,177,2024-06-08 08:20:36.000000,GLASS_DAMAGE,11990.87,OPEN,False
2960,588,1483,2024-06-29 15:17:11.000000,FLOOD,1062.6,APPROVED,False
2961,2248,145,2024-05-16 10:40:43.000000,VANDALISM,22059.16,REJECTED,True
2962,3024,2197,2024-05-25 11:57:11.000000,GLASS_DAMAGE,1977.79,REJECTED,False
2963,2835,147,2026-01-07 06:29:38.000000,COLLISION,8405.98,APPROVED,False
2964,660,2483,2025-09-02 16:23:51.000000,COLLISION,23897.07,IN_REVIEW,True
2965,163,1789,2025-01-21 05:06:03.000000,FLOOD,1958.7,APPROVED,False
2966,4348,1978,2024-08-08 09:09:52.000000,GLASS_DAMAGE,12040.9,OPEN,False
2967,1903,3295,2025-01-26 22:43:15.000000,VANDALISM,16095.52,APPROVED,False
2968,1006,1307,2024-08-04 22:08:55.000000,THEFT,21332.52,OPEN,True
2969,2457,277,2024-07-11 21:37:41.000000,COLLISION,20471.34,OPEN,True
2970,4733,4081,2025-12-05 08:28:34.000000,VANDALISM,3406.67,IN_REVIEW,False
2971,19,908,2024-10-28 00:32:43.000000,FIRE,21090.72,CLOSED,True
2972,4577,3124,2025-02-23 02:07:51.000000,FIRE,3891.93,OPEN,False
2973,1179,2297,2026-02-08 07:18:47.000000,THEFT,8756.73,REJECTED,False
2974,1250,272,2025-01-03 06:05:28.000000,FIRE,5504.19,CLOSED,False
2975,1980,1408,2024-06-05 02:40:02.000000,COLLISION,22706.24,REJECTED,True
2976,1658,1354,2025-04-26 06:29:57.000000,VANDALISM,1520.42,APPROVED,False
2977,2996,1844,2025-06-15 20:03:07.000000,THEFT,2087.37,OPEN,False
2978,198,1007,2025-12-05 01:22:20.000000,COLLISION,10309.19,REJECTED,False
2979,3110,1432,2025-04-06 02:50:46.000000,VANDALISM,21176.09,APPROVED,True
2980,2605,1989,2025-12-30 19:16:52.000000,THEFT,23126.57,CLOSED,True
2981,887,1915,2024-09-19 20:04:38.000000,FIRE,3183.12,REJECTED,False
2982,3633,1564,2025-02-26 15:21:50.000000,THEFT,2720.79,APPROVED,False
2983,1639,608,2025-07-02 20:56:34.000000,FLOOD,4116.38,REJECTED,False
2984,1570,1226,2025-10-19 18:57:45.000000,COLLISION,13978.04,OPEN,False
2985,234,1157,2024-07-17 22:10:08.000000,THEFT,16827.4,IN_REVIEW,False
2986,804,536,2024-10-25 14:30:00.000000,GLASS_DAMAGE,2963.67,IN_REVIEW,False
2987,807,3854,2025-01-04 10:11:49.000000,THEFT,23958.75,APPROVED,True
2988,1338,1605,2025-03-31 10:55:53.000000,GLASS_DAMAGE,14357.38,IN_REVIEW,False
2989,312,347,2025-09-24 02:14:55.000000,COLLISION,16410.58,OPEN,False
2990,2988,1854,2024-09-22 20:49:09.000000,COLLISION,11567.71,APPROVED,False
2991,3447,3838,2024-12-07 12:36:41.000000,FIRE,16487.24,APPROVED,False
2992,2335,377,2025-04-15 13:26:49.000000,FLOOD,24355.58,CLOSED,True
2993,939,1652,2025-02-13 13:16:25.000000,FLOOD,5927.06,OPEN,False
2994,2659,2716,2025-06-19 22:20:23.000000,FLOOD,2716.42,REJECTED,False
2995,1545,3296,2025-05-29 19:02:20.000000,COLLISION,13548.06,OPEN,False
2996,2402,279,2026-04-17 15:26:14.000000,THEFT,24148.2,OPEN,True
2997,2802,3706,2025-05-10 05:30:25.000000,FLOOD,17412.26,APPROVED,False
2998,4227,1218,2024-06-10 14:32:55.000000,COLLISION,24688.2,CLOSED,True
2999,3002,1295,2026-01-21 04:30:33.000000,COLLISION,14157.14,IN_REVIEW,False
3000,441,257,2026-04-22 06:30:10.000000,THEFT,2939.68,IN_REVIEW,False
3001,819,2047,2025-01-24 03:20:30.000000,THEFT,11143.72,CLOSED,False
3002,138,418,2025-05-15 15:18:48.000000,FIRE,9312.94,CLOSED,False
3003,1233,3102,2025-07-08 00:54:01.000000,GLASS_DAMAGE,10725.61,OPEN,False
3004,68,725,2024-08-27 05:12:54.000000,VANDALISM,5506.0,CLOSED,False
3005,1568,3237,2025-10-30 17:59:11.000000,VANDALISM,15822.46,OPEN,False
3006,2615,1302,2026-03-15 16:40:55.000000,FLOOD,20148.83,OPEN,True
3007,3327,809,2025-04-19 16:14:49.000000,GLASS_DAMAGE,22719.57,APPROVED,True
3008,2461,2762,2025-03-03 11:39:37.000000,GLASS_DAMAGE,24670.12,APPROVED,True
3009,3710,3826,2025-04-13 11:39:55.000000,COLLISION,11164.32,REJECTED,False
3010,1183,1767,2025-03-17 18:04:01.000000,FIRE,10305.59,IN_REVIEW,False
3011,3333,212,2026-02-14 00:27:02.000000,THEFT,6656.7,IN_REVIEW,False
3012,578,386,2026-04-20 17:42:35.000000,FIRE,3797.26,REJECTED,False
3013,3987,4047,2025-01-10 02:08:16.000000,THEFT,13399.13,APPROVED,False
3014,3007,1428,2024-07-31 02:34:28.000000,FLOOD,7330.46,APPROVED,False
3015,3250,1597,2026-03-16 06:27:48.000000,VANDALISM,18593.65,CLOSED,True
3016,1260,1103,2024-09-30 09:28:48.000000,GLASS_DAMAGE,12768.43,CLOSED,False
3017,350,1153,2026-04-19 23:49:39.000000,VANDALISM,23028.89,OPEN,True
3018,3062,2444,2024-12-24 14:33:36.000000,FIRE,6446.98,CLOSED,False
3019,2857,2054,2025-07-15 01:11:31.000000,THEFT,17403.6,IN_REVIEW,False
3020,169,3527,2025-12-17 18:17:21.000000,FIRE,20519.47,REJECTED,True
3021,1602,2662,2026-02-17 10:42:14.000000,FIRE,11548.93,REJECTED,False
3022,3291,1319,2026-02-23 05:57:41.000000,THEFT,20806.22,APPROVED,True
3023,4245,3841,2024-12-17 10:58:49.000000,FLOOD,930.36,OPEN,False
3024,3598,593,2024-08-15 10:26:00.000000,GLASS_DAMAGE,9677.65,CLOSED,False
3025,1004,2533,2025-03-16 19:31:50.000000,COLLISION,5384.69,IN_REVIEW,False
3026,3435,78,2025-01-04 14:08:20.000000,THEFT,13234.47,APPROVED,False
3027,2888,3968,2025-01-07 11:53:35.000000,GLASS_DAMAGE,9474.62,IN_REVIEW,False
3028,3689,3246,2024-08-17 13:52:05.000000,FIRE,15751.19,CLOSED,False
3029,2553,950,2025-06-03 19:27:25.000000,VANDALISM,1854.5,CLOSED,False
3030,2058,1315,2025-12-25 18:38:24.000000,FIRE,17255.56,APPROVED,False
3031,572,4026,2025-10-07 14:23:44.000000,VANDALISM,9178.05,OPEN,False
3032,2897,2613,2025-07-23 01:32:52.000000,FLOOD,18455.4,IN_REVIEW,True
3033,1164,706,2024-09-15 01:55:29.000000,FLOOD,21375.85,REJECTED,True
3034,3484,3213,2026-03-03 06:48:08.000000,GLASS_DAMAGE,21147.21,IN_REVIEW,True
3035,2109,1353,2026-01-29 21:05:49.000000,VANDALISM,3609.2,IN_REVIEW,False
3036,3636,48,2026-01-27 07:05:58.000000,FLOOD,14423.42,IN_REVIEW,False
3037,271,2383,2025-01-29 03:18:10.000000,FLOOD,7380.33,APPROVED,False
3038,4219,3802,2025-01-01 07:38:10.000000,COLLISION,16665.88,OPEN,False
3039,494,1302,2025-04-03 07:42:53.000000,THEFT,4921.03,REJECTED,False
3040,2441,2351,2025-09-23 11:52:46.000000,FIRE,3361.52,CLOSED,False
3041,4132,3134,2024-10-21 11:08:33.000000,COLLISION,14087.0,IN_REVIEW,False
3042,2119,1069,2025-10-07 06:27:13.000000,FLOOD,3335.3,CLOSED,False
3043,4003,291,2026-02-20 20:21:45.000000,FLOOD,13025.24,CLOSED,False
3044,1560,1719,2025-07-11 22:32:10.000000,VANDALISM,11296.38,OPEN,False
3045,570,2746,2025-03-28 22:06:05.000000,COLLISION,19970.4,CLOSED,True
3046,3531,2987,2024-11-01 17:49:12.000000,THEFT,2840.62,IN_REVIEW,False
3047,2834,2444,2025-01-07 20:52:56.000000,THEFT,21198.74,REJECTED,True
3048,1167,2137,2025-02-26 15:13:27.000000,THEFT,2085.14,REJECTED,False
3049,2741,3194,2025-08-18 03:06:35.000000,FLOOD,3875.6,OPEN,False
3050,810,2123,2025-09-24 00:38:47.000000,FIRE,20899.52,OPEN,True
3051,1258,595,2025-05-17 16:44:03.000000,COLLISION,11032.89,IN_REVIEW,False
3052,3591,3563,2026-01-11 00:24:37.000000,VANDALISM,16473.02,APPROVED,False
3053,2079,909,2026-02-22 19:40:09.000000,THEFT,16962.72,OPEN,False
3054,1798,2825,2024-12-28 10:38:43.000000,THEFT,12751.29,OPEN,False
3055,3653,230,2026-02-08 11:50:58.000000,GLASS_DAMAGE,20685.7,OPEN,True
3056,988,3122,2024-10-10 12:07:20.000000,GLASS_DAMAGE,14267.74,OPEN,False
3057,2700,18,2025-06-28 17:58:59.000000,GLASS_DAMAGE,3644.97,CLOSED,False
3058,4721,2020,2025-01-10 12:53:37.000000,THEFT,21334.82,REJECTED,True
3059,95,3540,2026-01-15 03:35:29.000000,VANDALISM,8596.29,CLOSED,False
3060,3616,3123,2026-03-07 07:59:07.000000,COLLISION,11037.64,CLOSED,False
3061,1633,2315,2025-12-03 16:42:28.000000,FLOOD,9050.55,CLOSED,False
3062,3809,3999,2024-12-26 14:57:56.000000,FIRE,10203.6,CLOSED,False
3063,381,2524,2025-09-14 04:54:08.000000,VANDALISM,24654.63,OPEN,True
3064,797,3924,2025-02-10 04:53:57.000000,THEFT,24093.25,IN_REVIEW,True
3065,3512,1996,2025-09-03 00:32:07.000000,VANDALISM,17745.09,OPEN,False
3066,1347,3917,2025-07-26 03:45:23.000000,COLLISION,3112.58,OPEN,False
3067,1651,3560,2026-03-16 20:15:13.000000,THEFT,20144.3,OPEN,True
3068,4387,3950,2026-03-24 05:53:06.000000,FIRE,2150.91,IN_REVIEW,False
3069,1474,3846,2025-03-05 06:11:11.000000,COLLISION,13010.96,CLOSED,False
3070,491,1249,2025-11-09 16:17:16.000000,FIRE,21570.08,IN_REVIEW,True
3071,4675,591,2024-10-11 15:02:48.000000,GLASS_DAMAGE,21711.01,REJECTED,True
3072,3039,500,2025-04-18 14:04:48.000000,COLLISION,24144.78,OPEN,True
3073,3280,140,2026-04-29 05:00:05.000000,FLOOD,18465.53,OPEN,True
3074,256,4041,2026-04-16 15:45:30.000000,FLOOD,16215.43,IN_REVIEW,False
3075,1509,1830,2024-10-25 16:51:33.000000,GLASS_DAMAGE,24843.85,REJECTED,True
3076,2197,1058,2025-10-26 19:31:37.000000,COLLISION,439.55,OPEN,False
3077,2737,3572,2025-08-06 07:00:42.000000,THEFT,4810.1,OPEN,False
3078,3600,1822,2024-07-23 22:51:20.000000,THEFT,14341.82,CLOSED,False
3079,4518,1285,2024-09-14 00:54:42.000000,VANDALISM,24822.85,REJECTED,True
3080,1877,525,2025-10-27 17:49:38.000000,FLOOD,12853.37,OPEN,False
3081,947,763,2024-06-09 03:07:46.000000,GLASS_DAMAGE,5049.06,OPEN,False
3082,3703,3487,2025-07-07 21:21:34.000000,VANDALISM,23612.85,REJECTED,True
3083,4708,3463,2025-11-06 21:31:21.000000,GLASS_DAMAGE,23615.41,OPEN,True
3084,3020,2141,2025-08-28 23:45:41.000000,FLOOD,15122.51,OPEN,False
3085,102,778,2025-08-15 09:30:08.000000,VANDALISM,18774.03,OPEN,True
3086,2872,2139,2025-10-30 13:59:28.000000,FLOOD,12909.85,OPEN,False
3087,3955,2857,2024-05-24 08:09:19.000000,FLOOD,22954.47,CLOSED,True
3088,4230,1778,2025-11-28 15:24:27.000000,FLOOD,13899.56,OPEN,False
3089,3978,181,2025-05-03 20:48:21.000000,COLLISION,20391.01,CLOSED,True
3090,722,928,2024-07-14 10:55:29.000000,GLASS_DAMAGE,2771.34,APPROVED,False
3091,4119,204,2025-03-20 02:24:57.000000,THEFT,17229.81,IN_REVIEW,False
3092,2563,501,2025-09-02 23:51:56.000000,COLLISION,19496.13,IN_REVIEW,True
3093,593,1880,2024-11-24 17:46:47.000000,GLASS_DAMAGE,13477.65,IN_REVIEW,False
3094,4688,1048,2025-06-01 04:57:51.000000,COLLISION,1593.17,REJECTED,False
3095,1792,838,2025-11-11 10:50:44.000000,GLASS_DAMAGE,24966.0,OPEN,True
3096,2388,1362,2026-05-11 08:26:19.000000,FIRE,9126.18,OPEN,False
3097,852,3508,2025-12-13 13:55:38.000000,VANDALISM,22986.43,OPEN,True
3098,3242,1549,2025-05-20 12:23:58.000000,COLLISION,4496.91,APPROVED,False
3099,1995,3680,2025-03-13 22:19:15.000000,THEFT,16570.38,CLOSED,False
3100,935,1736,2024-07-22 05:55:06.000000,COLLISION,16950.08,REJECTED,False
3101,4718,1794,2025-10-29 01:43:50.000000,FLOOD,20864.05,APPROVED,True
3102,4284,1414,2025-02-11 00:21:05.000000,FIRE,7946.34,CLOSED,False
3103,3072,204,2025-09-27 16:24:16.000000,VANDALISM,5687.61,CLOSED,False
3104,2119,265,2026-02-26 00:27:01.000000,THEFT,10393.01,APPROVED,False
3105,3127,1953,2024-08-22 04:10:11.000000,COLLISION,17492.98,OPEN,False
3106,1748,3512,2024-11-13 16:43:25.000000,FLOOD,3123.07,OPEN,False
3107,1514,651,2025-09-19 20:31:57.000000,FIRE,5922.17,OPEN,False
3108,4389,354,2025-06-18 03:39:08.000000,GLASS_DAMAGE,18940.93,REJECTED,True
3109,2813,2290,2024-10-11 03:32:37.000000,VANDALISM,11048.98,OPEN,False
3110,1339,2448,2025-09-26 12:08:37.000000,THEFT,20783.27,IN_REVIEW,True
3111,3125,1811,2025-11-12 12:39:14.000000,FLOOD,23941.84,IN_REVIEW,True
3112,2658,2328,2025-10-19 07:50:58.000000,GLASS_DAMAGE,11167.42,APPROVED,False
3113,2955,168,2025-01-31 12:43:46.000000,COLLISION,22415.96,IN_REVIEW,True
3114,503,1378,2025-05-21 10:30:34.000000,FIRE,5543.32,OPEN,False
3115,3137,3732,2024-07-31 20:55:05.000000,FLOOD,22019.32,CLOSED,True
3116,3680,2567,2024-08-07 22:40:04.000000,VANDALISM,22690.19,OPEN,True
3117,1310,2099,2026-03-27 23:27:22.000000,VANDALISM,6668.36,CLOSED,False
3118,1221,2229,2025-03-31 01:26:47.000000,VANDALISM,12635.7,REJECTED,False
3119,3521,1369,2025-01-25 01:45:18.000000,VANDALISM,24220.5,IN_REVIEW,True
3120,79,1745,2024-08-11 13:32:21.000000,COLLISION,1912.16,REJECTED,False
3121,2541,1978,2025-04-15 14:39:28.000000,FLOOD,11760.0,CLOSED,False
3122,2432,498,2025-03-23 10:36:20.000000,THEFT,9617.33,CLOSED,False
3123,1128,611,2024-10-14 15:10:08.000000,FLOOD,1092.11,OPEN,False
3124,4478,2697,2024-06-11 17:33:52.000000,VANDALISM,11992.11,REJECTED,False
3125,498,643,2026-05-03 14:58:20.000000,GLASS_DAMAGE,3594.33,OPEN,False
3126,130,2125,2026-02-08 16:22:11.000000,COLLISION,18710.22,REJECTED,True
3127,43,2376,2025-12-24 03:36:20.000000,FIRE,23452.55,CLOSED,True
3128,2248,1524,2025-12-14 17:34:10.000000,THEFT,18909.79,REJECTED,True
3129,1091,2519,2024-12-22 15:25:04.000000,FLOOD,21351.6,OPEN,True
3130,518,2421,2025-12-06 19:19:35.000000,FLOOD,4468.76,IN_REVIEW,False
3131,1644,3004,2024-08-22 15:20:17.000000,FIRE,17530.99,OPEN,False
3132,1328,1087,2024-10-08 17:53:41.000000,VANDALISM,2746.04,OPEN,False
3133,924,1579,2024-06-14 07:59:21.000000,FIRE,21583.36,APPROVED,True
3134,2481,1967,2025-12-14 00:28:53.000000,FLOOD,10468.15,IN_REVIEW,False
3135,292,1188,2024-10-30 21:01:13.000000,FIRE,18224.45,IN_REVIEW,True
3136,1454,2987,2025-09-04 03:36:46.000000,FIRE,17841.83,REJECTED,False
3137,4206,1627,2025-02-07 08:16:56.000000,VANDALISM,12869.63,IN_REVIEW,False
3138,3234,3518,2024-08-15 14:48:29.000000,GLASS_DAMAGE,21842.36,CLOSED,True
3139,1546,1852,2025-01-07 01:25:56.000000,GLASS_DAMAGE,5143.69,OPEN,False
3140,3043,1374,2024-09-11 00:26:52.000000,FLOOD,8772.7,CLOSED,False
3141,2078,3699,2025-03-18 06:32:39.000000,FLOOD,10325.28,APPROVED,False
3142,931,1729,2025-11-22 05:23:38.000000,VANDALISM,14900.97,IN_REVIEW,False
3143,1909,2671,2024-08-11 13:58:37.000000,COLLISION,10200.16,APPROVED,False
3144,4504,2389,2025-04-10 05:39:57.000000,THEFT,3649.4,IN_REVIEW,False
3145,3885,2191,2025-06-28 00:43:21.000000,GLASS_DAMAGE,11922.37,CLOSED,False
3146,2304,825,2024-06-03 09:33:14.000000,VANDALISM,19594.63,CLOSED,True
3147,1116,1992,2025-04-20 09:29:21.000000,FLOOD,9064.18,APPROVED,False
3148,2945,2106,2025-02-12 20:10:19.000000,COLLISION,12587.26,IN_REVIEW,False
3149,992,3505,2025-01-31 00:23:32.000000,FLOOD,15762.08,APPROVED,False
3150,642,2183,2024-08-10 01:24:13.000000,VANDALISM,14971.34,OPEN,False
3151,1086,2992,2024-09-27 01:05:52.000000,THEFT,12776.59,OPEN,False
3152,4403,1736,2025-03-28 01:13:52.000000,THEFT,19610.37,APPROVED,True
3153,3893,4116,2026-03-02 07:10:21.000000,COLLISION,11726.15,IN_REVIEW,False
3154,2173,3728,2025-08-15 16:20:32.000000,VANDALISM,2708.48,REJECTED,False
3155,1916,1340,2026-01-03 22:26:24.000000,FIRE,13264.94,APPROVED,False
3156,3536,2206,2025-04-21 16:14:28.000000,GLASS_DAMAGE,6634.41,REJECTED,False
3157,1642,1503,2024-12-09 22:20:44.000000,THEFT,24313.31,IN_REVIEW,True
3158,257,616,2025-06-11 09:16:06.000000,FLOOD,12015.11,APPROVED,False
3159,1416,3617,2024-08-16 01:13:15.000000,FLOOD,6104.36,IN_REVIEW,False
3160,2723,464,2025-12-20 09:58:14.000000,THEFT,19569.69,CLOSED,True
3161,1171,426,2025-02-21 00:52:19.000000,FLOOD,21921.23,IN_REVIEW,True
3162,3647,2046,2026-02-09 11:38:23.000000,GLASS_DAMAGE,4008.67,OPEN,False
3163,4582,3859,2024-08-27 04:23:22.000000,THEFT,6657.62,OPEN,False
3164,2027,1138,2024-06-02 20:09:53.000000,VANDALISM,24131.05,APPROVED,True
3165,3804,2809,2025-12-02 16:13:04.000000,COLLISION,12437.22,OPEN,False
3166,2178,960,2025-11-20 19:17:23.000000,COLLISION,15394.12,IN_REVIEW,False
3167,4092,433,2024-12-01 23:00:21.000000,GLASS_DAMAGE,10840.62,REJECTED,False
3168,3368,2654,2025-05-02 02:17:20.000000,FIRE,3175.87,APPROVED,False
3169,3235,857,2025-02-08 19:20:20.000000,GLASS_DAMAGE,4858.96,OPEN,False
3170,598,36,2026-01-25 16:35:39.000000,THEFT,12363.39,CLOSED,False
3171,1118,4057,2025-08-04 20:33:27.000000,FIRE,1882.51,IN_REVIEW,False
3172,3027,2169,2025-03-07 04:13:43.000000,VANDALISM,8653.91,APPROVED,False
3173,2641,3691,2025-10-21 17:17:22.000000,THEFT,15118.65,REJECTED,False
3174,978,632,2025-04-10 01:14:08.000000,VANDALISM,8860.04,CLOSED,False
3175,3037,2201,2024-07-01 18:30:25.000000,FLOOD,23185.92,IN_REVIEW,True
3176,4749,563,2024-08-03 10:21:50.000000,VANDALISM,6216.21,REJECTED,False
3177,2084,2142,2025-03-29 15:58:21.000000,THEFT,10503.52,CLOSED,False
3178,3292,3902,2026-02-14 02:29:24.000000,COLLISION,15072.75,REJECTED,False
3179,3465,252,2025-01-19 11:52:31.000000,FLOOD,4413.61,IN_REVIEW,False
3180,66,1869,2024-05-23 15:57:45.000000,VANDALISM,19822.38,REJECTED,True
3181,1487,2221,2024-11-19 12:22:10.000000,VANDALISM,17826.51,REJECTED,False
3182,1209,73,2025-07-16 23:54:44.000000,GLASS_DAMAGE,18382.3,OPEN,True
3183,3455,483,2026-01-28 10:11:28.000000,GLASS_DAMAGE,20440.72,IN_REVIEW,True
3184,3930,3959,2026-04-21 08:10:53.000000,THEFT,6547.23,IN_REVIEW,False
3185,4231,3641,2024-08-27 07:45:04.000000,GLASS_DAMAGE,1785.54,REJECTED,False
3186,1095,2121,2025-05-13 09:49:29.000000,GLASS_DAMAGE,21205.91,IN_REVIEW,True
3187,3205,232,2025-09-05 17:33:47.000000,VANDALISM,18354.86,CLOSED,True
3188,2489,2357,2025-02-07 06:42:20.000000,FIRE,619.06,OPEN,False
3189,3986,2758,2024-12-19 09:04:30.000000,FIRE,4808.05,REJECTED,False
3190,361,3259,2024-11-11 05:24:25.000000,COLLISION,16750.9,REJECTED,False
3191,3405,485,2025-04-20 11:12:26.000000,COLLISION,1391.36,APPROVED,False
3192,1016,1594,2024-06-23 16:05:21.000000,COLLISION,23281.37,APPROVED,True
3193,3209,2943,2024-07-11 01:57:28.000000,GLASS_DAMAGE,427.97,OPEN,False
3194,1328,3651,2024-06-11 10:43:47.000000,FLOOD,10437.9,IN_REVIEW,False
3195,4275,3818,2024-09-01 20:29:02.000000,THEFT,2852.77,OPEN,False
3196,4139,3406,2025-05-15 06:57:03.000000,FLOOD,23413.42,REJECTED,True
3197,1308,3202,2024-09-11 19:05:40.000000,FLOOD,1675.97,CLOSED,False
3198,950,1079,2025-03-14 23:57:10.000000,FIRE,7850.71,OPEN,False
3199,2418,1886,2024-11-19 04:56:44.000000,THEFT,11393.53,CLOSED,False
3200,3060,471,2025-10-05 01:10:30.000000,FLOOD,7660.77,CLOSED,False
3201,766,3569,2025-07-31 03:24:36.000000,VANDALISM,23879.03,OPEN,True
3202,4289,3545,2024-10-12 02:55:43.000000,FIRE,17211.47,OPEN,False
3203,606,3763,2026-01-19 04:27:39.000000,VANDALISM,17882.32,CLOSED,False
3204,1633,4198,2026-01-03 19:28:06.000000,COLLISION,23539.5,APPROVED,True
3205,3794,1883,2024-06-18 13:38:16.000000,COLLISION,5718.22,REJECTED,False
3206,1144,2476,2026-03-15 04:51:13.000000,FIRE,3508.68,IN_REVIEW,False
3207,2282,3280,2025-02-03 12:35:49.000000,FIRE,13006.31,APPROVED,False
3208,4316,176,2025-10-22 12:19:34.000000,FLOOD,834.54,OPEN,False
3209,4602,3759,2025-11-04 11:17:53.000000,FLOOD,21341.6,REJECTED,True
3210,3224,1368,2024-12-26 00:43:43.000000,THEFT,557.89,IN_REVIEW,False
3211,3710,4172,2024-08-28 21:45:34.000000,GLASS_DAMAGE,9119.1,APPROVED,False
3212,3534,2118,2026-01-16 18:36:53.000000,GLASS_DAMAGE,377.23,APPROVED,False
3213,4235,1759,2024-12-11 20:24:28.000000,COLLISION,10481.15,APPROVED,False
3214,890,3617,2025-08-31 02:10:16.000000,FLOOD,24287.96,OPEN,True
3215,1062,181,2025-05-13 09:34:54.000000,FLOOD,8291.96,REJECTED,False
3216,1332,2292,2024-08-28 14:13:15.000000,COLLISION,19411.06,OPEN,True
3217,4162,775,2025-02-12 17:18:39.000000,COLLISION,11301.66,IN_REVIEW,False
3218,4013,1603,2024-12-17 03:59:52.000000,FIRE,1600.85,REJECTED,False
3219,2899,512,2025-02-07 13:26:31.000000,GLASS_DAMAGE,2099.67,CLOSED,False
3220,69,638,2024-10-09 20:13:38.000000,GLASS_DAMAGE,15580.96,APPROVED,False
3221,961,2682,2025-07-28 23:29:41.000000,GLASS_DAMAGE,4749.87,CLOSED,False
3222,2756,2277,2024-05-20 12:28:00.000000,THEFT,20280.03,REJECTED,True
3223,4423,2742,2024-11-06 00:49:09.000000,FLOOD,8966.91,IN_REVIEW,False
3224,2210,2072,2026-01-11 05:39:18.000000,FLOOD,8221.66,OPEN,False
3225,1739,3469,2024-06-14 06:10:54.000000,VANDALISM,22430.48,REJECTED,True
3226,134,4065,2025-01-17 09:03:51.000000,VANDALISM,8482.66,REJECTED,False
3227,677,1494,2024-07-30 07:08:12.000000,COLLISION,23055.36,OPEN,True
3228,2089,993,2025-06-11 22:41:42.000000,FLOOD,12200.65,APPROVED,False
3229,338,3489,2024-12-13 18:27:30.000000,COLLISION,11791.77,APPROVED,False
3230,98,1790,2026-01-08 02:45:00.000000,GLASS_DAMAGE,18005.53,IN_REVIEW,True
3231,429,1841,2025-11-09 11:12:48.000000,FIRE,2776.53,OPEN,False
3232,898,1007,2024-11-24 03:32:13.000000,THEFT,1199.65,CLOSED,False
3233,3531,2125,2025-12-29 16:26:27.000000,THEFT,23774.0,REJECTED,True
3234,540,1435,2024-08-21 10:03:49.000000,COLLISION,20818.96,OPEN,True
3235,4284,1480,2024-09-01 11:06:31.000000,COLLISION,779.03,IN_REVIEW,False
3236,1849,2432,2025-08-02 17:51:22.000000,VANDALISM,5527.72,CLOSED,False
3237,3794,663,2025-05-27 19:22:57.000000,GLASS_DAMAGE,24888.94,IN_REVIEW,True
3238,2113,1658,2025-07-21 15:19:31.000000,FIRE,13178.27,IN_REVIEW,False
3239,3058,3840,2025-01-13 13:20:21.000000,THEFT,12984.63,CLOSED,False
3240,4186,2283,2026-02-03 22:59:20.000000,FLOOD,5216.52,IN_REVIEW,False
3241,2059,2856,2025-03-11 04:56:18.000000,GLASS_DAMAGE,18433.17,OPEN,True
3242,4379,2658,2024-11-20 09:51:44.000000,VANDALISM,17560.22,CLOSED,False
3243,4188,2219,2026-03-09 16:44:24.000000,FIRE,6232.51,CLOSED,False
3244,1019,2429,2025-04-30 01:30:06.000000,COLLISION,21817.93,CLOSED,True
3245,365,1060,2025-10-07 07:30:00.000000,GLASS_DAMAGE,12283.96,APPROVED,False
3246,761,183,2024-08-25 20:39:12.000000,THEFT,1501.4,CLOSED,False
3247,1808,2232,2025-11-19 04:04:56.000000,THEFT,24782.05,OPEN,True
3248,2853,3925,2024-11-21 12:44:24.000000,THEFT,12937.83,OPEN,False
3249,659,1456,2026-01-24 13:29:22.000000,FIRE,23525.48,OPEN,True
3250,1915,602,2024-10-06 19:06:49.000000,FLOOD,8981.67,REJECTED,False
3251,4637,2521,2025-07-23 18:57:09.000000,FLOOD,17572.89,CLOSED,False
3252,2023,487,2024-12-22 20:14:19.000000,COLLISION,8881.98,OPEN,False
3253,4410,2948,2025-09-06 15:44:57.000000,THEFT,23446.58,CLOSED,True
3254,4241,4056,2024-07-17 08:18:18.000000,GLASS_DAMAGE,6583.53,OPEN,False
3255,229,2072,2025-07-18 10:53:45.000000,COLLISION,14323.76,IN_REVIEW,False
3256,2433,759,2025-02-17 23:59:53.000000,THEFT,12416.98,IN_REVIEW,False
3257,2893,1069,2025-07-19 16:47:55.000000,COLLISION,24045.41,IN_REVIEW,True
3258,3350,460,2025-07-26 13:28:27.000000,FIRE,10399.41,CLOSED,False
3259,1776,2861,2024-09-06 01:55:05.000000,GLASS_DAMAGE,16777.18,OPEN,False
3260,1646,614,2025-07-28 07:40:58.000000,VANDALISM,23368.76,CLOSED,True
3261,3078,1565,2024-05-24 00:53:43.000000,FLOOD,6948.01,IN_REVIEW,False
3262,290,863,2024-07-20 21:33:00.000000,FIRE,17897.65,CLOSED,False
3263,2151,3947,2024-06-17 11:54:33.000000,GLASS_DAMAGE,3242.29,IN_REVIEW,False
3264,4447,2759,2024-07-24 04:06:39.000000,FLOOD,10196.61,OPEN,False
3265,832,3566,2025-06-11 21:21:44.000000,FIRE,19627.73,CLOSED,True
3266,676,263,2025-07-18 15:39:32.000000,VANDALISM,18117.96,REJECTED,True
3267,100,2050,2025-09-20 16:52:27.000000,COLLISION,15871.98,CLOSED,False
3268,4243,1084,2025-10-19 08:30:30.000000,FLOOD,5982.55,CLOSED,False
3269,788,4000,2025-07-18 12:18:28.000000,FIRE,13456.97,CLOSED,False
3270,569,3667,2024-06-01 01:27:47.000000,FIRE,1633.6,APPROVED,False
3271,3885,858,2025-03-13 02:23:14.000000,COLLISION,24843.66,REJECTED,True
3272,1581,2999,2025-12-04 13:31:48.000000,FLOOD,14157.0,APPROVED,False
3273,3959,3989,2025-07-04 19:06:03.000000,FIRE,10974.27,REJECTED,False
3274,3776,329,2025-06-29 20:11:52.000000,VANDALISM,8620.03,REJECTED,False
3275,1544,2860,2024-08-09 13:12:46.000000,THEFT,18799.85,APPROVED,True
3276,3215,3611,2025-12-14 17:58:53.000000,COLLISION,22877.04,OPEN,True
3277,4577,3584,2025-12-25 18:57:25.000000,FLOOD,6465.93,APPROVED,False
3278,520,2821,2025-08-10 09:31:55.000000,FLOOD,22669.1,CLOSED,True
3279,57,448,2025-07-21 12:10:51.000000,FIRE,10282.19,APPROVED,False
3280,3883,919,2025-11-11 21:42:37.000000,FIRE,6917.02,REJECTED,False
3281,4611,3113,2024-09-14 23:02:27.000000,COLLISION,14892.61,IN_REVIEW,False
3282,797,1468,2025-05-21 12:43:30.000000,VANDALISM,5152.45,CLOSED,False
3283,4723,1048,2025-09-10 09:36:34.000000,GLASS_DAMAGE,3240.43,APPROVED,False
3284,2577,2541,2024-06-08 05:08:00.000000,FIRE,19099.93,APPROVED,True
3285,4350,2517,2025-08-01 21:02:54.000000,FIRE,19490.24,OPEN,True
3286,4043,1523,2024-07-19 14:53:56.000000,COLLISION,17577.4,REJECTED,False
3287,3290,821,2025-09-10 19:32:47.000000,COLLISION,4508.56,OPEN,False
3288,3269,4014,2024-08-25 08:06:26.000000,THEFT,14444.08,APPROVED,False
3289,3039,1558,2025-06-20 19:28:37.000000,GLASS_DAMAGE,9893.58,APPROVED,False
3290,636,1226,2024-09-15 01:41:41.000000,FIRE,5637.5,OPEN,False
3291,1699,272,2026-01-15 06:35:00.000000,FIRE,5350.45,OPEN,False
3292,15,205,2024-10-24 22:51:13.000000,THEFT,20872.11,APPROVED,True
3293,3206,3800,2024-07-19 23:48:07.000000,GLASS_DAMAGE,7415.29,REJECTED,False
3294,4543,3393,2025-04-27 08:13:53.000000,FLOOD,5083.97,OPEN,False
3295,3424,1092,2025-01-25 09:10:15.000000,COLLISION,17681.29,CLOSED,False
3296,942,3448,2024-09-08 11:13:24.000000,COLLISION,612.43,CLOSED,False
3297,1391,1991,2024-08-27 21:53:44.000000,FIRE,21947.56,APPROVED,True
3298,2380,2392,2025-04-02 22:31:05.000000,VANDALISM,1940.02,CLOSED,False
3299,553,2379,2024-12-13 12:51:55.000000,VANDALISM,23340.79,REJECTED,True
3300,4158,3032,2025-06-06 10:48:06.000000,FIRE,9139.84,IN_REVIEW,False
3301,2439,4066,2026-02-18 11:43:38.000000,THEFT,10560.29,REJECTED,False
3302,1988,750,2025-06-06 20:09:40.000000,THEFT,15971.53,IN_REVIEW,False
3303,431,1203,2026-01-22 03:59:58.000000,FIRE,9777.33,CLOSED,False
3304,290,3968,2026-01-13 00:56:45.000000,GLASS_DAMAGE,14351.69,IN_REVIEW,False
3305,209,1303,2025-09-03 05:13:27.000000,THEFT,20940.42,APPROVED,True
3306,555,1406,2025-07-08 03:06:45.000000,GLASS_DAMAGE,12586.23,CLOSED,False
3307,2282,4126,2025-12-08 18:27:47.000000,VANDALISM,1442.24,CLOSED,False
3308,91,2533,2024-08-21 18:40:28.000000,VANDALISM,21574.11,APPROVED,True
3309,3505,34,2025-10-22 23:24:33.000000,FLOOD,13583.49,IN_REVIEW,False
3310,3991,337,2025-07-21 03:01:25.000000,GLASS_DAMAGE,20540.41,APPROVED,True
3311,297,823,2025-05-12 02:30:48.000000,GLASS_DAMAGE,7782.81,CLOSED,False
3312,1003,727,2024-07-27 07:12:09.000000,GLASS_DAMAGE,8168.81,IN_REVIEW,False
3313,3667,2861,2025-01-20 10:02:59.000000,FLOOD,15460.63,REJECTED,False
3314,2513,3687,2024-12-31 21:22:12.000000,THEFT,19088.56,OPEN,True
3315,65,785,2025-07-16 22:27:41.000000,VANDALISM,16552.25,CLOSED,False
3316,354,1202,2025-03-14 12:44:16.000000,VANDALISM,15193.23,APPROVED,False
3317,2630,2407,2025-04-05 00:00:49.000000,THEFT,1931.2,IN_REVIEW,False
3318,1298,2092,2025-11-18 14:06:07.000000,THEFT,17876.17,OPEN,False
3319,2173,2858,2025-05-06 22:55:00.000000,FLOOD,23423.65,IN_REVIEW,True
3320,3378,3887,2024-06-01 22:22:40.000000,VANDALISM,9646.24,REJECTED,False
3321,264,689,2025-11-10 15:53:02.000000,FLOOD,11189.57,APPROVED,False
3322,4686,2621,2025-09-15 02:08:09.000000,FIRE,19309.45,CLOSED,True
3323,2574,912,2026-04-01 20:59:41.000000,COLLISION,23047.94,OPEN,True
3324,4629,586,2025-04-17 22:04:42.000000,GLASS_DAMAGE,22939.59,OPEN,True
3325,1960,2593,2024-11-21 01:17:03.000000,VANDALISM,21325.05,CLOSED,True
3326,4442,837,2025-12-05 16:45:31.000000,THEFT,21760.0,OPEN,True
3327,3304,3870,2024-08-02 03:45:49.000000,THEFT,5358.08,REJECTED,False
3328,2711,719,2025-05-05 16:48:02.000000,FLOOD,6983.72,REJECTED,False
3329,3113,55,2026-04-15 18:41:38.000000,FIRE,20905.13,REJECTED,True
3330,2375,3975,2024-07-28 06:30:16.000000,COLLISION,4057.87,APPROVED,False
3331,833,2571,2025-04-25 00:34:55.000000,THEFT,10982.42,OPEN,False
3332,2196,799,2025-05-16 15:58:56.000000,VANDALISM,3125.81,IN_REVIEW,False
3333,4425,3598,2024-10-30 19:19:34.000000,FLOOD,23635.83,CLOSED,True
3334,336,674,2025-07-04 17:08:20.000000,GLASS_DAMAGE,11894.29,APPROVED,False
3335,4087,813,2025-02-28 08:24:25.000000,FLOOD,22540.45,OPEN,True
3336,54,3807,2024-10-17 22:01:25.000000,VANDALISM,21913.33,OPEN,True
3337,2615,4065,2025-03-02 13:15:33.000000,VANDALISM,11870.36,OPEN,False
3338,612,3544,2025-10-17 21:23:31.000000,THEFT,5361.7,REJECTED,False
3339,2145,849,2026-03-11 23:36:21.000000,FIRE,8832.96,CLOSED,False
3340,4610,4066,2025-05-20 04:23:15.000000,VANDALISM,6258.4,CLOSED,False
3341,3318,2094,2025-09-28 20:30:19.000000,THEFT,20623.76,OPEN,True
3342,3471,2855,2024-10-07 21:32:07.000000,VANDALISM,3934.61,APPROVED,False
3343,1671,655,2025-06-26 23:16:32.000000,THEFT,12231.73,CLOSED,False
3344,3548,2940,2026-04-11 02:47:34.000000,FIRE,24694.82,IN_REVIEW,True
3345,2389,1732,2025-03-23 03:03:53.000000,THEFT,17070.06,CLOSED,False
3346,4203,2380,2026-01-26 11:37:22.000000,GLASS_DAMAGE,13099.0,IN_REVIEW,False
3347,4544,3369,2025-10-24 15:42:30.000000,FIRE,559.77,CLOSED,False
3348,472,2486,2025-09-20 02:31:36.000000,VANDALISM,11049.21,OPEN,False
3349,4172,1371,2025-08-31 12:35:16.000000,FIRE,13301.62,APPROVED,False
3350,2661,655,2024-08-31 03:49:11.000000,FLOOD,20586.8,IN_REVIEW,True
3351,1758,3645,2026-01-04 05:12:32.000000,GLASS_DAMAGE,12997.02,IN_REVIEW,False
3352,1896,393,2024-08-22 23:57:49.000000,GLASS_DAMAGE,23681.52,IN_REVIEW,True
3353,3296,1133,2025-09-23 15:19:38.000000,GLASS_DAMAGE,10011.66,IN_REVIEW,False
3354,3788,3398,2024-05-13 21:50:28.000000,GLASS_DAMAGE,13817.66,REJECTED,False
3355,716,3980,2024-10-19 21:05:27.000000,FIRE,22153.19,APPROVED,True
3356,808,806,2025-11-14 11:31:06.000000,COLLISION,16546.63,OPEN,False
3357,1235,1454,2025-07-07 09:28:27.000000,GLASS_DAMAGE,13840.62,CLOSED,False
3358,1230,3369,2025-04-30 22:42:18.000000,THEFT,19980.1,APPROVED,True
3359,2289,2162,2024-10-01 13:51:52.000000,THEFT,21609.36,APPROVED,True
3360,886,3134,2025-02-12 10:31:45.000000,GLASS_DAMAGE,19985.12,APPROVED,True
3361,3953,2182,2025-05-10 17:11:15.000000,THEFT,15023.17,CLOSED,False
3362,807,1523,2025-12-19 12:02:31.000000,FLOOD,8429.31,REJECTED,False
3363,4759,787,2025-12-31 20:06:25.000000,GLASS_DAMAGE,23813.23,IN_REVIEW,True
3364,3036,4053,2024-11-11 03:59:14.000000,VANDALISM,6186.94,REJECTED,False
3365,509,1139,2024-11-04 03:52:39.000000,COLLISION,17437.61,IN_REVIEW,False
3366,2579,226,2025-05-01 12:10:02.000000,GLASS_DAMAGE,12196.63,CLOSED,False
3367,4581,1429,2026-05-09 16:51:03.000000,FLOOD,21300.53,CLOSED,True
3368,2479,3740,2025-05-23 14:45:11.000000,VANDALISM,6043.63,OPEN,False
3369,4766,2384,2025-02-08 11:26:02.000000,COLLISION,23312.29,IN_REVIEW,True
3370,1978,1948,2025-06-09 17:39:38.000000,THEFT,6876.93,OPEN,False
3371,4130,3475,2025-11-12 18:03:26.000000,FLOOD,5357.57,REJECTED,False
3372,3725,1655,2024-11-10 09:56:58.000000,FLOOD,3761.04,APPROVED,False
3373,1071,3281,2025-10-17 20:22:00.000000,GLASS_DAMAGE,13159.44,REJECTED,False
3374,4320,1327,2025-03-26 09:18:14.000000,COLLISION,24465.96,IN_REVIEW,True
3375,4506,813,2025-03-15 21:24:16.000000,VANDALISM,4754.99,IN_REVIEW,False
3376,557,3912,2024-10-14 04:39:34.000000,GLASS_DAMAGE,24763.56,APPROVED,True
3377,4305,2239,2025-10-25 22:53:12.000000,COLLISION,13269.02,OPEN,False
3378,2867,3726,2025-09-20 15:59:57.000000,GLASS_DAMAGE,21081.77,CLOSED,True
3379,4678,1727,2025-07-06 00:32:30.000000,COLLISION,19068.93,REJECTED,True
3380,3876,2919,2025-06-10 11:33:06.000000,THEFT,20099.69,OPEN,True
3381,1150,1404,2025-04-08 12:28:13.000000,FLOOD,18407.25,APPROVED,True
3382,3920,1668,2025-10-06 11:12:12.000000,FLOOD,12528.75,APPROVED,False
3383,472,444,2025-04-06 05:45:33.000000,COLLISION,4996.58,CLOSED,False
3384,686,3550,2024-11-02 01:42:04.000000,VANDALISM,21211.98,CLOSED,True
3385,4525,66,2025-08-09 01:07:53.000000,FLOOD,11772.66,APPROVED,False
3386,4157,568,2026-03-18 06:41:50.000000,GLASS_DAMAGE,22911.48,APPROVED,True
3387,2514,3531,2025-06-03 11:37:48.000000,FLOOD,4626.82,CLOSED,False
3388,4735,1818,2025-05-04 12:19:58.000000,GLASS_DAMAGE,19300.17,CLOSED,True
3389,2820,1981,2025-01-20 04:49:01.000000,VANDALISM,8712.88,REJECTED,False
3390,2699,3762,2025-06-13 23:08:46.000000,FIRE,17277.67,REJECTED,False
3391,2156,1948,2026-04-30 01:33:34.000000,GLASS_DAMAGE,16115.55,CLOSED,False
3392,1888,3934,2025-02-08 01:44:34.000000,COLLISION,8627.9,IN_REVIEW,False
3393,3019,123,2026-01-13 02:26:51.000000,VANDALISM,24447.34,APPROVED,True
3394,3715,3191,2026-05-01 09:14:31.000000,FIRE,14052.44,APPROVED,False
3395,2535,3270,2025-01-28 09:13:09.000000,GLASS_DAMAGE,1220.53,APPROVED,False
3396,2436,1178,2024-12-30 13:01:22.000000,COLLISION,21218.07,IN_REVIEW,True
3397,840,2123,2025-04-04 20:35:19.000000,FLOOD,889.34,CLOSED,False
3398,3714,721,2025-11-17 05:45:53.000000,FIRE,1957.02,IN_REVIEW,False
3399,4089,3673,2024-09-29 05:00:40.000000,COLLISION,21462.45,CLOSED,True
3400,733,2649,2026-01-08 09:55:14.000000,COLLISION,6612.62,OPEN,False
3401,2797,379,2025-07-19 08:57:59.000000,THEFT,8904.86,OPEN,False
3402,2163,1285,2026-01-13 12:27:13.000000,THEFT,7438.73,OPEN,False
3403,401,21,2024-10-16 11:22:20.000000,VANDALISM,23515.6,REJECTED,True
3404,4488,3191,2025-11-23 17:37:35.000000,FLOOD,18974.09,CLOSED,True
3405,1805,3926,2024-09-04 18:07:51.000000,FLOOD,16155.8,OPEN,False
3406,2008,1876,2024-08-09 09:47:38.000000,VANDALISM,12032.28,REJECTED,False
3407,2695,3362,2025-03-22 10:12:25.000000,FIRE,12409.65,REJECTED,False
3408,174,4022,2025-05-23 22:44:57.000000,COLLISION,10839.85,CLOSED,False
3409,2939,1624,2025-03-24 21:39:51.000000,VANDALISM,19363.95,APPROVED,True
3410,2198,2758,2026-05-10 03:53:51.000000,COLLISION,634.67,REJECTED,False
3411,4319,643,2025-11-20 22:24:19.000000,VANDALISM,4837.92,REJECTED,False
3412,3507,645,2024-10-22 10:45:56.000000,GLASS_DAMAGE,1337.36,IN_REVIEW,False
3413,2238,1925,2024-05-27 23:27:41.000000,FLOOD,3647.82,CLOSED,False
3414,4598,2366,2025-07-15 20:41:54.000000,GLASS_DAMAGE,24176.8,CLOSED,True
3415,719,1478,2024-10-13 04:42:09.000000,THEFT,11681.16,OPEN,False
3416,4091,1449,2024-11-20 06:01:53.000000,VANDALISM,21578.27,IN_REVIEW,True
3417,4044,2692,2026-01-05 06:21:52.000000,FLOOD,8802.61,REJECTED,False
3418,2561,2930,2025-03-18 19:36:44.000000,GLASS_DAMAGE,3251.38,APPROVED,False
3419,4634,2941,2024-07-03 13:10:59.000000,THEFT,13645.94,APPROVED,False
3420,1074,177,2024-12-31 18:32:04.000000,FLOOD,3012.72,IN_REVIEW,False
3421,2108,2613,2025-08-11 10:10:38.000000,GLASS_DAMAGE,19674.78,IN_REVIEW,True
3422,1781,920,2025-12-02 23:57:44.000000,THEFT,1783.63,IN_REVIEW,False
3423,3912,503,2025-02-07 23:44:00.000000,VANDALISM,7097.29,REJECTED,False
3424,3646,1736,2025-06-12 10:49:01.000000,VANDALISM,8106.05,CLOSED,False
3425,2723,2939,2026-04-01 15:58:21.000000,FIRE,14485.2,IN_REVIEW,False
3426,1927,2411,2025-08-08 09:05:29.000000,THEFT,22422.7,OPEN,True
3427,1040,2457,2025-07-07 15:39:17.000000,FIRE,11596.02,IN_REVIEW,False
3428,233,2383,2026-03-10 12:50:53.000000,THEFT,4668.8,IN_REVIEW,False
3429,3051,2515,2026-01-29 09:19:47.000000,VANDALISM,18081.48,REJECTED,True
3430,430,2947,2025-06-05 13:11:30.000000,GLASS_DAMAGE,532.64,OPEN,False
3431,154,4080,2025-10-26 10:37:07.000000,GLASS_DAMAGE,11414.8,CLOSED,False
3432,287,3914,2025-09-28 14:49:54.000000,GLASS_DAMAGE,5301.0,IN_REVIEW,False
3433,241,1961,2025-08-09 07:29:16.000000,THEFT,12819.72,REJECTED,False
3434,1246,2175,2024-05-30 01:53:02.000000,FLOOD,13130.27,IN_REVIEW,False
3435,2614,2216,2025-01-25 04:58:51.000000,FIRE,21326.45,OPEN,True
3436,2667,3113,2025-05-16 03:10:24.000000,FIRE,18185.57,APPROVED,True
3437,3137,2171,2025-04-30 12:10:13.000000,FLOOD,17107.07,OPEN,False
3438,2473,193,2026-05-05 16:25:45.000000,THEFT,3474.54,IN_REVIEW,False
3439,2857,330,2026-05-05 21:47:09.000000,FIRE,1704.42,CLOSED,False
3440,872,675,2025-12-08 19:33:02.000000,COLLISION,15081.56,OPEN,False
3441,1966,3400,2025-04-26 04:05:38.000000,FLOOD,13083.92,CLOSED,False
3442,4086,1696,2026-03-26 08:34:52.000000,FLOOD,15136.75,CLOSED,False
3443,3516,2866,2024-11-21 10:51:13.000000,VANDALISM,9676.22,OPEN,False
3444,3915,2344,2026-03-16 03:31:40.000000,COLLISION,23021.25,OPEN,True
3445,1302,2817,2024-06-25 23:17:01.000000,THEFT,16733.73,APPROVED,False
3446,471,4115,2026-01-14 21:06:54.000000,COLLISION,8601.9,APPROVED,False
3447,2996,3283,2025-03-25 22:49:49.000000,FIRE,14788.6,OPEN,False
3448,2449,59,2025-12-10 04:07:29.000000,COLLISION,19214.56,CLOSED,True
3449,125,1091,2024-06-04 02:10:57.000000,FLOOD,16825.33,OPEN,False
3450,4189,1337,2024-11-19 07:29:56.000000,THEFT,4748.36,IN_REVIEW,False
3451,1523,1477,2025-08-20 21:33:33.000000,THEFT,15883.52,IN_REVIEW,False
3452,4058,4084,2025-12-09 21:59:33.000000,GLASS_DAMAGE,16322.89,APPROVED,False
3453,1717,2400,2025-12-15 17:51:38.000000,GLASS_DAMAGE,2359.05,CLOSED,False
3454,137,264,2025-11-17 11:39:24.000000,THEFT,18584.96,REJECTED,True
3455,3177,1864,2025-12-14 15:56:56.000000,FLOOD,13489.46,OPEN,False
3456,666,3978,2024-10-17 00:11:38.000000,COLLISION,21197.15,REJECTED,True
3457,3036,2172,2024-10-31 01:51:18.000000,FLOOD,24113.43,IN_REVIEW,True
3458,2913,1060,2025-12-16 10:12:28.000000,FIRE,12205.16,OPEN,False
3459,619,2544,2026-04-01 07:01:33.000000,FIRE,14508.21,CLOSED,False
3460,2044,659,2025-07-05 23:33:38.000000,GLASS_DAMAGE,4526.19,REJECTED,False
3461,4757,3220,2024-06-09 03:25:27.000000,VANDALISM,22515.84,APPROVED,True
3462,2133,3715,2025-07-15 14:17:21.000000,COLLISION,16511.47,OPEN,False
3463,700,422,2024-07-02 21:09:14.000000,VANDALISM,4959.61,IN_REVIEW,False
3464,4383,2937,2026-01-04 07:18:12.000000,THEFT,5043.83,REJECTED,False
3465,1950,1305,2025-07-13 23:42:19.000000,VANDALISM,9293.3,CLOSED,False
3466,3753,1960,2024-08-31 23:03:11.000000,GLASS_DAMAGE,22565.8,APPROVED,True
3467,2264,2322,2025-08-11 13:15:37.000000,GLASS_DAMAGE,18782.83,OPEN,True
3468,4190,4097,2025-03-06 19:01:23.000000,GLASS_DAMAGE,10188.6,OPEN,False
3469,23,142,2025-04-28 04:23:59.000000,COLLISION,9442.76,REJECTED,False
3470,4661,2079,2025-03-08 05:38:26.000000,GLASS_DAMAGE,1431.34,IN_REVIEW,False
3471,1721,2095,2025-11-23 08:30:05.000000,COLLISION,9160.62,APPROVED,False
3472,767,368,2024-06-27 23:26:47.000000,COLLISION,19103.02,APPROVED,True
3473,2670,3781,2024-07-16 23:35:50.000000,FLOOD,14453.21,CLOSED,False
3474,19,2103,2025-11-07 05:49:33.000000,GLASS_DAMAGE,18996.54,IN_REVIEW,True
3475,2371,1924,2024-06-24 09:00:23.000000,FIRE,18507.68,OPEN,True
3476,804,1821,2026-03-10 08:56:32.000000,FLOOD,24996.63,REJECTED,True
3477,4408,364,2026-03-29 18:01:48.000000,COLLISION,2033.06,IN_REVIEW,False
3478,4247,3815,2025-09-18 04:40:33.000000,COLLISION,11352.01,CLOSED,False
3479,2652,2276,2025-02-14 06:19:13.000000,THEFT,19476.79,OPEN,True
3480,4073,2434,2025-04-02 21:44:25.000000,COLLISION,4755.18,REJECTED,False
3481,2976,1180,2025-06-27 09:27:19.000000,FLOOD,12604.6,APPROVED,False
3482,3997,3536,2026-02-03 09:05:46.000000,VANDALISM,14938.66,APPROVED,False
3483,2376,423,2025-04-29 08:52:46.000000,GLASS_DAMAGE,9409.31,REJECTED,False
3484,4235,785,2025-05-14 23:33:59.000000,THEFT,10636.75,APPROVED,False
3485,3147,4060,2024-06-04 07:06:23.000000,FIRE,14708.6,APPROVED,False
3486,2146,1347,2026-01-19 03:13:05.000000,GLASS_DAMAGE,23005.69,REJECTED,True
3487,850,749,2026-01-04 16:01:02.000000,VANDALISM,1590.8,OPEN,False
3488,452,685,2025-10-15 15:12:33.000000,VANDALISM,10537.9,REJECTED,False
3489,862,3025,2024-09-14 17:44:25.000000,GLASS_DAMAGE,13349.07,IN_REVIEW,False
3490,68,3641,2025-01-15 17:17:05.000000,GLASS_DAMAGE,7556.23,OPEN,False
3491,1217,2910,2025-05-14 17:20:23.000000,VANDALISM,23528.35,IN_REVIEW,True
3492,3238,2087,2025-08-27 16:54:15.000000,THEFT,15627.06,OPEN,False
3493,4757,470,2025-05-20 16:29:28.000000,THEFT,18302.83,OPEN,True
3494,2276,1372,2025-11-28 14:47:15.000000,VANDALISM,6006.85,OPEN,False
3495,1418,2916,2026-04-04 15:58:27.000000,COLLISION,10687.97,IN_REVIEW,False
3496,3840,232,2025-08-02 02:09:02.000000,GLASS_DAMAGE,4289.41,REJECTED,False
3497,3057,105,2026-03-09 17:37:53.000000,VANDALISM,24284.16,CLOSED,True
3498,1377,3730,2025-12-11 05:50:08.000000,COLLISION,20940.05,APPROVED,True
3499,988,290,2025-01-24 06:53:24.000000,THEFT,8245.78,REJECTED,False
3500,415,2957,2025-02-17 14:42:50.000000,THEFT,2260.01,OPEN,False
3501,1797,1781,2026-02-10 17:36:16.000000,COLLISION,23146.33,APPROVED,True
3502,2484,2358,2026-02-02 19:46:36.000000,FIRE,12981.47,OPEN,False
3503,2836,111,2024-08-17 03:44:59.000000,THEFT,19908.17,CLOSED,True
3504,954,1536,2025-10-19 10:57:24.000000,FIRE,5067.69,APPROVED,False
3505,4517,3706,2026-02-22 03:53:04.000000,GLASS_DAMAGE,11842.36,IN_REVIEW,False
3506,3177,407,2025-06-30 15:03:14.000000,GLASS_DAMAGE,6492.72,CLOSED,False
3507,330,2062,2024-10-26 11:25:47.000000,COLLISION,19704.36,REJECTED,True
3508,2834,4182,2024-07-27 17:24:47.000000,FIRE,12059.64,IN_REVIEW,False
3509,3199,2297,2024-12-10 17:38:21.000000,FLOOD,3736.26,REJECTED,False
3510,983,2518,2025-02-26 22:10:04.000000,GLASS_DAMAGE,5430.88,CLOSED,False
3511,1104,1852,2025-12-30 11:56:52.000000,VANDALISM,2064.35,OPEN,False
3512,1591,1048,2024-09-26 02:26:22.000000,VANDALISM,14326.39,IN_REVIEW,False
3513,2906,3106,2025-01-03 23:22:49.000000,THEFT,11188.46,REJECTED,False
3514,3918,2552,2025-07-03 02:22:57.000000,FLOOD,17102.35,APPROVED,False
3515,2301,1116,2025-12-15 01:19:37.000000,VANDALISM,19256.13,APPROVED,True
3516,4052,3065,2025-10-06 06:41:27.000000,FLOOD,14868.82,CLOSED,False
3517,2990,3195,2025-04-28 07:38:56.000000,FLOOD,16431.69,REJECTED,False
3518,518,1017,2024-12-30 06:32:57.000000,VANDALISM,6525.7,OPEN,False
3519,3311,3429,2025-02-18 18:59:57.000000,FIRE,13759.85,OPEN,False
3520,220,1841,2024-11-05 23:49:52.000000,VANDALISM,19282.93,OPEN,True
3521,573,122,2025-07-06 11:30:57.000000,FLOOD,22157.41,APPROVED,True
3522,1813,3438,2024-09-01 23:57:00.000000,FLOOD,19731.31,CLOSED,True
3523,4773,2416,2024-10-02 15:01:50.000000,COLLISION,11206.84,REJECTED,False
3524,2505,1881,2025-11-01 10:03:21.000000,GLASS_DAMAGE,18185.1,REJECTED,True
3525,3529,1639,2025-01-23 20:35:53.000000,THEFT,20003.3,APPROVED,True
3526,1030,986,2026-02-09 18:22:56.000000,GLASS_DAMAGE,7250.85,APPROVED,False
3527,767,2201,2025-01-15 08:39:57.000000,THEFT,19938.21,IN_REVIEW,True
3528,1818,1909,2025-06-06 03:07:51.000000,VANDALISM,7580.0,REJECTED,False
3529,2848,1158,2026-05-03 11:55:05.000000,THEFT,17218.38,OPEN,False
3530,493,893,2025-01-01 13:07:25.000000,COLLISION,18113.52,REJECTED,True
3531,259,3153,2025-03-01 16:05:50.000000,COLLISION,6456.38,CLOSED,False
3532,90,2472,2026-02-11 10:21:11.000000,COLLISION,12708.88,CLOSED,False
3533,2031,617,2025-03-24 23:35:23.000000,COLLISION,24911.73,REJECTED,True
3534,17,543,2024-08-19 14:14:15.000000,COLLISION,24695.78,APPROVED,True
3535,3728,3000,2024-07-17 01:43:05.000000,GLASS_DAMAGE,22141.76,REJECTED,True
3536,924,91,2024-09-14 18:08:09.000000,COLLISION,4347.5,CLOSED,False
3537,70,2887,2025-08-01 13:53:38.000000,VANDALISM,20124.96,REJECTED,True
3538,3888,586,2026-04-30 20:14:10.000000,GLASS_DAMAGE,14684.4,IN_REVIEW,False
3539,951,1132,2024-12-25 07:11:47.000000,VANDALISM,18262.0,CLOSED,True
3540,4300,1855,2024-12-09 06:54:39.000000,COLLISION,11024.53,REJECTED,False
3541,909,2433,2026-01-12 20:10:41.000000,VANDALISM,14198.45,IN_REVIEW,False
3542,3392,2852,2025-04-09 05:26:18.000000,VANDALISM,19507.47,IN_REVIEW,True
3543,3056,3351,2026-02-15 01:12:30.000000,FIRE,2625.76,CLOSED,False
3544,3434,590,2024-08-11 21:12:59.000000,COLLISION,3192.31,OPEN,False
3545,90,3668,2026-02-19 05:16:17.000000,FLOOD,5189.38,APPROVED,False
3546,3710,62,2026-01-01 14:06:04.000000,FIRE,17719.29,CLOSED,False
3547,4502,1823,2026-01-09 16:56:51.000000,FLOOD,15156.24,REJECTED,False
3548,557,3531,2025-10-29 02:48:46.000000,VANDALISM,18611.16,REJECTED,True
3549,119,1379,2025-11-01 20:24:57.000000,COLLISION,20280.16,CLOSED,True
3550,4314,1514,2025-11-01 00:20:49.000000,COLLISION,13244.07,IN_REVIEW,False
3551,3048,3908,2025-03-11 15:11:47.000000,VANDALISM,14386.83,CLOSED,False
3552,1192,3771,2024-12-14 11:50:18.000000,COLLISION,12264.82,IN_REVIEW,False
3553,4193,2190,2026-02-28 06:30:02.000000,GLASS_DAMAGE,597.47,IN_REVIEW,False
3554,2747,1263,2024-07-20 13:37:16.000000,GLASS_DAMAGE,8539.66,REJECTED,False
3555,915,580,2024-09-13 08:50:38.000000,VANDALISM,15538.21,APPROVED,False
3556,3958,3058,2025-01-26 06:29:15.000000,COLLISION,19120.84,REJECTED,True
3557,1455,98,2026-03-08 05:57:08.000000,FIRE,23153.03,OPEN,True
3558,4094,3201,2024-06-24 23:59:54.000000,GLASS_DAMAGE,16148.95,CLOSED,False
3559,2134,2089,2026-01-03 19:59:48.000000,THEFT,22237.81,CLOSED,True
3560,3769,512,2025-08-12 23:16:56.000000,VANDALISM,15802.36,IN_REVIEW,False
3561,4073,674,2025-06-19 03:43:57.000000,VANDALISM,18103.76,OPEN,True
3562,2940,2118,2024-12-27 15:10:42.000000,GLASS_DAMAGE,7786.13,CLOSED,False
3563,3566,1110,2024-08-07 00:36:39.000000,GLASS_DAMAGE,12395.29,CLOSED,False
3564,4693,2155,2026-04-03 01:18:19.000000,VANDALISM,11397.36,OPEN,False
3565,4159,3991,2025-04-18 07:18:48.000000,THEFT,2620.67,REJECTED,False
3566,715,984,2025-10-22 02:59:46.000000,THEFT,9997.74,CLOSED,False
3567,448,216,2026-04-12 21:49:15.000000,FIRE,23086.79,IN_REVIEW,True
3568,1022,129,2025-10-26 04:22:50.000000,FIRE,8477.15,CLOSED,False
3569,1280,1064,2026-02-23 20:56:30.000000,FLOOD,4842.22,OPEN,False
3570,3940,3639,2025-10-19 17:27:29.000000,FLOOD,4013.48,CLOSED,False
3571,889,4010,2025-12-19 06:16:39.000000,GLASS_DAMAGE,18079.29,IN_REVIEW,True
3572,897,2588,2025-07-09 03:55:28.000000,THEFT,18124.1,OPEN,True
3573,3008,2678,2024-09-26 23:27:38.000000,VANDALISM,6651.1,OPEN,False
3574,436,540,2025-05-13 17:25:43.000000,THEFT,20553.23,REJECTED,True
3575,1100,3660,2026-02-15 06:12:12.000000,THEFT,6786.23,REJECTED,False
3576,4623,2444,2025-02-02 19:11:44.000000,COLLISION,8828.96,OPEN,False
3577,3588,489,2024-05-21 09:06:53.000000,FIRE,3309.68,CLOSED,False
3578,4229,327,2025-11-04 12:06:36.000000,GLASS_DAMAGE,7271.14,IN_REVIEW,False
3579,3460,3558,2025-06-10 23:30:13.000000,FLOOD,10691.34,IN_REVIEW,False
3580,2659,2997,2025-11-22 11:30:06.000000,THEFT,13333.87,CLOSED,False
3581,1804,3884,2026-03-16 14:46:57.000000,THEFT,10748.22,REJECTED,False
3582,2161,2459,2024-09-01 10:55:45.000000,THEFT,18430.15,IN_REVIEW,True
3583,3176,4185,2025-09-02 02:08:23.000000,FIRE,5287.77,IN_REVIEW,False
3584,2084,986,2026-02-15 15:43:08.000000,VANDALISM,12277.21,IN_REVIEW,False
3585,1816,301,2024-08-11 21:05:22.000000,FIRE,17882.77,REJECTED,False
3586,173,2353,2026-02-28 20:21:57.000000,THEFT,11538.66,OPEN,False
3587,3361,851,2024-07-22 15:43:46.000000,VANDALISM,13175.08,CLOSED,False
3588,4647,1058,2024-12-12 00:55:12.000000,FLOOD,5926.64,REJECTED,False
3589,270,263,2025-01-24 00:15:09.000000,VANDALISM,14179.55,IN_REVIEW,False
3590,124,1548,2025-07-04 16:19:49.000000,THEFT,10806.51,APPROVED,False
3591,4319,158,2024-08-24 08:20:34.000000,FIRE,2250.96,OPEN,False
3592,4034,578,2025-09-22 20:38:08.000000,THEFT,9373.84,CLOSED,False
3593,1458,3856,2025-11-22 21:42:43.000000,FLOOD,13033.84,OPEN,False
3594,2843,2387,2024-06-30 16:23:40.000000,VANDALISM,14494.88,IN_REVIEW,False
3595,335,3794,2025-06-06 14:22:44.000000,FLOOD,23982.95,REJECTED,True
3596,4162,1592,2024-11-06 05:12:42.000000,FLOOD,22248.33,CLOSED,True
3597,3616,644,2026-04-04 03:55:36.000000,COLLISION,3793.09,REJECTED,False
3598,340,3186,2025-11-16 19:25:50.000000,FIRE,14974.21,APPROVED,False
3599,934,2476,2024-11-14 02:45:18.000000,THEFT,2665.49,OPEN,False
3600,2315,785,2025-09-04 00:09:00.000000,GLASS_DAMAGE,23759.3,OPEN,True
3601,3623,799,2024-05-22 06:05:10.000000,GLASS_DAMAGE,7389.44,OPEN,False
3602,3008,711,2025-01-02 23:02:25.000000,COLLISION,24108.35,OPEN,True
3603,1883,789,2026-02-10 20:01:56.000000,FLOOD,1793.48,CLOSED,False
3604,2490,2693,2025-08-21 07:39:39.000000,FLOOD,4853.93,IN_REVIEW,False
3605,2049,338,2025-11-08 10:49:57.000000,THEFT,9227.43,REJECTED,False
3606,1607,552,2026-02-09 21:05:31.000000,THEFT,15738.15,APPROVED,False
3607,2936,262,2025-07-08 16:52:57.000000,VANDALISM,7807.45,CLOSED,False
3608,2312,2333,2025-06-27 18:47:39.000000,COLLISION,4009.59,IN_REVIEW,False
3609,2946,3729,2025-09-16 16:01:17.000000,FLOOD,8946.13,REJECTED,False
3610,2105,3327,2026-04-15 05:51:56.000000,GLASS_DAMAGE,6843.02,APPROVED,False
3611,3754,1297,2026-02-08 06:06:19.000000,THEFT,13262.65,OPEN,False
3612,3781,1749,2024-09-22 19:12:49.000000,VANDALISM,14057.42,CLOSED,False
3613,4758,2896,2025-05-23 10:32:02.000000,VANDALISM,19574.46,REJECTED,True
3614,3232,3837,2026-01-02 20:36:30.000000,COLLISION,14795.87,OPEN,False
3615,635,1614,2026-02-19 13:37:28.000000,COLLISION,22530.66,IN_REVIEW,True
3616,1281,3168,2026-02-03 22:41:26.000000,THEFT,9187.2,OPEN,False
3617,14,1477,2026-01-17 18:50:40.000000,VANDALISM,1498.89,REJECTED,False
3618,4430,2053,2025-01-27 17:45:47.000000,GLASS_DAMAGE,4801.68,REJECTED,False
3619,4544,2879,2025-08-22 03:49:46.000000,VANDALISM,22998.9,CLOSED,True
3620,1167,3092,2025-02-26 22:39:01.000000,FLOOD,22908.53,CLOSED,True
3621,152,359,2024-06-29 04:57:09.000000,GLASS_DAMAGE,4292.07,IN_REVIEW,False
3622,4017,734,2025-05-28 03:57:50.000000,FIRE,18224.51,REJECTED,True
3623,3541,2638,2025-08-25 11:39:55.000000,VANDALISM,10942.26,CLOSED,False
3624,1579,3057,2025-04-05 03:29:40.000000,GLASS_DAMAGE,2003.54,IN_REVIEW,False
3625,4665,638,2024-10-13 03:33:07.000000,THEFT,22469.68,APPROVED,True
3626,1314,774,2024-05-25 10:25:01.000000,GLASS_DAMAGE,12213.88,APPROVED,False
3627,1050,3841,2025-11-09 11:20:24.000000,THEFT,2893.69,REJECTED,False
3628,3610,2217,2025-10-05 17:08:28.000000,GLASS_DAMAGE,24143.52,REJECTED,True
3629,3098,2869,2026-05-01 01:59:08.000000,FIRE,10365.16,CLOSED,False
3630,4791,1156,2024-07-31 10:33:37.000000,THEFT,19960.66,CLOSED,True
3631,1329,173,2025-05-27 20:14:37.000000,COLLISION,20901.74,IN_REVIEW,True
3632,542,4054,2025-01-06 19:20:15.000000,VANDALISM,440.47,APPROVED,False
3633,1559,623,2024-10-13 03:39:00.000000,THEFT,4780.98,APPROVED,False
3634,990,643,2025-02-13 22:38:32.000000,COLLISION,13670.01,APPROVED,False
3635,4048,2497,2025-01-08 14:18:54.000000,GLASS_DAMAGE,8638.33,OPEN,False
3636,2767,3334,2026-04-25 02:35:08.000000,FIRE,233.57,APPROVED,False
3637,2518,73,2025-12-02 08:12:50.000000,THEFT,19731.78,REJECTED,True
3638,3259,1757,2025-07-25 19:57:21.000000,FLOOD,16160.08,REJECTED,False
3639,3358,1852,2024-08-20 18:33:47.000000,THEFT,6531.32,CLOSED,False
3640,768,1863,2024-11-28 23:16:27.000000,FIRE,13089.5,IN_REVIEW,False
3641,1066,3481,2024-06-02 13:29:03.000000,VANDALISM,6771.41,REJECTED,False
3642,3138,2447,2025-03-04 03:07:44.000000,VANDALISM,8172.47,IN_REVIEW,False
3643,548,531,2025-02-09 21:59:15.000000,COLLISION,8876.79,APPROVED,False
3644,3460,3402,2026-02-20 00:53:40.000000,GLASS_DAMAGE,6372.42,OPEN,False
3645,3405,1442,2024-06-11 17:25:29.000000,FIRE,5567.15,REJECTED,False
3646,980,400,2025-12-26 08:13:06.000000,COLLISION,16036.72,APPROVED,False
3647,4143,2199,2024-10-05 14:51:33.000000,THEFT,5595.85,REJECTED,False
3648,1058,3419,2026-01-06 09:30:19.000000,GLASS_DAMAGE,15877.18,REJECTED,False
3649,4237,2495,2024-09-05 06:25:33.000000,COLLISION,5465.45,IN_REVIEW,False
3650,1690,780,2025-03-19 07:59:09.000000,FLOOD,15715.05,CLOSED,False
3651,2909,1446,2025-05-15 07:56:55.000000,GLASS_DAMAGE,18303.46,REJECTED,True
3652,3242,2966,2025-12-02 02:05:23.000000,THEFT,9513.78,CLOSED,False
3653,1741,3621,2026-02-14 19:01:01.000000,FIRE,19195.12,IN_REVIEW,True
3654,3792,1265,2026-04-21 20:04:04.000000,VANDALISM,14097.92,APPROVED,False
3655,3651,3970,2025-01-15 20:35:15.000000,FLOOD,6033.28,APPROVED,False
3656,2757,2598,2025-08-19 14:54:59.000000,FLOOD,14155.45,IN_REVIEW,False
3657,3038,332,2025-10-12 11:23:50.000000,COLLISION,14266.33,REJECTED,False
3658,3218,336,2025-06-17 13:29:33.000000,GLASS_DAMAGE,3161.45,OPEN,False
3659,2893,2484,2024-05-26 16:38:59.000000,THEFT,23848.09,IN_REVIEW,True
3660,91,1104,2025-01-06 03:04:36.000000,THEFT,20978.46,APPROVED,True
3661,2110,888,2026-02-26 05:16:04.000000,COLLISION,15978.21,REJECTED,False
3662,3711,1128,2024-12-26 04:00:54.000000,VANDALISM,7172.38,CLOSED,False
3663,1727,2800,2026-01-20 20:53:43.000000,VANDALISM,11252.11,APPROVED,False
3664,1538,1711,2025-02-09 07:01:55.000000,FIRE,15520.42,OPEN,False
3665,2022,4093,2025-12-06 02:56:48.000000,VANDALISM,4563.73,IN_REVIEW,False
3666,4676,2054,2025-08-11 22:34:48.000000,FLOOD,17449.09,REJECTED,False
3667,67,2766,2025-11-13 11:44:55.000000,FIRE,21938.63,IN_REVIEW,True
3668,1012,1697,2025-06-16 17:11:06.000000,GLASS_DAMAGE,9672.26,OPEN,False
3669,4389,2014,2026-03-08 13:56:06.000000,GLASS_DAMAGE,5701.57,APPROVED,False
3670,2868,4185,2025-05-02 03:48:05.000000,THEFT,1010.79,CLOSED,False
3671,1672,1566,2024-07-09 12:46:33.000000,THEFT,3519.83,CLOSED,False
3672,1365,904,2025-01-05 22:53:06.000000,VANDALISM,8551.43,OPEN,False
3673,3927,2870,2025-05-10 22:11:14.000000,COLLISION,9945.24,REJECTED,False
3674,34,1310,2025-04-29 15:35:18.000000,FIRE,13892.35,OPEN,False
3675,3715,2561,2025-06-21 16:55:07.000000,FLOOD,16236.05,APPROVED,False
3676,4547,2445,2025-12-15 07:42:13.000000,VANDALISM,10084.48,REJECTED,False
3677,1073,3320,2026-01-24 03:03:13.000000,VANDALISM,3241.05,IN_REVIEW,False
3678,3034,1086,2024-06-09 03:42:00.000000,THEFT,1152.24,IN_REVIEW,False
3679,2997,2752,2025-02-01 11:50:25.000000,GLASS_DAMAGE,21662.04,OPEN,True
3680,4632,1741,2025-03-06 00:10:40.000000,VANDALISM,14436.3,APPROVED,False
3681,2669,3061,2025-06-10 13:29:56.000000,COLLISION,1829.16,APPROVED,False
3682,927,1090,2025-08-16 01:57:23.000000,THEFT,14565.58,REJECTED,False
3683,307,2941,2024-06-26 13:24:24.000000,VANDALISM,12336.72,OPEN,False
3684,323,2131,2025-11-22 04:27:31.000000,GLASS_DAMAGE,7449.89,IN_REVIEW,False
3685,90,2358,2025-12-22 02:11:22.000000,VANDALISM,13385.0,REJECTED,False
3686,349,752,2025-03-30 13:15:31.000000,THEFT,2595.15,CLOSED,False
3687,3078,2801,2024-12-01 13:55:26.000000,THEFT,23650.04,CLOSED,True
3688,1079,715,2026-01-17 09:50:34.000000,THEFT,4274.19,REJECTED,False
3689,1168,1961,2026-03-19 04:54:53.000000,THEFT,12830.36,REJECTED,False
3690,1181,4026,2024-08-17 17:50:05.000000,THEFT,11866.83,OPEN,False
3691,3179,3861,2025-11-29 06:43:18.000000,THEFT,7479.68,IN_REVIEW,False
3692,3733,2935,2026-04-08 07:33:34.000000,GLASS_DAMAGE,7270.47,OPEN,False
3693,3011,1656,2025-03-15 13:47:48.000000,COLLISION,19465.91,IN_REVIEW,True
3694,815,1097,2024-06-18 10:02:29.000000,FLOOD,16596.97,CLOSED,False
3695,543,3354,2024-07-01 06:22:24.000000,GLASS_DAMAGE,7729.03,IN_REVIEW,False
3696,3668,1435,2025-11-15 04:23:58.000000,VANDALISM,23425.54,OPEN,True
3697,3085,3965,2025-10-20 00:53:10.000000,FIRE,755.72,IN_REVIEW,False
3698,1231,2015,2024-10-05 23:06:04.000000,COLLISION,20188.63,APPROVED,True
3699,459,3248,2024-12-04 08:53:00.000000,THEFT,7118.75,CLOSED,False
3700,3142,2111,2025-04-20 01:05:10.000000,FLOOD,13242.41,OPEN,False
3701,3868,1410,2024-09-15 10:14:03.000000,FIRE,20199.37,IN_REVIEW,True
3702,610,1846,2025-07-29 05:57:27.000000,FIRE,4470.04,OPEN,False
3703,480,2587,2024-12-02 16:40:28.000000,FIRE,5827.14,REJECTED,False
3704,3793,257,2024-10-10 10:36:44.000000,GLASS_DAMAGE,22973.91,IN_REVIEW,True
3705,9,252,2025-11-06 10:56:45.000000,VANDALISM,19406.08,APPROVED,True
3706,3537,2621,2024-08-11 07:17:03.000000,THEFT,22916.44,CLOSED,True
3707,3284,3584,2026-05-10 23:56:40.000000,COLLISION,13774.98,CLOSED,False
3708,2084,3278,2025-04-20 11:40:39.000000,FLOOD,21434.72,IN_REVIEW,True
3709,1570,2311,2025-08-19 23:04:52.000000,VANDALISM,24242.76,IN_REVIEW,True
3710,4700,1349,2025-04-12 05:30:53.000000,VANDALISM,4456.78,OPEN,False
3711,3613,2123,2024-05-19 15:31:16.000000,VANDALISM,15884.58,IN_REVIEW,False
3712,214,1980,2025-04-26 13:02:08.000000,GLASS_DAMAGE,3091.75,OPEN,False
3713,217,4,2025-12-03 00:33:21.000000,THEFT,11833.03,CLOSED,False
3714,1316,247,2025-09-03 04:27:50.000000,THEFT,10207.08,OPEN,False
3715,99,3206,2025-05-19 22:12:38.000000,COLLISION,5597.13,IN_REVIEW,False
3716,2629,1254,2026-04-30 07:50:47.000000,FLOOD,2282.14,OPEN,False
3717,1581,1222,2024-11-05 05:18:02.000000,COLLISION,9881.5,OPEN,False
3718,2370,1713,2025-10-24 01:18:30.000000,FIRE,490.55,REJECTED,False
3719,1306,2716,2025-09-03 20:58:56.000000,FIRE,22237.92,IN_REVIEW,True
3720,4493,3912,2025-01-09 04:37:56.000000,VANDALISM,9199.69,IN_REVIEW,False
3721,1558,2885,2024-06-14 15:37:52.000000,GLASS_DAMAGE,20309.32,IN_REVIEW,True
3722,3106,1734,2026-01-11 06:16:43.000000,COLLISION,20919.6,CLOSED,True
3723,3235,1717,2024-12-29 00:26:53.000000,THEFT,3510.74,OPEN,False
3724,2470,4080,2025-12-16 05:25:41.000000,FIRE,16214.14,APPROVED,False
3725,4392,2528,2025-03-12 20:52:20.000000,GLASS_DAMAGE,8127.84,REJECTED,False
3726,1417,3453,2024-06-13 12:57:42.000000,THEFT,2611.97,OPEN,False
3727,2064,2175,2025-08-14 14:37:25.000000,THEFT,3150.46,OPEN,False
3728,3738,3979,2024-09-10 08:52:22.000000,GLASS_DAMAGE,1642.41,REJECTED,False
3729,2197,1226,2025-01-20 12:27:40.000000,FIRE,8277.5,OPEN,False
3730,4021,3803,2025-09-23 12:15:17.000000,FIRE,16934.22,APPROVED,False
3731,2715,1771,2024-08-15 19:25:46.000000,FIRE,23034.47,REJECTED,True
3732,2449,3887,2025-10-17 13:38:31.000000,FIRE,13719.71,APPROVED,False
3733,2847,4191,2024-06-11 03:35:05.000000,FLOOD,1687.1,APPROVED,False
3734,183,1549,2024-06-09 01:52:00.000000,GLASS_DAMAGE,5214.12,OPEN,False
3735,3772,922,2025-06-11 12:13:35.000000,COLLISION,19962.37,CLOSED,True
3736,3974,2254,2025-10-02 15:36:52.000000,THEFT,21710.69,IN_REVIEW,True
3737,3188,2704,2024-07-13 09:12:32.000000,VANDALISM,6116.04,OPEN,False
3738,2559,2896,2026-02-11 10:56:38.000000,GLASS_DAMAGE,10817.58,APPROVED,False
3739,2694,2673,2024-05-26 17:17:35.000000,VANDALISM,20713.95,CLOSED,True
3740,1533,2821,2024-08-04 14:05:42.000000,FLOOD,2130.66,OPEN,False
3741,1727,934,2026-04-02 23:18:24.000000,FLOOD,19380.84,IN_REVIEW,True
3742,1053,1773,2026-01-09 03:02:59.000000,FLOOD,2570.78,IN_REVIEW,False
3743,3868,2296,2026-03-04 02:34:04.000000,COLLISION,10461.3,IN_REVIEW,False
3744,1925,2850,2024-08-05 01:32:47.000000,FIRE,6370.27,CLOSED,False
3745,3646,3548,2024-06-09 14:11:47.000000,FLOOD,10222.05,IN_REVIEW,False
3746,975,2977,2025-09-28 02:06:49.000000,GLASS_DAMAGE,12583.92,CLOSED,False
3747,169,188,2025-05-30 23:08:58.000000,FLOOD,24819.98,IN_REVIEW,True
3748,3264,3510,2024-07-20 08:23:19.000000,COLLISION,17398.74,REJECTED,False
3749,1770,1664,2026-02-24 11:53:39.000000,THEFT,1533.53,IN_REVIEW,False
3750,1599,3029,2026-02-27 11:40:13.000000,VANDALISM,17486.56,IN_REVIEW,False
3751,1465,4144,2026-03-13 04:15:21.000000,FIRE,1770.75,IN_REVIEW,False
3752,3882,3418,2024-11-24 01:31:30.000000,COLLISION,14630.71,OPEN,False
3753,1230,224,2024-10-29 08:29:07.000000,FIRE,5577.86,CLOSED,False
3754,3209,428,2026-03-18 14:19:03.000000,FLOOD,16665.75,REJECTED,False
3755,2371,1948,2024-07-29 01:15:13.000000,VANDALISM,10867.7,REJECTED,False
3756,2673,2840,2025-11-13 05:14:45.000000,THEFT,757.0,CLOSED,False
3757,4645,621,2024-07-19 06:18:29.000000,COLLISION,23312.92,REJECTED,True
3758,62,3812,2026-03-03 17:04:44.000000,COLLISION,5350.17,IN_REVIEW,False
3759,2967,1477,2025-11-07 08:49:09.000000,THEFT,14451.32,OPEN,False
3760,2755,3290,2024-07-11 08:53:06.000000,FLOOD,15604.66,APPROVED,False
3761,3677,1958,2024-10-02 22:58:02.000000,THEFT,12447.19,IN_REVIEW,False
3762,1681,1973,2025-09-03 20:09:09.000000,FLOOD,19650.96,IN_REVIEW,True
3763,3086,4001,2025-07-06 06:10:29.000000,GLASS_DAMAGE,10573.61,APPROVED,False
3764,1190,3682,2026-03-03 22:42:02.000000,GLASS_DAMAGE,18970.24,REJECTED,True
3765,715,2796,2026-01-08 21:01:27.000000,FLOOD,20115.14,APPROVED,True
3766,123,1087,2025-06-22 01:51:36.000000,THEFT,7015.35,APPROVED,False
3767,2036,2818,2024-05-27 07:57:15.000000,GLASS_DAMAGE,22140.56,CLOSED,True
3768,3648,2373,2025-10-27 14:47:57.000000,VANDALISM,14677.58,APPROVED,False
3769,2813,3388,2024-10-20 12:28:29.000000,FIRE,8198.98,REJECTED,False
3770,2399,2287,2025-03-09 18:46:53.000000,GLASS_DAMAGE,13173.0,OPEN,False
3771,610,1906,2025-07-30 20:23:24.000000,THEFT,21739.33,REJECTED,True
3772,346,2960,2024-09-08 06:40:44.000000,FLOOD,4701.86,CLOSED,False
3773,4729,4074,2024-08-29 08:26:00.000000,GLASS_DAMAGE,4816.94,APPROVED,False
3774,2621,1084,2024-07-03 12:24:43.000000,VANDALISM,7795.75,OPEN,False
3775,2191,3209,2025-05-12 04:24:16.000000,GLASS_DAMAGE,11307.06,CLOSED,False
3776,2542,3897,2024-08-25 20:26:33.000000,COLLISION,20511.48,CLOSED,True
3777,3075,142,2025-06-24 15:23:49.000000,VANDALISM,23473.2,APPROVED,True
3778,3947,4056,2024-05-22 11:28:52.000000,FIRE,4132.71,OPEN,False
3779,3635,1888,2026-01-31 18:46:17.000000,COLLISION,23886.31,OPEN,True
3780,897,355,2024-09-12 01:35:02.000000,THEFT,13330.51,APPROVED,False
3781,1164,1688,2024-09-20 08:11:36.000000,FLOOD,12335.54,CLOSED,False
3782,3675,2995,2024-05-15 17:34:50.000000,FIRE,5126.2,REJECTED,False
3783,1025,2051,2025-12-14 01:12:36.000000,FIRE,446.44,APPROVED,False
3784,3940,664,2026-04-26 21:14:06.000000,GLASS_DAMAGE,15200.9,CLOSED,False
3785,2719,892,2025-03-01 23:48:20.000000,THEFT,8529.4,REJECTED,False
3786,2169,2225,2026-03-19 11:05:48.000000,THEFT,16435.33,APPROVED,False
3787,4515,466,2024-10-03 20:12:34.000000,COLLISION,23716.87,CLOSED,True
3788,3164,2581,2026-03-14 00:52:47.000000,GLASS_DAMAGE,328.16,IN_REVIEW,False
3789,4376,1397,2025-09-05 07:50:14.000000,COLLISION,18552.52,IN_REVIEW,True
3790,794,295,2026-01-05 14:02:50.000000,GLASS_DAMAGE,19966.51,OPEN,True
3791,2889,3577,2025-10-28 15:23:50.000000,FIRE,18415.77,REJECTED,True
3792,1310,3941,2025-05-09 21:19:05.000000,VANDALISM,566.52,OPEN,False
3793,3941,3181,2024-09-08 01:34:38.000000,COLLISION,18696.67,REJECTED,True
3794,1719,1851,2025-11-01 08:52:37.000000,COLLISION,17726.94,REJECTED,False
3795,2771,2307,2024-12-30 22:09:20.000000,GLASS_DAMAGE,4794.26,CLOSED,False
3796,984,659,2024-05-16 12:51:23.000000,FLOOD,24702.69,OPEN,True
3797,4217,584,2024-07-26 22:22:21.000000,VANDALISM,527.61,APPROVED,False
3798,3451,3746,2024-12-05 07:52:27.000000,COLLISION,13771.91,REJECTED,False
3799,3311,1440,2026-04-10 06:57:41.000000,FIRE,10859.32,IN_REVIEW,False
3800,1621,257,2025-03-06 08:39:51.000000,COLLISION,23003.48,REJECTED,True
3801,2314,3002,2024-05-18 03:08:53.000000,VANDALISM,21717.51,REJECTED,True
3802,3138,431,2024-08-09 16:59:01.000000,VANDALISM,23259.26,APPROVED,True
3803,2239,827,2025-08-13 12:41:26.000000,THEFT,5492.21,CLOSED,False
3804,4088,104,2024-09-10 21:04:31.000000,VANDALISM,16933.9,IN_REVIEW,False
3805,3954,2452,2024-09-10 20:17:14.000000,THEFT,14242.84,REJECTED,False
3806,3782,4113,2025-01-28 04:44:45.000000,THEFT,5576.36,REJECTED,False
3807,3567,1641,2024-11-07 14:53:40.000000,VANDALISM,15434.51,CLOSED,False
3808,2397,804,2025-02-23 13:52:53.000000,GLASS_DAMAGE,18680.0,CLOSED,True
3809,1084,3509,2025-04-25 07:39:56.000000,FLOOD,14034.18,APPROVED,False
3810,4293,3097,2026-03-14 02:50:04.000000,COLLISION,16056.26,APPROVED,False
3811,3530,2943,2025-08-15 10:00:02.000000,FLOOD,2487.53,OPEN,False
3812,4098,2107,2025-07-21 12:26:10.000000,GLASS_DAMAGE,9610.03,CLOSED,False
3813,941,2058,2025-05-30 11:16:18.000000,FIRE,11923.43,REJECTED,False
3814,1816,3560,2026-01-10 21:30:36.000000,FIRE,19147.79,APPROVED,True
3815,3010,3958,2025-01-06 07:45:31.000000,THEFT,1322.92,CLOSED,False
3816,4317,213,2024-08-07 10:20:51.000000,GLASS_DAMAGE,6898.68,APPROVED,False
3817,1227,1715,2026-01-28 10:40:53.000000,FLOOD,22820.67,OPEN,True
3818,3134,3151,2025-08-27 23:36:43.000000,VANDALISM,15900.81,IN_REVIEW,False
3819,666,205,2026-02-27 12:26:13.000000,VANDALISM,7565.02,APPROVED,False
3820,1830,1207,2026-02-24 05:35:51.000000,THEFT,3133.82,OPEN,False
3821,2676,2516,2025-05-05 19:05:49.000000,FIRE,23464.91,APPROVED,True
3822,1836,1658,2026-03-06 14:06:54.000000,VANDALISM,922.74,APPROVED,False
3823,1072,1229,2025-08-23 03:58:20.000000,VANDALISM,2723.43,CLOSED,False
3824,56,3389,2024-06-18 13:35:54.000000,VANDALISM,18626.5,APPROVED,True
3825,3560,2685,2026-02-16 12:56:52.000000,FLOOD,10829.84,IN_REVIEW,False
3826,3038,336,2026-01-12 15:39:31.000000,FIRE,6818.11,OPEN,False
3827,489,1988,2025-01-16 19:25:49.000000,GLASS_DAMAGE,6234.93,APPROVED,False
3828,2953,2795,2024-12-14 09:03:34.000000,FLOOD,12635.53,OPEN,False
3829,4570,3511,2025-04-08 04:05:12.000000,VANDALISM,10515.31,OPEN,False
3830,2587,763,2025-09-09 12:50:09.000000,FIRE,15862.7,REJECTED,False
3831,2648,3601,2025-05-08 09:25:02.000000,FIRE,10814.6,OPEN,False
3832,438,2656,2024-11-11 08:17:54.000000,THEFT,21444.04,APPROVED,True
3833,2112,3285,2024-10-06 07:12:02.000000,FLOOD,14474.09,REJECTED,False
3834,4608,3515,2024-08-02 00:44:54.000000,THEFT,23464.77,OPEN,True
3835,2870,2664,2025-05-13 01:41:56.000000,FLOOD,3093.74,CLOSED,False
3836,1938,3322,2026-04-26 10:12:11.000000,THEFT,23148.22,REJECTED,True
3837,3143,1689,2024-08-22 20:27:01.000000,FLOOD,23581.76,CLOSED,True
3838,639,1776,2025-10-18 04:14:41.000000,GLASS_DAMAGE,21587.91,OPEN,True
3839,2379,2387,2025-11-04 22:25:43.000000,VANDALISM,3469.76,OPEN,False
3840,1203,2832,2024-09-30 04:45:56.000000,FLOOD,19336.56,OPEN,True
3841,3530,195,2025-04-10 14:34:56.000000,THEFT,15608.12,APPROVED,False
3842,1163,2988,2025-09-26 13:21:04.000000,GLASS_DAMAGE,3579.36,REJECTED,False
3843,3242,2994,2025-05-10 13:06:28.000000,FLOOD,24585.22,REJECTED,True
3844,4248,3239,2026-03-09 08:32:10.000000,COLLISION,4058.61,OPEN,False
3845,2797,48,2024-05-24 21:21:01.000000,THEFT,3550.1,APPROVED,False
3846,2555,3088,2024-09-19 09:12:26.000000,THEFT,24149.01,APPROVED,True
3847,3475,253,2024-06-28 20:04:45.000000,GLASS_DAMAGE,6458.33,REJECTED,False
3848,2954,3074,2024-09-17 14:41:30.000000,THEFT,10583.21,OPEN,False
3849,3589,2405,2025-12-28 21:10:17.000000,FIRE,6022.43,OPEN,False
3850,3707,1935,2024-10-04 09:00:47.000000,VANDALISM,12054.18,APPROVED,False
3851,2495,659,2025-05-22 07:02:14.000000,COLLISION,15634.3,OPEN,False
3852,1355,3445,2025-06-03 02:04:59.000000,FIRE,21830.2,APPROVED,True
3853,562,4020,2024-08-28 19:35:24.000000,COLLISION,19509.32,APPROVED,True
3854,1367,3817,2025-12-16 06:44:45.000000,GLASS_DAMAGE,5163.71,REJECTED,False
3855,4515,2036,2024-06-05 18:20:35.000000,FLOOD,3383.21,OPEN,False
3856,3429,3583,2026-02-23 19:33:17.000000,GLASS_DAMAGE,8481.43,CLOSED,False
3857,2516,4116,2025-01-24 03:23:40.000000,FLOOD,18387.98,REJECTED,True
3858,679,1950,2025-08-16 03:10:07.000000,FIRE,14526.3,APPROVED,False
3859,3866,3145,2025-06-02 09:58:37.000000,COLLISION,6475.51,APPROVED,False
3860,4493,1462,2025-03-04 04:31:44.000000,THEFT,3851.46,CLOSED,False
3861,3251,2741,2026-03-28 00:18:05.000000,FLOOD,24652.1,IN_REVIEW,True
3862,1446,4124,2025-08-09 10:30:18.000000,FLOOD,1227.33,APPROVED,False
3863,235,3420,2026-01-23 20:47:54.000000,GLASS_DAMAGE,9932.12,REJECTED,False
3864,2077,454,2026-02-23 05:15:17.000000,VANDALISM,5141.1,IN_REVIEW,False
3865,4444,1226,2026-05-08 05:40:55.000000,THEFT,12848.02,IN_REVIEW,False
3866,3322,1116,2025-08-03 05:59:10.000000,COLLISION,14612.27,CLOSED,False
3867,2216,3893,2024-10-03 13:46:44.000000,GLASS_DAMAGE,11469.05,APPROVED,False
3868,1793,359,2025-10-23 11:55:13.000000,GLASS_DAMAGE,12820.99,APPROVED,False
3869,2518,992,2025-10-09 15:43:27.000000,THEFT,18342.79,CLOSED,True
3870,3554,151,2024-05-19 10:35:28.000000,THEFT,8155.79,APPROVED,False
3871,4478,4121,2025-03-10 15:37:38.000000,VANDALISM,14846.87,APPROVED,False
3872,3595,2487,2026-04-01 05:50:47.000000,THEFT,11001.38,OPEN,False
3873,2498,3455,2025-02-26 05:17:31.000000,COLLISION,14383.2,REJECTED,False
3874,4125,2840,2024-06-13 10:26:50.000000,VANDALISM,24886.65,REJECTED,True
3875,1003,1069,2025-03-12 07:23:51.000000,GLASS_DAMAGE,22579.16,REJECTED,True
3876,859,1543,2025-02-13 14:37:12.000000,VANDALISM,8385.05,CLOSED,False
3877,2042,414,2025-09-14 11:47:32.000000,THEFT,24711.67,OPEN,True
3878,4641,1067,2025-07-29 11:10:08.000000,GLASS_DAMAGE,2848.32,CLOSED,False
3879,4714,2151,2024-06-11 00:51:47.000000,VANDALISM,11449.13,REJECTED,False
3880,2049,3019,2024-08-23 06:13:14.000000,FIRE,20814.02,REJECTED,True
3881,3295,3837,2026-03-17 06:24:04.000000,GLASS_DAMAGE,9381.7,REJECTED,False
3882,3250,3036,2024-07-25 01:27:34.000000,FLOOD,19084.53,IN_REVIEW,True
3883,1577,1337,2025-12-03 11:21:45.000000,GLASS_DAMAGE,12110.66,CLOSED,False
3884,1991,1318,2025-04-14 13:21:31.000000,FLOOD,11600.21,APPROVED,False
3885,1033,3611,2024-11-11 20:23:12.000000,GLASS_DAMAGE,5782.59,REJECTED,False
3886,282,3131,2025-09-10 11:47:13.000000,FLOOD,3535.23,REJECTED,False
3887,3542,4174,2025-12-06 17:11:51.000000,VANDALISM,7135.27,REJECTED,False
3888,3124,2387,2024-09-18 01:05:33.000000,COLLISION,1436.01,CLOSED,False
3889,4753,499,2025-04-10 05:22:36.000000,THEFT,3295.69,REJECTED,False
3890,1904,3327,2025-07-21 19:53:04.000000,COLLISION,20101.02,REJECTED,True
3891,2241,2293,2025-12-11 21:30:44.000000,GLASS_DAMAGE,12620.11,OPEN,False
3892,3354,3442,2025-09-30 03:03:07.000000,FIRE,7951.64,REJECTED,False
3893,1788,3037,2024-12-16 08:36:45.000000,FIRE,6509.1,IN_REVIEW,False
3894,3560,3976,2025-08-05 14:29:49.000000,VANDALISM,1610.37,REJECTED,False
3895,4022,4148,2025-08-16 22:12:18.000000,THEFT,7595.8,IN_REVIEW,False
3896,3110,3039,2025-07-20 15:21:29.000000,COLLISION,12208.78,APPROVED,False
3897,674,3135,2024-11-19 22:16:04.000000,COLLISION,8045.64,APPROVED,False
3898,3279,2251,2024-08-11 07:14:06.000000,GLASS_DAMAGE,9370.37,APPROVED,False
3899,3712,2865,2024-10-13 06:27:23.000000,VANDALISM,16034.65,CLOSED,False
3900,4170,1791,2026-05-10 16:10:47.000000,THEFT,12440.81,OPEN,False
3901,2607,1410,2024-09-08 09:08:43.000000,FLOOD,18934.13,OPEN,True
3902,4415,4114,2026-01-25 11:14:24.000000,GLASS_DAMAGE,9334.45,IN_REVIEW,False
3903,3947,1869,2025-10-30 19:39:05.000000,FIRE,1279.19,REJECTED,False
3904,3178,1424,2024-11-04 09:47:05.000000,GLASS_DAMAGE,20327.59,REJECTED,True
3905,4330,17,2024-07-09 13:16:13.000000,THEFT,6420.61,REJECTED,False
3906,495,1108,2026-04-13 22:06:16.000000,THEFT,24147.34,OPEN,True
3907,2193,3202,2025-11-29 10:40:04.000000,VANDALISM,3478.09,APPROVED,False
3908,3265,1825,2026-04-22 22:24:11.000000,FLOOD,24697.05,OPEN,True
3909,3016,2615,2026-04-27 05:56:57.000000,FLOOD,7762.94,OPEN,False
3910,2489,503,2024-07-05 09:45:20.000000,COLLISION,13376.34,APPROVED,False
3911,152,2234,2026-03-25 06:56:26.000000,FIRE,18925.15,CLOSED,True
3912,2553,1502,2026-04-02 21:21:54.000000,FLOOD,15826.02,REJECTED,False
3913,2935,496,2025-10-15 18:57:00.000000,FLOOD,12964.33,REJECTED,False
3914,2880,1268,2025-06-15 00:02:16.000000,FLOOD,8036.68,IN_REVIEW,False
3915,766,1368,2026-04-09 20:21:59.000000,VANDALISM,24610.67,IN_REVIEW,True
3916,1701,1674,2024-11-06 12:47:28.000000,FLOOD,19266.59,REJECTED,True
3917,4140,407,2025-03-05 03:29:38.000000,GLASS_DAMAGE,23261.34,REJECTED,True
3918,321,3837,2025-09-21 06:39:13.000000,FLOOD,24685.9,OPEN,True
3919,3466,2118,2025-04-04 00:37:16.000000,VANDALISM,11903.13,REJECTED,False
3920,3242,800,2024-09-30 18:18:28.000000,THEFT,10499.43,OPEN,False
3921,146,2017,2025-05-03 00:07:37.000000,FLOOD,2966.97,APPROVED,False
3922,4692,2657,2024-08-16 16:41:57.000000,GLASS_DAMAGE,24382.83,IN_REVIEW,True
3923,2343,3529,2025-12-12 12:24:44.000000,GLASS_DAMAGE,9443.55,OPEN,False
3924,3841,2796,2025-11-24 17:38:42.000000,COLLISION,24764.94,IN_REVIEW,True
3925,668,2655,2024-06-20 05:45:05.000000,GLASS_DAMAGE,9275.18,IN_REVIEW,False
3926,3982,2837,2025-02-15 23:55:45.000000,FLOOD,9683.58,APPROVED,False
3927,3055,709,2026-05-07 21:29:00.000000,THEFT,19335.48,IN_REVIEW,True
3928,2462,1566,2025-10-26 12:04:16.000000,FIRE,2933.64,IN_REVIEW,False
3929,503,4152,2024-09-09 17:27:15.000000,FLOOD,2143.16,OPEN,False
3930,333,659,2025-12-13 14:14:29.000000,VANDALISM,16916.01,IN_REVIEW,False
3931,584,1027,2024-05-26 22:27:16.000000,VANDALISM,602.45,OPEN,False
3932,1976,2596,2026-01-06 16:18:17.000000,FIRE,14668.2,OPEN,False
3933,1115,272,2025-06-04 00:29:41.000000,FIRE,21710.68,CLOSED,True
3934,961,103,2025-10-27 11:06:10.000000,COLLISION,6003.84,OPEN,False
3935,934,989,2024-08-25 00:50:39.000000,VANDALISM,2313.28,IN_REVIEW,False
3936,1992,1162,2024-09-02 02:00:38.000000,THEFT,20505.14,OPEN,True
3937,2795,1678,2024-12-09 09:50:10.000000,VANDALISM,339.55,REJECTED,False
3938,3793,3383,2026-04-01 06:01:35.000000,COLLISION,19147.53,CLOSED,True
3939,591,1362,2025-01-06 07:16:54.000000,COLLISION,304.9,OPEN,False
3940,1656,2082,2025-01-10 16:41:20.000000,VANDALISM,24432.05,CLOSED,True
3941,4305,462,2025-04-05 01:08:10.000000,VANDALISM,9792.24,IN_REVIEW,False
3942,184,3654,2025-08-18 13:52:20.000000,VANDALISM,2378.53,APPROVED,False
3943,3159,3163,2025-09-22 09:09:32.000000,THEFT,12571.87,APPROVED,False
3944,1268,1438,2025-04-20 12:21:52.000000,COLLISION,24162.63,CLOSED,True
3945,3421,977,2024-08-28 21:19:39.000000,COLLISION,16296.66,APPROVED,False
3946,4396,21,2024-10-22 13:37:22.000000,COLLISION,1357.5,REJECTED,False
3947,773,2997,2024-06-27 02:40:19.000000,THEFT,21481.69,CLOSED,True
3948,2691,49,2025-04-06 01:09:36.000000,FIRE,8044.77,APPROVED,False
3949,2262,2001,2024-09-26 21:06:06.000000,FIRE,1733.63,IN_REVIEW,False
3950,2218,1380,2025-12-04 06:43:56.000000,COLLISION,19341.51,REJECTED,True
3951,271,3469,2025-02-26 09:21:25.000000,FIRE,23514.76,REJECTED,True
3952,2726,124,2024-05-21 14:37:47.000000,GLASS_DAMAGE,1763.13,APPROVED,False
3953,2319,1965,2025-11-28 07:12:54.000000,COLLISION,21874.88,REJECTED,True
3954,4335,1940,2025-03-05 11:46:37.000000,COLLISION,19088.69,CLOSED,True
3955,995,1191,2025-11-25 05:26:57.000000,GLASS_DAMAGE,13099.6,CLOSED,False
3956,202,1536,2025-03-22 21:28:56.000000,VANDALISM,7144.68,REJECTED,False
3957,1562,1595,2025-04-02 05:16:34.000000,GLASS_DAMAGE,18476.8,OPEN,True
3958,1330,2645,2026-01-07 09:37:48.000000,GLASS_DAMAGE,3411.83,REJECTED,False
3959,1917,1273,2026-01-09 12:51:42.000000,VANDALISM,22372.05,IN_REVIEW,True
3960,2378,35,2025-05-09 14:18:40.000000,FIRE,14474.4,OPEN,False
3961,4187,1751,2025-07-11 21:57:45.000000,COLLISION,12919.48,OPEN,False
3962,1180,1013,2025-08-26 07:14:30.000000,FLOOD,11308.11,OPEN,False
3963,990,1828,2026-04-17 23:00:46.000000,THEFT,6310.82,IN_REVIEW,False
3964,2279,3475,2024-10-12 17:58:57.000000,FLOOD,5792.34,REJECTED,False
3965,2459,4019,2025-08-10 07:40:42.000000,VANDALISM,16119.16,APPROVED,False
3966,1431,1376,2026-01-03 09:40:54.000000,FLOOD,9640.69,OPEN,False
3967,2961,1248,2025-03-26 13:53:30.000000,FLOOD,13879.67,IN_REVIEW,False
3968,3021,1599,2024-10-08 20:59:51.000000,THEFT,3971.9,CLOSED,False
3969,4512,1640,2026-03-08 23:28:12.000000,COLLISION,8877.99,APPROVED,False
3970,3248,1643,2024-12-03 23:52:25.000000,VANDALISM,8815.08,REJECTED,False
3971,665,3234,2024-06-11 20:01:15.000000,THEFT,12193.99,IN_REVIEW,False
3972,2456,720,2025-02-12 13:57:31.000000,FLOOD,17172.05,REJECTED,False
3973,3934,2548,2026-03-25 19:13:55.000000,VANDALISM,222.85,IN_REVIEW,False
3974,4780,13,2026-02-09 15:56:16.000000,COLLISION,11958.87,IN_REVIEW,False
3975,4458,3052,2025-07-10 22:01:48.000000,THEFT,9876.3,CLOSED,False
3976,2698,1214,2024-10-21 17:44:13.000000,THEFT,16764.73,IN_REVIEW,False
3977,2716,2530,2024-12-02 17:08:31.000000,FIRE,3335.53,REJECTED,False
3978,1563,4089,2025-04-10 10:18:04.000000,GLASS_DAMAGE,8816.74,CLOSED,False
3979,1336,467,2025-11-19 14:05:37.000000,FLOOD,15215.42,CLOSED,False
3980,302,2392,2024-09-20 01:52:54.000000,COLLISION,14279.96,CLOSED,False
3981,2680,3557,2025-02-03 04:08:07.000000,VANDALISM,16636.35,IN_REVIEW,False
3982,912,1442,2025-08-15 16:41:59.000000,GLASS_DAMAGE,6420.15,REJECTED,False
3983,1566,1425,2025-04-21 08:47:26.000000,THEFT,13738.58,APPROVED,False
3984,3695,878,2024-09-23 04:42:41.000000,FLOOD,16074.37,APPROVED,False
3985,2076,702,2025-04-05 00:59:25.000000,THEFT,1584.79,OPEN,False
3986,1753,3257,2024-05-31 07:22:46.000000,COLLISION,17766.01,APPROVED,False
3987,3691,394,2025-02-14 06:24:58.000000,FLOOD,1890.73,APPROVED,False
3988,3025,4020,2025-04-19 17:23:49.000000,THEFT,6774.17,OPEN,False
3989,692,3046,2026-01-24 02:44:43.000000,COLLISION,11082.27,CLOSED,False
3990,2537,3371,2025-07-16 12:42:59.000000,COLLISION,7769.72,APPROVED,False
3991,233,1873,2024-09-07 03:06:27.000000,COLLISION,12775.73,CLOSED,False
3992,3485,774,2025-12-19 18:01:39.000000,FIRE,795.82,IN_REVIEW,False
3993,1124,897,2025-03-30 07:56:27.000000,FLOOD,22684.8,APPROVED,True
3994,2593,3602,2025-09-13 06:16:32.000000,VANDALISM,10680.87,IN_REVIEW,False
3995,3244,418,2024-09-06 04:07:20.000000,GLASS_DAMAGE,1922.96,REJECTED,False
3996,2038,849,2024-06-06 10:54:09.000000,COLLISION,4308.73,APPROVED,False
3997,3058,2283,2026-01-26 00:50:51.000000,VANDALISM,6132.55,IN_REVIEW,False
3998,3244,670,2025-01-22 11:32:16.000000,FIRE,15497.51,APPROVED,False
3999,264,261,2026-02-03 14:39:41.000000,VANDALISM,630.94,CLOSED,False
4000,4547,990,2024-05-19 03:38:32.000000,THEFT,4071.25,APPROVED,False
4001,2335,2479,2026-01-24 22:13:10.000000,GLASS_DAMAGE,24471.83,APPROVED,True
4002,1586,921,2025-06-26 05:52:09.000000,GLASS_DAMAGE,23304.99,CLOSED,True
4003,2487,675,2025-07-13 01:35:13.000000,COLLISION,15168.54,REJECTED,False
4004,3289,4126,2025-01-30 22:49:57.000000,GLASS_DAMAGE,18936.17,OPEN,True
4005,3401,3338,2024-06-17 02:34:02.000000,VANDALISM,1364.62,REJECTED,False
4006,3537,103,2025-09-15 08:06:15.000000,GLASS_DAMAGE,15424.54,CLOSED,False
4007,2221,4187,2025-02-21 16:54:40.000000,VANDALISM,21524.08,IN_REVIEW,True
4008,1844,2127,2025-04-26 05:55:29.000000,FIRE,3649.1,APPROVED,False
4009,1736,2803,2026-01-19 08:31:47.000000,GLASS_DAMAGE,7018.13,REJECTED,False
4010,4324,2218,2025-10-30 13:23:44.000000,FLOOD,1516.62,REJECTED,False
4011,3496,2567,2025-01-27 16:03:19.000000,FLOOD,15423.56,IN_REVIEW,False
4012,298,3849,2025-02-25 06:59:18.000000,FIRE,1054.36,CLOSED,False
4013,4498,4031,2024-07-01 18:28:18.000000,FLOOD,6735.31,CLOSED,False
4014,3214,3013,2026-01-13 04:29:50.000000,FIRE,1288.09,OPEN,False
4015,3474,2501,2026-03-11 19:18:41.000000,VANDALISM,8500.18,APPROVED,False
4016,1465,28,2025-06-14 17:51:19.000000,THEFT,24717.4,CLOSED,True
4017,3359,1262,2024-07-27 17:16:18.000000,FIRE,24832.19,REJECTED,True
4018,4239,4136,2024-09-05 01:59:09.000000,VANDALISM,6476.36,CLOSED,False
4019,2220,2124,2025-01-25 15:48:14.000000,VANDALISM,11916.2,CLOSED,False
4020,4532,2958,2024-08-04 04:49:27.000000,COLLISION,22838.98,APPROVED,True
4021,2041,2483,2025-03-02 03:48:27.000000,FLOOD,2479.45,APPROVED,False
4022,1959,4098,2024-09-24 20:53:43.000000,THEFT,16712.12,APPROVED,False
4023,2094,429,2026-02-13 05:13:34.000000,VANDALISM,1306.09,APPROVED,False
4024,2370,1073,2025-11-15 11:14:33.000000,THEFT,15968.48,CLOSED,False
4025,794,3097,2025-07-01 10:49:54.000000,VANDALISM,18455.56,IN_REVIEW,True
4026,4374,500,2025-06-26 09:50:43.000000,COLLISION,20498.55,CLOSED,True
4027,2209,2858,2024-12-23 16:48:29.000000,GLASS_DAMAGE,23536.77,IN_REVIEW,True
4028,2573,1928,2024-12-23 17:09:29.000000,FLOOD,10791.76,IN_REVIEW,False
4029,4014,1970,2025-10-09 17:21:32.000000,FLOOD,7881.97,OPEN,False
4030,3913,584,2025-06-12 07:42:46.000000,COLLISION,8444.47,CLOSED,False
4031,3523,3864,2025-04-24 19:13:58.000000,VANDALISM,7189.17,OPEN,False
4032,3535,1092,2024-08-15 20:41:20.000000,THEFT,13027.56,OPEN,False
4033,3967,3323,2025-08-01 18:25:54.000000,GLASS_DAMAGE,6310.67,REJECTED,False
4034,4588,2441,2026-02-09 02:23:29.000000,FLOOD,4812.34,APPROVED,False
4035,4002,3675,2025-01-01 07:05:40.000000,FIRE,23726.68,CLOSED,True
4036,2892,2550,2025-08-01 12:20:55.000000,GLASS_DAMAGE,13998.82,APPROVED,False
4037,4800,455,2026-02-27 12:48:34.000000,FLOOD,1952.24,OPEN,False
4038,2464,3651,2024-10-23 00:34:14.000000,VANDALISM,9377.83,APPROVED,False
4039,3893,2656,2025-04-28 10:36:20.000000,COLLISION,4869.82,APPROVED,False
4040,3462,972,2024-07-21 19:34:12.000000,VANDALISM,7941.34,APPROVED,False
4041,3049,1816,2024-10-03 04:18:17.000000,VANDALISM,14526.5,APPROVED,False
4042,4007,2740,2024-07-15 17:34:50.000000,GLASS_DAMAGE,22951.62,APPROVED,True
4043,3895,1581,2026-02-06 16:35:07.000000,VANDALISM,7813.94,IN_REVIEW,False
4044,3094,499,2024-10-05 04:30:22.000000,GLASS_DAMAGE,12452.5,APPROVED,False
4045,3754,3835,2024-08-20 23:18:47.000000,THEFT,20788.32,IN_REVIEW,True
4046,3330,2031,2025-06-13 07:12:27.000000,GLASS_DAMAGE,2865.06,IN_REVIEW,False
4047,1744,679,2025-12-01 09:45:32.000000,COLLISION,2519.57,CLOSED,False
4048,1711,2896,2024-05-18 17:55:31.000000,GLASS_DAMAGE,19668.05,APPROVED,True
4049,3465,3472,2024-08-10 03:26:34.000000,COLLISION,5884.0,REJECTED,False
4050,3977,1987,2025-08-20 19:50:35.000000,GLASS_DAMAGE,19281.47,CLOSED,True
4051,489,3569,2024-09-08 12:19:14.000000,FLOOD,24075.54,OPEN,True
4052,3999,432,2025-02-18 01:39:30.000000,VANDALISM,9258.73,OPEN,False
4053,1596,2581,2024-11-03 02:06:07.000000,FLOOD,8417.57,APPROVED,False
4054,818,879,2024-05-28 18:04:02.000000,GLASS_DAMAGE,3184.57,IN_REVIEW,False
4055,2044,938,2026-02-17 10:35:25.000000,FIRE,5357.3,APPROVED,False
4056,3792,2902,2025-07-21 07:43:58.000000,COLLISION,17723.64,CLOSED,False
4057,1960,1701,2026-05-01 05:33:12.000000,FLOOD,1538.61,IN_REVIEW,False
4058,575,1053,2024-09-19 19:35:48.000000,FIRE,23779.54,CLOSED,True
4059,4387,1338,2024-11-16 16:13:58.000000,COLLISION,2111.23,OPEN,False
4060,531,1528,2024-05-17 10:36:05.000000,VANDALISM,8903.82,CLOSED,False
4061,882,131,2024-12-05 02:59:44.000000,COLLISION,18100.06,IN_REVIEW,True
4062,2624,2753,2024-11-10 05:37:40.000000,THEFT,8318.52,REJECTED,False
4063,2828,1385,2025-10-08 16:48:04.000000,GLASS_DAMAGE,23385.95,REJECTED,True
4064,4166,2833,2024-09-02 16:12:04.000000,FLOOD,19365.66,CLOSED,True
4065,655,996,2024-12-06 20:48:41.000000,FLOOD,14184.25,REJECTED,False
4066,2537,3591,2025-07-23 15:33:18.000000,GLASS_DAMAGE,7207.46,CLOSED,False
4067,3583,3699,2025-10-06 16:48:44.000000,FIRE,7276.02,CLOSED,False
4068,366,3099,2025-03-17 14:04:00.000000,COLLISION,4479.64,APPROVED,False
4069,1009,2089,2025-02-17 06:22:15.000000,COLLISION,1117.49,OPEN,False
4070,590,1747,2025-10-16 13:31:47.000000,COLLISION,3997.15,APPROVED,False
4071,909,260,2026-01-27 02:59:32.000000,VANDALISM,21922.48,APPROVED,True
4072,3641,127,2026-03-28 20:47:25.000000,THEFT,12615.04,REJECTED,False
4073,1143,3322,2024-11-28 08:14:34.000000,FLOOD,13992.54,CLOSED,False
4074,2455,1056,2026-03-28 22:09:38.000000,FIRE,3756.22,CLOSED,False
4075,2372,1645,2026-01-26 04:25:46.000000,FLOOD,5529.58,IN_REVIEW,False
4076,1835,3930,2025-05-09 15:46:45.000000,VANDALISM,15406.71,OPEN,False
4077,2284,1516,2025-05-10 15:56:48.000000,FLOOD,2497.95,IN_REVIEW,False
4078,2179,1997,2024-11-11 12:44:43.000000,GLASS_DAMAGE,5537.37,REJECTED,False
4079,1060,1594,2025-04-04 00:49:40.000000,VANDALISM,10646.76,OPEN,False
4080,4119,2903,2024-10-01 12:15:21.000000,FIRE,7509.65,OPEN,False
4081,3293,556,2026-05-04 22:52:20.000000,FLOOD,13076.51,OPEN,False
4082,158,494,2025-10-14 15:43:42.000000,THEFT,22293.83,IN_REVIEW,True
4083,2867,1698,2025-09-28 08:44:02.000000,GLASS_DAMAGE,2975.31,REJECTED,False
4084,2817,3261,2025-08-31 05:57:55.000000,GLASS_DAMAGE,16636.73,CLOSED,False
4085,1268,2463,2025-02-15 03:10:31.000000,COLLISION,15867.55,OPEN,False
4086,3708,680,2025-10-21 09:24:01.000000,VANDALISM,12337.79,CLOSED,False
4087,1258,3082,2024-05-20 00:58:48.000000,VANDALISM,12783.59,IN_REVIEW,False
4088,358,1422,2026-04-18 05:44:40.000000,GLASS_DAMAGE,12383.58,OPEN,False
4089,233,1695,2025-11-16 08:39:56.000000,THEFT,17202.67,CLOSED,False
4090,4058,1188,2024-07-13 23:25:58.000000,COLLISION,13681.56,APPROVED,False
4091,2540,2295,2025-05-04 02:25:09.000000,GLASS_DAMAGE,1616.58,CLOSED,False
4092,246,3854,2024-10-01 18:04:32.000000,GLASS_DAMAGE,15488.44,OPEN,False
4093,1749,798,2025-02-17 22:52:07.000000,GLASS_DAMAGE,8051.04,REJECTED,False
4094,343,1915,2024-05-14 00:56:30.000000,FIRE,3028.05,IN_REVIEW,False
4095,1089,3698,2024-10-03 04:06:13.000000,FIRE,24465.45,CLOSED,True
4096,1483,637,2024-06-14 22:44:27.000000,VANDALISM,14191.57,CLOSED,False
4097,3560,2707,2024-06-10 04:14:42.000000,GLASS_DAMAGE,17103.57,REJECTED,False
4098,4690,1355,2026-04-15 11:22:22.000000,FIRE,9532.63,OPEN,False
4099,3463,3644,2025-01-16 20:45:06.000000,GLASS_DAMAGE,999.22,OPEN,False
4100,1846,1521,2024-06-29 04:39:18.000000,VANDALISM,17576.23,APPROVED,False
4101,2468,1678,2025-07-04 18:31:41.000000,FIRE,6598.36,REJECTED,False
4102,4769,1298,2025-09-19 01:39:10.000000,FIRE,22271.21,IN_REVIEW,True
4103,672,2421,2025-04-30 05:26:59.000000,GLASS_DAMAGE,19089.87,REJECTED,True
4104,3068,2880,2024-07-27 10:23:11.000000,THEFT,10041.57,IN_REVIEW,False
4105,2683,2459,2025-10-09 03:26:25.000000,COLLISION,18780.62,APPROVED,True
4106,3143,1209,2025-11-14 15:44:59.000000,GLASS_DAMAGE,18585.27,CLOSED,True
4107,1718,3622,2025-12-27 19:24:53.000000,GLASS_DAMAGE,12559.54,REJECTED,False
4108,478,2067,2024-06-26 19:18:25.000000,COLLISION,21877.48,IN_REVIEW,True
4109,2283,1665,2025-07-26 20:33:18.000000,VANDALISM,12568.55,APPROVED,False
4110,2600,1453,2026-03-26 09:51:08.000000,COLLISION,10153.33,CLOSED,False
4111,2646,3082,2025-09-03 14:33:58.000000,COLLISION,2821.12,IN_REVIEW,False
4112,1964,2191,2025-03-25 11:04:04.000000,FIRE,17819.49,OPEN,False
4113,1982,2699,2025-01-28 01:41:00.000000,GLASS_DAMAGE,24827.59,IN_REVIEW,True
4114,145,425,2025-03-14 07:05:55.000000,GLASS_DAMAGE,14538.59,OPEN,False
4115,941,1162,2024-12-17 17:46:01.000000,VANDALISM,22376.4,CLOSED,True
4116,3393,3837,2025-04-17 18:56:01.000000,FIRE,20476.48,OPEN,True
4117,3665,3390,2024-06-28 23:06:32.000000,FLOOD,6896.16,IN_REVIEW,False
4118,3785,3036,2026-02-20 18:11:38.000000,FIRE,24385.13,APPROVED,True
4119,3125,301,2025-03-22 09:24:13.000000,VANDALISM,22890.06,OPEN,True
4120,2916,412,2025-08-30 12:38:04.000000,FLOOD,13487.93,REJECTED,False
4121,50,2576,2025-03-20 07:25:23.000000,VANDALISM,10290.13,IN_REVIEW,False
4122,2756,3262,2025-12-07 17:55:01.000000,COLLISION,9402.29,REJECTED,False
4123,949,2319,2026-04-27 13:08:19.000000,GLASS_DAMAGE,10849.16,REJECTED,False
4124,2001,1582,2025-09-02 08:03:17.000000,FIRE,14358.56,OPEN,False
4125,2626,3686,2025-10-01 19:53:55.000000,THEFT,9969.91,REJECTED,False
4126,2152,1257,2025-12-21 09:48:50.000000,VANDALISM,8722.87,CLOSED,False
4127,3420,1469,2025-08-27 02:46:12.000000,FLOOD,20165.3,OPEN,True
4128,959,2820,2024-09-14 15:10:26.000000,COLLISION,13205.24,IN_REVIEW,False
4129,3495,1965,2024-06-24 10:42:52.000000,COLLISION,4366.1,REJECTED,False
4130,2606,464,2026-02-04 21:09:06.000000,THEFT,4034.31,APPROVED,False
4131,2655,447,2025-06-08 14:31:53.000000,FIRE,19285.59,APPROVED,True
4132,556,843,2025-10-31 12:41:23.000000,THEFT,367.1,APPROVED,False
4133,2969,701,2025-03-22 12:43:05.000000,GLASS_DAMAGE,24408.91,OPEN,True
4134,754,1705,2025-02-27 10:06:24.000000,VANDALISM,16797.13,REJECTED,False
4135,1440,4044,2026-02-03 14:33:50.000000,THEFT,1718.61,IN_REVIEW,False
4136,1978,657,2025-07-07 04:26:49.000000,FIRE,9868.62,CLOSED,False
4137,3575,3161,2025-10-08 03:44:38.000000,THEFT,20870.45,CLOSED,True
4138,1993,2417,2025-07-04 16:21:58.000000,THEFT,13197.14,CLOSED,False
4139,3884,1178,2024-06-05 03:06:49.000000,FIRE,7230.03,OPEN,False
4140,3676,1967,2025-10-02 15:58:41.000000,COLLISION,6868.07,OPEN,False
4141,1068,583,2026-03-11 01:42:31.000000,FIRE,24679.95,APPROVED,True
4142,718,4122,2025-11-20 01:57:54.000000,VANDALISM,8485.11,OPEN,False
4143,3720,88,2025-07-22 02:49:53.000000,THEFT,7559.48,APPROVED,False
4144,3144,2713,2025-03-20 11:21:32.000000,THEFT,7965.37,OPEN,False
4145,4534,2217,2025-06-03 04:26:01.000000,THEFT,16393.03,OPEN,False
4146,1526,1167,2025-07-25 13:09:39.000000,VANDALISM,2628.26,APPROVED,False
4147,1341,2510,2024-06-29 10:40:26.000000,FIRE,9624.53,CLOSED,False
4148,1839,1665,2024-06-07 09:55:57.000000,THEFT,23710.91,REJECTED,True
4149,4573,4145,2024-10-27 08:45:30.000000,COLLISION,20628.5,OPEN,True
4150,501,3743,2025-05-08 04:13:33.000000,VANDALISM,20162.9,APPROVED,True
4151,4436,3659,2025-07-16 22:50:57.000000,VANDALISM,4065.21,APPROVED,False
4152,1933,2360,2024-12-13 17:38:49.000000,COLLISION,4914.78,IN_REVIEW,False
4153,1559,351,2024-08-30 07:54:41.000000,GLASS_DAMAGE,10410.45,REJECTED,False
4154,2712,957,2025-10-25 02:51:27.000000,VANDALISM,15796.93,IN_REVIEW,False
4155,730,1149,2025-10-14 04:08:46.000000,THEFT,24083.44,OPEN,True
4156,83,3223,2024-10-19 11:47:19.000000,THEFT,13629.29,IN_REVIEW,False
4157,937,2038,2025-11-06 02:28:16.000000,THEFT,6223.6,APPROVED,False
4158,3692,3904,2025-05-25 22:54:33.000000,VANDALISM,10883.4,CLOSED,False
4159,601,1418,2024-05-15 15:13:24.000000,FIRE,16504.04,OPEN,False
4160,1312,2394,2026-02-21 00:07:30.000000,FIRE,17640.15,IN_REVIEW,False
4161,789,495,2026-04-03 05:30:46.000000,FLOOD,18001.29,CLOSED,True
4162,3101,2107,2026-01-23 10:46:25.000000,THEFT,18854.63,REJECTED,True
4163,2569,353,2026-02-10 12:20:41.000000,THEFT,21023.72,OPEN,True
4164,3861,1817,2025-08-15 21:46:42.000000,THEFT,15452.12,OPEN,False
4165,2857,1928,2025-02-07 03:58:06.000000,COLLISION,19777.35,REJECTED,True
4166,2697,3535,2024-12-19 14:45:17.000000,COLLISION,15061.85,OPEN,False
4167,900,2581,2024-06-22 05:51:59.000000,GLASS_DAMAGE,17697.82,OPEN,False
4168,3393,2998,2024-07-08 10:38:15.000000,VANDALISM,24772.56,CLOSED,True
4169,4785,1878,2026-01-31 03:36:10.000000,GLASS_DAMAGE,7323.33,OPEN,False
4170,2252,3350,2024-12-03 09:15:41.000000,FIRE,24791.07,CLOSED,True
4171,3262,3975,2024-09-27 03:03:21.000000,FLOOD,18753.3,REJECTED,True
4172,1511,1125,2025-07-27 18:29:06.000000,COLLISION,20598.93,CLOSED,True
4173,438,1720,2025-04-13 05:26:28.000000,THEFT,19802.07,IN_REVIEW,True
4174,435,4128,2024-10-18 23:52:56.000000,GLASS_DAMAGE,20155.41,IN_REVIEW,True
4175,3987,2355,2025-02-15 09:19:08.000000,COLLISION,12574.96,OPEN,False
4176,2518,1367,2024-09-08 19:02:51.000000,GLASS_DAMAGE,6887.58,IN_REVIEW,False
4177,2095,3398,2026-01-29 22:28:35.000000,FIRE,10031.09,CLOSED,False
4178,2394,1452,2025-03-02 16:53:48.000000,GLASS_DAMAGE,18317.19,CLOSED,True
4179,989,1695,2026-03-16 10:32:01.000000,FIRE,9648.67,OPEN,False
4180,1158,1718,2024-06-16 01:02:05.000000,GLASS_DAMAGE,16918.91,OPEN,False
4181,4591,1629,2024-11-01 12:33:40.000000,FLOOD,18062.96,CLOSED,True
4182,2125,3958,2025-12-14 15:58:46.000000,VANDALISM,23817.64,REJECTED,True
4183,2597,415,2024-11-21 03:54:51.000000,COLLISION,17906.2,APPROVED,False
4184,158,3187,2025-04-27 21:09:00.000000,GLASS_DAMAGE,13207.12,OPEN,False
4185,4590,4158,2024-09-01 15:36:20.000000,THEFT,10941.67,OPEN,False
4186,1543,818,2024-07-29 15:19:34.000000,GLASS_DAMAGE,21247.52,OPEN,True
4187,4477,1134,2024-11-15 00:28:27.000000,VANDALISM,774.3,IN_REVIEW,False
4188,4038,187,2025-06-22 22:15:35.000000,VANDALISM,8186.08,REJECTED,False
4189,578,1843,2025-12-16 08:37:43.000000,COLLISION,9502.45,REJECTED,False
4190,978,2326,2025-10-06 02:39:10.000000,GLASS_DAMAGE,20660.84,REJECTED,True
4191,1112,3153,2024-12-16 12:01:25.000000,FLOOD,18165.01,REJECTED,True
4192,3951,3476,2026-02-18 18:28:28.000000,FIRE,4774.89,IN_REVIEW,False
4193,2106,2873,2025-11-02 16:39:03.000000,FIRE,10190.03,REJECTED,False
4194,4022,1884,2025-11-25 19:13:17.000000,GLASS_DAMAGE,19817.71,IN_REVIEW,True
4195,2750,647,2025-06-27 07:04:42.000000,FIRE,21199.0,REJECTED,True
4196,2455,1311,2024-07-06 04:25:56.000000,FLOOD,13742.39,OPEN,False
4197,4770,2120,2024-11-15 22:54:36.000000,GLASS_DAMAGE,13886.08,APPROVED,False
4198,904,2978,2025-09-22 01:30:20.000000,COLLISION,22483.38,IN_REVIEW,True
4199,2250,2019,2024-07-12 09:40:13.000000,FIRE,20482.7,APPROVED,True
4200,3472,1380,2025-09-12 16:22:08.000000,GLASS_DAMAGE,3765.43,REJECTED,False
4201,1100,2287,2025-07-27 00:00:36.000000,FIRE,8118.39,OPEN,False
4202,481,72,2026-03-25 06:24:49.000000,COLLISION,17242.77,CLOSED,False
4203,2242,1403,2024-10-12 17:53:30.000000,GLASS_DAMAGE,5818.56,IN_REVIEW,False
4204,4576,2848,2025-04-20 17:55:05.000000,VANDALISM,20591.44,APPROVED,True
4205,203,3424,2025-03-26 00:43:27.000000,THEFT,20060.5,REJECTED,True
4206,3916,2100,2025-07-23 23:58:13.000000,GLASS_DAMAGE,480.16,APPROVED,False
4207,3536,2593,2025-04-12 14:09:12.000000,FIRE,3307.5,CLOSED,False
4208,755,1890,2025-05-06 07:42:32.000000,VANDALISM,18431.54,REJECTED,True
4209,1719,3109,2025-09-03 03:37:49.000000,FLOOD,7517.42,OPEN,False
4210,2254,648,2024-06-04 13:02:16.000000,THEFT,18359.82,OPEN,True
4211,3166,4044,2024-09-21 07:50:02.000000,FLOOD,10220.13,OPEN,False
4212,2477,3134,2024-09-19 07:45:09.000000,COLLISION,23683.49,IN_REVIEW,True
4213,1589,2363,2025-01-21 05:41:13.000000,VANDALISM,10105.67,CLOSED,False
4214,598,2689,2025-10-31 01:35:10.000000,FIRE,16211.44,APPROVED,False
4215,252,1412,2026-03-04 18:17:22.000000,GLASS_DAMAGE,18353.7,IN_REVIEW,True
4216,166,224,2025-10-08 04:47:40.000000,COLLISION,24903.49,OPEN,True
4217,3185,3872,2025-06-07 01:29:26.000000,GLASS_DAMAGE,17412.67,CLOSED,False
4218,158,2380,2026-05-07 19:53:00.000000,VANDALISM,12729.51,IN_REVIEW,False
4219,2298,2269,2025-12-14 06:25:55.000000,FIRE,1458.09,APPROVED,False
4220,937,1492,2025-11-13 03:33:35.000000,GLASS_DAMAGE,2099.13,APPROVED,False
4221,3549,541,2025-03-03 17:21:03.000000,VANDALISM,21152.37,CLOSED,True
4222,4480,2553,2025-08-23 11:44:13.000000,GLASS_DAMAGE,8239.33,APPROVED,False
4223,2725,1550,2026-03-12 04:54:11.000000,VANDALISM,13135.68,CLOSED,False
4224,4202,1728,2025-08-17 02:38:57.000000,GLASS_DAMAGE,14382.67,APPROVED,False
4225,4291,2036,2025-12-25 16:59:00.000000,COLLISION,20647.23,CLOSED,True
4226,3110,1724,2025-04-28 05:20:09.000000,FLOOD,14893.19,OPEN,False
4227,1025,623,2025-06-12 18:33:06.000000,THEFT,14858.98,IN_REVIEW,False
4228,4089,2271,2024-08-30 12:25:46.000000,FIRE,4213.56,IN_REVIEW,False
4229,1588,4032,2024-09-19 14:47:31.000000,FIRE,22673.48,CLOSED,True
4230,584,2769,2025-09-10 06:03:02.000000,GLASS_DAMAGE,17268.23,CLOSED,False
4231,2330,1455,2026-01-26 22:19:07.000000,FLOOD,19560.01,APPROVED,True
4232,3135,3346,2025-02-15 04:02:48.000000,COLLISION,20067.38,APPROVED,True
4233,507,1544,2025-01-21 14:25:52.000000,VANDALISM,13435.38,APPROVED,False
4234,1381,4092,2024-08-11 00:48:05.000000,FIRE,5134.33,IN_REVIEW,False
4235,1172,3430,2025-01-12 21:30:50.000000,FIRE,2818.55,APPROVED,False
4236,3046,700,2026-05-06 15:31:38.000000,THEFT,18855.63,IN_REVIEW,True
4237,503,4042,2025-03-15 11:20:05.000000,VANDALISM,5191.11,IN_REVIEW,False
4238,501,155,2025-07-18 08:27:58.000000,THEFT,10979.3,OPEN,False
4239,1485,466,2026-04-24 02:02:25.000000,FIRE,9155.14,REJECTED,False
4240,1047,1378,2026-01-23 23:37:42.000000,VANDALISM,9114.46,IN_REVIEW,False
4241,1967,3624,2025-12-23 08:53:23.000000,FLOOD,1400.39,APPROVED,False
4242,3692,941,2024-08-16 16:01:17.000000,THEFT,24528.27,CLOSED,True
4243,4662,3651,2025-05-11 07:39:19.000000,COLLISION,14598.52,CLOSED,False
4244,4543,610,2025-05-15 13:46:09.000000,VANDALISM,23932.24,OPEN,True
4245,4345,1903,2024-08-15 15:22:04.000000,FLOOD,2268.88,REJECTED,False
4246,2435,3647,2026-02-14 16:13:23.000000,THEFT,15284.11,CLOSED,False
4247,391,3985,2024-06-04 17:18:37.000000,COLLISION,18245.16,APPROVED,True
4248,3285,4048,2024-08-28 17:06:36.000000,FLOOD,11326.24,APPROVED,False
4249,2847,1974,2025-03-01 20:19:10.000000,FLOOD,364.42,APPROVED,False
4250,3089,750,2025-12-11 17:50:10.000000,GLASS_DAMAGE,17959.86,REJECTED,False
4251,219,435,2025-07-27 04:14:35.000000,FIRE,21853.41,APPROVED,True
4252,3721,3502,2025-02-06 19:09:34.000000,VANDALISM,14159.02,APPROVED,False
4253,1147,294,2024-06-04 13:07:22.000000,THEFT,3088.22,APPROVED,False
4254,347,843,2024-09-15 21:51:26.000000,THEFT,10042.9,APPROVED,False
4255,853,1638,2024-06-18 02:30:28.000000,VANDALISM,568.7,CLOSED,False
4256,4392,1885,2024-07-30 09:12:56.000000,COLLISION,18272.31,APPROVED,True
4257,2861,2508,2024-11-28 22:17:21.000000,FLOOD,15224.51,CLOSED,False
4258,2602,2677,2024-08-08 20:40:26.000000,THEFT,3284.66,REJECTED,False
4259,1095,1151,2026-01-26 13:20:38.000000,FIRE,17125.1,CLOSED,False
4260,2253,2926,2024-07-28 18:44:31.000000,GLASS_DAMAGE,17497.57,CLOSED,False
4261,2836,1617,2026-03-19 10:03:03.000000,FIRE,3437.18,OPEN,False
4262,1400,3339,2024-11-25 04:40:26.000000,COLLISION,16533.28,IN_REVIEW,False
4263,2752,1962,2025-07-04 03:24:02.000000,THEFT,21359.0,REJECTED,True
4264,643,2374,2024-11-03 04:07:20.000000,FLOOD,17580.94,APPROVED,False
4265,605,3259,2025-10-13 06:30:49.000000,FLOOD,22800.22,OPEN,True
4266,1059,3745,2024-09-02 08:02:32.000000,THEFT,9485.72,IN_REVIEW,False
4267,369,1430,2026-04-17 11:28:50.000000,FIRE,14095.53,CLOSED,False
4268,3076,3563,2025-05-11 18:40:18.000000,GLASS_DAMAGE,10896.71,CLOSED,False
4269,109,3756,2025-10-12 20:01:56.000000,COLLISION,20897.75,OPEN,True
4270,3314,3155,2024-09-14 17:06:59.000000,FIRE,22154.5,CLOSED,True
4271,3016,1974,2025-10-09 17:55:48.000000,THEFT,10789.77,APPROVED,False
4272,41,2143,2024-06-30 02:42:45.000000,VANDALISM,12441.19,OPEN,False
4273,4265,3151,2025-04-07 04:18:02.000000,FIRE,23932.9,OPEN,True
4274,4750,4063,2025-02-23 15:50:29.000000,FIRE,3351.32,CLOSED,False
4275,346,2846,2025-04-02 21:23:21.000000,FLOOD,10936.53,APPROVED,False
4276,4180,3384,2025-02-20 10:18:50.000000,VANDALISM,8678.23,REJECTED,False
4277,3475,3062,2025-09-09 22:30:09.000000,FLOOD,12550.58,REJECTED,False
4278,4575,439,2024-05-18 12:21:45.000000,FIRE,6865.48,IN_REVIEW,False
4279,3211,846,2025-08-03 18:59:02.000000,THEFT,13950.49,OPEN,False
4280,4081,3122,2024-11-05 21:01:33.000000,FLOOD,981.57,REJECTED,False
4281,1041,3808,2025-03-31 04:04:25.000000,FIRE,15378.05,IN_REVIEW,False
4282,228,1599,2025-01-26 14:03:58.000000,FIRE,3107.62,REJECTED,False
4283,70,192,2026-04-30 06:45:23.000000,FIRE,20771.43,APPROVED,True
4284,3123,3830,2024-05-30 02:37:49.000000,VANDALISM,619.33,REJECTED,False
4285,3150,2777,2025-08-28 06:50:07.000000,FLOOD,17456.42,REJECTED,False
4286,822,3710,2026-01-13 21:42:17.000000,FLOOD,5049.91,CLOSED,False
4287,2643,3155,2026-03-30 17:34:49.000000,GLASS_DAMAGE,16764.31,CLOSED,False
4288,927,2355,2024-05-15 14:37:34.000000,COLLISION,13402.65,REJECTED,False
4289,4037,2574,2025-04-28 16:06:22.000000,FIRE,17641.77,REJECTED,False
4290,4143,1343,2025-03-18 12:47:19.000000,GLASS_DAMAGE,19147.44,CLOSED,True
4291,4574,4164,2025-08-23 09:08:25.000000,VANDALISM,18989.07,CLOSED,True
4292,1010,3934,2025-10-19 10:22:41.000000,THEFT,13613.44,REJECTED,False
4293,1157,413,2024-11-24 21:23:59.000000,GLASS_DAMAGE,8447.43,OPEN,False
4294,3224,2072,2025-02-27 04:32:12.000000,VANDALISM,24129.84,CLOSED,True
4295,2609,1903,2024-06-07 11:38:20.000000,FIRE,20339.81,REJECTED,True
4296,4574,3700,2025-06-01 16:23:33.000000,FLOOD,15435.38,REJECTED,False
4297,1541,2578,2024-11-14 08:31:02.000000,FLOOD,8628.05,REJECTED,False
4298,1971,297,2024-07-21 12:51:01.000000,COLLISION,20059.81,REJECTED,True
4299,2030,2971,2025-07-20 02:13:37.000000,THEFT,17160.9,REJECTED,False
4300,2094,2570,2025-04-05 22:22:03.000000,GLASS_DAMAGE,15520.43,OPEN,False
4301,2859,1484,2024-10-19 18:24:55.000000,FLOOD,4321.97,CLOSED,False
4302,4334,3159,2025-01-11 12:15:41.000000,FIRE,4846.78,APPROVED,False
4303,4623,1575,2026-03-03 13:17:22.000000,FLOOD,601.19,APPROVED,False
4304,1390,250,2025-11-19 23:01:19.000000,VANDALISM,3021.34,CLOSED,False
4305,3794,2172,2024-09-25 07:13:40.000000,COLLISION,14084.88,OPEN,False
4306,1059,2979,2025-10-04 00:04:29.000000,VANDALISM,14464.81,CLOSED,False
4307,467,1584,2026-01-19 05:44:23.000000,THEFT,21784.88,REJECTED,True
4308,2899,3907,2025-01-25 10:02:08.000000,FIRE,23312.98,CLOSED,True
4309,2596,643,2025-02-17 04:41:52.000000,COLLISION,8723.98,REJECTED,False
4310,3298,2965,2025-11-25 04:12:33.000000,GLASS_DAMAGE,22643.44,OPEN,True
4311,2695,7,2025-06-27 13:07:31.000000,VANDALISM,9984.14,IN_REVIEW,False
4312,2493,361,2025-11-06 22:21:43.000000,COLLISION,9397.59,OPEN,False
4313,4068,582,2025-12-20 06:30:35.000000,GLASS_DAMAGE,13800.05,IN_REVIEW,False
4314,3300,3360,2026-03-07 07:58:44.000000,THEFT,12238.15,OPEN,False
4315,478,3779,2026-03-20 05:06:54.000000,GLASS_DAMAGE,2308.86,IN_REVIEW,False
4316,251,3661,2024-05-22 02:37:12.000000,GLASS_DAMAGE,7457.63,APPROVED,False
4317,3682,3072,2026-04-30 08:21:28.000000,VANDALISM,6239.87,IN_REVIEW,False
4318,2232,2518,2026-01-23 12:40:02.000000,GLASS_DAMAGE,20051.44,APPROVED,True
4319,319,1658,2024-08-02 02:22:51.000000,THEFT,21991.3,OPEN,True
4320,3159,2725,2026-04-14 22:00:35.000000,FLOOD,2645.62,OPEN,False
4321,3925,2591,2025-03-08 20:38:58.000000,GLASS_DAMAGE,6817.29,APPROVED,False
4322,1868,3285,2025-11-30 08:09:08.000000,GLASS_DAMAGE,21020.77,OPEN,True
4323,250,1247,2026-04-16 20:56:20.000000,FIRE,21750.22,APPROVED,True
4324,1988,3837,2024-08-20 00:35:38.000000,FLOOD,13778.97,APPROVED,False
4325,785,4129,2025-10-22 04:49:06.000000,VANDALISM,2161.85,IN_REVIEW,False
4326,2383,2083,2025-06-07 15:39:33.000000,FLOOD,16287.06,REJECTED,False
4327,919,3629,2024-10-28 13:27:59.000000,VANDALISM,4423.43,APPROVED,False
4328,3812,1675,2025-07-19 13:39:18.000000,FIRE,12023.58,IN_REVIEW,False
4329,4301,1251,2025-12-10 16:01:01.000000,FIRE,22086.92,CLOSED,True
4330,4782,2679,2024-10-14 12:13:09.000000,GLASS_DAMAGE,18497.31,APPROVED,True
4331,343,3273,2024-11-06 07:59:07.000000,THEFT,19379.32,APPROVED,True
4332,4749,1153,2025-02-16 17:54:59.000000,THEFT,7611.43,CLOSED,False
4333,297,2924,2024-11-06 15:49:57.000000,THEFT,20799.13,CLOSED,True
4334,436,2527,2025-04-30 20:32:23.000000,FIRE,23356.31,APPROVED,True
4335,577,2174,2025-11-04 08:33:21.000000,FIRE,3662.86,CLOSED,False
4336,1323,1958,2026-04-12 03:06:29.000000,COLLISION,1927.39,APPROVED,False
4337,3580,275,2026-01-26 23:21:59.000000,GLASS_DAMAGE,2307.25,IN_REVIEW,False
4338,606,3901,2025-04-02 22:41:54.000000,VANDALISM,21915.21,IN_REVIEW,True
4339,3262,1296,2025-05-15 01:16:08.000000,FIRE,3073.46,CLOSED,False
4340,4295,2933,2024-07-22 01:40:36.000000,GLASS_DAMAGE,10131.54,CLOSED,False
4341,2961,2018,2025-11-26 08:53:14.000000,THEFT,8561.2,APPROVED,False
4342,4463,1115,2025-02-23 20:54:07.000000,VANDALISM,16599.13,APPROVED,False
4343,2554,848,2024-06-29 19:18:57.000000,FLOOD,3402.42,APPROVED,False
4344,3172,2222,2024-09-12 15:22:47.000000,VANDALISM,5441.2,APPROVED,False
4345,3870,1770,2024-05-28 13:29:57.000000,THEFT,20780.56,OPEN,True
4346,4607,4109,2025-10-04 17:04:29.000000,FIRE,17555.67,CLOSED,False
4347,935,4159,2025-10-07 09:20:24.000000,FIRE,9792.33,APPROVED,False
4348,61,1792,2024-10-23 22:29:50.000000,FIRE,24377.9,REJECTED,True
4349,774,2304,2025-06-28 22:25:20.000000,THEFT,11543.92,APPROVED,False
4350,3785,379,2025-05-08 03:46:05.000000,FIRE,8478.57,REJECTED,False
4351,3121,3268,2024-06-05 11:07:00.000000,VANDALISM,7398.86,CLOSED,False
4352,4433,333,2024-07-11 03:32:39.000000,FIRE,5692.02,REJECTED,False
4353,3068,218,2026-04-13 07:35:36.000000,GLASS_DAMAGE,4219.31,IN_REVIEW,False
4354,2150,1581,2025-11-10 10:04:13.000000,VANDALISM,18028.42,REJECTED,True
4355,237,93,2025-10-26 05:16:36.000000,GLASS_DAMAGE,21802.43,APPROVED,True
4356,2401,1992,2025-05-01 11:19:21.000000,THEFT,10964.63,CLOSED,False
4357,1485,3841,2026-03-03 21:06:56.000000,GLASS_DAMAGE,22176.52,REJECTED,True
4358,3572,1931,2025-01-12 02:52:16.000000,FIRE,20563.89,IN_REVIEW,True
4359,3799,1222,2025-05-21 13:17:24.000000,GLASS_DAMAGE,11503.38,OPEN,False
4360,2470,1635,2025-06-02 16:20:22.000000,VANDALISM,23715.64,REJECTED,True
4361,1491,1604,2026-02-24 01:01:59.000000,FIRE,18833.5,IN_REVIEW,True
4362,2292,2006,2024-10-02 12:22:51.000000,THEFT,19425.97,CLOSED,True
4363,3141,1565,2025-10-05 02:08:43.000000,THEFT,701.71,OPEN,False
4364,1770,1580,2026-04-20 20:51:43.000000,FIRE,18497.94,REJECTED,True
4365,418,659,2026-05-01 21:55:38.000000,COLLISION,11412.55,APPROVED,False
4366,3038,2566,2024-10-03 07:18:07.000000,THEFT,19092.18,IN_REVIEW,True
4367,3769,2445,2026-03-16 00:48:23.000000,VANDALISM,12735.49,IN_REVIEW,False
4368,545,4115,2026-03-30 00:57:08.000000,GLASS_DAMAGE,1899.83,IN_REVIEW,False
4369,2506,2470,2025-08-27 22:27:12.000000,FLOOD,6055.16,REJECTED,False
4370,1969,952,2025-10-17 05:19:03.000000,FIRE,4644.52,REJECTED,False
4371,2659,745,2025-07-11 22:38:48.000000,THEFT,4319.3,IN_REVIEW,False
4372,2206,1811,2024-10-22 10:00:18.000000,GLASS_DAMAGE,1001.38,CLOSED,False
4373,1364,3613,2025-03-26 10:40:45.000000,THEFT,4315.41,IN_REVIEW,False
4374,709,1737,2024-11-15 22:24:30.000000,COLLISION,15311.3,OPEN,False
4375,4230,3378,2024-06-14 19:19:21.000000,VANDALISM,5869.42,OPEN,False
4376,1306,3913,2024-09-09 21:19:06.000000,FLOOD,4970.24,OPEN,False
4377,3359,2156,2025-01-04 03:15:48.000000,FIRE,19005.79,OPEN,True
4378,1980,1307,2024-10-07 09:02:00.000000,VANDALISM,2505.26,IN_REVIEW,False
4379,4475,2407,2025-10-13 04:33:31.000000,FLOOD,438.18,OPEN,False
4380,1802,3929,2025-11-26 15:07:53.000000,VANDALISM,9604.49,CLOSED,False
4381,639,2581,2025-06-22 16:55:04.000000,FLOOD,19170.71,REJECTED,True
4382,2058,3778,2025-04-06 09:56:23.000000,VANDALISM,14952.49,APPROVED,False
4383,4237,1399,2025-12-24 10:36:26.000000,GLASS_DAMAGE,10492.83,CLOSED,False
4384,1729,261,2024-06-28 01:55:21.000000,VANDALISM,8540.75,CLOSED,False
4385,314,4057,2025-12-17 14:04:16.000000,GLASS_DAMAGE,16559.22,REJECTED,False
4386,955,2027,2026-05-04 22:39:11.000000,VANDALISM,813.47,IN_REVIEW,False
4387,710,2756,2025-09-24 22:26:09.000000,COLLISION,23288.09,IN_REVIEW,True
4388,1929,1537,2025-06-05 15:23:24.000000,FIRE,14886.4,REJECTED,False
4389,2020,3223,2026-03-29 12:31:15.000000,VANDALISM,1352.62,APPROVED,False
4390,1252,2800,2025-10-24 01:19:30.000000,VANDALISM,12240.29,IN_REVIEW,False
4391,2885,1928,2024-12-22 17:56:53.000000,THEFT,21623.18,CLOSED,True
4392,607,41,2026-04-13 14:38:26.000000,FIRE,21490.28,APPROVED,True
4393,2641,1180,2026-01-02 14:09:59.000000,VANDALISM,20958.57,OPEN,True
4394,4266,3632,2025-01-24 22:29:21.000000,GLASS_DAMAGE,15136.07,OPEN,False
4395,1860,2259,2024-07-04 02:38:20.000000,FIRE,5907.99,IN_REVIEW,False
4396,3619,2621,2024-11-05 17:20:45.000000,FLOOD,22375.09,OPEN,True
4397,4272,4067,2025-03-23 16:38:47.000000,VANDALISM,18379.97,APPROVED,True
4398,4141,1604,2025-02-21 13:20:47.000000,FLOOD,4812.41,OPEN,False
4399,4280,4095,2025-10-09 20:44:24.000000,GLASS_DAMAGE,4411.33,APPROVED,False
4400,125,1550,2026-02-19 09:34:13.000000,THEFT,11261.19,CLOSED,False
4401,1585,48,2024-10-25 15:44:41.000000,GLASS_DAMAGE,3222.8,REJECTED,False
4402,3393,1754,2025-11-04 13:39:51.000000,FLOOD,15629.2,IN_REVIEW,False
4403,3683,818,2026-04-21 06:45:36.000000,FIRE,20814.81,REJECTED,True
4404,1942,3936,2025-03-02 16:18:40.000000,FIRE,9831.3,OPEN,False
4405,3574,2836,2026-03-23 15:37:15.000000,FLOOD,18374.96,REJECTED,True
4406,2481,2968,2025-06-07 03:31:44.000000,COLLISION,1001.12,IN_REVIEW,False
4407,4517,2702,2025-03-14 13:18:10.000000,THEFT,9320.72,APPROVED,False
4408,2973,3612,2024-09-14 07:54:07.000000,COLLISION,6810.51,REJECTED,False
4409,4039,1933,2026-01-10 15:23:30.000000,GLASS_DAMAGE,10234.78,REJECTED,False
4410,4044,129,2024-07-18 18:00:45.000000,FLOOD,5956.46,IN_REVIEW,False
4411,2776,327,2026-05-01 09:24:45.000000,FLOOD,10466.59,REJECTED,False
4412,4641,3824,2024-11-21 09:10:15.000000,THEFT,23941.37,APPROVED,True
4413,168,3303,2025-10-22 21:10:53.000000,FLOOD,19104.03,APPROVED,True
4414,1722,1429,2025-10-22 11:47:31.000000,FLOOD,6761.15,REJECTED,False
4415,2501,1218,2024-12-23 08:50:20.000000,THEFT,9879.95,OPEN,False
4416,4446,184,2024-09-23 00:20:36.000000,THEFT,17470.57,REJECTED,False
4417,4382,294,2024-06-07 09:50:14.000000,FIRE,21531.55,IN_REVIEW,True
4418,984,4042,2026-01-13 03:57:02.000000,FLOOD,3428.79,APPROVED,False
4419,2555,3943,2024-10-01 08:38:14.000000,FIRE,23460.05,APPROVED,True
4420,67,1651,2024-09-07 07:32:04.000000,GLASS_DAMAGE,7013.51,REJECTED,False
4421,4266,2860,2024-07-13 11:17:59.000000,VANDALISM,4678.74,IN_REVIEW,False
4422,2514,2289,2025-03-21 22:02:01.000000,FLOOD,19860.95,APPROVED,True
4423,4603,1233,2025-02-01 12:18:12.000000,GLASS_DAMAGE,17343.68,CLOSED,False
4424,612,2310,2024-11-10 17:44:32.000000,FLOOD,4135.66,APPROVED,False
4425,3333,2356,2024-06-10 16:33:58.000000,COLLISION,11860.89,IN_REVIEW,False
4426,1705,1745,2025-10-27 03:11:10.000000,GLASS_DAMAGE,11070.51,IN_REVIEW,False
4427,4412,697,2026-05-01 02:49:59.000000,FLOOD,22324.84,IN_REVIEW,True
4428,3943,1473,2026-01-04 21:26:48.000000,GLASS_DAMAGE,2944.47,CLOSED,False
4429,1861,3493,2026-01-08 01:19:22.000000,FIRE,12676.85,APPROVED,False
4430,1041,2509,2025-09-29 20:52:40.000000,FIRE,5261.69,CLOSED,False
4431,404,4188,2025-07-29 18:54:14.000000,THEFT,2709.33,CLOSED,False
4432,2125,1543,2024-11-06 14:12:14.000000,COLLISION,17271.13,CLOSED,False
4433,2750,33,2025-11-09 21:38:17.000000,GLASS_DAMAGE,4718.51,REJECTED,False
4434,1147,1602,2025-12-16 19:45:28.000000,THEFT,18601.24,OPEN,True
4435,1682,1042,2024-07-10 10:35:30.000000,THEFT,6608.84,APPROVED,False
4436,3326,1615,2025-01-05 04:47:40.000000,FIRE,8561.31,CLOSED,False
4437,4610,3605,2025-05-22 10:53:43.000000,FLOOD,4908.11,IN_REVIEW,False
4438,4113,583,2024-11-22 06:08:56.000000,COLLISION,11129.9,REJECTED,False
4439,1057,1212,2025-11-26 23:26:43.000000,COLLISION,530.32,CLOSED,False
4440,1411,3045,2024-07-30 16:07:43.000000,VANDALISM,10969.11,CLOSED,False
4441,383,1704,2024-08-19 09:15:06.000000,THEFT,18887.31,IN_REVIEW,True
4442,1027,2571,2024-12-18 04:26:55.000000,THEFT,14585.35,CLOSED,False
4443,4057,2842,2026-02-19 06:29:08.000000,VANDALISM,4728.82,IN_REVIEW,False
4444,1781,2933,2025-03-21 23:20:22.000000,THEFT,3538.83,IN_REVIEW,False
4445,3613,681,2025-08-06 14:21:34.000000,GLASS_DAMAGE,5376.14,IN_REVIEW,False
4446,1597,3800,2025-04-10 18:41:06.000000,COLLISION,13074.51,CLOSED,False
4447,4559,2821,2024-12-17 16:25:50.000000,FLOOD,21235.04,IN_REVIEW,True
4448,2759,1332,2026-04-15 23:05:46.000000,THEFT,710.72,REJECTED,False
4449,3012,3958,2024-10-14 00:36:26.000000,COLLISION,7337.64,REJECTED,False
4450,2674,3165,2024-08-02 13:24:33.000000,GLASS_DAMAGE,7659.04,APPROVED,False
4451,201,2533,2025-02-12 18:17:40.000000,FIRE,6763.76,APPROVED,False
4452,2211,3906,2024-10-04 11:03:42.000000,VANDALISM,6741.56,APPROVED,False
4453,2542,3706,2025-06-17 03:47:40.000000,FLOOD,23885.0,IN_REVIEW,True
4454,3640,3585,2025-06-06 17:24:05.000000,VANDALISM,24584.24,IN_REVIEW,True
4455,872,2957,2026-03-13 23:25:42.000000,FLOOD,8861.19,CLOSED,False
4456,1015,432,2024-06-24 04:52:39.000000,COLLISION,10173.9,CLOSED,False
4457,2248,2182,2025-09-28 02:24:48.000000,GLASS_DAMAGE,18180.58,IN_REVIEW,True
4458,1365,2164,2024-11-11 03:29:26.000000,THEFT,13344.72,CLOSED,False
4459,4432,4123,2025-01-11 00:54:21.000000,FLOOD,3262.4,CLOSED,False
4460,2316,2596,2025-12-22 13:43:10.000000,FIRE,8188.35,CLOSED,False
4461,4547,2335,2025-05-06 08:14:31.000000,FIRE,12767.27,IN_REVIEW,False
4462,3472,1862,2024-05-12 15:39:38.000000,FLOOD,21150.52,APPROVED,True
4463,2431,3628,2024-10-23 12:51:02.000000,FLOOD,2570.2,OPEN,False
4464,3346,1654,2025-12-29 20:18:58.000000,GLASS_DAMAGE,11694.47,REJECTED,False
4465,983,3291,2025-12-28 10:08:53.000000,FIRE,16902.33,CLOSED,False
4466,816,87,2025-11-08 20:33:25.000000,FLOOD,9846.32,OPEN,False
4467,4418,434,2025-10-01 01:45:25.000000,THEFT,15610.84,IN_REVIEW,False
4468,1740,1457,2026-02-25 13:47:20.000000,FLOOD,23685.28,CLOSED,True
4469,104,1310,2026-04-26 08:19:28.000000,FLOOD,8586.1,CLOSED,False
4470,1040,913,2024-06-18 13:41:54.000000,FIRE,24761.19,CLOSED,True
4471,1865,4147,2025-08-03 18:50:55.000000,COLLISION,4875.4,APPROVED,False
4472,493,3085,2025-12-27 14:54:23.000000,COLLISION,4399.69,APPROVED,False
4473,1816,1549,2024-09-04 23:47:58.000000,COLLISION,11062.7,APPROVED,False
4474,4417,575,2025-06-01 01:42:05.000000,FLOOD,6032.37,OPEN,False
4475,321,2797,2025-10-11 16:27:48.000000,FLOOD,22062.42,REJECTED,True
4476,3795,2900,2024-11-08 23:58:59.000000,FLOOD,3442.29,IN_REVIEW,False
4477,1785,2383,2024-07-01 23:14:13.000000,THEFT,2757.07,REJECTED,False
4478,2060,3261,2025-08-13 04:39:17.000000,FLOOD,13050.87,APPROVED,False
4479,228,124,2024-10-04 04:59:06.000000,VANDALISM,5209.88,IN_REVIEW,False
4480,1886,3786,2025-01-06 04:55:22.000000,VANDALISM,18562.55,CLOSED,True
4481,1543,1015,2025-08-07 13:01:54.000000,FIRE,24511.76,OPEN,True
4482,3284,563,2025-01-11 22:54:42.000000,THEFT,10034.4,APPROVED,False
4483,3510,3273,2025-05-29 10:52:13.000000,GLASS_DAMAGE,4577.23,REJECTED,False
4484,3433,2247,2025-03-14 17:40:11.000000,COLLISION,8927.13,OPEN,False
4485,4614,4063,2024-06-06 04:32:11.000000,VANDALISM,15488.78,CLOSED,False
4486,4796,41,2025-03-11 20:13:12.000000,FIRE,6011.49,IN_REVIEW,False
4487,2828,183,2024-10-23 22:58:57.000000,VANDALISM,6517.74,REJECTED,False
4488,2742,3739,2025-01-31 12:49:39.000000,COLLISION,13807.77,IN_REVIEW,False
4489,3897,3790,2026-04-28 21:20:21.000000,VANDALISM,14814.88,CLOSED,False
4490,4353,2348,2025-03-20 12:45:14.000000,FLOOD,19377.67,REJECTED,True
4491,1937,895,2026-03-20 00:38:04.000000,GLASS_DAMAGE,22941.45,CLOSED,True
4492,2833,2593,2025-08-05 20:32:38.000000,GLASS_DAMAGE,14856.55,APPROVED,False
4493,4443,2304,2025-08-17 15:33:45.000000,FIRE,3213.6,APPROVED,False
4494,3142,1766,2025-09-09 20:01:02.000000,FIRE,5646.39,IN_REVIEW,False
4495,3027,700,2024-06-26 03:28:21.000000,COLLISION,22395.23,IN_REVIEW,True
4496,4364,3586,2024-08-26 11:36:54.000000,COLLISION,5931.08,OPEN,False
4497,2482,2053,2025-06-18 07:24:30.000000,FIRE,24225.89,OPEN,True
4498,3385,2024,2026-01-27 19:20:01.000000,VANDALISM,16930.28,CLOSED,False
4499,2110,1188,2025-01-09 18:39:37.000000,COLLISION,24308.6,IN_REVIEW,True
4500,1009,3345,2025-01-01 01:31:21.000000,FIRE,20999.05,REJECTED,True
4501,19,2942,2025-02-24 02:19:16.000000,FIRE,8159.3,CLOSED,False
4502,3784,371,2025-07-15 19:44:03.000000,FLOOD,16660.07,REJECTED,False
4503,3134,587,2025-01-03 17:31:26.000000,THEFT,21816.71,CLOSED,True
4504,291,3487,2026-04-30 16:10:22.000000,FLOOD,20380.41,CLOSED,True
4505,3742,3210,2025-07-19 15:29:54.000000,COLLISION,23808.41,REJECTED,True
4506,793,2957,2025-08-01 21:57:58.000000,COLLISION,21416.56,OPEN,True
4507,1666,1044,2024-05-19 13:12:04.000000,THEFT,18174.0,REJECTED,True
4508,2596,3274,2025-01-26 05:02:44.000000,GLASS_DAMAGE,19810.03,REJECTED,True
4509,749,545,2026-03-28 04:51:38.000000,THEFT,4406.93,REJECTED,False
4510,2219,3596,2024-09-29 20:58:14.000000,FIRE,14000.55,OPEN,False
4511,4086,1038,2024-10-31 04:08:58.000000,FLOOD,5540.0,IN_REVIEW,False
4512,4727,988,2025-01-01 21:04:43.000000,COLLISION,3978.59,REJECTED,False
4513,1304,3065,2025-10-25 16:34:54.000000,GLASS_DAMAGE,1065.85,CLOSED,False
4514,484,3170,2024-11-15 02:23:37.000000,VANDALISM,6263.66,APPROVED,False
4515,129,482,2026-02-19 00:42:32.000000,THEFT,22374.47,IN_REVIEW,True
4516,3028,2694,2025-10-30 09:47:37.000000,FIRE,5237.29,REJECTED,False
4517,468,1102,2025-09-23 15:14:15.000000,THEFT,9111.63,OPEN,False
4518,3151,125,2026-02-03 19:11:29.000000,FIRE,20332.26,OPEN,True
4519,4699,865,2025-09-06 21:30:22.000000,FLOOD,16548.33,REJECTED,False
4520,3553,1471,2025-03-04 08:08:41.000000,VANDALISM,10876.65,REJECTED,False
4521,620,2745,2024-05-20 15:13:10.000000,GLASS_DAMAGE,22166.97,OPEN,True
4522,1898,1090,2025-12-19 12:49:53.000000,FIRE,4596.69,CLOSED,False
4523,2512,2451,2026-01-09 19:10:55.000000,VANDALISM,10340.65,OPEN,False
4524,3565,3270,2025-02-07 01:06:36.000000,FLOOD,5686.29,REJECTED,False
4525,2584,2452,2025-09-01 23:54:19.000000,FIRE,8956.14,CLOSED,False
4526,4514,2943,2024-08-09 07:30:02.000000,THEFT,17697.53,IN_REVIEW,False
4527,354,2710,2025-09-05 15:03:10.000000,THEFT,24815.08,APPROVED,True
4528,760,2645,2024-08-15 05:38:15.000000,VANDALISM,9260.44,OPEN,False
4529,481,3341,2025-03-31 21:11:03.000000,FIRE,24745.59,CLOSED,True
4530,3001,2717,2024-05-27 02:58:01.000000,THEFT,6000.5,IN_REVIEW,False
4531,2347,528,2025-11-06 01:38:33.000000,COLLISION,22455.77,IN_REVIEW,True
4532,2109,1394,2026-01-22 09:22:55.000000,GLASS_DAMAGE,582.44,CLOSED,False
4533,3661,1351,2024-08-02 01:10:29.000000,THEFT,16529.24,OPEN,False
4534,1750,956,2026-02-03 15:16:32.000000,FIRE,5151.04,CLOSED,False
4535,3998,4195,2025-02-07 09:36:17.000000,FLOOD,13003.95,OPEN,False
4536,135,1539,2025-05-07 02:54:25.000000,THEFT,22781.0,CLOSED,True
4537,2390,1016,2025-09-12 20:52:58.000000,GLASS_DAMAGE,9314.77,CLOSED,False
4538,2729,1955,2024-09-23 18:56:51.000000,GLASS_DAMAGE,6596.76,APPROVED,False
4539,265,4067,2025-04-26 01:07:04.000000,COLLISION,22303.41,CLOSED,True
4540,2708,1369,2024-05-22 10:50:57.000000,FLOOD,10286.41,APPROVED,False
4541,4782,3112,2024-05-24 16:53:17.000000,GLASS_DAMAGE,9093.52,CLOSED,False
4542,186,3242,2025-08-28 23:30:26.000000,VANDALISM,22512.19,IN_REVIEW,True
4543,2939,2334,2026-01-03 07:42:26.000000,FLOOD,11430.46,CLOSED,False
4544,4238,3414,2024-10-27 06:08:48.000000,COLLISION,21790.48,IN_REVIEW,True
4545,2521,3989,2025-07-25 19:54:41.000000,THEFT,24462.8,CLOSED,True
4546,1712,1748,2024-08-18 04:35:15.000000,COLLISION,10126.61,OPEN,False
4547,828,3393,2026-04-17 21:35:18.000000,FIRE,16937.68,REJECTED,False
4548,4748,646,2025-05-28 12:49:50.000000,VANDALISM,19135.69,IN_REVIEW,True
4549,4652,754,2025-06-16 15:43:42.000000,COLLISION,19366.76,CLOSED,True
4550,523,2107,2026-03-27 06:44:18.000000,GLASS_DAMAGE,19487.87,OPEN,True
4551,3773,3725,2025-12-07 15:57:32.000000,COLLISION,14513.69,IN_REVIEW,False
4552,1101,2439,2025-05-09 23:40:45.000000,THEFT,6094.59,APPROVED,False
4553,3646,116,2024-12-30 09:17:41.000000,FIRE,9973.92,CLOSED,False
4554,66,226,2025-01-24 20:40:17.000000,GLASS_DAMAGE,3049.4,APPROVED,False
4555,3539,2219,2025-04-05 20:10:55.000000,GLASS_DAMAGE,21944.52,OPEN,True
4556,2888,1320,2025-03-19 04:14:04.000000,FLOOD,8990.45,IN_REVIEW,False
4557,2451,464,2024-07-21 23:39:21.000000,GLASS_DAMAGE,17009.07,IN_REVIEW,False
4558,2635,1648,2025-05-20 15:23:24.000000,FIRE,19560.15,IN_REVIEW,True
4559,4464,2243,2024-09-20 08:30:35.000000,VANDALISM,22107.82,REJECTED,True
4560,3539,3718,2026-03-30 19:22:27.000000,THEFT,23312.74,CLOSED,True
4561,1087,3104,2026-01-30 10:52:16.000000,VANDALISM,23855.75,IN_REVIEW,True
4562,4108,1170,2025-07-17 11:04:07.000000,VANDALISM,18393.44,OPEN,True
4563,1352,2653,2024-11-17 20:48:16.000000,THEFT,18734.6,APPROVED,True
4564,3267,3036,2026-01-27 11:19:55.000000,THEFT,19018.96,IN_REVIEW,True
4565,3610,3458,2024-11-06 19:44:06.000000,COLLISION,13130.95,IN_REVIEW,False
4566,1264,2702,2025-09-13 19:17:13.000000,COLLISION,16160.27,IN_REVIEW,False
4567,1527,1639,2024-12-25 11:04:00.000000,FIRE,16288.31,APPROVED,False
4568,973,4009,2025-10-09 09:18:52.000000,GLASS_DAMAGE,6229.88,REJECTED,False
4569,2204,1150,2024-05-30 18:05:48.000000,FLOOD,14796.6,REJECTED,False
4570,2281,287,2024-06-18 00:15:00.000000,FIRE,2727.86,CLOSED,False
4571,259,3139,2025-09-12 05:40:15.000000,COLLISION,11508.63,IN_REVIEW,False
4572,457,3001,2025-11-12 07:01:27.000000,FLOOD,19074.79,APPROVED,True
4573,3788,2870,2026-03-01 07:46:51.000000,COLLISION,8597.53,CLOSED,False
4574,4442,3678,2024-05-27 08:57:10.000000,GLASS_DAMAGE,17852.71,APPROVED,False
4575,3322,180,2025-03-01 10:45:34.000000,COLLISION,13511.85,CLOSED,False
4576,2347,3762,2024-08-31 22:16:06.000000,VANDALISM,5692.53,REJECTED,False
4577,2582,11,2024-12-17 06:37:23.000000,COLLISION,19301.59,APPROVED,True
4578,1384,1290,2025-10-04 18:34:17.000000,FIRE,11228.49,CLOSED,False
4579,1000,548,2026-02-01 18:00:49.000000,VANDALISM,24833.83,OPEN,True
4580,4300,2632,2025-11-06 17:02:45.000000,VANDALISM,21690.05,CLOSED,True
4581,1641,3490,2024-08-31 09:36:06.000000,FIRE,9729.52,IN_REVIEW,False
4582,359,3,2025-08-19 07:18:16.000000,VANDALISM,18378.77,REJECTED,True
4583,4257,3012,2026-01-05 13:04:23.000000,VANDALISM,13156.62,OPEN,False
4584,4770,3183,2024-07-23 02:30:48.000000,VANDALISM,3633.27,IN_REVIEW,False
4585,872,704,2024-08-24 22:20:34.000000,COLLISION,6926.6,OPEN,False
4586,2973,2464,2024-06-04 22:13:20.000000,VANDALISM,5465.17,IN_REVIEW,False
4587,548,3879,2025-08-29 18:40:36.000000,THEFT,1340.47,OPEN,False
4588,1815,3995,2026-03-08 16:58:53.000000,THEFT,10395.01,REJECTED,False
4589,4267,285,2025-08-02 15:56:28.000000,THEFT,17771.29,IN_REVIEW,False
4590,3825,701,2025-06-10 07:38:16.000000,THEFT,6570.93,CLOSED,False
4591,4664,358,2026-02-28 12:33:09.000000,GLASS_DAMAGE,6855.73,APPROVED,False
4592,1287,1819,2024-12-17 19:49:38.000000,VANDALISM,24025.4,APPROVED,True
4593,3714,1945,2024-09-14 00:03:06.000000,FLOOD,971.39,CLOSED,False
4594,3186,2085,2024-11-14 01:51:54.000000,THEFT,15628.21,APPROVED,False
4595,530,3590,2025-07-02 14:26:00.000000,FLOOD,2381.85,OPEN,False
4596,171,3030,2025-10-12 17:57:56.000000,FLOOD,16030.2,CLOSED,False
4597,2892,2257,2025-05-26 17:02:08.000000,FIRE,234.0,REJECTED,False
4598,1304,1890,2025-02-12 10:49:37.000000,VANDALISM,7130.79,OPEN,False
4599,2626,1449,2025-10-12 12:11:16.000000,COLLISION,1829.6,CLOSED,False
4600,2498,3730,2025-03-06 02:44:33.000000,FIRE,12354.36,OPEN,False
4601,2361,3202,2025-08-05 06:07:03.000000,FLOOD,266.99,CLOSED,False
4602,1974,290,2025-03-18 11:34:30.000000,FLOOD,14704.01,CLOSED,False
4603,1091,383,2025-08-15 06:30:35.000000,COLLISION,8889.51,IN_REVIEW,False
4604,998,78,2024-05-22 19:54:19.000000,COLLISION,15175.6,CLOSED,False
4605,4173,2441,2025-02-13 04:10:30.000000,GLASS_DAMAGE,17925.22,IN_REVIEW,False
4606,4673,3646,2025-05-05 03:22:03.000000,FIRE,17246.19,IN_REVIEW,False
4607,2010,1013,2026-01-10 02:38:09.000000,GLASS_DAMAGE,17851.1,APPROVED,False
4608,119,3510,2024-11-20 23:38:10.000000,COLLISION,7828.36,REJECTED,False
4609,1444,1793,2024-12-16 20:06:37.000000,COLLISION,650.94,IN_REVIEW,False
4610,1640,2082,2026-02-09 20:52:08.000000,FLOOD,3388.69,REJECTED,False
4611,833,3708,2025-03-03 07:04:44.000000,FLOOD,14841.53,CLOSED,False
4612,306,278,2026-04-29 02:12:22.000000,GLASS_DAMAGE,7258.21,CLOSED,False
4613,4393,598,2025-03-04 19:23:06.000000,VANDALISM,5828.17,CLOSED,False
4614,1918,3834,2025-08-19 20:04:04.000000,GLASS_DAMAGE,15293.34,APPROVED,False
4615,1976,3859,2026-01-08 04:21:16.000000,VANDALISM,11676.61,OPEN,False
4616,2296,4190,2026-05-07 17:43:55.000000,FIRE,24189.92,IN_REVIEW,True
4617,771,1634,2026-03-28 12:51:13.000000,FLOOD,7001.62,REJECTED,False
4618,2658,1590,2025-03-25 00:25:03.000000,FLOOD,16951.17,IN_REVIEW,False
4619,4163,1514,2025-04-30 12:29:11.000000,COLLISION,24505.5,IN_REVIEW,True
4620,1006,1128,2025-03-14 12:04:46.000000,COLLISION,6856.28,APPROVED,False
4621,312,2106,2024-08-15 06:23:25.000000,GLASS_DAMAGE,6079.07,CLOSED,False
4622,3048,3003,2025-07-25 15:31:52.000000,COLLISION,6902.92,OPEN,False
4623,966,127,2025-09-15 09:50:28.000000,GLASS_DAMAGE,10228.55,CLOSED,False
4624,2286,722,2024-08-09 17:52:30.000000,COLLISION,4473.08,OPEN,False
4625,980,709,2026-03-08 07:55:35.000000,VANDALISM,10073.2,OPEN,False
4626,3966,872,2025-05-11 03:01:33.000000,GLASS_DAMAGE,16343.17,REJECTED,False
4627,4389,948,2025-05-07 05:19:23.000000,GLASS_DAMAGE,16566.26,APPROVED,False
4628,4700,3797,2026-04-28 22:11:06.000000,THEFT,828.54,IN_REVIEW,False
4629,4359,544,2024-05-19 21:42:13.000000,THEFT,19378.52,REJECTED,True
4630,4386,827,2025-03-27 05:08:33.000000,VANDALISM,24869.88,APPROVED,True
4631,1784,120,2025-06-11 11:16:16.000000,FLOOD,10043.78,REJECTED,False
4632,1137,42,2025-11-26 18:09:33.000000,FLOOD,12224.63,APPROVED,False
4633,3130,363,2025-01-20 11:48:10.000000,COLLISION,9061.14,REJECTED,False
4634,3279,3063,2025-07-05 13:37:50.000000,COLLISION,4519.68,IN_REVIEW,False
4635,1340,2057,2024-11-10 07:34:50.000000,FLOOD,24093.28,CLOSED,True
4636,4611,3051,2026-03-13 15:21:41.000000,FIRE,740.67,OPEN,False
4637,3145,2224,2025-03-09 07:25:15.000000,THEFT,419.94,CLOSED,False
4638,3255,3033,2024-06-21 09:26:08.000000,GLASS_DAMAGE,7458.69,APPROVED,False
4639,4623,2783,2024-10-15 00:07:46.000000,FLOOD,8772.97,REJECTED,False
4640,1424,3751,2024-10-12 01:33:43.000000,GLASS_DAMAGE,254.84,OPEN,False
4641,4131,1976,2024-07-10 11:53:45.000000,FLOOD,4721.64,APPROVED,False
4642,405,368,2025-12-03 08:16:19.000000,VANDALISM,17118.26,CLOSED,False
4643,1355,727,2024-07-25 01:40:19.000000,FIRE,4122.1,OPEN,False
4644,736,1425,2025-01-28 21:45:55.000000,FIRE,18787.98,IN_REVIEW,True
4645,3377,501,2025-04-17 00:10:12.000000,VANDALISM,24737.96,CLOSED,True
4646,2508,1553,2025-06-15 13:31:42.000000,FLOOD,17055.64,CLOSED,False
4647,3896,2797,2025-03-15 08:11:24.000000,GLASS_DAMAGE,22718.38,CLOSED,True
4648,467,1526,2024-11-19 05:34:16.000000,FIRE,4505.93,REJECTED,False
4649,2101,1429,2024-09-15 13:41:42.000000,GLASS_DAMAGE,6418.27,OPEN,False
4650,2718,2836,2024-07-25 10:15:56.000000,GLASS_DAMAGE,290.17,IN_REVIEW,False
4651,3817,3546,2026-03-21 11:20:01.000000,GLASS_DAMAGE,9397.54,IN_REVIEW,False
4652,2384,1412,2025-03-01 07:25:01.000000,FLOOD,5791.33,APPROVED,False
4653,4,3920,2025-04-20 12:09:10.000000,GLASS_DAMAGE,19656.15,CLOSED,True
4654,3222,850,2025-04-16 17:53:59.000000,FLOOD,7986.43,IN_REVIEW,False
4655,3954,1226,2025-02-11 04:32:58.000000,GLASS_DAMAGE,16409.65,REJECTED,False
4656,3550,1655,2025-07-23 07:27:15.000000,FIRE,20333.64,CLOSED,True
4657,3575,3352,2025-04-06 10:36:37.000000,GLASS_DAMAGE,10536.9,IN_REVIEW,False
4658,1143,1026,2024-07-17 08:04:51.000000,FLOOD,15571.81,REJECTED,False
4659,4076,2059,2025-03-21 00:59:01.000000,COLLISION,24194.11,REJECTED,True
4660,2379,855,2025-06-29 16:56:55.000000,VANDALISM,22376.54,APPROVED,True
4661,589,976,2025-02-10 06:18:19.000000,THEFT,11329.58,REJECTED,False
4662,2197,3949,2026-02-19 02:37:28.000000,COLLISION,20984.6,APPROVED,True
4663,527,1706,2024-07-11 17:36:26.000000,VANDALISM,4074.39,CLOSED,False
4664,4778,2864,2026-04-15 22:42:38.000000,FIRE,2782.18,APPROVED,False
4665,4689,680,2024-08-08 18:11:12.000000,COLLISION,11009.52,IN_REVIEW,False
4666,2394,1986,2025-01-02 01:07:28.000000,VANDALISM,2427.37,APPROVED,False
4667,3886,65,2025-03-02 20:51:05.000000,GLASS_DAMAGE,4957.8,OPEN,False
4668,2804,1724,2025-06-25 22:15:23.000000,COLLISION,5200.68,APPROVED,False
4669,780,416,2026-03-22 00:14:07.000000,FLOOD,3262.0,APPROVED,False
4670,484,3390,2024-05-14 23:40:27.000000,FLOOD,6854.51,CLOSED,False
4671,4053,3449,2025-06-13 08:52:44.000000,VANDALISM,3193.18,REJECTED,False
4672,2468,70,2025-10-06 09:09:05.000000,FLOOD,19076.59,CLOSED,True
4673,2583,1026,2024-09-08 00:14:13.000000,GLASS_DAMAGE,3577.49,OPEN,False
4674,1117,540,2025-12-15 08:02:46.000000,GLASS_DAMAGE,1164.48,CLOSED,False
4675,3980,732,2025-11-28 08:51:45.000000,FLOOD,15257.36,CLOSED,False
4676,537,3661,2026-01-17 17:34:24.000000,COLLISION,15790.31,APPROVED,False
4677,283,1255,2025-09-03 09:16:57.000000,GLASS_DAMAGE,20903.37,IN_REVIEW,True
4678,3460,2577,2024-06-20 19:24:28.000000,THEFT,20449.53,CLOSED,True
4679,2964,1822,2026-04-04 06:52:56.000000,FIRE,10769.4,APPROVED,False
4680,1148,1682,2025-03-16 23:03:52.000000,FIRE,7345.68,REJECTED,False
4681,2366,2867,2025-03-19 21:12:25.000000,VANDALISM,9415.44,IN_REVIEW,False
4682,300,3522,2024-09-13 09:34:04.000000,THEFT,1242.88,IN_REVIEW,False
4683,1491,2762,2025-09-01 10:06:47.000000,GLASS_DAMAGE,20947.27,APPROVED,True
4684,1032,2060,2025-08-20 19:33:04.000000,FLOOD,8888.12,REJECTED,False
4685,3560,1961,2024-10-11 02:00:54.000000,COLLISION,20150.53,CLOSED,True
4686,4345,4027,2025-01-16 01:48:38.000000,FLOOD,6300.66,CLOSED,False
4687,2634,351,2025-05-02 11:22:30.000000,FLOOD,12291.89,IN_REVIEW,False
4688,3095,2618,2024-12-17 16:22:25.000000,THEFT,23834.46,OPEN,True
4689,3378,1065,2024-07-22 07:08:21.000000,COLLISION,9900.64,IN_REVIEW,False
4690,1174,910,2024-06-20 06:26:52.000000,GLASS_DAMAGE,7932.43,APPROVED,False
4691,2492,62,2024-05-31 20:45:33.000000,FLOOD,4096.66,CLOSED,False
4692,144,3001,2025-06-07 10:43:53.000000,GLASS_DAMAGE,22664.14,REJECTED,True
4693,4095,4073,2025-04-30 09:13:50.000000,FLOOD,6748.33,IN_REVIEW,False
4694,2563,1183,2025-08-21 00:49:51.000000,GLASS_DAMAGE,6502.65,CLOSED,False
4695,2299,1164,2026-04-13 17:05:56.000000,COLLISION,15178.0,CLOSED,False
4696,1284,1568,2025-09-10 03:35:06.000000,GLASS_DAMAGE,17367.11,CLOSED,False
4697,537,2908,2024-08-23 18:23:34.000000,COLLISION,21895.6,CLOSED,True
4698,2307,1303,2025-02-22 10:32:23.000000,VANDALISM,15774.29,IN_REVIEW,False
4699,2681,1562,2025-11-28 08:55:56.000000,VANDALISM,3978.15,IN_REVIEW,False
4700,1278,1928,2025-11-30 21:12:27.000000,VANDALISM,1686.15,APPROVED,False
4701,1886,1591,2024-07-26 02:55:29.000000,FLOOD,1687.84,CLOSED,False
4702,699,1097,2025-11-21 20:01:53.000000,THEFT,2936.38,REJECTED,False
4703,536,1598,2026-01-23 14:11:34.000000,FLOOD,16489.96,CLOSED,False
4704,3672,3235,2024-06-05 21:43:51.000000,COLLISION,14667.24,APPROVED,False
4705,3461,1087,2025-12-25 19:49:14.000000,FIRE,14257.85,APPROVED,False
4706,2704,1359,2026-04-12 19:55:54.000000,THEFT,1554.28,OPEN,False
4707,3676,3035,2026-04-08 01:45:07.000000,THEFT,13975.33,IN_REVIEW,False
4708,2674,3179,2025-06-27 06:51:44.000000,THEFT,4478.86,CLOSED,False
4709,3799,3182,2025-07-13 06:40:11.000000,GLASS_DAMAGE,17235.97,APPROVED,False
4710,2450,349,2024-08-03 02:11:30.000000,THEFT,19357.63,IN_REVIEW,True
4711,1407,23,2024-06-23 09:18:05.000000,FIRE,18522.06,CLOSED,True
4712,3610,912,2025-01-20 09:49:26.000000,GLASS_DAMAGE,7992.11,CLOSED,False
4713,10,2891,2025-10-01 15:53:49.000000,VANDALISM,17853.91,OPEN,False
4714,1778,260,2025-09-27 13:34:42.000000,THEFT,13045.65,OPEN,False
4715,1721,2570,2025-03-08 21:47:49.000000,FIRE,15047.58,APPROVED,False
4716,3810,1104,2025-06-27 12:29:27.000000,VANDALISM,9388.66,OPEN,False
4717,1471,2507,2026-03-16 22:17:02.000000,FIRE,3757.04,REJECTED,False
4718,2743,2828,2024-11-01 00:05:29.000000,COLLISION,15722.13,OPEN,False
4719,3463,3929,2025-10-22 02:04:50.000000,THEFT,5081.26,IN_REVIEW,False
4720,1199,3438,2025-08-16 11:30:39.000000,COLLISION,19678.53,OPEN,True
4721,3677,2436,2025-12-26 04:03:07.000000,COLLISION,2634.52,REJECTED,False
4722,658,2844,2025-03-09 09:00:49.000000,COLLISION,12914.56,APPROVED,False
4723,3407,606,2026-04-02 22:46:23.000000,THEFT,22942.14,REJECTED,True
4724,806,1958,2025-05-28 06:26:26.000000,COLLISION,4490.96,CLOSED,False
4725,3658,2200,2025-10-11 07:19:57.000000,GLASS_DAMAGE,5664.82,CLOSED,False
4726,4437,397,2026-03-18 05:43:55.000000,GLASS_DAMAGE,1036.73,CLOSED,False
4727,4510,2078,2024-09-23 01:35:22.000000,COLLISION,22499.77,CLOSED,True
4728,4396,3686,2024-09-27 20:38:37.000000,FIRE,23618.03,REJECTED,True
4729,4377,577,2026-05-02 23:55:14.000000,FLOOD,7091.59,REJECTED,False
4730,2717,514,2024-06-16 20:15:42.000000,GLASS_DAMAGE,24774.17,APPROVED,True
4731,3159,2851,2024-07-11 01:36:09.000000,VANDALISM,22091.21,REJECTED,True
4732,2286,3442,2026-02-05 09:27:00.000000,GLASS_DAMAGE,20422.66,REJECTED,True
4733,1409,2720,2025-08-08 04:31:16.000000,FIRE,14292.15,OPEN,False
4734,205,999,2024-12-06 00:43:40.000000,COLLISION,13802.21,OPEN,False
4735,402,1601,2024-07-29 06:21:00.000000,FIRE,20500.76,IN_REVIEW,True
4736,842,598,2024-10-17 03:55:59.000000,COLLISION,17701.4,OPEN,False
4737,2856,2372,2025-09-18 16:35:57.000000,COLLISION,4877.04,APPROVED,False
4738,1572,217,2025-12-12 10:35:16.000000,FIRE,23670.64,REJECTED,True
4739,2030,1644,2025-09-02 15:34:07.000000,FLOOD,11704.93,OPEN,False
4740,2228,1983,2024-09-28 02:15:03.000000,THEFT,18265.88,APPROVED,True
4741,3068,3050,2024-12-01 01:41:02.000000,THEFT,21020.0,CLOSED,True
4742,4617,1567,2025-11-10 07:39:30.000000,FIRE,22081.1,OPEN,True
4743,1579,2332,2026-02-11 23:05:54.000000,GLASS_DAMAGE,3282.58,REJECTED,False
4744,4769,2503,2025-06-12 00:10:52.000000,VANDALISM,21758.85,APPROVED,True
4745,275,4077,2024-12-15 22:31:23.000000,FLOOD,17691.96,OPEN,False
4746,767,954,2024-09-22 10:31:48.000000,VANDALISM,19653.02,REJECTED,True
4747,677,547,2025-09-06 09:28:09.000000,GLASS_DAMAGE,2811.78,IN_REVIEW,False
4748,258,843,2025-05-24 08:06:27.000000,FIRE,4941.36,CLOSED,False
4749,3884,333,2024-06-15 17:53:14.000000,FLOOD,14948.15,REJECTED,False
4750,4334,1539,2025-04-30 19:16:20.000000,FLOOD,24410.34,APPROVED,True
4751,1355,2639,2025-10-02 02:43:19.000000,GLASS_DAMAGE,17482.57,OPEN,False
4752,1304,2141,2024-10-18 15:43:54.000000,GLASS_DAMAGE,13890.76,APPROVED,False
4753,3965,3889,2025-01-17 09:03:12.000000,COLLISION,15991.0,REJECTED,False
4754,1853,1402,2026-02-06 20:11:39.000000,GLASS_DAMAGE,9720.29,REJECTED,False
4755,1970,30,2026-04-29 11:35:37.000000,THEFT,23998.06,REJECTED,True
4756,1491,3106,2026-02-07 20:46:03.000000,FLOOD,21319.34,OPEN,True
4757,4123,1439,2024-06-28 12:23:35.000000,THEFT,18587.66,OPEN,True
4758,3578,2857,2025-08-19 00:36:31.000000,FLOOD,22031.82,OPEN,True
4759,2126,74,2026-01-03 13:23:19.000000,FLOOD,19218.67,OPEN,True
4760,2656,516,2024-08-04 21:17:38.000000,VANDALISM,4595.43,CLOSED,False
4761,1802,2099,2025-01-06 17:00:54.000000,GLASS_DAMAGE,14333.69,IN_REVIEW,False
4762,4537,1161,2024-09-12 08:26:06.000000,FLOOD,7392.22,APPROVED,False
4763,346,501,2024-11-05 19:37:06.000000,FLOOD,22150.54,IN_REVIEW,True
4764,4567,1782,2025-06-03 08:59:58.000000,FLOOD,23177.03,OPEN,True
4765,3732,1256,2026-01-01 20:57:31.000000,VANDALISM,14779.21,CLOSED,False
4766,4500,732,2025-06-15 20:02:12.000000,FIRE,8798.99,APPROVED,False
4767,1867,3426,2025-08-31 04:58:31.000000,FIRE,10835.87,APPROVED,False
4768,2502,347,2025-11-12 15:38:43.000000,COLLISION,10222.41,APPROVED,False
4769,3976,1171,2025-04-19 17:43:21.000000,GLASS_DAMAGE,20525.56,CLOSED,True
4770,3481,1862,2025-01-11 16:02:06.000000,VANDALISM,5726.81,CLOSED,False
4771,40,813,2024-10-01 06:05:47.000000,COLLISION,493.6,IN_REVIEW,False
4772,4608,2920,2024-11-23 11:25:23.000000,GLASS_DAMAGE,11182.15,CLOSED,False
4773,4199,3786,2025-02-17 05:49:50.000000,FLOOD,19247.97,APPROVED,True
4774,4453,2910,2025-06-14 18:42:32.000000,COLLISION,6609.2,REJECTED,False
4775,497,921,2026-03-25 13:49:11.000000,THEFT,16883.47,REJECTED,False
4776,2624,1989,2025-04-28 11:05:23.000000,GLASS_DAMAGE,11128.18,IN_REVIEW,False
4777,2198,1655,2024-09-22 19:48:19.000000,GLASS_DAMAGE,15866.04,REJECTED,False
4778,2081,4136,2025-07-16 18:12:47.000000,THEFT,7695.93,APPROVED,False
4779,336,3796,2025-04-21 19:29:27.000000,VANDALISM,15142.03,IN_REVIEW,False
4780,3847,3112,2024-05-12 16:40:32.000000,VANDALISM,20407.7,OPEN,True
4781,611,121,2025-01-08 03:19:32.000000,FIRE,19178.83,REJECTED,True
4782,3097,360,2025-04-20 08:09:55.000000,FLOOD,10776.23,CLOSED,False
4783,2998,3397,2025-09-16 01:29:14.000000,FIRE,20648.69,IN_REVIEW,True
4784,3154,3642,2026-02-05 01:08:38.000000,GLASS_DAMAGE,1803.79,CLOSED,False
4785,534,476,2025-05-18 12:52:04.000000,COLLISION,588.9,REJECTED,False
4786,798,2957,2026-02-08 19:04:26.000000,GLASS_DAMAGE,21848.48,APPROVED,True
4787,707,479,2024-08-10 06:35:01.000000,THEFT,22917.11,CLOSED,True
4788,3383,1867,2025-12-30 09:00:39.000000,GLASS_DAMAGE,4957.25,CLOSED,False
4789,3715,665,2025-10-23 13:39:38.000000,FIRE,550.96,APPROVED,False
4790,660,1910,2025-08-01 14:32:09.000000,COLLISION,19830.7,OPEN,True
4791,1223,1723,2025-08-31 19:00:47.000000,THEFT,673.03,APPROVED,False
4792,2055,2698,2025-10-30 13:08:26.000000,THEFT,17350.92,IN_REVIEW,False
4793,2449,201,2024-05-25 17:19:36.000000,FIRE,20441.25,OPEN,True
4794,1072,3366,2025-10-10 12:38:23.000000,VANDALISM,14026.15,CLOSED,False
4795,4559,1272,2024-09-07 12:50:58.000000,GLASS_DAMAGE,23350.67,CLOSED,True
4796,2698,319,2024-06-11 15:22:08.000000,FIRE,7438.2,REJECTED,False
4797,4115,2157,2024-08-03 09:21:21.000000,THEFT,13214.83,CLOSED,False
4798,16,616,2025-06-06 22:55:40.000000,FIRE,10580.64,APPROVED,False
4799,2343,3809,2024-09-28 08:05:42.000000,FLOOD,16717.9,OPEN,False
4800,148,501,2024-08-18 08:51:34.000000,GLASS_DAMAGE,2204.84,OPEN,False
4801,902,3853,2025-02-03 23:17:44.000000,FLOOD,24050.2,OPEN,True
4802,3011,279,2024-07-11 10:40:52.000000,THEFT,12808.22,APPROVED,False
4803,1688,1497,2024-08-04 02:01:45.000000,FLOOD,15051.25,REJECTED,False
4804,2646,2910,2025-05-28 16:10:45.000000,COLLISION,16667.45,IN_REVIEW,False
4805,1733,3253,2024-11-21 22:37:19.000000,FIRE,13263.21,APPROVED,False
4806,359,1196,2025-10-12 18:46:56.000000,THEFT,23894.79,APPROVED,True
4807,1324,353,2025-04-25 09:55:10.000000,FLOOD,4109.14,IN_REVIEW,False
4808,4211,2608,2024-06-19 22:51:27.000000,COLLISION,24514.65,CLOSED,True
4809,3753,644,2024-11-17 13:10:57.000000,THEFT,15796.46,APPROVED,False
4810,1302,2269,2025-10-29 18:47:13.000000,COLLISION,18822.9,APPROVED,True
4811,1634,730,2025-04-29 13:55:41.000000,GLASS_DAMAGE,24315.52,CLOSED,True
4812,3128,779,2025-08-19 02:42:29.000000,COLLISION,1543.83,APPROVED,False
4813,223,905,2024-08-17 02:20:47.000000,FIRE,20090.49,REJECTED,True
4814,2420,2517,2024-06-14 11:34:07.000000,GLASS_DAMAGE,3401.35,APPROVED,False
4815,1876,2949,2025-01-25 16:41:19.000000,FLOOD,14183.16,CLOSED,False
4816,3870,2852,2024-06-22 06:09:00.000000,THEFT,1249.03,OPEN,False
4817,3703,1948,2024-06-14 17:42:42.000000,GLASS_DAMAGE,5711.25,OPEN,False
4818,4272,1939,2024-06-03 16:30:03.000000,VANDALISM,385.58,CLOSED,False
4819,970,758,2025-06-15 06:01:44.000000,FIRE,22047.77,IN_REVIEW,True
4820,2290,58,2025-09-22 19:19:44.000000,COLLISION,9588.0,REJECTED,False
4821,3255,2475,2025-11-13 08:58:09.000000,FLOOD,3374.71,APPROVED,False
4822,1393,3951,2024-06-02 03:56:39.000000,COLLISION,15926.35,CLOSED,False
4823,1132,3114,2025-04-20 14:36:11.000000,COLLISION,8661.64,IN_REVIEW,False
4824,926,1578,2024-08-19 19:15:16.000000,VANDALISM,17364.08,CLOSED,False
4825,627,1972,2024-10-15 08:40:17.000000,COLLISION,23212.71,APPROVED,True
4826,476,1722,2025-06-22 03:48:24.000000,THEFT,13543.66,REJECTED,False
4827,2997,2444,2025-06-02 09:35:41.000000,VANDALISM,8287.94,APPROVED,False
4828,1913,3584,2024-07-04 02:11:27.000000,FIRE,18691.02,APPROVED,True
4829,2273,1931,2026-02-07 10:15:46.000000,THEFT,23313.79,APPROVED,True
4830,1471,2476,2024-09-06 17:45:07.000000,VANDALISM,10111.16,APPROVED,False
4831,4744,4190,2026-03-19 19:08:41.000000,GLASS_DAMAGE,17870.65,IN_REVIEW,False
4832,3800,2653,2025-03-16 07:12:29.000000,VANDALISM,19015.2,APPROVED,True
4833,477,3662,2025-07-27 04:28:48.000000,COLLISION,6172.97,APPROVED,False
4834,484,1488,2025-01-20 09:10:52.000000,VANDALISM,12675.77,OPEN,False
4835,540,3567,2025-06-18 09:21:32.000000,FLOOD,23552.52,IN_REVIEW,True
4836,1627,1029,2024-10-11 14:18:51.000000,FIRE,1720.64,REJECTED,False
4837,369,2441,2026-04-15 02:57:08.000000,GLASS_DAMAGE,13081.66,IN_REVIEW,False
4838,2357,1786,2025-02-28 00:53:13.000000,VANDALISM,2243.21,REJECTED,False
4839,1930,809,2024-11-28 10:08:18.000000,THEFT,19325.66,OPEN,True
4840,3072,519,2025-09-13 09:02:08.000000,THEFT,15580.02,IN_REVIEW,False
4841,2371,1758,2024-06-29 06:36:45.000000,THEFT,5867.97,CLOSED,False
4842,684,1740,2024-12-30 05:16:04.000000,FIRE,5844.12,REJECTED,False
4843,1937,769,2025-11-17 01:41:00.000000,VANDALISM,19213.13,IN_REVIEW,True
4844,3857,857,2026-04-06 21:46:34.000000,GLASS_DAMAGE,13951.76,IN_REVIEW,False
4845,1179,1063,2026-05-06 16:08:02.000000,THEFT,19549.57,APPROVED,True
4846,4451,2833,2025-04-12 12:23:00.000000,VANDALISM,14343.45,REJECTED,False
4847,3935,179,2025-04-20 12:04:21.000000,COLLISION,14656.6,CLOSED,False
4848,1915,480,2025-08-02 02:38:19.000000,THEFT,20296.24,APPROVED,True
4849,2720,3487,2024-07-09 22:24:36.000000,VANDALISM,12068.09,OPEN,False
4850,152,1387,2026-04-28 13:52:06.000000,GLASS_DAMAGE,17373.32,IN_REVIEW,False
4851,3682,1823,2024-11-23 17:09:12.000000,FIRE,5738.81,REJECTED,False
4852,1374,3169,2024-05-26 21:02:14.000000,FIRE,12796.17,APPROVED,False
4853,3530,1827,2024-06-30 09:35:33.000000,COLLISION,7115.35,REJECTED,False
4854,949,892,2025-12-22 21:23:58.000000,COLLISION,5271.37,REJECTED,False
4855,2374,4127,2025-06-27 03:15:55.000000,COLLISION,9390.29,APPROVED,False
4856,4035,3586,2025-07-01 22:11:19.000000,THEFT,2044.42,IN_REVIEW,False
4857,3524,265,2024-11-13 20:18:26.000000,GLASS_DAMAGE,9994.35,OPEN,False
4858,1607,2778,2025-11-03 19:20:57.000000,COLLISION,19387.73,IN_REVIEW,True
4859,1789,478,2024-11-26 04:43:19.000000,VANDALISM,11757.22,REJECTED,False
4860,458,1330,2024-11-29 04:09:33.000000,VANDALISM,20162.74,APPROVED,True
4861,4567,3457,2024-08-31 01:50:29.000000,VANDALISM,15008.5,OPEN,False
4862,2198,953,2026-01-18 03:08:56.000000,FIRE,11365.26,OPEN,False
4863,3563,136,2025-09-27 18:00:15.000000,GLASS_DAMAGE,7471.43,CLOSED,False
4864,4620,461,2024-08-17 15:01:43.000000,THEFT,16374.54,OPEN,False
4865,191,2415,2024-10-25 07:13:30.000000,GLASS_DAMAGE,5385.5,REJECTED,False
4866,3572,1488,2025-03-20 08:38:54.000000,GLASS_DAMAGE,1653.94,OPEN,False
4867,384,3242,2025-07-19 02:50:02.000000,VANDALISM,4480.86,APPROVED,False
4868,3556,868,2024-11-19 21:33:37.000000,GLASS_DAMAGE,20276.0,APPROVED,True
4869,490,564,2024-05-29 08:34:57.000000,COLLISION,15062.79,REJECTED,False
4870,2809,2632,2024-12-09 07:30:44.000000,FIRE,7404.89,OPEN,False
4871,2766,1310,2025-10-04 05:33:14.000000,GLASS_DAMAGE,1966.39,REJECTED,False
4872,4583,79,2025-08-31 09:43:45.000000,COLLISION,19891.94,IN_REVIEW,True
4873,1148,2790,2025-02-20 16:08:29.000000,FIRE,11700.2,OPEN,False
4874,479,3943,2026-04-04 21:22:59.000000,FIRE,17537.2,OPEN,False
4875,610,23,2025-11-20 18:57:15.000000,THEFT,22892.54,OPEN,True
4876,2634,1383,2026-05-10 17:30:19.000000,COLLISION,5988.16,APPROVED,False
4877,4790,3245,2026-02-14 10:27:56.000000,VANDALISM,16525.75,APPROVED,False
4878,315,1150,2026-05-01 21:15:27.000000,THEFT,14957.98,OPEN,False
4879,3852,1691,2025-03-19 03:01:46.000000,COLLISION,23260.61,APPROVED,True
4880,4654,1196,2025-05-31 15:47:16.000000,THEFT,413.79,IN_REVIEW,False
4881,1999,1916,2025-03-18 03:25:30.000000,THEFT,14919.32,CLOSED,False
4882,369,3229,2025-05-26 21:49:04.000000,THEFT,4026.95,OPEN,False
4883,4513,46,2024-12-08 16:27:27.000000,GLASS_DAMAGE,24030.87,REJECTED,True
4884,4476,2307,2025-12-03 17:55:13.000000,COLLISION,17291.15,REJECTED,False
4885,1100,1265,2024-09-19 14:43:59.000000,GLASS_DAMAGE,23489.69,CLOSED,True
4886,716,3618,2024-05-25 19:16:21.000000,FLOOD,1526.67,APPROVED,False
4887,4675,3068,2026-02-08 12:46:31.000000,COLLISION,1632.17,CLOSED,False
4888,2505,1918,2025-03-02 11:23:44.000000,COLLISION,21449.82,OPEN,True
4889,2504,2504,2024-05-12 20:39:22.000000,FIRE,6082.8,REJECTED,False
4890,2940,3969,2024-06-07 09:54:21.000000,VANDALISM,24496.71,APPROVED,True
4891,2925,2933,2026-04-29 21:36:54.000000,FLOOD,5988.97,IN_REVIEW,False
4892,2787,861,2026-02-12 06:47:38.000000,FLOOD,19273.14,REJECTED,True
4893,3012,892,2025-06-24 05:28:47.000000,GLASS_DAMAGE,15095.21,REJECTED,False
4894,4112,3409,2025-11-16 12:14:06.000000,GLASS_DAMAGE,1260.1,IN_REVIEW,False
4895,3275,2090,2026-04-02 04:52:09.000000,GLASS_DAMAGE,12714.91,CLOSED,False
4896,4509,922,2024-09-17 05:25:03.000000,FLOOD,18024.05,APPROVED,True
4897,18,3222,2025-02-07 17:14:10.000000,THEFT,14350.92,CLOSED,False
4898,1447,2404,2026-04-16 06:25:08.000000,FLOOD,20593.92,REJECTED,True
4899,3831,2334,2024-09-01 19:20:56.000000,FIRE,8539.51,IN_REVIEW,False
4900,3363,1692,2024-08-24 20:57:30.000000,FIRE,11224.77,REJECTED,False
4901,402,2902,2025-11-10 07:45:32.000000,COLLISION,5258.96,CLOSED,False
4902,2052,2765,2024-10-26 12:18:53.000000,COLLISION,5185.65,APPROVED,False
4903,2438,3137,2025-08-02 10:27:07.000000,THEFT,14108.34,OPEN,False
4904,1640,1513,2025-10-30 01:09:58.000000,FLOOD,8977.98,REJECTED,False
4905,1541,2199,2025-05-29 09:13:49.000000,FIRE,8506.18,IN_REVIEW,False
4906,4248,3419,2025-06-13 04:48:47.000000,VANDALISM,20379.79,REJECTED,True
4907,3646,2610,2025-08-02 03:49:21.000000,COLLISION,3406.43,OPEN,False
4908,4504,2131,2025-03-01 02:09:21.000000,FLOOD,11704.05,REJECTED,False
4909,884,3402,2026-02-26 02:11:18.000000,THEFT,5276.2,REJECTED,False
4910,2683,1911,2025-12-13 10:37:25.000000,FLOOD,23173.8,IN_REVIEW,True
4911,3622,2566,2024-12-05 15:22:24.000000,FIRE,9111.63,REJECTED,False
4912,909,2233,2025-01-06 15:52:36.000000,FLOOD,23330.35,OPEN,True
4913,1693,3124,2026-01-15 00:39:03.000000,FIRE,22290.75,CLOSED,True
4914,1424,3397,2026-02-02 08:07:06.000000,VANDALISM,9323.02,CLOSED,False
4915,4052,1056,2025-09-08 07:25:59.000000,GLASS_DAMAGE,22408.53,REJECTED,True
4916,4031,3379,2025-02-09 20:10:31.000000,COLLISION,2315.32,OPEN,False
4917,2255,295,2024-09-01 23:00:50.000000,FIRE,2106.98,IN_REVIEW,False
4918,361,322,2025-10-12 20:51:52.000000,FLOOD,7674.88,APPROVED,False
4919,3250,874,2025-09-28 15:10:28.000000,VANDALISM,19862.59,APPROVED,True
4920,2096,3880,2024-06-06 01:11:29.000000,FIRE,6279.69,OPEN,False
4921,3906,2631,2025-11-19 21:40:11.000000,THEFT,19582.6,CLOSED,True
4922,3509,289,2026-04-20 01:05:00.000000,VANDALISM,12668.92,OPEN,False
4923,4448,3448,2024-09-30 00:28:05.000000,THEFT,24096.28,IN_REVIEW,True
4924,3169,3303,2024-10-26 11:58:31.000000,FIRE,16212.59,APPROVED,False
4925,4093,3132,2025-08-21 14:12:47.000000,FIRE,11743.28,IN_REVIEW,False
4926,1606,1494,2024-10-07 03:31:30.000000,VANDALISM,22288.0,IN_REVIEW,True
4927,1621,2144,2025-11-28 20:47:17.000000,COLLISION,8842.36,APPROVED,False
4928,2513,581,2025-12-07 02:57:57.000000,VANDALISM,13566.46,APPROVED,False
4929,65,1534,2026-04-09 04:13:41.000000,VANDALISM,13526.51,IN_REVIEW,False
4930,898,2986,2025-03-23 10:22:53.000000,THEFT,24596.6,REJECTED,True
4931,3820,1437,2024-11-27 06:27:52.000000,FIRE,21579.14,REJECTED,True
4932,1619,3844,2025-09-21 10:22:02.000000,GLASS_DAMAGE,24765.95,IN_REVIEW,True
4933,2831,527,2025-08-22 13:47:31.000000,GLASS_DAMAGE,14850.19,APPROVED,False
4934,395,31,2025-11-07 04:07:48.000000,GLASS_DAMAGE,13283.64,OPEN,False
4935,131,2441,2026-02-20 21:39:46.000000,FLOOD,15909.39,APPROVED,False
4936,3328,3049,2025-08-17 06:12:38.000000,FLOOD,20562.08,OPEN,True
4937,1337,942,2025-08-10 10:53:38.000000,FLOOD,13938.88,IN_REVIEW,False
4938,2789,268,2026-03-17 06:40:21.000000,FLOOD,276.36,IN_REVIEW,False
4939,4197,2846,2024-08-08 03:18:39.000000,VANDALISM,16213.83,IN_REVIEW,False
4940,466,2008,2024-05-30 07:03:02.000000,THEFT,5219.4,OPEN,False
4941,3162,3828,2025-12-03 01:44:56.000000,THEFT,16525.45,APPROVED,False
4942,4547,1885,2025-07-24 05:27:38.000000,GLASS_DAMAGE,13704.98,CLOSED,False
4943,1138,1234,2025-06-13 05:25:30.000000,VANDALISM,16511.07,APPROVED,False
4944,1626,3014,2025-06-09 10:42:29.000000,VANDALISM,9996.93,CLOSED,False
4945,2808,2479,2026-01-03 03:09:44.000000,GLASS_DAMAGE,8570.63,APPROVED,False
4946,975,1156,2024-05-28 07:34:29.000000,FLOOD,17999.03,REJECTED,False
4947,3924,718,2026-02-10 16:59:48.000000,GLASS_DAMAGE,22612.58,IN_REVIEW,True
4948,2713,1676,2025-11-07 00:06:00.000000,COLLISION,222.86,APPROVED,False
4949,3013,2680,2024-07-05 09:32:38.000000,VANDALISM,23348.27,APPROVED,True
4950,1503,3700,2024-11-13 06:09:28.000000,VANDALISM,3330.29,APPROVED,False
4951,1129,4185,2025-07-16 23:31:49.000000,FLOOD,12312.23,OPEN,False
4952,4467,3106,2026-03-28 21:42:16.000000,GLASS_DAMAGE,21883.05,REJECTED,True
4953,398,3225,2025-03-17 05:51:56.000000,GLASS_DAMAGE,8897.54,REJECTED,False
4954,1224,2846,2024-08-20 04:56:37.000000,FIRE,7003.42,IN_REVIEW,False
4955,3746,920,2024-08-05 00:16:53.000000,THEFT,13492.96,IN_REVIEW,False
4956,1963,1352,2025-11-17 04:28:22.000000,COLLISION,10856.8,CLOSED,False
4957,1146,2201,2024-10-23 17:28:19.000000,VANDALISM,23017.92,APPROVED,True
4958,3715,499,2025-02-02 14:14:24.000000,COLLISION,17955.15,CLOSED,False
4959,533,2450,2025-11-18 18:45:57.000000,THEFT,14336.69,CLOSED,False
4960,4511,605,2024-06-20 06:00:39.000000,FIRE,4385.49,REJECTED,False
4961,1944,3399,2024-12-23 23:09:35.000000,FLOOD,13822.43,APPROVED,False
4962,4605,2773,2025-07-14 02:11:24.000000,FLOOD,21592.79,OPEN,True
4963,1390,1133,2025-09-27 03:26:12.000000,VANDALISM,16016.74,CLOSED,False
4964,854,48,2025-05-17 21:25:21.000000,GLASS_DAMAGE,4758.21,IN_REVIEW,False
4965,4378,1727,2025-12-27 09:34:34.000000,FLOOD,20921.5,OPEN,True
4966,1533,451,2025-08-20 19:32:23.000000,COLLISION,14834.84,APPROVED,False
4967,888,3997,2025-01-27 13:36:22.000000,THEFT,24987.96,IN_REVIEW,True
4968,1902,3141,2025-11-27 15:38:36.000000,THEFT,13391.17,IN_REVIEW,False
4969,3659,1239,2025-04-21 18:45:46.000000,THEFT,12609.71,REJECTED,False
4970,2175,644,2025-03-17 22:49:56.000000,FIRE,8762.89,OPEN,False
4971,966,340,2024-09-02 19:12:46.000000,THEFT,3128.81,CLOSED,False
4972,4494,406,2025-09-28 11:00:00.000000,GLASS_DAMAGE,20376.14,CLOSED,True
4973,1893,115,2026-04-29 11:57:04.000000,GLASS_DAMAGE,1159.95,APPROVED,False
4974,4197,162,2024-06-06 01:34:19.000000,GLASS_DAMAGE,20665.41,IN_REVIEW,True
4975,1301,3977,2025-05-31 21:11:40.000000,GLASS_DAMAGE,13248.27,CLOSED,False
4976,3192,3498,2024-11-16 05:01:13.000000,GLASS_DAMAGE,24075.08,IN_REVIEW,True
4977,1084,200,2025-07-10 05:09:00.000000,THEFT,24808.0,APPROVED,True
4978,556,239,2026-01-31 18:51:34.000000,FIRE,13849.15,IN_REVIEW,False
4979,580,397,2024-11-30 01:42:56.000000,THEFT,7099.19,REJECTED,False
4980,798,3458,2025-03-02 12:41:32.000000,FLOOD,17639.7,IN_REVIEW,False
4981,1979,368,2024-11-05 16:05:48.000000,FLOOD,695.83,REJECTED,False
4982,1143,1286,2025-04-19 18:25:12.000000,COLLISION,6564.84,IN_REVIEW,False
4983,2361,3590,2025-09-27 17:45:19.000000,GLASS_DAMAGE,20078.72,OPEN,True
4984,2428,3983,2026-01-18 20:58:12.000000,THEFT,16422.54,APPROVED,False
4985,3023,4060,2026-02-10 00:59:09.000000,COLLISION,18425.55,OPEN,True
4986,1422,2575,2026-01-08 00:31:28.000000,THEFT,15945.25,IN_REVIEW,False
4987,1605,3050,2024-09-22 08:10:03.000000,GLASS_DAMAGE,23539.56,CLOSED,True
4988,3886,2216,2025-11-18 06:32:05.000000,VANDALISM,1556.08,REJECTED,False
4989,4654,1634,2024-07-10 21:19:34.000000,VANDALISM,16799.86,REJECTED,False
4990,949,1318,2025-12-09 00:36:19.000000,VANDALISM,8474.06,CLOSED,False
4991,3788,1405,2026-03-23 05:20:50.000000,FLOOD,19200.26,IN_REVIEW,True
4992,4644,1678,2025-07-08 09:08:08.000000,COLLISION,18277.14,OPEN,True
4993,4441,1018,2026-02-12 03:36:46.000000,THEFT,22521.45,CLOSED,True
4994,1481,481,2025-08-16 20:46:19.000000,COLLISION,22142.45,CLOSED,True
4995,1149,1863,2024-12-30 18:11:12.000000,VANDALISM,11763.55,IN_REVIEW,False
4996,2783,4042,2024-08-05 18:14:18.000000,FIRE,20274.38,APPROVED,True
4997,1254,1455,2026-02-08 09:38:46.000000,GLASS_DAMAGE,18195.91,IN_REVIEW,True
4998,3023,3885,2025-03-01 15:04:23.000000,FIRE,19760.42,CLOSED,True
4999,4794,1002,2024-08-31 07:52:07.000000,GLASS_DAMAGE,2742.0,APPROVED,False
5000,2560,3158,2025-07-26 07:35:26.000000,FLOOD,18826.89,REJECTED,True
5001,1899,4026,2025-08-14 22:38:14.000000,VANDALISM,1803.4,OPEN,False
5002,1526,510,2026-04-21 05:29:39.000000,THEFT,4184.33,CLOSED,False
5003,1406,3847,2025-10-01 11:50:18.000000,FLOOD,16864.59,OPEN,False
5004,1306,1037,2026-01-21 01:06:28.000000,COLLISION,15102.32,IN_REVIEW,False
5005,2677,38,2025-03-06 01:11:38.000000,COLLISION,24537.93,OPEN,True
5006,1480,3664,2024-12-07 22:28:31.000000,FLOOD,22686.36,REJECTED,True
5007,41,1812,2025-09-30 18:39:53.000000,FLOOD,11221.66,CLOSED,False
5008,2451,3011,2025-11-20 01:29:08.000000,VANDALISM,11800.85,APPROVED,False
5009,956,2614,2026-02-06 10:36:00.000000,COLLISION,14070.72,IN_REVIEW,False
5010,1853,543,2025-09-28 01:57:38.000000,GLASS_DAMAGE,19729.65,APPROVED,True
5011,2458,2228,2024-11-08 04:41:44.000000,FIRE,5486.13,OPEN,False
5012,3892,2853,2025-04-21 12:57:12.000000,COLLISION,2774.51,CLOSED,False
5013,1666,1253,2024-07-24 22:10:55.000000,FLOOD,8686.95,CLOSED,False
5014,2680,1704,2025-05-15 03:34:44.000000,FIRE,11905.91,APPROVED,False
5015,3294,3299,2025-07-10 07:38:55.000000,THEFT,24805.07,OPEN,True
5016,2061,728,2025-05-15 10:04:58.000000,THEFT,18194.71,CLOSED,True
5017,3222,2808,2025-09-14 04:36:16.000000,FIRE,19149.48,APPROVED,True
5018,2361,63,2025-11-11 22:48:06.000000,VANDALISM,727.53,APPROVED,False
5019,2191,3346,2025-05-13 16:33:23.000000,FIRE,19530.44,APPROVED,True
5020,1221,3354,2026-04-30 17:19:30.000000,VANDALISM,12974.75,REJECTED,False
5021,2489,944,2024-07-21 09:25:54.000000,VANDALISM,19620.95,REJECTED,True
5022,924,2099,2026-03-13 16:53:49.000000,VANDALISM,22884.35,IN_REVIEW,True
5023,1649,1611,2026-02-09 17:01:32.000000,VANDALISM,12127.75,OPEN,False
5024,3684,3279,2024-12-03 09:55:58.000000,COLLISION,21429.34,REJECTED,True
5025,863,2187,2024-07-30 07:18:48.000000,VANDALISM,8052.07,REJECTED,False
5026,3789,3304,2025-01-31 10:55:15.000000,FIRE,13285.19,CLOSED,False
5027,1677,610,2026-04-18 20:35:10.000000,VANDALISM,23716.45,REJECTED,True
5028,4614,1550,2025-11-23 21:09:15.000000,COLLISION,6150.43,REJECTED,False
5029,1893,2486,2024-07-21 02:16:56.000000,GLASS_DAMAGE,642.24,IN_REVIEW,False
5030,3968,3321,2026-05-12 04:03:02.000000,COLLISION,18384.84,REJECTED,True
5031,3465,159,2025-12-26 17:51:20.000000,FLOOD,11516.52,IN_REVIEW,False
5032,2172,1612,2025-11-10 22:23:32.000000,VANDALISM,6317.1,APPROVED,False
5033,1349,3743,2025-02-28 07:16:00.000000,COLLISION,17865.6,APPROVED,False
5034,94,4079,2025-04-03 17:46:26.000000,VANDALISM,21238.64,APPROVED,True
5035,1473,436,2025-01-21 11:54:29.000000,GLASS_DAMAGE,13832.6,OPEN,False
5036,2947,406,2025-10-04 14:55:59.000000,THEFT,21217.59,CLOSED,True
5037,3135,3519,2025-12-11 06:06:52.000000,FLOOD,13287.92,IN_REVIEW,False
5038,3992,3019,2025-12-22 01:08:12.000000,FLOOD,9812.23,IN_REVIEW,False
5039,3175,114,2025-04-01 04:58:01.000000,THEFT,11060.45,IN_REVIEW,False
5040,97,837,2026-04-12 12:51:45.000000,COLLISION,6574.96,APPROVED,False
5041,2358,3219,2024-11-14 12:43:32.000000,GLASS_DAMAGE,24905.61,APPROVED,True
5042,1971,226,2026-05-06 21:01:18.000000,VANDALISM,2355.56,OPEN,False
5043,4207,553,2025-11-12 19:39:02.000000,VANDALISM,18955.91,IN_REVIEW,True
5044,4495,2023,2026-01-29 01:29:48.000000,GLASS_DAMAGE,17294.5,OPEN,False
5045,677,2579,2025-02-13 19:19:36.000000,FLOOD,20993.59,APPROVED,True
5046,124,1670,2025-01-20 08:36:36.000000,THEFT,22790.26,OPEN,True
5047,3335,1928,2025-06-01 20:21:14.000000,FLOOD,4932.05,APPROVED,False
5048,4495,3040,2024-12-03 09:26:03.000000,VANDALISM,12487.6,OPEN,False
5049,3681,2188,2024-11-07 19:22:43.000000,FLOOD,422.62,IN_REVIEW,False
5050,4693,653,2026-01-23 06:08:03.000000,GLASS_DAMAGE,1112.31,IN_REVIEW,False
5051,4361,247,2024-05-14 01:08:37.000000,COLLISION,16767.93,IN_REVIEW,False
5052,1740,2921,2025-08-11 19:04:02.000000,GLASS_DAMAGE,15010.75,IN_REVIEW,False
5053,1568,2668,2025-04-12 19:03:34.000000,FLOOD,9096.11,IN_REVIEW,False
5054,158,280,2025-03-18 07:33:28.000000,FIRE,2427.41,REJECTED,False
5055,2851,2684,2025-05-13 10:17:29.000000,FLOOD,22415.34,IN_REVIEW,True
5056,922,3072,2025-09-03 09:09:27.000000,COLLISION,14510.84,APPROVED,False
5057,1345,2168,2024-06-25 07:43:21.000000,VANDALISM,5887.89,IN_REVIEW,False
5058,1316,1580,2026-03-08 19:32:07.000000,VANDALISM,22040.7,APPROVED,True
5059,3374,3525,2025-04-07 01:26:00.000000,FLOOD,5091.72,CLOSED,False
5060,4348,1966,2024-09-03 16:28:37.000000,FLOOD,16240.05,APPROVED,False
5061,4004,4045,2025-02-02 07:16:31.000000,FLOOD,20167.65,CLOSED,True
5062,1756,1181,2024-06-25 20:25:12.000000,THEFT,613.5,APPROVED,False
5063,2725,1258,2025-03-19 14:45:01.000000,FLOOD,3407.38,IN_REVIEW,False
5064,2530,2968,2025-10-21 08:38:00.000000,THEFT,7731.78,OPEN,False
5065,3201,174,2026-01-24 15:59:06.000000,COLLISION,17242.65,REJECTED,False
5066,3970,206,2025-04-10 08:20:15.000000,FIRE,22461.35,REJECTED,True
5067,1422,898,2024-08-17 00:40:38.000000,GLASS_DAMAGE,7847.11,REJECTED,False
5068,4026,3149,2025-08-16 10:51:29.000000,VANDALISM,8620.99,CLOSED,False
5069,593,2248,2025-09-17 17:11:49.000000,VANDALISM,15838.49,IN_REVIEW,False
5070,466,1246,2025-06-18 06:51:59.000000,GLASS_DAMAGE,4762.82,REJECTED,False
5071,3470,3685,2025-11-30 17:10:17.000000,VANDALISM,15749.6,OPEN,False
5072,3730,2185,2025-12-01 11:28:07.000000,VANDALISM,4406.84,IN_REVIEW,False
5073,1079,3389,2026-01-15 07:16:45.000000,FLOOD,5722.29,CLOSED,False
5074,1027,3789,2025-01-22 08:21:08.000000,THEFT,14689.57,APPROVED,False
5075,3002,684,2024-05-14 11:52:05.000000,VANDALISM,15447.47,IN_REVIEW,False
5076,3622,3290,2025-08-17 16:13:29.000000,FLOOD,16896.14,REJECTED,False
5077,295,2721,2024-06-12 04:09:50.000000,GLASS_DAMAGE,21032.5,OPEN,True
5078,3961,3175,2025-12-16 19:55:56.000000,FIRE,2436.72,OPEN,False
5079,1531,1505,2025-12-02 02:44:12.000000,GLASS_DAMAGE,11767.23,OPEN,False
5080,3879,1700,2024-08-22 00:00:53.000000,COLLISION,1004.4,APPROVED,False
5081,521,1810,2025-02-13 02:50:38.000000,FIRE,5060.97,APPROVED,False
5082,4715,3869,2025-06-06 09:02:06.000000,FIRE,13945.51,CLOSED,False
5083,2831,2440,2024-07-28 11:47:39.000000,FLOOD,12519.01,CLOSED,False
5084,192,1269,2024-06-21 13:53:28.000000,GLASS_DAMAGE,19626.91,APPROVED,True
5085,1424,632,2024-07-28 17:03:33.000000,GLASS_DAMAGE,18351.35,APPROVED,True
5086,1598,3070,2024-11-30 18:35:28.000000,GLASS_DAMAGE,9487.35,APPROVED,False
5087,1272,3032,2025-07-15 16:08:33.000000,GLASS_DAMAGE,11491.61,APPROVED,False
5088,4340,2793,2024-11-28 10:53:01.000000,GLASS_DAMAGE,596.15,OPEN,False
5089,1309,670,2025-08-29 11:37:13.000000,FIRE,17123.16,IN_REVIEW,False
5090,496,2452,2024-08-10 00:02:35.000000,FIRE,15362.03,CLOSED,False
5091,400,2692,2025-10-30 21:37:50.000000,FLOOD,17486.35,CLOSED,False
5092,2675,4108,2025-12-27 02:44:57.000000,FIRE,2940.68,REJECTED,False
5093,4350,3669,2024-07-10 23:54:28.000000,THEFT,16164.53,CLOSED,False
5094,2684,2139,2025-06-02 13:27:37.000000,THEFT,18275.12,IN_REVIEW,True
5095,3072,413,2024-07-19 20:09:23.000000,THEFT,15281.29,APPROVED,False
5096,1724,1338,2025-01-25 09:34:02.000000,FIRE,18276.03,CLOSED,True
5097,4670,3787,2025-11-11 11:54:04.000000,FLOOD,11132.83,IN_REVIEW,False
5098,2975,2517,2024-10-31 04:26:54.000000,VANDALISM,22208.16,IN_REVIEW,True
5099,231,3275,2026-03-04 07:34:41.000000,VANDALISM,9999.78,CLOSED,False
5100,2681,2458,2025-12-01 07:44:34.000000,FIRE,8052.11,REJECTED,False
5101,1611,22,2025-05-25 16:15:50.000000,FIRE,22237.4,REJECTED,True
5102,1532,770,2025-05-08 00:20:53.000000,GLASS_DAMAGE,3407.08,OPEN,False
5103,1847,1301,2025-07-11 11:37:35.000000,COLLISION,5412.59,REJECTED,False
5104,2671,2481,2024-05-25 17:59:57.000000,FLOOD,14066.78,CLOSED,False
5105,901,3484,2025-01-30 06:05:28.000000,FIRE,18431.5,CLOSED,True
5106,3712,3214,2024-06-09 09:10:28.000000,GLASS_DAMAGE,8001.6,OPEN,False
5107,3663,3793,2025-09-28 11:13:08.000000,VANDALISM,24359.43,APPROVED,True
5108,3254,3171,2024-09-29 18:41:32.000000,THEFT,19318.53,IN_REVIEW,True
5109,960,1489,2026-03-18 17:15:47.000000,COLLISION,14834.94,CLOSED,False
5110,1264,589,2026-04-26 08:27:58.000000,GLASS_DAMAGE,18034.9,IN_REVIEW,True
5111,2775,2762,2026-01-24 10:41:11.000000,FIRE,9696.06,OPEN,False
5112,1893,2557,2025-10-18 17:53:35.000000,THEFT,21105.87,CLOSED,True
5113,2104,658,2025-09-24 16:56:49.000000,THEFT,22067.1,REJECTED,True
5114,3271,3440,2025-09-14 13:19:49.000000,VANDALISM,18953.94,REJECTED,True
5115,4157,2760,2025-12-03 20:26:42.000000,FIRE,20757.55,OPEN,True
5116,3022,2954,2025-09-03 03:46:38.000000,COLLISION,9904.03,OPEN,False
5117,1,4170,2025-05-04 02:09:58.000000,FIRE,22704.35,REJECTED,True
5118,3032,1645,2024-12-08 05:38:31.000000,COLLISION,1533.41,IN_REVIEW,False
5119,1749,2691,2024-12-14 17:55:28.000000,COLLISION,1402.9,IN_REVIEW,False
5120,289,1360,2024-08-13 08:04:15.000000,THEFT,17558.79,OPEN,False
5121,2112,308,2025-07-10 09:51:34.000000,FLOOD,9380.09,CLOSED,False
5122,2194,1203,2025-09-27 16:35:25.000000,COLLISION,12548.68,OPEN,False
5123,985,224,2025-10-25 17:23:58.000000,VANDALISM,13631.57,OPEN,False
5124,4550,3303,2025-05-18 08:57:22.000000,THEFT,23877.44,REJECTED,True
5125,4257,1266,2026-03-31 15:47:14.000000,GLASS_DAMAGE,19119.15,APPROVED,True
5126,2874,1061,2024-11-08 04:58:46.000000,GLASS_DAMAGE,10832.17,REJECTED,False
5127,2677,3881,2024-08-15 13:09:17.000000,VANDALISM,23040.44,IN_REVIEW,True
5128,1696,3848,2025-11-06 01:11:18.000000,COLLISION,8123.56,OPEN,False
5129,3565,636,2024-11-21 11:16:45.000000,FIRE,11790.44,IN_REVIEW,False
5130,3998,1960,2024-10-10 01:12:50.000000,FIRE,4741.79,IN_REVIEW,False
5131,2682,377,2024-12-15 12:03:15.000000,FIRE,15239.49,APPROVED,False
5132,2546,2110,2026-02-20 12:26:38.000000,COLLISION,7239.15,REJECTED,False
5133,798,3616,2025-10-26 20:28:20.000000,COLLISION,7490.56,APPROVED,False
5134,4399,974,2024-12-25 10:16:22.000000,FLOOD,20654.87,CLOSED,True
5135,583,2200,2025-03-08 16:36:13.000000,THEFT,2329.5,OPEN,False
5136,225,1100,2025-01-15 15:04:49.000000,THEFT,17127.49,OPEN,False
5137,503,3281,2024-10-11 09:24:19.000000,THEFT,24087.09,IN_REVIEW,True
5138,3634,2885,2026-04-01 12:29:26.000000,THEFT,2738.73,APPROVED,False
5139,3348,84,2026-04-04 16:01:52.000000,FLOOD,6453.05,CLOSED,False
5140,1880,1514,2024-08-24 12:29:54.000000,VANDALISM,9916.29,IN_REVIEW,False
5141,1022,545,2025-12-01 11:48:52.000000,FIRE,12723.57,APPROVED,False
5142,3047,2548,2025-11-19 08:46:34.000000,GLASS_DAMAGE,3376.42,IN_REVIEW,False
5143,1688,2696,2025-03-18 21:00:27.000000,FLOOD,16529.55,IN_REVIEW,False
5144,2108,2520,2024-05-17 05:06:26.000000,THEFT,2617.98,APPROVED,False
5145,2034,2759,2026-04-01 18:04:16.000000,FLOOD,19377.76,OPEN,True
5146,2136,2203,2024-11-21 10:53:02.000000,VANDALISM,13875.65,CLOSED,False
5147,4403,2854,2025-07-06 18:04:19.000000,COLLISION,664.48,OPEN,False
5148,926,99,2025-01-22 21:48:57.000000,COLLISION,15006.79,OPEN,False
5149,2234,577,2025-05-17 22:00:13.000000,THEFT,9807.19,APPROVED,False
5150,4,795,2025-02-04 22:49:32.000000,GLASS_DAMAGE,24475.25,IN_REVIEW,True
5151,4463,1169,2024-08-26 19:38:36.000000,FIRE,1042.03,IN_REVIEW,False
5152,687,3501,2025-10-06 21:53:02.000000,FLOOD,12407.26,OPEN,False
5153,2931,903,2025-11-09 14:33:02.000000,VANDALISM,21554.3,REJECTED,True
5154,188,1145,2025-05-04 23:15:22.000000,THEFT,20629.01,APPROVED,True
5155,96,728,2025-11-11 18:51:45.000000,FIRE,7150.72,IN_REVIEW,False
5156,2031,163,2025-12-09 04:07:42.000000,COLLISION,19238.23,OPEN,True
5157,3635,2188,2025-11-01 14:07:47.000000,FIRE,5877.11,APPROVED,False
5158,3544,2218,2024-07-15 18:36:43.000000,COLLISION,17837.76,APPROVED,False
5159,3255,2030,2025-08-20 17:37:27.000000,FIRE,11141.88,APPROVED,False
5160,1191,2377,2024-09-17 06:47:24.000000,FIRE,19188.44,REJECTED,True
5161,4399,2296,2026-01-26 23:23:59.000000,GLASS_DAMAGE,20472.33,APPROVED,True
5162,2453,3997,2025-05-20 16:40:57.000000,FLOOD,16147.62,REJECTED,False
5163,2012,899,2026-02-07 18:36:39.000000,FLOOD,14912.5,IN_REVIEW,False
5164,3955,451,2025-11-11 01:21:03.000000,THEFT,16196.9,IN_REVIEW,False
5165,2681,1851,2025-09-26 22:34:15.000000,FIRE,1873.91,APPROVED,False
5166,4210,2611,2024-09-14 14:02:17.000000,FLOOD,17744.83,APPROVED,False
5167,1183,3762,2024-12-09 09:14:12.000000,VANDALISM,6905.88,REJECTED,False
5168,2986,2163,2026-03-31 04:33:08.000000,THEFT,8650.63,CLOSED,False
5169,3727,3277,2024-10-19 06:54:06.000000,FLOOD,2354.1,APPROVED,False
5170,4367,3519,2024-11-20 15:25:57.000000,VANDALISM,22420.23,OPEN,True
5171,3404,377,2026-01-05 00:16:07.000000,FIRE,332.71,CLOSED,False
5172,588,2244,2025-12-19 07:44:59.000000,VANDALISM,11612.99,APPROVED,False
5173,166,2914,2024-08-05 22:47:44.000000,GLASS_DAMAGE,19080.18,IN_REVIEW,True
5174,2715,2009,2025-04-27 12:46:27.000000,THEFT,2720.92,CLOSED,False
5175,3638,263,2025-04-13 02:38:08.000000,GLASS_DAMAGE,8899.26,CLOSED,False
5176,3237,938,2026-03-17 17:43:34.000000,VANDALISM,24493.72,OPEN,True
5177,2658,1013,2025-07-04 12:28:21.000000,THEFT,5685.13,OPEN,False
5178,1424,376,2025-04-12 11:22:56.000000,THEFT,24628.03,OPEN,True
5179,921,1678,2026-01-09 17:04:03.000000,VANDALISM,24907.68,OPEN,True
5180,4399,64,2025-05-07 22:55:08.000000,GLASS_DAMAGE,4027.58,CLOSED,False
5181,2776,2912,2024-12-29 13:17:17.000000,GLASS_DAMAGE,17459.82,IN_REVIEW,False
5182,1349,2949,2025-01-08 20:44:59.000000,COLLISION,19858.38,IN_REVIEW,True
5183,3056,3628,2025-05-22 12:11:47.000000,FIRE,23021.07,CLOSED,True
5184,1877,617,2025-12-10 10:21:56.000000,FLOOD,23775.77,REJECTED,True
5185,2784,1147,2025-09-10 07:06:32.000000,COLLISION,7509.36,OPEN,False
5186,935,1249,2024-06-30 16:26:35.000000,FIRE,22706.54,CLOSED,True
5187,2854,3534,2025-02-04 03:17:01.000000,FIRE,11302.22,OPEN,False
5188,3150,2768,2024-11-10 11:27:59.000000,GLASS_DAMAGE,11573.83,APPROVED,False
5189,3092,2593,2025-11-06 06:59:01.000000,COLLISION,1455.19,REJECTED,False
5190,3024,1333,2025-02-05 22:05:44.000000,THEFT,20399.66,OPEN,True
5191,933,1999,2025-02-12 19:11:42.000000,THEFT,12064.72,REJECTED,False
5192,4378,4067,2025-02-08 17:04:29.000000,COLLISION,16626.01,CLOSED,False
5193,760,711,2024-10-17 19:55:34.000000,THEFT,9073.02,APPROVED,False
5194,1869,1612,2025-01-28 07:19:37.000000,FIRE,11100.16,OPEN,False
5195,4001,3089,2026-03-23 16:42:09.000000,COLLISION,20988.86,IN_REVIEW,True
5196,3421,3558,2024-07-20 17:49:38.000000,FLOOD,12227.31,CLOSED,False
5197,9,1224,2025-11-27 14:37:37.000000,FIRE,2619.72,IN_REVIEW,False
5198,3526,1840,2024-11-30 06:01:23.000000,GLASS_DAMAGE,15143.89,OPEN,False
5199,4775,731,2026-04-24 21:40:15.000000,GLASS_DAMAGE,12886.82,REJECTED,False
5200,4530,1304,2024-06-25 21:01:16.000000,VANDALISM,11735.12,CLOSED,False
5201,457,3496,2025-06-14 23:35:40.000000,VANDALISM,16257.66,CLOSED,False
5202,2806,295,2026-04-03 20:48:54.000000,FLOOD,768.32,OPEN,False
5203,4374,633,2024-08-27 17:15:33.000000,VANDALISM,19181.51,REJECTED,True
5204,4328,533,2024-12-14 20:48:48.000000,FLOOD,18644.57,APPROVED,True
5205,3378,3019,2025-09-17 12:06:01.000000,THEFT,23994.96,REJECTED,True
5206,4106,3913,2024-08-12 23:37:37.000000,COLLISION,17667.96,IN_REVIEW,False
5207,4461,3532,2026-02-13 16:45:08.000000,COLLISION,3726.46,CLOSED,False
5208,568,580,2025-02-22 21:44:47.000000,THEFT,12811.28,APPROVED,False
5209,2916,4141,2025-05-25 11:31:01.000000,COLLISION,21826.03,REJECTED,True
5210,495,1592,2024-06-14 04:16:38.000000,VANDALISM,12819.53,CLOSED,False
5211,2,3086,2025-12-22 14:41:23.000000,GLASS_DAMAGE,18928.21,REJECTED,True
5212,4706,1477,2025-08-30 08:51:59.000000,THEFT,10154.05,IN_REVIEW,False
5213,3406,1965,2025-08-14 09:04:59.000000,THEFT,6173.7,OPEN,False
5214,2675,648,2024-07-26 11:44:59.000000,GLASS_DAMAGE,4133.07,REJECTED,False
5215,3919,2378,2024-11-19 13:17:50.000000,COLLISION,16358.91,REJECTED,False
5216,2033,2608,2025-06-15 06:42:11.000000,COLLISION,14505.91,CLOSED,False
5217,4538,2278,2024-06-30 19:06:36.000000,FLOOD,7463.94,REJECTED,False
5218,4486,480,2025-12-24 11:05:18.000000,COLLISION,14014.84,IN_REVIEW,False
5219,3200,3840,2024-09-30 02:43:12.000000,FLOOD,19885.29,IN_REVIEW,True
5220,4193,3149,2025-01-25 19:18:24.000000,FLOOD,1922.06,IN_REVIEW,False
5221,231,1071,2024-07-06 22:44:33.000000,FLOOD,15160.73,OPEN,False
5222,4219,2015,2024-11-07 03:02:27.000000,COLLISION,4388.67,IN_REVIEW,False
5223,4298,4004,2025-10-03 11:58:46.000000,GLASS_DAMAGE,745.19,CLOSED,False
5224,119,426,2025-02-05 02:56:59.000000,COLLISION,20000.54,APPROVED,True
5225,4665,1757,2024-06-23 23:44:03.000000,COLLISION,482.76,OPEN,False
5226,2104,1776,2025-09-09 12:58:53.000000,GLASS_DAMAGE,11806.02,APPROVED,False
5227,2292,1768,2024-06-02 22:36:19.000000,VANDALISM,22830.18,REJECTED,True
5228,3920,2631,2024-11-03 16:04:34.000000,COLLISION,15815.46,CLOSED,False
5229,101,2713,2025-03-14 20:32:18.000000,FLOOD,5386.34,APPROVED,False
5230,1971,508,2025-08-09 20:16:55.000000,GLASS_DAMAGE,22946.43,OPEN,True
5231,4785,735,2026-01-25 22:55:15.000000,FIRE,11039.92,OPEN,False
5232,2147,1976,2024-08-25 06:02:08.000000,VANDALISM,7877.29,IN_REVIEW,False
5233,2357,2330,2026-01-19 13:04:21.000000,GLASS_DAMAGE,14468.69,CLOSED,False
5234,1672,3508,2025-12-07 01:38:12.000000,VANDALISM,20931.47,CLOSED,True
5235,164,3301,2024-08-30 15:19:01.000000,FIRE,5778.21,OPEN,False
5236,2799,3892,2024-12-07 12:09:46.000000,VANDALISM,10484.34,IN_REVIEW,False
5237,1137,2432,2024-10-07 20:53:53.000000,VANDALISM,12262.23,IN_REVIEW,False
5238,2356,2295,2025-12-26 00:06:21.000000,THEFT,20209.94,IN_REVIEW,True
5239,2301,1341,2025-12-21 19:28:00.000000,THEFT,11123.02,REJECTED,False
5240,2145,444,2025-10-14 21:32:23.000000,FIRE,14947.0,APPROVED,False
5241,818,2983,2026-03-09 01:12:55.000000,FIRE,9589.82,CLOSED,False
5242,2121,3513,2024-07-07 23:54:51.000000,THEFT,2236.06,APPROVED,False
5243,954,3159,2025-06-08 10:51:23.000000,FIRE,23674.82,IN_REVIEW,True
5244,418,3785,2026-01-23 00:49:56.000000,COLLISION,15635.37,CLOSED,False
5245,1797,3031,2026-05-02 07:25:01.000000,FIRE,15021.86,IN_REVIEW,False
5246,794,229,2024-11-24 17:24:29.000000,THEFT,878.08,OPEN,False
5247,4155,3663,2025-09-12 12:34:52.000000,FLOOD,7565.22,REJECTED,False
5248,370,1646,2025-06-13 12:49:52.000000,THEFT,8317.65,CLOSED,False
5249,4534,1533,2026-03-05 04:02:40.000000,VANDALISM,20137.86,OPEN,True
5250,4092,1224,2026-01-28 17:32:43.000000,FLOOD,19325.64,OPEN,True
5251,1362,1456,2024-07-03 18:15:50.000000,VANDALISM,1467.05,CLOSED,False
5252,3578,1592,2024-07-27 07:18:43.000000,FLOOD,18215.87,CLOSED,True
5253,4276,2892,2026-04-03 18:56:32.000000,THEFT,11806.04,APPROVED,False
5254,2832,1160,2024-11-04 10:07:21.000000,FIRE,16348.86,CLOSED,False
5255,1939,421,2025-08-21 11:05:00.000000,FLOOD,977.17,IN_REVIEW,False
5256,2939,722,2026-05-03 19:14:49.000000,GLASS_DAMAGE,424.86,REJECTED,False
5257,3033,1591,2025-06-14 12:55:49.000000,COLLISION,10031.47,IN_REVIEW,False
5258,4758,3051,2025-10-12 02:13:32.000000,COLLISION,8740.09,APPROVED,False
5259,2328,3460,2024-11-07 19:31:06.000000,FIRE,4520.0,CLOSED,False
5260,510,3958,2025-09-16 04:44:15.000000,THEFT,9021.95,CLOSED,False
5261,1571,1579,2026-02-07 11:37:29.000000,VANDALISM,264.97,REJECTED,False
5262,393,4183,2025-06-09 14:33:34.000000,FIRE,12536.68,APPROVED,False
5263,3088,1633,2024-08-22 19:09:36.000000,COLLISION,7408.49,IN_REVIEW,False
5264,1881,3922,2025-03-15 08:18:56.000000,FLOOD,7086.42,OPEN,False
5265,1757,565,2025-02-26 06:26:58.000000,VANDALISM,6019.07,OPEN,False
5266,383,3453,2025-11-21 01:53:37.000000,COLLISION,23976.67,CLOSED,True
5267,3089,4062,2025-05-11 00:00:45.000000,FLOOD,18895.58,OPEN,True
5268,1720,197,2025-08-04 01:35:32.000000,FLOOD,22830.82,IN_REVIEW,True
5269,2462,677,2024-11-20 20:09:59.000000,VANDALISM,14200.93,REJECTED,False
5270,237,2710,2024-09-22 22:01:56.000000,GLASS_DAMAGE,7230.94,APPROVED,False
5271,4552,3068,2026-04-04 21:46:31.000000,COLLISION,23020.25,IN_REVIEW,True
5272,3656,1620,2025-01-26 15:49:34.000000,FLOOD,1700.54,REJECTED,False
5273,1164,1202,2025-05-11 02:43:03.000000,FLOOD,6728.52,APPROVED,False
5274,2085,835,2024-11-30 22:26:45.000000,COLLISION,6979.38,OPEN,False
5275,2470,1742,2025-10-24 21:46:14.000000,THEFT,7064.12,OPEN,False
5276,3580,4198,2024-11-02 15:56:21.000000,VANDALISM,13658.07,OPEN,False
5277,3399,3451,2024-12-13 08:03:55.000000,COLLISION,1074.74,APPROVED,False
5278,2820,1364,2024-07-12 13:06:28.000000,FLOOD,17985.28,OPEN,False
5279,3967,1973,2025-01-24 20:33:38.000000,VANDALISM,20245.84,APPROVED,True
5280,99,3867,2024-10-09 08:55:48.000000,FLOOD,2918.81,CLOSED,False
5281,2922,3634,2024-10-17 18:02:09.000000,COLLISION,6333.82,OPEN,False
5282,335,3007,2025-01-08 03:23:50.000000,GLASS_DAMAGE,12079.4,CLOSED,False
5283,1915,2365,2025-03-05 06:57:15.000000,THEFT,14810.93,CLOSED,False
5284,61,945,2025-08-14 09:21:59.000000,FIRE,19666.18,CLOSED,True
5285,2707,2810,2025-10-05 06:56:46.000000,FLOOD,12294.65,OPEN,False
5286,2479,3579,2024-12-28 05:40:35.000000,THEFT,14541.4,IN_REVIEW,False
5287,792,3666,2024-08-17 09:05:13.000000,FIRE,21926.61,OPEN,True
5288,4485,2771,2024-10-25 04:58:32.000000,GLASS_DAMAGE,1201.89,CLOSED,False
5289,93,1186,2025-07-23 18:35:41.000000,THEFT,15092.64,CLOSED,False
5290,3118,2013,2025-12-17 06:45:35.000000,VANDALISM,21928.71,IN_REVIEW,True
5291,1156,3560,2025-09-19 12:56:19.000000,THEFT,274.25,IN_REVIEW,False
5292,3049,1633,2026-01-14 07:03:00.000000,THEFT,22031.59,CLOSED,True
5293,3916,1011,2025-03-23 11:59:44.000000,VANDALISM,3588.91,APPROVED,False
5294,478,1596,2025-12-18 14:01:47.000000,VANDALISM,11423.15,APPROVED,False
5295,2432,4165,2026-02-18 04:33:22.000000,VANDALISM,15058.51,OPEN,False
5296,885,1567,2024-10-04 11:23:33.000000,THEFT,14689.6,IN_REVIEW,False
5297,1668,1140,2025-12-20 23:44:25.000000,FLOOD,19381.4,CLOSED,True
5298,1968,1819,2024-11-09 01:17:59.000000,GLASS_DAMAGE,17319.9,IN_REVIEW,False
5299,1034,1482,2025-03-28 13:42:26.000000,FIRE,10775.98,IN_REVIEW,False
5300,4511,3504,2025-04-29 22:16:20.000000,VANDALISM,7734.46,CLOSED,False
5301,624,1512,2024-12-28 09:00:57.000000,FLOOD,19050.36,REJECTED,True
5302,3341,1234,2025-08-29 15:05:15.000000,FIRE,873.18,IN_REVIEW,False
5303,1657,3125,2024-11-02 15:23:25.000000,GLASS_DAMAGE,223.25,IN_REVIEW,False
5304,1467,4123,2025-11-29 19:34:36.000000,FIRE,12266.78,REJECTED,False
5305,3012,2892,2025-12-20 22:13:13.000000,THEFT,21110.21,APPROVED,True
5306,3214,446,2025-03-08 06:11:40.000000,GLASS_DAMAGE,4986.0,REJECTED,False
5307,2789,2640,2025-06-23 05:53:15.000000,GLASS_DAMAGE,17832.83,REJECTED,False
5308,4272,3705,2025-01-24 07:51:36.000000,FLOOD,14279.07,APPROVED,False
5309,3325,44,2025-08-31 17:45:40.000000,FIRE,19910.13,CLOSED,True
5310,2360,1046,2024-12-24 07:04:39.000000,FIRE,19637.29,APPROVED,True
5311,3792,3947,2026-02-16 12:58:31.000000,FLOOD,15321.93,APPROVED,False
5312,2507,402,2025-06-01 20:53:42.000000,GLASS_DAMAGE,17012.96,REJECTED,False
5313,3827,3923,2026-04-24 09:08:34.000000,COLLISION,1052.15,REJECTED,False
5314,2813,2584,2026-03-14 12:43:05.000000,COLLISION,17368.81,OPEN,False
5315,4654,1496,2025-01-06 11:07:28.000000,VANDALISM,6121.3,OPEN,False
5316,4201,3669,2026-01-14 21:07:42.000000,FLOOD,18590.47,OPEN,True
5317,2294,2716,2025-07-02 22:34:53.000000,FLOOD,13195.92,OPEN,False
5318,4465,3090,2025-10-04 05:50:38.000000,FIRE,15483.36,IN_REVIEW,False
5319,500,1422,2025-08-21 11:29:39.000000,THEFT,19684.7,APPROVED,True
5320,2236,1586,2024-09-05 22:36:20.000000,FLOOD,5892.46,CLOSED,False
5321,2799,2804,2025-03-06 12:13:46.000000,THEFT,20769.91,APPROVED,True
5322,2155,3793,2024-11-25 00:03:54.000000,COLLISION,1487.98,CLOSED,False
5323,2899,3341,2024-07-27 19:40:37.000000,FIRE,23806.87,APPROVED,True
5324,4410,2453,2024-09-23 09:06:48.000000,THEFT,23879.12,CLOSED,True
5325,409,840,2024-06-04 00:58:17.000000,GLASS_DAMAGE,12577.68,APPROVED,False
5326,1176,1694,2025-11-19 05:17:16.000000,THEFT,19963.11,CLOSED,True
5327,1042,2101,2025-12-29 10:49:39.000000,VANDALISM,10736.64,REJECTED,False
5328,2218,2880,2024-09-26 02:03:59.000000,VANDALISM,12936.68,APPROVED,False
5329,990,3889,2025-12-21 13:02:27.000000,FIRE,12169.95,APPROVED,False
5330,3441,2180,2025-06-25 12:28:28.000000,COLLISION,19162.51,IN_REVIEW,True
5331,176,3629,2024-06-13 14:51:10.000000,FLOOD,1921.54,IN_REVIEW,False
5332,1882,142,2024-07-29 18:40:25.000000,FIRE,7443.79,CLOSED,False
5333,3345,935,2026-02-27 12:04:38.000000,THEFT,12388.31,APPROVED,False
5334,3794,2415,2024-06-14 12:42:04.000000,FIRE,11990.35,OPEN,False
5335,4379,2201,2024-05-12 08:16:51.000000,VANDALISM,16327.92,REJECTED,False
5336,646,4107,2024-10-03 17:41:30.000000,FLOOD,10752.17,CLOSED,False
5337,2596,2831,2025-09-06 23:49:19.000000,FIRE,7743.59,APPROVED,False
5338,4489,2789,2024-08-07 20:10:29.000000,VANDALISM,17926.49,IN_REVIEW,False
5339,43,256,2025-10-29 05:36:34.000000,FIRE,11902.31,OPEN,False
5340,199,1484,2026-04-08 15:38:13.000000,FIRE,20624.66,IN_REVIEW,True
5341,1508,2662,2026-02-20 08:42:04.000000,GLASS_DAMAGE,882.47,APPROVED,False
5342,4714,2157,2025-02-16 10:09:19.000000,COLLISION,12302.85,IN_REVIEW,False
5343,1551,555,2024-07-05 12:37:54.000000,VANDALISM,20904.39,APPROVED,True
5344,1940,1386,2024-12-04 23:36:58.000000,FIRE,21140.73,CLOSED,True
5345,3473,2560,2025-04-15 13:59:43.000000,GLASS_DAMAGE,24247.89,APPROVED,True
5346,1807,1767,2025-03-27 01:16:19.000000,COLLISION,14413.96,IN_REVIEW,False
5347,3453,4131,2025-02-25 20:20:53.000000,GLASS_DAMAGE,22002.2,APPROVED,True
5348,2684,1834,2025-06-14 00:44:14.000000,GLASS_DAMAGE,4331.66,IN_REVIEW,False
5349,74,3792,2025-05-31 06:50:09.000000,VANDALISM,14544.56,IN_REVIEW,False
5350,597,3961,2024-10-31 19:56:27.000000,VANDALISM,9082.33,OPEN,False
5351,3561,1120,2025-11-09 11:00:52.000000,GLASS_DAMAGE,4505.95,CLOSED,False
5352,1838,2206,2024-12-15 09:12:51.000000,GLASS_DAMAGE,19947.86,IN_REVIEW,True
5353,2166,3623,2025-07-07 13:29:25.000000,FLOOD,19443.55,CLOSED,True
5354,1698,2649,2025-04-21 23:02:31.000000,VANDALISM,15444.04,OPEN,False
5355,3778,3740,2025-10-16 11:27:39.000000,THEFT,6687.93,APPROVED,False
5356,396,3018,2025-02-01 02:33:03.000000,FIRE,18713.36,IN_REVIEW,True
5357,2913,2902,2025-08-29 06:46:19.000000,FLOOD,7530.35,CLOSED,False
5358,991,756,2026-03-03 12:01:37.000000,THEFT,5977.03,OPEN,False
5359,1347,3419,2024-06-21 13:26:30.000000,VANDALISM,18332.89,REJECTED,True
5360,4646,565,2024-09-14 15:48:58.000000,GLASS_DAMAGE,21287.89,APPROVED,True
5361,238,4020,2024-05-21 08:13:31.000000,FLOOD,22169.49,APPROVED,True
5362,500,2376,2026-01-24 23:41:24.000000,GLASS_DAMAGE,10168.98,APPROVED,False
5363,146,1649,2026-03-12 03:48:25.000000,VANDALISM,10571.88,CLOSED,False
5364,322,2294,2025-01-12 19:38:51.000000,VANDALISM,6424.02,REJECTED,False
5365,3503,3824,2025-07-07 07:24:05.000000,VANDALISM,18969.48,IN_REVIEW,True
5366,2669,2823,2025-07-31 18:32:26.000000,FLOOD,17362.4,REJECTED,False
5367,2191,2532,2025-09-10 22:44:59.000000,VANDALISM,11966.64,CLOSED,False
5368,4680,1047,2024-07-24 16:41:48.000000,FIRE,10296.06,CLOSED,False
5369,68,2933,2024-11-13 07:02:19.000000,FIRE,10353.51,REJECTED,False
5370,3434,1272,2025-07-30 06:56:37.000000,GLASS_DAMAGE,16917.75,OPEN,False
5371,1579,3035,2026-04-15 07:26:28.000000,VANDALISM,23604.25,IN_REVIEW,True
5372,3244,2671,2025-04-19 22:03:35.000000,FIRE,15282.05,IN_REVIEW,False
5373,3562,250,2024-09-05 03:47:05.000000,VANDALISM,8772.36,IN_REVIEW,False
5374,1397,1031,2025-09-07 06:56:32.000000,COLLISION,5513.27,OPEN,False
5375,4786,1432,2024-09-02 10:48:33.000000,COLLISION,12040.48,REJECTED,False
5376,1224,3238,2025-09-20 12:35:07.000000,COLLISION,15058.85,CLOSED,False
5377,4781,3000,2025-06-27 12:33:27.000000,GLASS_DAMAGE,7627.94,OPEN,False
5378,2960,3832,2025-08-30 00:02:52.000000,FLOOD,2319.56,APPROVED,False
5379,3434,2619,2026-05-04 08:41:38.000000,VANDALISM,3509.51,OPEN,False
5380,3861,1235,2025-06-15 01:07:44.000000,FLOOD,773.51,CLOSED,False
5381,3535,649,2026-04-03 23:12:16.000000,GLASS_DAMAGE,17892.56,CLOSED,False
5382,3029,2416,2025-12-02 15:02:12.000000,FIRE,22491.01,CLOSED,True
5383,57,3685,2025-06-24 19:27:29.000000,FIRE,14751.72,OPEN,False
5384,2035,1078,2024-05-19 02:15:57.000000,FIRE,20887.79,IN_REVIEW,True
5385,1414,1843,2024-06-18 20:32:38.000000,COLLISION,22911.38,IN_REVIEW,True
5386,1798,3549,2025-09-26 23:55:28.000000,GLASS_DAMAGE,9624.38,OPEN,False
5387,3713,1434,2025-07-07 09:58:03.000000,GLASS_DAMAGE,13001.99,CLOSED,False
5388,39,1265,2026-04-28 02:17:24.000000,VANDALISM,13749.98,APPROVED,False
5389,2180,1403,2026-01-31 22:29:54.000000,THEFT,9316.08,APPROVED,False
5390,1443,3612,2025-07-01 04:14:36.000000,GLASS_DAMAGE,314.78,APPROVED,False
5391,2282,1021,2025-04-28 10:04:17.000000,FIRE,22478.78,IN_REVIEW,True
5392,972,1491,2025-07-26 04:27:22.000000,FIRE,2906.66,OPEN,False
5393,2100,2774,2025-11-26 22:33:45.000000,VANDALISM,8256.25,OPEN,False
5394,4579,458,2026-05-07 00:52:14.000000,FLOOD,18459.56,IN_REVIEW,True
5395,867,2580,2025-01-28 16:36:38.000000,FIRE,9395.28,OPEN,False
5396,670,3597,2025-02-21 10:35:00.000000,VANDALISM,2401.52,IN_REVIEW,False
5397,725,390,2025-06-27 15:47:44.000000,THEFT,8801.66,REJECTED,False
5398,625,398,2024-10-24 22:05:09.000000,FLOOD,4886.62,CLOSED,False
5399,3329,1692,2025-06-15 06:29:41.000000,FIRE,24796.49,OPEN,True
5400,3984,1447,2025-12-10 04:51:01.000000,VANDALISM,5351.85,OPEN,False
5401,2315,973,2025-04-14 11:40:01.000000,FIRE,11174.61,APPROVED,False
5402,4084,4018,2025-10-15 16:22:58.000000,THEFT,23421.26,OPEN,True
5403,4692,1399,2024-12-21 14:40:04.000000,COLLISION,9932.86,CLOSED,False
5404,1989,2126,2024-09-23 20:18:53.000000,VANDALISM,587.6,CLOSED,False
5405,4722,2628,2024-07-09 05:24:59.000000,VANDALISM,15785.38,CLOSED,False
5406,3102,3551,2025-03-30 01:21:43.000000,GLASS_DAMAGE,14922.41,OPEN,False
5407,2871,3509,2024-09-27 15:28:41.000000,COLLISION,16977.09,OPEN,False
5408,3931,568,2025-09-08 13:20:03.000000,GLASS_DAMAGE,11733.87,APPROVED,False
5409,4339,1323,2025-05-28 12:21:07.000000,FLOOD,7757.81,OPEN,False
5410,4341,4191,2025-07-06 16:56:18.000000,VANDALISM,11373.02,REJECTED,False
5411,1098,3854,2025-10-14 04:30:55.000000,GLASS_DAMAGE,10031.73,APPROVED,False
5412,2017,188,2026-01-26 12:46:07.000000,FIRE,799.18,REJECTED,False
5413,3502,2687,2025-03-06 01:36:22.000000,THEFT,19251.91,REJECTED,True
5414,2587,4166,2026-02-04 16:51:54.000000,VANDALISM,12304.05,CLOSED,False
5415,1406,3097,2024-08-29 02:53:27.000000,GLASS_DAMAGE,558.61,CLOSED,False
5416,1057,1891,2024-10-09 00:32:54.000000,GLASS_DAMAGE,19508.18,APPROVED,True
5417,2565,1824,2024-10-02 13:39:02.000000,FLOOD,20744.58,IN_REVIEW,True
5418,1048,1558,2024-06-19 15:38:41.000000,FLOOD,3612.59,REJECTED,False
5419,2474,2000,2025-02-15 06:34:03.000000,FIRE,9284.2,OPEN,False
5420,4240,425,2026-01-06 17:03:48.000000,THEFT,21550.51,OPEN,True
5421,2695,1421,2025-02-10 04:21:18.000000,FIRE,8696.4,REJECTED,False
5422,3551,2824,2026-03-17 15:37:26.000000,VANDALISM,3641.5,CLOSED,False
5423,1280,2655,2026-03-28 22:46:50.000000,FLOOD,17771.0,IN_REVIEW,False
5424,1551,1100,2025-08-03 16:01:48.000000,FLOOD,4836.85,REJECTED,False
5425,4026,195,2024-11-13 13:28:53.000000,FIRE,2798.47,OPEN,False
5426,23,3036,2025-03-27 02:46:51.000000,FLOOD,14528.52,APPROVED,False
5427,2220,3561,2025-08-03 01:47:31.000000,FIRE,6039.83,CLOSED,False
5428,2897,2692,2025-10-07 20:31:27.000000,COLLISION,16387.07,OPEN,False
5429,1836,3748,2025-10-26 17:27:03.000000,COLLISION,1638.31,IN_REVIEW,False
5430,15,3968,2025-06-27 20:06:25.000000,COLLISION,2692.75,CLOSED,False
5431,951,3216,2025-11-18 12:45:23.000000,VANDALISM,8331.72,IN_REVIEW,False
5432,1598,1074,2026-02-20 08:57:30.000000,VANDALISM,3395.65,REJECTED,False
5433,2479,2413,2025-11-12 02:57:48.000000,GLASS_DAMAGE,1742.72,APPROVED,False
5434,2764,2121,2025-07-09 18:44:31.000000,GLASS_DAMAGE,17655.31,REJECTED,False
5435,1871,3290,2025-09-12 10:16:03.000000,GLASS_DAMAGE,20660.58,CLOSED,True
5436,2550,2442,2026-04-26 12:57:12.000000,VANDALISM,3545.63,OPEN,False
5437,2217,999,2025-01-13 04:49:03.000000,FLOOD,18798.48,OPEN,True
5438,2299,949,2025-12-07 05:57:17.000000,COLLISION,2484.38,REJECTED,False
5439,1272,3220,2026-02-17 12:09:35.000000,VANDALISM,21215.59,OPEN,True
5440,177,3113,2025-02-11 18:18:30.000000,VANDALISM,4494.32,REJECTED,False
5441,811,3652,2024-10-29 05:49:45.000000,COLLISION,7892.04,APPROVED,False
5442,365,3676,2024-06-20 06:39:56.000000,GLASS_DAMAGE,8695.52,IN_REVIEW,False
5443,2656,2110,2024-08-19 07:43:45.000000,COLLISION,11577.96,REJECTED,False
5444,580,513,2026-04-10 13:41:10.000000,THEFT,23652.95,OPEN,True
5445,308,1215,2025-11-07 14:09:01.000000,THEFT,23918.27,REJECTED,True
5446,544,1936,2025-06-16 06:55:56.000000,THEFT,19042.51,OPEN,True
5447,4471,3928,2025-02-09 16:27:08.000000,GLASS_DAMAGE,6497.94,IN_REVIEW,False
5448,1830,3915,2025-02-13 10:58:47.000000,FIRE,24705.96,OPEN,True
5449,1826,1469,2024-05-17 13:43:20.000000,GLASS_DAMAGE,13092.43,IN_REVIEW,False
5450,1127,3062,2024-05-20 19:09:43.000000,VANDALISM,9330.51,REJECTED,False
5451,3847,1429,2025-02-01 18:22:27.000000,COLLISION,17926.25,IN_REVIEW,False
5452,2494,3503,2026-03-08 22:25:00.000000,THEFT,10898.67,OPEN,False
5453,2616,2359,2025-06-26 19:15:49.000000,VANDALISM,15917.83,OPEN,False
5454,877,194,2025-11-15 02:23:46.000000,THEFT,19624.65,APPROVED,True
5455,1849,1529,2026-01-06 07:49:31.000000,COLLISION,401.15,APPROVED,False
5456,2185,2404,2024-08-19 17:43:36.000000,THEFT,6783.38,APPROVED,False
5457,1087,840,2024-11-20 23:25:15.000000,FIRE,8742.41,REJECTED,False
5458,2677,2431,2024-08-19 22:50:35.000000,VANDALISM,487.36,REJECTED,False
5459,4727,2644,2024-10-07 18:34:07.000000,COLLISION,20761.03,IN_REVIEW,True
5460,2510,2635,2025-10-27 02:38:07.000000,FIRE,8354.99,OPEN,False
5461,3888,1083,2024-12-27 14:16:42.000000,VANDALISM,5794.52,IN_REVIEW,False
5462,4369,3024,2025-11-22 21:39:46.000000,FIRE,6140.48,OPEN,False
5463,1044,1531,2025-12-26 20:50:52.000000,COLLISION,7761.99,IN_REVIEW,False
5464,2884,3892,2025-03-22 12:39:10.000000,COLLISION,8782.79,APPROVED,False
5465,2031,1748,2025-04-05 22:54:04.000000,FLOOD,17882.67,OPEN,False
5466,2046,1530,2026-01-01 08:41:16.000000,THEFT,3056.06,CLOSED,False
5467,35,2583,2025-03-22 13:37:47.000000,GLASS_DAMAGE,13294.44,IN_REVIEW,False
5468,1278,1415,2025-09-03 06:42:34.000000,THEFT,3309.68,APPROVED,False
5469,3987,4094,2024-10-21 02:21:20.000000,FIRE,10101.59,OPEN,False
5470,2335,145,2026-01-20 15:06:37.000000,THEFT,4786.03,APPROVED,False
5471,1886,409,2025-07-30 06:33:06.000000,FLOOD,21936.69,CLOSED,True
5472,3720,1865,2025-11-07 14:14:09.000000,FIRE,8868.75,REJECTED,False
5473,2999,3460,2025-01-13 03:11:41.000000,GLASS_DAMAGE,18129.26,CLOSED,True
5474,364,3932,2025-11-26 10:45:51.000000,THEFT,16117.02,APPROVED,False
5475,1212,2426,2026-03-07 06:09:47.000000,THEFT,24430.86,IN_REVIEW,True
5476,1927,1247,2025-05-16 09:15:09.000000,COLLISION,13932.28,CLOSED,False
5477,1995,710,2026-03-24 21:15:14.000000,COLLISION,2401.78,CLOSED,False
5478,2110,4033,2026-01-09 22:57:42.000000,FIRE,12044.68,OPEN,False
5479,4653,335,2024-11-24 10:47:21.000000,GLASS_DAMAGE,6802.96,APPROVED,False
5480,3642,3762,2024-09-15 12:50:01.000000,VANDALISM,21170.86,REJECTED,True
5481,638,3921,2025-08-08 07:30:28.000000,GLASS_DAMAGE,1924.08,REJECTED,False
5482,3273,548,2025-03-04 05:46:02.000000,THEFT,9011.56,APPROVED,False
5483,1635,3947,2024-11-03 00:58:09.000000,COLLISION,1837.82,OPEN,False
5484,1644,2256,2026-04-30 21:57:29.000000,GLASS_DAMAGE,17285.48,CLOSED,False
5485,4541,4036,2024-07-09 01:43:20.000000,GLASS_DAMAGE,24017.61,IN_REVIEW,True
5486,1866,310,2024-08-16 23:15:46.000000,GLASS_DAMAGE,2343.62,OPEN,False
5487,749,123,2026-02-22 18:55:25.000000,FIRE,9327.01,OPEN,False
5488,2453,3204,2026-03-02 01:42:48.000000,FLOOD,7207.98,IN_REVIEW,False
5489,4150,2399,2025-02-04 13:30:20.000000,GLASS_DAMAGE,9388.44,OPEN,False
5490,3891,1087,2024-08-03 09:22:12.000000,VANDALISM,10203.02,OPEN,False
5491,2812,4128,2025-11-02 09:49:47.000000,FLOOD,3245.65,IN_REVIEW,False
5492,3138,1378,2025-04-28 07:13:41.000000,FIRE,14370.32,APPROVED,False
5493,2585,3493,2024-12-31 13:20:32.000000,VANDALISM,5964.8,OPEN,False
5494,3607,3886,2026-01-14 04:51:51.000000,VANDALISM,7585.7,APPROVED,False
5495,3457,4000,2025-03-04 14:48:54.000000,THEFT,6778.47,APPROVED,False
5496,929,2090,2025-01-22 05:21:18.000000,GLASS_DAMAGE,24542.97,IN_REVIEW,True
5497,1759,1608,2025-07-31 11:55:30.000000,FLOOD,548.06,APPROVED,False
5498,4425,2098,2024-10-13 22:43:29.000000,GLASS_DAMAGE,18146.25,CLOSED,True
5499,3387,2299,2026-01-09 06:17:34.000000,VANDALISM,9798.77,CLOSED,False
5500,3235,3307,2025-08-26 14:32:13.000000,VANDALISM,5705.09,OPEN,False
5501,3195,1178,2025-02-16 00:41:48.000000,VANDALISM,9425.26,CLOSED,False
5502,3942,2698,2026-04-28 15:03:11.000000,VANDALISM,13110.2,OPEN,False
5503,4713,1488,2025-07-17 21:28:47.000000,GLASS_DAMAGE,15634.03,APPROVED,False
5504,1298,2009,2024-11-22 14:55:23.000000,FIRE,4071.11,CLOSED,False
5505,3570,3232,2026-03-11 01:03:25.000000,GLASS_DAMAGE,1299.66,APPROVED,False
5506,2362,3250,2026-03-15 02:38:48.000000,VANDALISM,17721.93,APPROVED,False
5507,4475,2451,2025-06-29 05:46:06.000000,VANDALISM,15514.3,REJECTED,False
5508,1046,2279,2025-09-19 00:16:12.000000,GLASS_DAMAGE,7131.78,APPROVED,False
5509,1915,1609,2024-12-04 02:44:42.000000,GLASS_DAMAGE,16723.84,REJECTED,False
5510,3972,3337,2026-03-20 04:43:50.000000,VANDALISM,2405.49,OPEN,False
5511,2345,666,2024-11-16 04:45:23.000000,VANDALISM,17511.4,REJECTED,False
5512,4,1490,2024-09-24 14:57:28.000000,FIRE,5364.24,IN_REVIEW,False
5513,936,1967,2025-03-31 04:52:32.000000,THEFT,19759.05,IN_REVIEW,True
5514,2736,2820,2025-09-13 22:18:12.000000,GLASS_DAMAGE,22425.31,REJECTED,True
5515,3284,2079,2024-10-23 01:36:24.000000,FLOOD,6690.01,IN_REVIEW,False
5516,4213,631,2025-12-12 21:37:53.000000,FLOOD,20015.36,CLOSED,True
5517,2725,437,2025-12-04 01:27:59.000000,GLASS_DAMAGE,14678.36,OPEN,False
5518,3169,2796,2024-06-10 10:50:22.000000,COLLISION,10221.44,OPEN,False
5519,3859,384,2026-04-14 20:17:46.000000,THEFT,11527.95,APPROVED,False
5520,745,2777,2026-02-21 01:42:13.000000,VANDALISM,17279.45,IN_REVIEW,False
5521,1296,434,2024-08-01 21:48:51.000000,THEFT,23983.91,APPROVED,True
5522,3520,2722,2025-11-28 05:43:00.000000,VANDALISM,3611.31,OPEN,False
5523,943,3028,2025-09-10 13:59:19.000000,COLLISION,12187.16,APPROVED,False
5524,388,1241,2024-11-23 01:34:00.000000,VANDALISM,268.94,REJECTED,False
5525,4272,4074,2025-09-30 01:13:23.000000,GLASS_DAMAGE,17988.03,REJECTED,False
5526,3506,3955,2025-08-11 10:47:31.000000,FIRE,10608.36,IN_REVIEW,False
5527,4426,537,2025-02-11 02:45:28.000000,THEFT,16217.54,OPEN,False
5528,1423,1438,2025-04-22 00:17:35.000000,FIRE,5257.06,REJECTED,False
5529,1053,4192,2024-10-24 11:43:45.000000,FLOOD,6020.44,CLOSED,False
5530,597,2212,2026-02-06 09:36:52.000000,GLASS_DAMAGE,21092.97,APPROVED,True
5531,2939,919,2025-08-22 01:42:22.000000,COLLISION,14662.81,IN_REVIEW,False
5532,3033,1104,2025-08-05 11:33:43.000000,FIRE,1895.26,OPEN,False
5533,4052,3132,2025-06-09 07:32:49.000000,FLOOD,1047.29,APPROVED,False
5534,1849,664,2024-09-09 08:48:43.000000,FIRE,1935.84,CLOSED,False
5535,829,1692,2024-12-15 16:09:26.000000,COLLISION,6280.74,IN_REVIEW,False
5536,3114,4145,2024-11-13 22:00:32.000000,FIRE,4509.82,APPROVED,False
5537,2014,2966,2026-03-19 07:18:07.000000,THEFT,21560.98,CLOSED,True
5538,1842,392,2025-11-28 19:40:30.000000,THEFT,19146.03,IN_REVIEW,True
5539,4354,4108,2024-05-19 13:49:25.000000,FIRE,16905.48,CLOSED,False
5540,1242,2891,2026-01-09 04:15:15.000000,THEFT,3508.24,OPEN,False
5541,4493,35,2025-08-06 13:51:41.000000,COLLISION,734.92,APPROVED,False
5542,3771,1850,2026-04-09 23:31:37.000000,VANDALISM,13884.2,CLOSED,False
5543,4641,2920,2025-11-17 17:20:06.000000,FLOOD,15336.94,REJECTED,False
5544,232,2757,2025-12-03 21:22:48.000000,GLASS_DAMAGE,1428.64,IN_REVIEW,False
5545,2919,837,2025-11-05 20:41:36.000000,FIRE,8369.9,OPEN,False
5546,4226,3883,2025-06-24 19:30:16.000000,THEFT,3696.27,IN_REVIEW,False
5547,3916,2258,2025-04-19 23:56:32.000000,VANDALISM,4964.41,REJECTED,False
5548,3587,2237,2024-10-03 12:52:55.000000,FIRE,24377.76,REJECTED,True
5549,877,3816,2026-02-24 06:08:28.000000,THEFT,18033.31,REJECTED,True
5550,237,1540,2025-07-13 20:43:01.000000,COLLISION,5786.98,CLOSED,False
5551,2789,884,2025-10-02 14:00:52.000000,THEFT,11222.29,CLOSED,False
5552,4132,3837,2026-02-08 09:07:38.000000,VANDALISM,19127.33,CLOSED,True
5553,3914,1861,2024-09-28 21:57:14.000000,FLOOD,23616.62,REJECTED,True
5554,142,1376,2025-06-22 13:25:39.000000,FIRE,5780.9,OPEN,False
5555,3013,1978,2025-12-02 11:00:51.000000,VANDALISM,11423.64,IN_REVIEW,False
5556,663,2822,2026-04-02 18:09:33.000000,VANDALISM,4910.54,IN_REVIEW,False
5557,2188,2990,2025-01-17 07:18:55.000000,GLASS_DAMAGE,20547.67,REJECTED,True
5558,1535,3785,2025-11-19 01:28:27.000000,VANDALISM,2582.82,IN_REVIEW,False
5559,243,3411,2025-10-22 05:53:30.000000,GLASS_DAMAGE,1590.16,REJECTED,False
5560,583,1598,2024-07-01 20:34:02.000000,COLLISION,4851.48,APPROVED,False
5561,4442,3517,2025-11-27 18:55:09.000000,THEFT,16331.81,OPEN,False
5562,3386,1039,2026-02-05 17:11:56.000000,FIRE,7687.9,OPEN,False
5563,10,2842,2025-06-21 08:15:53.000000,FLOOD,8842.15,REJECTED,False
5564,935,1143,2025-02-06 08:55:29.000000,COLLISION,21379.71,REJECTED,True
5565,2676,2943,2025-12-14 22:14:04.000000,COLLISION,21300.21,OPEN,True
5566,1242,326,2025-10-10 03:34:13.000000,FLOOD,9958.48,APPROVED,False
5567,217,3542,2024-08-13 16:08:54.000000,GLASS_DAMAGE,2654.94,OPEN,False
5568,3367,3049,2024-10-25 21:54:15.000000,FIRE,18193.31,CLOSED,True
5569,3302,3960,2024-09-26 02:25:02.000000,THEFT,3154.36,CLOSED,False
5570,658,4078,2025-06-06 18:09:38.000000,FIRE,441.7,REJECTED,False
5571,4113,3673,2024-10-06 23:09:44.000000,VANDALISM,10288.59,APPROVED,False
5572,4705,4053,2026-01-21 02:09:48.000000,GLASS_DAMAGE,11905.78,OPEN,False
5573,445,1020,2025-04-28 14:18:49.000000,FIRE,23066.03,OPEN,True
5574,1413,2659,2025-04-15 05:04:42.000000,GLASS_DAMAGE,22386.8,IN_REVIEW,True
5575,3971,744,2026-04-15 08:23:19.000000,GLASS_DAMAGE,1004.3,CLOSED,False
5576,2020,1585,2024-10-02 22:23:06.000000,FLOOD,773.91,OPEN,False
5577,4067,3836,2024-10-14 11:22:30.000000,FIRE,7388.52,REJECTED,False
5578,4468,983,2025-06-16 10:30:15.000000,COLLISION,1867.55,IN_REVIEW,False
5579,3125,672,2025-06-21 08:22:45.000000,GLASS_DAMAGE,20407.89,REJECTED,True
5580,4775,4083,2024-10-10 21:21:49.000000,VANDALISM,894.9,CLOSED,False
5581,3031,298,2024-06-23 15:41:24.000000,GLASS_DAMAGE,12101.77,CLOSED,False
5582,3604,4038,2025-04-26 16:57:31.000000,FLOOD,12557.71,REJECTED,False
5583,4427,3171,2025-12-14 22:39:43.000000,VANDALISM,20420.1,IN_REVIEW,True
5584,2349,1085,2025-11-14 03:23:39.000000,VANDALISM,22381.22,APPROVED,True
5585,1938,1131,2025-10-23 03:21:07.000000,GLASS_DAMAGE,1159.06,CLOSED,False
5586,1908,1375,2024-10-21 21:17:41.000000,VANDALISM,16434.41,APPROVED,False
5587,1076,2697,2025-11-30 10:11:32.000000,FIRE,6336.05,APPROVED,False
5588,1648,1196,2025-11-03 02:54:10.000000,FLOOD,13580.51,IN_REVIEW,False
5589,1723,2760,2025-12-01 00:50:18.000000,COLLISION,22695.19,CLOSED,True
5590,3726,2945,2026-01-24 00:03:27.000000,GLASS_DAMAGE,1526.36,REJECTED,False
5591,556,655,2025-02-10 19:46:31.000000,COLLISION,11851.39,OPEN,False
5592,2932,3596,2025-02-13 11:25:24.000000,GLASS_DAMAGE,9818.57,OPEN,False
5593,2953,3888,2024-09-03 21:03:45.000000,COLLISION,21061.01,CLOSED,True
5594,4089,3654,2024-09-12 02:55:23.000000,FLOOD,22824.31,APPROVED,True
5595,882,1287,2025-04-24 00:09:10.000000,COLLISION,18291.11,CLOSED,True
5596,518,1719,2025-07-15 16:35:23.000000,COLLISION,18398.95,APPROVED,True
5597,685,2070,2024-10-06 12:48:23.000000,THEFT,8293.61,IN_REVIEW,False
5598,1701,196,2024-06-24 17:43:11.000000,GLASS_DAMAGE,16594.55,CLOSED,False
5599,814,3730,2025-05-19 21:23:16.000000,GLASS_DAMAGE,24679.33,OPEN,True
5600,1195,1324,2024-07-07 06:25:07.000000,FIRE,707.36,IN_REVIEW,False
5601,753,87,2025-04-17 12:19:07.000000,THEFT,22085.17,OPEN,True
5602,3904,2561,2025-01-25 19:01:40.000000,VANDALISM,22404.49,REJECTED,True
5603,4652,883,2024-08-02 12:22:11.000000,THEFT,18399.45,OPEN,True
5604,3493,3863,2026-01-29 00:13:47.000000,FLOOD,19051.98,OPEN,True
5605,3089,1920,2026-04-23 16:25:57.000000,GLASS_DAMAGE,8324.1,OPEN,False
5606,2345,2458,2025-08-02 00:42:09.000000,FLOOD,17310.58,OPEN,False
5607,3406,2385,2025-06-12 19:50:13.000000,THEFT,24360.55,OPEN,True
5608,3639,410,2025-12-20 14:32:10.000000,THEFT,3421.72,CLOSED,False
5609,4646,2703,2025-10-22 21:26:02.000000,VANDALISM,15300.62,OPEN,False
5610,4238,3992,2025-10-16 15:19:25.000000,FLOOD,7985.36,CLOSED,False
5611,3565,1650,2024-12-09 09:44:10.000000,FLOOD,14817.41,IN_REVIEW,False
5612,1934,3632,2026-01-20 15:59:45.000000,FIRE,1363.39,APPROVED,False
5613,45,802,2025-09-19 01:15:21.000000,COLLISION,19278.62,REJECTED,True
5614,2796,2460,2026-02-07 22:51:24.000000,GLASS_DAMAGE,20960.54,IN_REVIEW,True
5615,1598,1576,2024-12-18 22:42:38.000000,VANDALISM,14580.8,IN_REVIEW,False
5616,1171,4035,2025-06-21 08:14:03.000000,COLLISION,16064.08,CLOSED,False
5617,217,1256,2024-10-05 17:44:57.000000,GLASS_DAMAGE,8109.83,OPEN,False
5618,4178,2232,2025-12-01 02:21:38.000000,FLOOD,12978.98,IN_REVIEW,False
5619,4081,1946,2025-11-09 00:41:39.000000,COLLISION,10645.22,REJECTED,False
5620,4761,2589,2025-04-20 02:46:27.000000,THEFT,24615.1,CLOSED,True
5621,4410,3963,2025-01-08 15:49:17.000000,GLASS_DAMAGE,972.21,OPEN,False
5622,4634,3350,2024-11-27 01:34:25.000000,FIRE,12276.7,CLOSED,False
5623,548,3817,2025-04-14 04:41:09.000000,FLOOD,13892.91,REJECTED,False
5624,2137,2087,2025-11-13 16:39:00.000000,THEFT,15054.49,APPROVED,False
5625,905,1517,2024-11-08 22:15:42.000000,GLASS_DAMAGE,15224.55,CLOSED,False
5626,2526,2596,2024-08-28 16:10:46.000000,GLASS_DAMAGE,18390.06,REJECTED,True
5627,3463,10,2024-12-15 16:51:36.000000,FLOOD,7965.13,APPROVED,False
5628,1236,1005,2025-08-02 23:51:44.000000,FLOOD,4270.01,APPROVED,False
5629,678,3464,2026-03-27 06:06:15.000000,GLASS_DAMAGE,14094.82,CLOSED,False
5630,3555,1689,2025-07-10 11:48:34.000000,COLLISION,9767.65,CLOSED,False
5631,1608,1470,2024-07-17 22:40:47.000000,THEFT,9282.46,REJECTED,False
5632,2027,1066,2024-08-04 10:17:33.000000,FLOOD,3959.84,IN_REVIEW,False
5633,3658,3160,2026-05-08 01:59:19.000000,THEFT,10803.22,OPEN,False
5634,2423,2605,2025-12-27 00:52:24.000000,GLASS_DAMAGE,11183.35,IN_REVIEW,False
5635,4073,3854,2025-05-08 13:44:42.000000,FLOOD,9926.24,IN_REVIEW,False
5636,2164,2050,2026-04-02 15:45:26.000000,GLASS_DAMAGE,18991.04,IN_REVIEW,True
5637,1714,583,2025-10-14 21:12:34.000000,VANDALISM,11610.55,CLOSED,False
5638,1771,1111,2025-05-31 16:23:28.000000,FIRE,10484.52,APPROVED,False
5639,1963,1987,2026-03-23 15:40:24.000000,THEFT,2351.64,OPEN,False
5640,4254,143,2025-11-08 10:33:12.000000,VANDALISM,19641.84,REJECTED,True
5641,1683,1935,2025-02-05 09:19:27.000000,COLLISION,11725.57,APPROVED,False
5642,479,3841,2025-10-01 23:10:22.000000,FIRE,4861.32,CLOSED,False
5643,3677,2085,2024-05-20 02:48:03.000000,COLLISION,971.54,REJECTED,False
5644,1187,22,2026-02-15 05:09:27.000000,COLLISION,884.12,CLOSED,False
5645,1745,2595,2024-06-10 15:54:20.000000,THEFT,6081.78,IN_REVIEW,False
5646,4535,1421,2024-11-17 23:19:29.000000,THEFT,21978.79,APPROVED,True
5647,709,3059,2026-01-05 22:11:18.000000,GLASS_DAMAGE,7154.91,CLOSED,False
5648,2637,3398,2026-04-12 05:48:46.000000,VANDALISM,4275.49,CLOSED,False
5649,3410,1647,2026-05-11 10:31:27.000000,FLOOD,22513.67,REJECTED,True
5650,2132,3072,2024-07-17 23:04:43.000000,FLOOD,21837.81,REJECTED,True
5651,3638,449,2025-01-07 12:56:27.000000,FIRE,12654.47,OPEN,False
5652,964,2167,2026-01-12 05:54:05.000000,FLOOD,17768.41,REJECTED,False
5653,1056,1850,2026-05-08 08:23:13.000000,VANDALISM,14310.11,REJECTED,False
5654,3115,3202,2025-01-03 22:35:14.000000,FLOOD,16475.63,APPROVED,False
5655,3625,1312,2025-02-27 03:01:53.000000,FLOOD,17059.02,APPROVED,False
5656,4057,3628,2024-07-01 23:38:31.000000,VANDALISM,11290.31,APPROVED,False
5657,1254,2826,2025-12-10 09:42:32.000000,FLOOD,8376.01,REJECTED,False
5658,2341,3177,2025-08-30 10:57:09.000000,GLASS_DAMAGE,23603.91,APPROVED,True
5659,3324,4,2024-10-11 12:04:37.000000,GLASS_DAMAGE,2830.61,IN_REVIEW,False
5660,4156,3902,2025-06-21 09:43:10.000000,GLASS_DAMAGE,22005.81,CLOSED,True
5661,3638,1159,2025-09-16 20:50:01.000000,FIRE,4752.03,CLOSED,False
5662,2804,716,2024-07-16 04:43:01.000000,VANDALISM,6466.42,REJECTED,False
5663,558,875,2025-08-28 10:36:45.000000,FIRE,12824.57,REJECTED,False
5664,3713,3255,2026-02-16 23:53:19.000000,COLLISION,12641.66,APPROVED,False
5665,1613,2836,2025-07-27 00:09:36.000000,FIRE,22525.75,OPEN,True
5666,3408,986,2024-09-08 21:15:32.000000,VANDALISM,11708.42,APPROVED,False
5667,1938,3395,2024-06-15 08:19:57.000000,FLOOD,17703.32,APPROVED,False
5668,57,928,2025-10-27 08:00:04.000000,COLLISION,10142.56,IN_REVIEW,False
5669,291,351,2025-06-25 21:21:02.000000,FIRE,22752.63,REJECTED,True
5670,2393,3181,2026-03-23 17:45:30.000000,FLOOD,21358.71,CLOSED,True
5671,2987,1446,2025-07-15 12:56:34.000000,VANDALISM,18756.83,CLOSED,True
5672,239,1345,2025-12-28 08:13:55.000000,VANDALISM,20436.32,CLOSED,True
5673,954,970,2024-12-08 15:27:03.000000,FLOOD,3312.97,IN_REVIEW,False
5674,1046,3729,2025-03-18 19:30:13.000000,THEFT,11842.78,REJECTED,False
5675,3189,2038,2025-08-27 04:25:10.000000,FIRE,20803.77,OPEN,True
5676,957,3205,2025-05-21 15:52:19.000000,VANDALISM,20198.35,APPROVED,True
5677,1916,3408,2025-03-18 01:39:14.000000,VANDALISM,920.56,CLOSED,False
5678,647,2795,2024-11-06 08:11:11.000000,GLASS_DAMAGE,1886.8,IN_REVIEW,False
5679,432,324,2025-02-27 05:49:34.000000,FIRE,7730.53,CLOSED,False
5680,4499,1481,2024-05-15 05:59:02.000000,COLLISION,9460.09,IN_REVIEW,False
5681,471,4067,2024-06-04 13:21:21.000000,FIRE,18416.74,IN_REVIEW,True
5682,2759,1509,2024-05-31 12:30:40.000000,VANDALISM,21207.02,APPROVED,True
5683,4175,1662,2026-02-10 06:55:03.000000,THEFT,6846.0,IN_REVIEW,False
5684,431,428,2025-10-08 05:10:56.000000,VANDALISM,257.06,REJECTED,False
5685,1297,3654,2026-03-19 19:00:16.000000,FLOOD,20574.0,OPEN,True
5686,2839,3249,2025-06-28 12:00:58.000000,FIRE,18239.78,APPROVED,True
5687,4527,805,2025-08-09 12:47:05.000000,FIRE,8342.06,REJECTED,False
5688,2142,1931,2025-01-08 05:03:31.000000,GLASS_DAMAGE,13545.21,IN_REVIEW,False
5689,3692,2458,2025-03-03 18:29:48.000000,THEFT,13221.88,CLOSED,False
5690,3646,3881,2026-04-10 22:23:46.000000,COLLISION,15207.82,IN_REVIEW,False
5691,248,3061,2025-04-28 08:36:15.000000,THEFT,15652.0,APPROVED,False
5692,2816,1248,2025-05-07 07:45:02.000000,GLASS_DAMAGE,1875.92,REJECTED,False
5693,2213,687,2026-01-02 02:52:32.000000,GLASS_DAMAGE,12456.74,APPROVED,False
5694,498,2536,2025-12-24 06:17:26.000000,GLASS_DAMAGE,17867.89,OPEN,False
5695,1420,457,2024-12-03 07:02:52.000000,THEFT,9354.74,OPEN,False
5696,1879,313,2025-12-09 06:05:31.000000,VANDALISM,17009.17,APPROVED,False
5697,646,405,2025-07-05 14:09:44.000000,THEFT,5049.69,APPROVED,False
5698,4092,27,2024-10-11 03:49:58.000000,GLASS_DAMAGE,4457.19,OPEN,False
5699,1553,3670,2025-12-31 08:00:02.000000,GLASS_DAMAGE,19961.95,REJECTED,True
5700,1650,1758,2024-09-01 20:38:43.000000,VANDALISM,13639.04,CLOSED,False
5701,4787,3406,2024-05-23 02:27:38.000000,FIRE,9252.16,OPEN,False
5702,1619,2723,2026-04-09 03:44:36.000000,FIRE,22335.73,CLOSED,True
5703,4042,1154,2024-06-17 10:33:32.000000,GLASS_DAMAGE,14801.44,IN_REVIEW,False
5704,3143,1029,2026-01-22 07:47:30.000000,COLLISION,12717.8,CLOSED,False
5705,1850,3563,2026-04-30 08:05:13.000000,COLLISION,7865.49,IN_REVIEW,False
5706,3228,226,2024-07-14 15:04:46.000000,FIRE,5033.23,APPROVED,False
5707,1974,725,2025-04-30 13:57:43.000000,FLOOD,14913.43,CLOSED,False
5708,2461,1293,2025-04-21 07:16:39.000000,VANDALISM,6063.79,APPROVED,False
5709,4298,3415,2025-10-20 06:03:06.000000,FIRE,5634.48,CLOSED,False
5710,3531,1806,2024-10-17 06:14:25.000000,FLOOD,20698.87,OPEN,True
5711,3933,304,2025-03-24 05:37:11.000000,FLOOD,20187.9,IN_REVIEW,True
5712,307,3949,2024-10-16 21:10:21.000000,COLLISION,22796.32,OPEN,True
5713,474,1010,2025-11-25 10:38:11.000000,GLASS_DAMAGE,3921.04,APPROVED,False
5714,2421,3874,2025-08-27 07:31:43.000000,COLLISION,19496.09,CLOSED,True
5715,2106,3706,2025-08-11 15:58:50.000000,THEFT,4925.7,OPEN,False
5716,777,3366,2024-07-13 01:09:02.000000,THEFT,4298.6,OPEN,False
5717,3320,2831,2024-05-31 18:33:09.000000,COLLISION,13780.17,OPEN,False
5718,2355,1198,2026-02-03 12:19:23.000000,FIRE,15788.94,REJECTED,False
5719,130,3524,2024-07-03 07:20:31.000000,VANDALISM,5969.39,CLOSED,False
5720,2089,1006,2025-04-01 11:58:41.000000,FIRE,3060.18,OPEN,False
5721,3518,2268,2025-05-15 12:39:30.000000,FIRE,12110.02,OPEN,False
5722,80,2858,2025-06-25 07:45:16.000000,FLOOD,6949.63,REJECTED,False
5723,3329,1461,2024-07-18 00:29:57.000000,THEFT,20590.14,IN_REVIEW,True
5724,2342,3139,2025-08-17 12:09:29.000000,FIRE,7375.9,CLOSED,False
5725,4459,1051,2025-05-11 00:53:38.000000,FIRE,15543.61,REJECTED,False
5726,2103,1994,2024-06-03 14:06:29.000000,THEFT,14774.97,IN_REVIEW,False
5727,1177,2649,2026-03-14 21:45:23.000000,VANDALISM,22351.7,REJECTED,True
5728,3058,1302,2026-02-16 17:46:01.000000,GLASS_DAMAGE,20019.67,REJECTED,True
5729,4173,1959,2025-12-21 17:43:29.000000,FIRE,17587.43,REJECTED,False
5730,2857,106,2024-08-25 20:49:08.000000,GLASS_DAMAGE,13155.78,CLOSED,False
5731,1508,1127,2025-02-26 12:34:28.000000,VANDALISM,2986.38,IN_REVIEW,False
5732,4315,174,2024-12-10 04:17:52.000000,THEFT,20344.43,APPROVED,True
5733,4463,732,2024-06-10 03:30:52.000000,THEFT,6082.63,REJECTED,False
5734,3171,3941,2025-03-27 03:11:56.000000,GLASS_DAMAGE,2906.7,CLOSED,False
5735,1362,1784,2026-04-25 07:11:39.000000,GLASS_DAMAGE,16670.08,OPEN,False
5736,1348,2427,2024-07-31 02:48:18.000000,FIRE,5708.16,IN_REVIEW,False
5737,2340,2551,2025-04-13 22:16:53.000000,VANDALISM,13785.96,CLOSED,False
5738,4691,702,2024-05-14 23:18:04.000000,VANDALISM,8405.62,IN_REVIEW,False
5739,1598,3805,2024-09-10 17:29:22.000000,COLLISION,16901.84,APPROVED,False
5740,4614,2541,2025-11-27 02:51:55.000000,THEFT,3281.14,REJECTED,False
5741,1162,3018,2025-08-27 18:27:41.000000,FIRE,5421.87,APPROVED,False
5742,1714,1836,2024-11-30 06:14:52.000000,GLASS_DAMAGE,15704.94,IN_REVIEW,False
5743,2967,1134,2024-08-03 14:20:45.000000,FLOOD,11492.95,IN_REVIEW,False
5744,688,2422,2025-06-10 22:53:11.000000,THEFT,22792.33,APPROVED,True
5745,3815,2181,2025-10-25 23:09:52.000000,FLOOD,8451.96,IN_REVIEW,False
5746,1073,2318,2025-02-21 10:32:35.000000,FIRE,12971.52,IN_REVIEW,False
5747,2032,1742,2024-07-20 16:20:06.000000,THEFT,10267.43,APPROVED,False
5748,2780,3485,2024-11-08 20:07:01.000000,COLLISION,19969.56,CLOSED,True
5749,2052,1780,2026-02-06 09:36:28.000000,THEFT,16583.61,CLOSED,False
5750,1809,309,2025-04-09 20:35:51.000000,COLLISION,1118.5,REJECTED,False
5751,2247,486,2025-02-13 15:43:24.000000,GLASS_DAMAGE,5942.99,REJECTED,False
5752,235,570,2025-07-27 01:56:02.000000,GLASS_DAMAGE,22762.53,CLOSED,True
5753,3195,919,2025-01-06 08:56:29.000000,VANDALISM,21468.3,OPEN,True
5754,3128,1195,2024-10-26 17:55:14.000000,COLLISION,275.8,OPEN,False
5755,4356,3617,2025-10-05 08:50:48.000000,VANDALISM,3665.19,OPEN,False
5756,735,2055,2025-11-16 05:25:16.000000,VANDALISM,8855.26,IN_REVIEW,False
5757,1527,3436,2025-01-09 16:56:21.000000,GLASS_DAMAGE,5716.03,OPEN,False
5758,4099,2989,2024-10-25 14:27:03.000000,VANDALISM,6380.56,IN_REVIEW,False
5759,3868,2942,2025-03-11 18:17:29.000000,FIRE,2803.69,IN_REVIEW,False
5760,1126,3046,2024-09-09 13:57:35.000000,THEFT,5606.04,CLOSED,False
5761,843,3785,2024-11-04 16:04:06.000000,VANDALISM,10693.25,CLOSED,False
5762,2968,2426,2025-07-28 20:04:18.000000,COLLISION,12106.14,OPEN,False
5763,594,135,2025-12-04 17:08:20.000000,GLASS_DAMAGE,24886.52,APPROVED,True
5764,3101,2399,2024-07-24 22:44:03.000000,FLOOD,16984.69,APPROVED,False
5765,3069,934,2025-07-08 02:55:04.000000,THEFT,413.21,REJECTED,False
5766,2469,3201,2025-08-27 02:36:29.000000,COLLISION,18061.69,REJECTED,True
5767,4125,2644,2025-12-01 17:53:55.000000,COLLISION,16557.32,IN_REVIEW,False
5768,2103,2801,2025-09-16 03:32:37.000000,FIRE,1050.78,REJECTED,False
5769,4107,657,2025-10-04 16:49:20.000000,THEFT,1941.55,REJECTED,False
5770,496,3314,2026-04-01 20:35:18.000000,THEFT,12131.48,REJECTED,False
5771,3375,926,2025-02-17 16:00:13.000000,VANDALISM,24255.7,CLOSED,True
5772,3365,855,2025-06-24 23:32:20.000000,GLASS_DAMAGE,22524.25,REJECTED,True
5773,3716,648,2024-10-29 12:39:00.000000,FIRE,15916.1,OPEN,False
5774,2657,3543,2026-04-20 05:47:58.000000,THEFT,4145.45,APPROVED,False
5775,1676,2164,2024-09-12 06:56:40.000000,VANDALISM,6394.35,APPROVED,False
5776,153,748,2025-08-30 17:59:41.000000,COLLISION,3701.23,OPEN,False
5777,3660,3737,2026-02-19 19:25:43.000000,THEFT,13162.69,REJECTED,False
5778,2145,2276,2025-05-06 17:51:18.000000,FIRE,22124.76,APPROVED,True
5779,3060,2382,2025-05-29 11:37:00.000000,FIRE,8950.97,IN_REVIEW,False
5780,2942,3047,2025-03-29 20:03:44.000000,THEFT,22731.24,CLOSED,True
5781,1035,1989,2024-08-11 12:01:10.000000,VANDALISM,12611.29,IN_REVIEW,False
5782,4608,1346,2024-06-14 08:44:10.000000,THEFT,23776.8,REJECTED,True
5783,3413,228,2025-06-18 12:23:46.000000,GLASS_DAMAGE,6516.88,IN_REVIEW,False
5784,2841,3791,2024-08-24 07:49:51.000000,VANDALISM,4536.1,CLOSED,False
5785,2740,3062,2025-12-11 21:15:48.000000,FIRE,11422.87,OPEN,False
5786,3441,2415,2024-08-23 17:47:19.000000,FIRE,24554.02,CLOSED,True
5787,3560,1117,2024-12-25 11:46:42.000000,GLASS_DAMAGE,15380.17,IN_REVIEW,False
5788,1503,3797,2025-10-04 00:13:38.000000,FLOOD,3638.66,APPROVED,False
5789,599,3950,2026-03-04 19:02:10.000000,COLLISION,4446.57,APPROVED,False
5790,2324,4157,2025-11-01 04:34:12.000000,FLOOD,20172.14,REJECTED,True
5791,4141,3774,2024-12-11 20:45:14.000000,FIRE,10629.55,APPROVED,False
5792,614,950,2025-10-30 23:10:18.000000,FIRE,1521.92,OPEN,False
5793,2712,1641,2026-01-01 22:31:40.000000,THEFT,10527.18,IN_REVIEW,False
5794,3511,2880,2025-01-25 18:28:17.000000,FLOOD,23119.27,APPROVED,True
5795,652,913,2024-11-02 13:22:16.000000,GLASS_DAMAGE,15010.64,IN_REVIEW,False
5796,3669,2754,2024-07-16 01:20:35.000000,GLASS_DAMAGE,20435.15,CLOSED,True
5797,2701,306,2025-06-06 23:09:47.000000,FIRE,10312.37,CLOSED,False
5798,1409,1991,2025-09-30 10:43:19.000000,THEFT,23116.59,CLOSED,True
5799,2904,2486,2024-09-22 04:40:11.000000,THEFT,24150.76,IN_REVIEW,True
5800,3692,407,2024-08-04 02:40:17.000000,FIRE,11621.37,IN_REVIEW,False
5801,260,927,2024-09-21 06:21:12.000000,GLASS_DAMAGE,18598.66,OPEN,True
5802,1922,2905,2026-02-04 22:06:08.000000,THEFT,13010.03,OPEN,False
5803,948,1488,2026-04-11 18:55:50.000000,FIRE,3125.12,IN_REVIEW,False
5804,3579,2548,2024-05-16 03:10:54.000000,GLASS_DAMAGE,22763.52,APPROVED,True
5805,3391,2208,2025-12-16 22:33:58.000000,GLASS_DAMAGE,20239.25,CLOSED,True
5806,2801,978,2025-11-02 01:35:02.000000,GLASS_DAMAGE,12694.46,IN_REVIEW,False
5807,1626,1017,2024-11-22 17:02:03.000000,VANDALISM,5258.73,APPROVED,False
5808,4294,2711,2024-09-10 00:39:53.000000,VANDALISM,14717.18,OPEN,False
5809,948,3856,2025-12-15 22:28:04.000000,GLASS_DAMAGE,7496.04,APPROVED,False
5810,1328,2380,2024-11-23 12:43:42.000000,VANDALISM,24832.04,IN_REVIEW,True
5811,959,3567,2026-04-28 12:35:02.000000,VANDALISM,12690.14,REJECTED,False
5812,3079,1484,2025-02-01 14:58:03.000000,FIRE,24616.52,OPEN,True
5813,3363,2131,2025-07-22 16:30:45.000000,VANDALISM,14080.22,APPROVED,False
5814,831,3898,2025-11-30 17:14:43.000000,GLASS_DAMAGE,20728.19,OPEN,True
5815,2144,3654,2026-03-24 08:23:27.000000,FIRE,3253.27,REJECTED,False
5816,1516,3079,2025-03-09 05:51:41.000000,FLOOD,456.68,REJECTED,False
5817,103,3280,2024-12-29 18:24:51.000000,THEFT,24048.69,REJECTED,True
5818,1218,3797,2024-07-24 11:26:17.000000,COLLISION,8347.19,APPROVED,False
5819,1637,3992,2025-04-24 07:09:58.000000,COLLISION,17621.48,APPROVED,False
5820,3277,3357,2025-10-30 02:03:05.000000,VANDALISM,13769.85,IN_REVIEW,False
5821,2798,3020,2025-10-24 07:13:03.000000,FLOOD,20564.26,CLOSED,True
5822,4028,374,2025-01-09 19:11:13.000000,FLOOD,2487.53,CLOSED,False
5823,1157,332,2024-05-18 04:03:22.000000,VANDALISM,9747.92,OPEN,False
5824,3866,1840,2025-08-21 05:39:18.000000,FIRE,1359.63,CLOSED,False
5825,3926,2086,2024-08-29 04:17:39.000000,THEFT,4447.56,APPROVED,False
5826,4510,2665,2026-01-23 09:29:50.000000,FLOOD,24095.37,APPROVED,True
5827,3291,2662,2025-04-06 22:34:58.000000,VANDALISM,15432.75,REJECTED,False
5828,4235,1812,2025-07-12 02:23:32.000000,GLASS_DAMAGE,18166.54,OPEN,True
5829,1510,1112,2025-03-29 01:20:38.000000,THEFT,4151.83,OPEN,False
5830,3211,3866,2025-06-08 03:58:25.000000,VANDALISM,9911.0,IN_REVIEW,False
5831,1419,2705,2025-11-30 15:28:05.000000,GLASS_DAMAGE,18897.96,OPEN,True
5832,428,1013,2025-09-10 09:30:36.000000,THEFT,23655.68,APPROVED,True
5833,1918,209,2025-01-19 18:14:35.000000,VANDALISM,19654.65,APPROVED,True
5834,4013,757,2025-05-07 03:32:04.000000,FLOOD,23675.92,OPEN,True
5835,2971,2362,2025-11-09 19:19:14.000000,GLASS_DAMAGE,11053.23,APPROVED,False
5836,1454,2857,2025-04-27 01:15:32.000000,FIRE,212.44,IN_REVIEW,False
5837,241,3128,2024-11-05 21:29:05.000000,THEFT,15888.46,OPEN,False
5838,3176,854,2024-12-19 08:56:00.000000,FLOOD,24453.47,CLOSED,True
5839,1078,2055,2026-02-27 13:45:46.000000,VANDALISM,5700.99,CLOSED,False
5840,2040,1195,2025-09-19 10:45:48.000000,COLLISION,5072.94,IN_REVIEW,False
5841,4158,2713,2024-10-06 15:48:23.000000,FLOOD,16901.66,IN_REVIEW,False
5842,3782,1244,2025-01-18 20:56:43.000000,GLASS_DAMAGE,11606.14,OPEN,False
5843,2083,2599,2025-10-14 15:30:46.000000,GLASS_DAMAGE,1456.95,OPEN,False
5844,4056,3172,2024-05-30 05:01:32.000000,FLOOD,3001.4,APPROVED,False
5845,2050,3382,2025-08-08 22:31:18.000000,COLLISION,16660.16,REJECTED,False
5846,2757,3307,2024-11-24 05:18:08.000000,FLOOD,5635.65,IN_REVIEW,False
5847,4029,882,2025-06-03 03:38:29.000000,GLASS_DAMAGE,17877.82,OPEN,False
5848,1351,816,2025-04-26 17:10:04.000000,FIRE,10221.0,APPROVED,False
5849,4356,2249,2024-07-15 19:46:44.000000,THEFT,16212.23,APPROVED,False
5850,4060,1906,2024-08-01 21:14:17.000000,FLOOD,14501.91,CLOSED,False
5851,3,2847,2025-04-07 10:52:07.000000,FIRE,7989.6,REJECTED,False
5852,2202,1751,2026-05-05 11:36:45.000000,VANDALISM,6991.54,CLOSED,False
5853,1149,850,2025-03-20 01:18:27.000000,FIRE,9798.37,IN_REVIEW,False
5854,4230,2337,2025-07-21 09:38:22.000000,GLASS_DAMAGE,2958.62,OPEN,False
5855,4151,2414,2025-12-29 13:31:03.000000,COLLISION,16099.74,IN_REVIEW,False
5856,2943,3056,2024-06-12 19:40:13.000000,VANDALISM,3783.87,REJECTED,False
5857,1610,3307,2024-10-10 18:59:02.000000,VANDALISM,21487.04,APPROVED,True
5858,3426,1976,2025-12-02 05:55:54.000000,THEFT,23538.49,REJECTED,True
5859,3223,3116,2025-03-04 14:27:47.000000,FIRE,10305.73,APPROVED,False
5860,1338,2009,2025-09-03 02:55:51.000000,FIRE,6282.42,APPROVED,False
5861,987,3965,2025-05-09 04:22:38.000000,VANDALISM,16529.57,CLOSED,False
5862,1572,726,2025-04-14 23:01:53.000000,COLLISION,7709.64,APPROVED,False
5863,948,576,2025-12-29 07:39:20.000000,FLOOD,17546.15,APPROVED,False
5864,382,1838,2025-04-26 23:40:59.000000,THEFT,1635.85,OPEN,False
5865,663,3218,2026-02-06 06:35:13.000000,FIRE,19254.34,CLOSED,True
5866,614,2833,2025-03-04 16:31:29.000000,FIRE,8397.82,REJECTED,False
5867,375,2577,2024-10-05 05:16:26.000000,GLASS_DAMAGE,17070.46,IN_REVIEW,False
5868,3612,1935,2025-08-22 17:53:20.000000,FIRE,11564.05,REJECTED,False
5869,1291,3286,2024-08-24 12:22:26.000000,COLLISION,18822.77,APPROVED,True
5870,670,2024,2024-08-24 09:48:35.000000,FIRE,1973.46,OPEN,False
5871,2873,2202,2026-05-03 07:08:14.000000,VANDALISM,4329.11,APPROVED,False
5872,1713,2539,2026-04-24 16:08:25.000000,GLASS_DAMAGE,18584.14,CLOSED,True
5873,1201,3582,2026-01-28 04:50:22.000000,FLOOD,15906.01,IN_REVIEW,False
5874,3252,2934,2025-12-02 18:44:17.000000,VANDALISM,16715.32,IN_REVIEW,False
5875,711,4020,2025-06-28 12:34:20.000000,FIRE,20731.53,CLOSED,True
5876,973,2609,2025-10-06 11:09:54.000000,THEFT,9315.75,REJECTED,False
5877,2563,3344,2026-05-12 02:10:29.000000,GLASS_DAMAGE,9161.36,IN_REVIEW,False
5878,4620,1964,2025-12-10 15:41:52.000000,COLLISION,16895.99,OPEN,False
5879,1635,713,2026-01-13 02:53:20.000000,GLASS_DAMAGE,12720.7,CLOSED,False
5880,1030,2894,2024-11-27 04:36:52.000000,FIRE,9606.16,CLOSED,False
5881,492,496,2025-04-27 23:28:07.000000,VANDALISM,14328.17,REJECTED,False
5882,1638,2023,2025-06-14 12:14:17.000000,COLLISION,12042.75,CLOSED,False
5883,3621,1962,2024-06-17 07:04:08.000000,VANDALISM,21042.74,APPROVED,True
5884,3049,3281,2025-01-06 07:48:03.000000,VANDALISM,3951.5,CLOSED,False
5885,556,2971,2024-07-11 01:46:22.000000,VANDALISM,18333.79,CLOSED,True
5886,2953,504,2025-05-26 05:40:31.000000,VANDALISM,13447.29,IN_REVIEW,False
5887,1751,1533,2026-02-27 19:28:11.000000,FIRE,15590.25,REJECTED,False
5888,4587,1771,2024-06-17 20:46:20.000000,FLOOD,19229.08,OPEN,True
5889,560,2084,2025-09-09 14:41:17.000000,VANDALISM,3213.4,CLOSED,False
5890,3349,1483,2024-11-16 19:17:42.000000,COLLISION,19017.32,CLOSED,True
5891,4702,2668,2025-10-31 00:09:10.000000,FLOOD,6773.66,APPROVED,False
5892,3547,1216,2026-01-02 08:53:21.000000,FLOOD,24625.05,CLOSED,True
5893,2394,1005,2026-03-14 23:44:00.000000,THEFT,425.31,CLOSED,False
5894,2294,2054,2024-05-12 03:57:31.000000,THEFT,6722.83,APPROVED,False
5895,3011,1205,2025-10-01 01:34:51.000000,FIRE,17376.51,REJECTED,False
5896,1384,2316,2025-06-21 08:36:38.000000,VANDALISM,13965.7,IN_REVIEW,False
5897,4434,2554,2026-01-17 23:25:35.000000,GLASS_DAMAGE,3453.15,IN_REVIEW,False
5898,441,4062,2025-07-09 18:54:37.000000,FLOOD,7403.62,REJECTED,False
5899,1564,839,2024-07-23 17:57:57.000000,FIRE,14653.51,IN_REVIEW,False
5900,3592,4034,2024-09-19 00:58:49.000000,FIRE,427.47,IN_REVIEW,False
5901,2291,2595,2024-05-15 02:19:08.000000,FLOOD,21600.78,IN_REVIEW,True
5902,3871,261,2026-04-18 08:25:12.000000,FIRE,2390.64,OPEN,False
5903,3830,814,2024-08-07 02:03:06.000000,GLASS_DAMAGE,6310.24,IN_REVIEW,False
5904,3026,2313,2025-01-15 07:27:45.000000,VANDALISM,937.07,REJECTED,False
5905,2800,1370,2025-01-30 22:04:34.000000,THEFT,14525.95,IN_REVIEW,False
5906,1885,4068,2024-09-04 04:18:57.000000,FIRE,4920.77,APPROVED,False
5907,3759,3383,2024-12-11 23:37:12.000000,THEFT,3842.24,IN_REVIEW,False
5908,4118,1542,2025-04-23 11:06:43.000000,VANDALISM,22488.72,IN_REVIEW,True
5909,216,394,2024-10-03 11:57:10.000000,THEFT,455.36,IN_REVIEW,False
5910,299,1431,2026-01-25 14:01:32.000000,THEFT,12014.32,IN_REVIEW,False
5911,2983,760,2024-11-30 11:52:28.000000,FIRE,8983.63,CLOSED,False
5912,3792,2138,2026-05-11 17:17:24.000000,FLOOD,13365.77,APPROVED,False
5913,4002,1645,2025-06-05 23:50:31.000000,COLLISION,24218.07,CLOSED,True
5914,2870,1505,2025-08-12 05:06:50.000000,VANDALISM,17439.04,REJECTED,False
5915,4405,2761,2025-07-29 19:28:37.000000,COLLISION,19633.66,APPROVED,True
5916,990,1334,2025-07-15 19:03:32.000000,VANDALISM,6403.17,APPROVED,False
5917,596,2846,2025-05-31 18:25:42.000000,VANDALISM,14083.4,CLOSED,False
5918,431,1029,2024-09-01 22:43:11.000000,THEFT,2658.92,APPROVED,False
5919,581,3051,2024-09-12 17:36:44.000000,VANDALISM,4024.53,APPROVED,False
5920,2664,3264,2024-10-26 04:33:46.000000,FLOOD,13580.46,APPROVED,False
5921,3298,2067,2024-08-27 06:36:10.000000,GLASS_DAMAGE,21845.47,IN_REVIEW,True
5922,3104,1720,2024-06-20 14:43:48.000000,THEFT,11262.57,APPROVED,False
5923,682,1144,2025-07-14 19:20:49.000000,FIRE,4674.28,OPEN,False
5924,665,2297,2025-06-18 04:37:25.000000,FIRE,11788.38,CLOSED,False
5925,2349,3851,2024-12-09 04:29:31.000000,COLLISION,9818.33,REJECTED,False
5926,3629,2974,2024-07-02 05:11:17.000000,FIRE,21630.11,REJECTED,True
5927,61,3361,2026-04-21 01:20:04.000000,GLASS_DAMAGE,15008.13,OPEN,False
5928,2653,2550,2026-04-06 10:12:45.000000,VANDALISM,24408.96,REJECTED,True
5929,2330,1733,2025-09-08 06:47:58.000000,GLASS_DAMAGE,19948.22,REJECTED,True
5930,2198,3156,2024-09-01 05:15:56.000000,VANDALISM,21022.54,APPROVED,True
5931,4223,3613,2024-10-14 17:28:40.000000,FIRE,23998.14,OPEN,True
5932,2508,553,2025-12-29 12:57:34.000000,THEFT,1628.87,REJECTED,False
5933,1734,4068,2025-01-08 04:35:11.000000,COLLISION,11440.7,IN_REVIEW,False
5934,3220,3853,2025-05-18 05:30:41.000000,GLASS_DAMAGE,11804.87,OPEN,False
5935,2948,711,2024-09-13 01:33:17.000000,GLASS_DAMAGE,3603.17,APPROVED,False
5936,2012,4075,2025-05-30 13:21:48.000000,FLOOD,15326.35,CLOSED,False
5937,3191,688,2024-07-19 01:25:42.000000,THEFT,8639.76,OPEN,False
5938,1633,399,2025-05-31 10:34:43.000000,FLOOD,16243.84,CLOSED,False
5939,1255,741,2024-10-22 17:07:54.000000,FLOOD,16524.1,IN_REVIEW,False
5940,1234,3203,2026-03-07 14:23:57.000000,COLLISION,19630.17,CLOSED,True
5941,1173,1648,2025-12-26 18:07:46.000000,THEFT,15457.19,APPROVED,False
5942,2511,1499,2025-02-03 21:28:32.000000,THEFT,4593.38,REJECTED,False
5943,4422,2201,2025-04-05 10:49:57.000000,VANDALISM,7064.88,OPEN,False
5944,4274,3165,2025-10-08 15:04:46.000000,VANDALISM,2775.53,IN_REVIEW,False
5945,2364,1233,2026-01-23 07:26:40.000000,THEFT,7322.23,CLOSED,False
5946,4305,2634,2026-01-10 17:03:19.000000,VANDALISM,22709.14,CLOSED,True
5947,3984,2109,2025-05-19 21:43:09.000000,VANDALISM,4866.21,OPEN,False
5948,4775,138,2025-07-25 07:32:44.000000,FIRE,24095.84,REJECTED,True
5949,426,1158,2024-06-13 09:40:11.000000,COLLISION,13141.49,CLOSED,False
5950,1656,839,2025-11-02 19:09:10.000000,THEFT,9011.14,APPROVED,False
5951,2218,837,2025-06-22 18:57:19.000000,VANDALISM,1926.76,CLOSED,False
5952,1840,2156,2026-03-04 08:08:51.000000,GLASS_DAMAGE,13572.9,APPROVED,False
5953,2815,3308,2025-02-21 08:58:31.000000,GLASS_DAMAGE,18754.9,CLOSED,True
5954,2325,1595,2025-02-04 10:47:36.000000,GLASS_DAMAGE,2282.83,CLOSED,False
5955,1825,252,2024-07-04 19:53:52.000000,FIRE,12558.13,APPROVED,False
5956,4518,2605,2024-10-22 07:51:05.000000,THEFT,16179.02,IN_REVIEW,False
5957,3014,2795,2024-06-07 03:10:18.000000,FIRE,17370.83,CLOSED,False
5958,2053,1963,2025-12-06 07:02:04.000000,FLOOD,21298.22,IN_REVIEW,True
5959,3594,3439,2025-08-18 10:42:13.000000,THEFT,2421.9,OPEN,False
5960,33,565,2025-06-20 04:23:11.000000,GLASS_DAMAGE,1790.37,OPEN,False
5961,2711,3964,2024-08-19 23:40:58.000000,COLLISION,7272.06,CLOSED,False
5962,4799,215,2025-10-19 15:48:38.000000,COLLISION,5847.29,IN_REVIEW,False
5963,967,9,2024-10-04 11:57:55.000000,FLOOD,16219.18,APPROVED,False
5964,3224,1586,2024-09-15 03:51:29.000000,FLOOD,3722.51,OPEN,False
5965,1930,326,2025-10-01 21:18:07.000000,GLASS_DAMAGE,619.54,IN_REVIEW,False
5966,3178,4056,2025-02-07 04:57:17.000000,GLASS_DAMAGE,18371.19,REJECTED,True
5967,3558,716,2024-10-30 13:18:56.000000,FLOOD,15132.85,CLOSED,False
5968,71,2101,2026-02-09 05:34:18.000000,THEFT,10094.39,OPEN,False
5969,3424,330,2026-01-26 06:52:37.000000,VANDALISM,4939.74,CLOSED,False
5970,4202,105,2025-07-13 23:48:58.000000,FLOOD,3443.67,OPEN,False
5971,4552,3894,2025-09-16 14:15:51.000000,GLASS_DAMAGE,2363.72,OPEN,False
5972,2346,2161,2026-01-01 05:54:41.000000,FLOOD,1400.25,REJECTED,False
5973,378,3263,2024-06-20 03:54:55.000000,FLOOD,13525.22,APPROVED,False
5974,1590,2697,2025-08-13 22:04:10.000000,VANDALISM,15517.49,APPROVED,False
5975,3763,3646,2025-06-18 23:51:07.000000,COLLISION,3270.65,REJECTED,False
5976,2827,471,2025-02-14 06:19:24.000000,VANDALISM,12402.27,OPEN,False
5977,4026,509,2025-08-15 19:21:28.000000,THEFT,18653.13,OPEN,True
5978,832,2397,2024-05-14 02:38:08.000000,COLLISION,18960.48,CLOSED,True
5979,3773,1092,2024-06-20 21:51:25.000000,THEFT,4530.54,CLOSED,False
5980,3949,2157,2026-02-17 13:36:10.000000,THEFT,13584.42,CLOSED,False
5981,1760,1809,2025-05-24 02:16:23.000000,FLOOD,22195.48,OPEN,True
5982,2509,2038,2025-11-26 12:42:10.000000,COLLISION,12322.96,APPROVED,False
5983,3025,1231,2025-05-31 04:40:29.000000,VANDALISM,3582.46,OPEN,False
5984,658,533,2026-04-15 17:43:06.000000,VANDALISM,12362.72,REJECTED,False
5985,1264,2849,2024-12-11 07:59:55.000000,COLLISION,5860.27,IN_REVIEW,False
5986,599,2671,2025-07-14 16:07:30.000000,FLOOD,19745.35,IN_REVIEW,True
5987,1481,2636,2024-12-27 19:12:36.000000,FIRE,15160.21,OPEN,False
5988,656,2838,2025-03-13 12:47:19.000000,VANDALISM,4002.91,CLOSED,False
5989,3435,4120,2026-04-02 06:42:55.000000,FLOOD,14219.42,REJECTED,False
5990,2034,849,2024-08-03 07:59:40.000000,FLOOD,4983.94,APPROVED,False
5991,942,3645,2025-04-28 15:17:07.000000,FLOOD,5712.81,IN_REVIEW,False
5992,3437,4086,2025-07-15 11:36:54.000000,COLLISION,13546.1,IN_REVIEW,False
5993,2084,790,2025-04-07 23:26:20.000000,FIRE,13497.25,OPEN,False
5994,1913,2707,2024-12-26 18:25:36.000000,VANDALISM,24344.11,CLOSED,True
5995,2475,1916,2024-12-03 05:56:51.000000,THEFT,10292.03,IN_REVIEW,False
5996,141,658,2025-06-08 21:49:34.000000,COLLISION,3122.64,CLOSED,False
5997,4288,2919,2025-02-02 08:25:23.000000,COLLISION,2223.97,REJECTED,False
5998,28,1978,2025-12-16 01:14:43.000000,COLLISION,10360.34,OPEN,False
5999,2016,300,2025-10-14 20:35:11.000000,FLOOD,11981.8,REJECTED,False
6000,3494,1846,2026-03-22 04:46:42.000000,GLASS_DAMAGE,4155.6,APPROVED,False
6001,4340,3288,2025-10-21 12:33:55.000000,VANDALISM,14048.62,APPROVED,False
6002,462,138,2024-07-18 03:17:48.000000,FIRE,4271.97,IN_REVIEW,False
6003,108,3666,2024-05-27 16:05:18.000000,THEFT,13407.86,REJECTED,False
6004,901,1808,2025-01-11 06:06:17.000000,FLOOD,24662.46,REJECTED,True
6005,3338,3613,2024-12-12 14:53:40.000000,COLLISION,2701.53,REJECTED,False
6006,2173,1347,2024-07-06 03:45:19.000000,FIRE,24637.31,IN_REVIEW,True
6007,4749,1367,2026-01-09 14:13:27.000000,FIRE,6618.82,REJECTED,False
6008,4633,1018,2026-01-26 02:18:04.000000,FIRE,20302.58,APPROVED,True
6009,449,3873,2025-06-20 16:06:28.000000,GLASS_DAMAGE,9117.99,APPROVED,False
6010,4041,2749,2025-05-31 21:32:22.000000,THEFT,15322.89,CLOSED,False
6011,617,375,2025-02-19 13:24:55.000000,GLASS_DAMAGE,3162.95,IN_REVIEW,False
6012,3182,958,2025-02-03 23:58:54.000000,GLASS_DAMAGE,17572.32,IN_REVIEW,False
6013,3770,348,2024-09-02 07:36:50.000000,THEFT,15030.15,IN_REVIEW,False
6014,417,3679,2024-08-06 20:17:50.000000,FLOOD,18136.9,IN_REVIEW,True
6015,2264,1611,2026-02-11 04:26:01.000000,VANDALISM,971.82,OPEN,False
6016,2804,2575,2026-01-11 19:21:46.000000,FLOOD,9730.55,OPEN,False
6017,4432,2155,2024-10-08 04:02:07.000000,GLASS_DAMAGE,1428.08,APPROVED,False
6018,444,3920,2026-04-15 08:04:21.000000,GLASS_DAMAGE,4637.92,IN_REVIEW,False
6019,3190,262,2024-05-25 18:39:26.000000,COLLISION,10928.26,IN_REVIEW,False
6020,493,3038,2025-01-15 09:34:24.000000,THEFT,24674.83,REJECTED,True
6021,2824,506,2025-06-10 12:50:34.000000,GLASS_DAMAGE,17823.94,APPROVED,False
6022,935,3279,2025-10-27 00:03:50.000000,COLLISION,21800.12,REJECTED,True
6023,1466,1073,2025-09-09 10:23:22.000000,GLASS_DAMAGE,21950.75,CLOSED,True
6024,465,964,2024-12-10 17:55:38.000000,FLOOD,9269.59,CLOSED,False
6025,3841,1430,2025-04-09 04:18:57.000000,GLASS_DAMAGE,21121.36,CLOSED,True
6026,1001,2830,2025-10-10 22:17:19.000000,GLASS_DAMAGE,20383.38,CLOSED,True
6027,4434,3475,2024-10-21 01:22:06.000000,COLLISION,21782.23,CLOSED,True
6028,4113,1670,2025-12-26 20:56:43.000000,GLASS_DAMAGE,2362.78,CLOSED,False
6029,2971,287,2026-03-06 05:23:31.000000,COLLISION,9703.06,CLOSED,False
6030,3975,1446,2024-08-10 11:18:45.000000,FLOOD,20596.82,CLOSED,True
6031,2263,506,2026-04-06 20:12:09.000000,GLASS_DAMAGE,10944.6,IN_REVIEW,False
6032,268,3820,2025-09-04 06:36:48.000000,THEFT,2255.73,IN_REVIEW,False
6033,3472,1692,2024-12-04 10:25:51.000000,THEFT,22428.16,IN_REVIEW,True
6034,4249,3473,2025-07-30 04:26:48.000000,COLLISION,8388.16,OPEN,False
6035,1647,473,2024-07-26 16:20:26.000000,FIRE,21401.39,IN_REVIEW,True
6036,598,2778,2025-12-30 03:32:22.000000,FIRE,23222.32,IN_REVIEW,True
6037,2898,3675,2025-11-29 21:46:09.000000,FLOOD,9524.5,APPROVED,False
6038,2415,2583,2025-11-08 08:21:24.000000,GLASS_DAMAGE,2334.8,IN_REVIEW,False
6039,1827,3780,2026-04-15 09:10:48.000000,FLOOD,7021.29,REJECTED,False
6040,3938,897,2025-09-03 08:03:26.000000,GLASS_DAMAGE,15546.34,REJECTED,False
6041,1679,3640,2025-11-28 06:28:23.000000,COLLISION,21688.44,OPEN,True
6042,609,2363,2025-06-30 08:16:02.000000,VANDALISM,22332.12,OPEN,True
6043,3346,3117,2025-07-22 10:01:44.000000,VANDALISM,14240.8,IN_REVIEW,False
6044,4701,1804,2025-05-25 08:43:20.000000,VANDALISM,20987.08,OPEN,True
6045,453,2924,2024-09-02 00:28:01.000000,COLLISION,24002.12,CLOSED,True
6046,1482,2610,2025-12-19 18:01:27.000000,VANDALISM,1915.43,REJECTED,False
6047,960,1291,2025-12-31 04:55:26.000000,THEFT,12920.97,IN_REVIEW,False
6048,1172,3243,2025-12-14 06:44:07.000000,COLLISION,13347.43,APPROVED,False
6049,4685,3694,2025-09-19 09:13:33.000000,FIRE,13901.27,APPROVED,False
6050,2219,806,2026-01-23 01:39:52.000000,FLOOD,21808.92,CLOSED,True
6051,4498,4184,2024-10-15 11:22:09.000000,GLASS_DAMAGE,12957.33,IN_REVIEW,False
6052,3376,222,2025-08-02 13:34:43.000000,COLLISION,23988.16,OPEN,True
6053,2812,3871,2025-04-07 21:42:13.000000,FLOOD,17853.71,REJECTED,False
6054,3344,3102,2025-11-12 21:56:23.000000,FIRE,17043.89,OPEN,False
6055,4040,2967,2024-08-07 04:59:03.000000,COLLISION,11038.51,APPROVED,False
6056,1239,2545,2026-01-05 11:53:51.000000,COLLISION,7964.83,REJECTED,False
6057,1961,2377,2025-07-20 03:47:39.000000,FLOOD,20906.99,IN_REVIEW,True
6058,692,993,2026-02-08 09:28:56.000000,VANDALISM,18838.38,REJECTED,True
6059,2902,1119,2024-05-16 19:56:34.000000,VANDALISM,3016.4,IN_REVIEW,False
6060,3636,3116,2025-12-07 16:33:41.000000,VANDALISM,2047.16,APPROVED,False
6061,1446,1970,2024-10-04 07:27:34.000000,FIRE,16216.47,CLOSED,False
6062,3448,2104,2025-08-04 14:40:23.000000,GLASS_DAMAGE,16218.78,CLOSED,False
6063,3444,3973,2025-02-23 15:07:17.000000,THEFT,20817.03,CLOSED,True
6064,1906,3474,2025-06-04 21:47:19.000000,VANDALISM,24944.89,OPEN,True
6065,699,2717,2026-02-02 05:21:08.000000,THEFT,12762.64,OPEN,False
6066,4369,2832,2024-07-09 18:04:18.000000,THEFT,14275.6,CLOSED,False
6067,3488,2994,2025-06-22 15:37:25.000000,FIRE,582.34,IN_REVIEW,False
6068,465,3862,2025-04-22 01:13:24.000000,FLOOD,13593.85,IN_REVIEW,False
6069,2866,458,2025-11-07 03:13:04.000000,COLLISION,16831.59,APPROVED,False
6070,2383,299,2025-06-01 13:49:16.000000,THEFT,3199.18,OPEN,False
6071,3443,2124,2026-04-10 09:30:53.000000,VANDALISM,12270.76,IN_REVIEW,False
6072,3955,869,2024-10-21 13:45:56.000000,COLLISION,8431.08,IN_REVIEW,False
6073,552,2907,2024-10-29 05:30:40.000000,FLOOD,6426.0,REJECTED,False
6074,2386,185,2024-11-01 23:39:39.000000,FIRE,6360.22,APPROVED,False
6075,748,1693,2024-11-01 12:33:55.000000,COLLISION,10208.45,REJECTED,False
6076,3679,480,2025-10-16 21:12:09.000000,COLLISION,14753.92,OPEN,False
6077,812,3730,2024-07-08 22:23:44.000000,FLOOD,5589.37,REJECTED,False
6078,1079,1043,2026-02-08 12:19:26.000000,VANDALISM,4861.97,REJECTED,False
6079,1284,1378,2026-04-20 14:01:57.000000,VANDALISM,20055.05,IN_REVIEW,True
6080,4641,1835,2024-06-07 21:44:49.000000,FIRE,10881.06,IN_REVIEW,False
6081,4749,3336,2025-05-25 15:34:34.000000,COLLISION,16778.01,OPEN,False
6082,1103,2426,2025-12-17 15:02:54.000000,FIRE,1418.99,IN_REVIEW,False
6083,1675,3952,2025-03-14 00:48:01.000000,FLOOD,12953.79,APPROVED,False
6084,4449,702,2026-03-11 00:15:46.000000,FIRE,4419.17,APPROVED,False
6085,607,843,2024-07-01 08:15:33.000000,THEFT,11673.39,OPEN,False
6086,4784,1743,2024-11-10 18:05:11.000000,VANDALISM,4717.71,APPROVED,False
6087,2053,3803,2024-07-21 15:56:22.000000,THEFT,9851.54,REJECTED,False
6088,2862,1828,2024-11-07 13:04:51.000000,FIRE,13355.65,OPEN,False
6089,1136,752,2025-10-19 14:11:29.000000,COLLISION,8686.89,REJECTED,False
6090,2646,236,2025-01-01 23:09:30.000000,THEFT,21721.62,CLOSED,True
6091,2238,268,2025-06-21 17:49:15.000000,COLLISION,7437.18,OPEN,False
6092,2930,2634,2024-08-10 04:40:18.000000,FLOOD,17486.21,IN_REVIEW,False
6093,4325,63,2025-10-16 01:33:00.000000,FIRE,20567.37,IN_REVIEW,True
6094,4376,234,2025-04-28 18:40:50.000000,THEFT,2521.89,IN_REVIEW,False
6095,4704,4027,2026-03-09 10:42:07.000000,VANDALISM,24892.04,CLOSED,True
6096,2552,1024,2025-04-03 22:59:50.000000,COLLISION,12564.83,REJECTED,False
6097,2745,3664,2025-02-24 04:45:17.000000,VANDALISM,21956.16,CLOSED,True
6098,4585,1594,2025-02-02 06:09:53.000000,COLLISION,12596.14,REJECTED,False
6099,2852,1237,2026-01-06 11:19:37.000000,COLLISION,23002.16,OPEN,True
6100,3984,2191,2025-12-04 19:32:07.000000,FIRE,7204.9,OPEN,False
6101,3412,1117,2024-11-19 10:19:57.000000,GLASS_DAMAGE,14019.64,APPROVED,False
6102,4258,1489,2025-08-04 19:10:35.000000,VANDALISM,13016.04,APPROVED,False
6103,1024,3729,2025-10-12 06:32:18.000000,GLASS_DAMAGE,3511.77,IN_REVIEW,False
6104,1244,2120,2024-09-04 09:24:13.000000,FLOOD,5889.58,IN_REVIEW,False
6105,2465,557,2025-09-24 10:49:19.000000,COLLISION,22690.06,OPEN,True
6106,745,3023,2024-07-26 19:08:05.000000,COLLISION,24540.93,IN_REVIEW,True
6107,1474,1871,2024-10-26 13:04:20.000000,FLOOD,24946.02,IN_REVIEW,True
6108,305,689,2025-11-11 01:53:52.000000,COLLISION,5590.06,IN_REVIEW,False
6109,132,1397,2025-04-22 21:52:51.000000,THEFT,14996.66,APPROVED,False
6110,2986,2390,2024-05-18 18:32:01.000000,COLLISION,6950.86,OPEN,False
6111,2849,2445,2026-03-25 16:47:37.000000,COLLISION,23655.55,IN_REVIEW,True
6112,4462,3801,2024-11-13 09:17:33.000000,GLASS_DAMAGE,10620.56,IN_REVIEW,False
6113,3272,2416,2025-06-04 13:15:12.000000,COLLISION,21678.38,CLOSED,True
6114,4137,154,2025-08-20 12:32:55.000000,FLOOD,5477.87,OPEN,False
6115,2913,571,2026-03-16 21:59:42.000000,FIRE,15133.9,APPROVED,False
6116,3537,536,2025-04-07 17:45:53.000000,FLOOD,23286.55,OPEN,True
6117,838,1178,2025-08-07 11:14:56.000000,COLLISION,1863.17,CLOSED,False
6118,841,3001,2025-08-29 12:27:27.000000,FLOOD,10130.5,CLOSED,False
6119,2171,4135,2024-06-30 07:24:44.000000,GLASS_DAMAGE,22715.3,APPROVED,True
6120,4463,3517,2024-06-02 07:29:33.000000,THEFT,13683.25,APPROVED,False
6121,1034,436,2025-03-16 21:18:37.000000,FIRE,5648.23,CLOSED,False
6122,2441,4067,2025-10-05 02:29:44.000000,FIRE,10443.63,REJECTED,False
6123,1218,398,2025-09-05 05:13:07.000000,FIRE,6762.64,OPEN,False
6124,3775,2472,2025-09-18 09:01:30.000000,VANDALISM,8982.08,OPEN,False
6125,732,1954,2025-11-03 20:18:48.000000,GLASS_DAMAGE,854.63,REJECTED,False
6126,3906,2805,2025-03-28 13:50:40.000000,FIRE,2678.16,CLOSED,False
6127,3648,164,2024-11-22 10:59:55.000000,FLOOD,24347.77,APPROVED,True
6128,3492,874,2025-01-12 07:48:54.000000,FLOOD,2549.78,IN_REVIEW,False
6129,1764,47,2025-01-23 08:23:37.000000,FIRE,15752.9,APPROVED,False
6130,116,3280,2025-05-02 20:38:33.000000,FIRE,8643.75,IN_REVIEW,False
6131,798,2093,2024-07-17 21:15:48.000000,FIRE,15947.19,REJECTED,False
6132,321,3935,2024-07-26 07:22:39.000000,FLOOD,19224.31,REJECTED,True
6133,2440,1244,2025-12-21 04:45:19.000000,VANDALISM,20213.05,OPEN,True
6134,903,917,2024-11-25 09:48:40.000000,GLASS_DAMAGE,19719.05,REJECTED,True
6135,3075,2771,2025-09-02 23:00:02.000000,FIRE,21956.95,REJECTED,True
6136,4591,2142,2026-04-13 01:43:05.000000,VANDALISM,17994.95,OPEN,False
6137,2969,3420,2024-07-19 04:15:11.000000,GLASS_DAMAGE,24330.52,IN_REVIEW,True
6138,2406,1279,2026-02-16 05:43:39.000000,FIRE,15694.19,CLOSED,False
6139,2784,2227,2024-08-11 10:33:39.000000,FIRE,9778.21,REJECTED,False
6140,3962,2339,2025-09-01 12:30:02.000000,FLOOD,20400.27,REJECTED,True
6141,244,3531,2025-03-20 01:20:04.000000,GLASS_DAMAGE,9767.67,CLOSED,False
6142,1521,939,2025-01-26 21:45:45.000000,VANDALISM,13866.12,REJECTED,False
6143,979,4181,2025-05-09 23:24:39.000000,THEFT,5904.54,REJECTED,False
6144,1465,1773,2025-06-11 04:58:21.000000,GLASS_DAMAGE,5790.61,CLOSED,False
6145,728,1797,2026-01-03 10:39:23.000000,FLOOD,17526.7,OPEN,False
6146,3707,2720,2024-12-16 18:38:58.000000,COLLISION,6369.41,OPEN,False
6147,2979,3257,2026-04-17 21:32:40.000000,VANDALISM,14045.77,REJECTED,False
6148,154,4005,2024-08-20 18:38:03.000000,COLLISION,823.6,CLOSED,False
6149,2440,2132,2026-02-16 00:34:10.000000,GLASS_DAMAGE,15880.06,REJECTED,False
6150,637,3814,2024-11-30 21:00:56.000000,FIRE,20642.85,OPEN,True
6151,145,3676,2024-11-26 06:02:47.000000,GLASS_DAMAGE,7994.41,REJECTED,False
6152,1108,3368,2025-11-10 17:45:42.000000,THEFT,4578.78,CLOSED,False
6153,3980,2969,2026-01-10 10:30:48.000000,FIRE,15855.6,REJECTED,False
6154,2281,2663,2024-07-30 00:13:41.000000,FIRE,482.83,CLOSED,False
6155,1888,749,2024-05-22 17:41:13.000000,COLLISION,21660.7,REJECTED,True
6156,916,337,2025-02-06 13:17:04.000000,FIRE,17523.09,IN_REVIEW,False
6157,4195,276,2024-08-16 02:22:06.000000,COLLISION,6780.17,REJECTED,False
6158,119,1825,2025-08-30 05:51:11.000000,GLASS_DAMAGE,3337.14,IN_REVIEW,False
6159,3229,2951,2025-05-07 00:15:02.000000,FIRE,17408.86,APPROVED,False
6160,4723,2140,2024-12-23 07:02:42.000000,FIRE,18501.09,OPEN,True
6161,4104,108,2026-04-16 09:28:40.000000,FIRE,17680.83,IN_REVIEW,False
6162,901,3969,2025-04-10 00:53:50.000000,VANDALISM,20378.41,REJECTED,True
6163,908,180,2025-07-15 18:29:23.000000,FLOOD,11038.58,IN_REVIEW,False
6164,4710,2981,2025-04-16 14:16:03.000000,VANDALISM,12390.99,IN_REVIEW,False
6165,2574,1311,2025-07-10 06:22:24.000000,GLASS_DAMAGE,11973.61,APPROVED,False
6166,1559,364,2025-02-10 21:37:40.000000,GLASS_DAMAGE,11233.36,IN_REVIEW,False
6167,4655,1439,2025-11-26 21:21:29.000000,GLASS_DAMAGE,23605.44,OPEN,True
6168,3422,2512,2024-07-14 23:07:24.000000,COLLISION,6698.92,IN_REVIEW,False
6169,3586,2562,2026-01-30 21:58:50.000000,VANDALISM,15357.0,CLOSED,False
6170,61,3478,2025-12-12 22:22:08.000000,GLASS_DAMAGE,3796.25,APPROVED,False
6171,833,2871,2025-03-19 02:58:22.000000,FLOOD,21493.09,CLOSED,True
6172,3823,1069,2025-05-19 07:07:06.000000,THEFT,22725.24,REJECTED,True
6173,3718,2061,2025-04-15 17:56:22.000000,COLLISION,12843.16,IN_REVIEW,False
6174,2695,18,2025-01-31 16:48:51.000000,FIRE,5599.02,IN_REVIEW,False
6175,616,953,2025-08-07 22:30:34.000000,GLASS_DAMAGE,14046.79,APPROVED,False
6176,516,845,2025-02-19 20:02:48.000000,GLASS_DAMAGE,11027.04,CLOSED,False
6177,4104,3530,2025-01-19 02:05:53.000000,FIRE,6210.41,REJECTED,False
6178,2311,432,2024-05-17 23:07:58.000000,VANDALISM,23357.68,OPEN,True
6179,1030,3652,2025-06-14 06:13:00.000000,VANDALISM,21851.57,REJECTED,True
6180,3076,3781,2024-05-15 14:52:01.000000,GLASS_DAMAGE,20467.42,OPEN,True
6181,1018,4119,2024-12-08 00:18:23.000000,THEFT,15263.38,APPROVED,False
6182,307,1883,2024-06-09 12:38:07.000000,FLOOD,17455.7,APPROVED,False
6183,4343,3324,2025-12-27 05:59:04.000000,COLLISION,22928.61,OPEN,True
6184,1930,1778,2026-03-09 16:31:05.000000,THEFT,16937.63,REJECTED,False
6185,845,997,2024-05-24 12:53:15.000000,FIRE,4218.59,REJECTED,False
6186,615,1109,2024-11-27 11:58:01.000000,VANDALISM,23306.45,IN_REVIEW,True
6187,299,279,2025-06-18 05:37:40.000000,COLLISION,9936.67,OPEN,False
6188,2598,3608,2025-04-03 05:53:55.000000,THEFT,229.56,CLOSED,False
6189,1531,2829,2025-08-02 20:03:01.000000,VANDALISM,10784.94,CLOSED,False
6190,2275,3946,2026-02-05 17:09:36.000000,COLLISION,15976.94,OPEN,False
6191,1311,2586,2024-06-12 23:36:07.000000,VANDALISM,17393.67,CLOSED,False
6192,1952,1695,2025-05-18 04:36:29.000000,GLASS_DAMAGE,11470.02,CLOSED,False
6193,1452,2717,2025-11-07 10:18:59.000000,FIRE,20679.39,OPEN,True
6194,936,338,2024-09-02 02:07:52.000000,VANDALISM,15808.69,IN_REVIEW,False
6195,4226,622,2025-07-25 01:29:24.000000,FLOOD,1614.18,IN_REVIEW,False
6196,4064,831,2025-09-03 05:21:17.000000,FIRE,17091.34,REJECTED,False
6197,3383,1542,2024-12-31 20:27:01.000000,VANDALISM,7701.02,CLOSED,False
6198,341,620,2024-09-03 05:36:12.000000,COLLISION,10334.64,OPEN,False
6199,4158,2591,2025-10-08 20:16:54.000000,VANDALISM,11478.28,REJECTED,False
6200,4123,3993,2025-08-09 20:13:18.000000,FLOOD,4132.19,CLOSED,False
6201,589,392,2024-09-19 16:14:18.000000,VANDALISM,1180.63,CLOSED,False
6202,3422,2484,2024-07-23 04:32:21.000000,GLASS_DAMAGE,24070.61,OPEN,True
6203,2727,2583,2026-01-30 18:42:21.000000,THEFT,21154.27,OPEN,True
6204,863,3068,2025-05-10 02:04:03.000000,GLASS_DAMAGE,17920.45,OPEN,False
6205,1317,1223,2026-02-10 18:44:18.000000,FLOOD,4667.99,REJECTED,False
6206,2848,304,2025-03-21 22:19:15.000000,GLASS_DAMAGE,461.28,REJECTED,False
6207,620,3389,2025-06-29 11:57:55.000000,COLLISION,6749.09,CLOSED,False
6208,4202,1209,2024-07-07 08:50:02.000000,VANDALISM,24859.26,CLOSED,True
6209,1175,1378,2025-09-22 10:54:57.000000,FLOOD,10799.62,CLOSED,False
6210,3542,1766,2025-08-20 00:54:04.000000,VANDALISM,20361.35,REJECTED,True
6211,3068,1647,2025-08-11 12:06:09.000000,VANDALISM,1142.42,APPROVED,False
6212,1555,28,2026-04-06 06:30:04.000000,VANDALISM,10667.14,CLOSED,False
6213,4717,2534,2024-06-26 14:04:49.000000,THEFT,21816.3,OPEN,True
6214,4332,187,2025-11-16 22:57:13.000000,FLOOD,3992.44,IN_REVIEW,False
6215,3366,966,2026-03-18 12:08:30.000000,GLASS_DAMAGE,10063.48,APPROVED,False
6216,4687,1315,2025-07-14 01:05:52.000000,FLOOD,17873.75,APPROVED,False
6217,1943,2294,2025-02-09 20:10:15.000000,COLLISION,1540.02,CLOSED,False
6218,2503,2057,2025-10-03 08:03:41.000000,COLLISION,14452.22,OPEN,False
6219,2258,2690,2025-11-09 18:04:50.000000,THEFT,21350.08,REJECTED,True
6220,3311,1200,2025-06-06 02:14:00.000000,THEFT,24367.94,CLOSED,True
6221,97,1444,2025-02-21 18:53:46.000000,FIRE,17478.02,APPROVED,False
6222,3319,2341,2026-03-23 03:22:52.000000,THEFT,12009.22,CLOSED,False
6223,2402,1055,2025-06-02 23:02:56.000000,COLLISION,10616.4,CLOSED,False
6224,3963,2870,2025-09-30 15:45:05.000000,VANDALISM,20631.07,REJECTED,True
6225,1527,2527,2024-10-23 07:05:45.000000,FLOOD,11403.19,IN_REVIEW,False
6226,2932,1327,2024-07-27 01:17:33.000000,VANDALISM,12499.3,CLOSED,False
6227,3011,2478,2025-09-26 18:31:22.000000,FIRE,9914.12,OPEN,False
6228,139,1171,2025-08-05 08:29:32.000000,FIRE,20687.4,IN_REVIEW,True
6229,262,308,2024-06-07 11:48:04.000000,FIRE,22474.72,APPROVED,True
6230,4529,2038,2025-12-17 11:13:53.000000,THEFT,15856.64,REJECTED,False
6231,3415,1357,2025-06-03 01:48:43.000000,FLOOD,18801.45,APPROVED,True
6232,1016,3520,2025-05-09 15:02:06.000000,THEFT,16225.79,IN_REVIEW,False
6233,1303,108,2024-07-19 03:40:56.000000,COLLISION,9351.73,OPEN,False
6234,2260,3809,2026-02-26 15:40:29.000000,VANDALISM,14670.07,CLOSED,False
6235,493,3987,2026-04-06 20:47:39.000000,FLOOD,6310.55,OPEN,False
6236,3304,987,2025-03-07 12:41:39.000000,COLLISION,18722.61,REJECTED,True
6237,89,3338,2025-12-29 00:25:21.000000,GLASS_DAMAGE,20969.7,APPROVED,True
6238,4503,708,2025-04-25 09:32:17.000000,FLOOD,15168.89,APPROVED,False
6239,3008,1103,2024-08-29 18:35:40.000000,GLASS_DAMAGE,10826.85,IN_REVIEW,False
6240,3507,2015,2026-01-30 17:06:15.000000,FIRE,14116.15,APPROVED,False
6241,4155,2846,2025-11-04 12:18:39.000000,FIRE,24507.75,IN_REVIEW,True
6242,2909,583,2024-12-31 07:12:54.000000,GLASS_DAMAGE,1276.92,IN_REVIEW,False
6243,1293,264,2026-03-03 03:26:40.000000,COLLISION,10430.04,CLOSED,False
6244,3194,3054,2025-09-05 16:03:08.000000,FLOOD,8739.37,REJECTED,False
6245,1962,2025,2026-01-21 06:23:42.000000,COLLISION,17033.64,IN_REVIEW,False
6246,2424,3494,2025-05-27 15:34:51.000000,THEFT,14055.75,IN_REVIEW,False
6247,3552,801,2025-10-23 09:34:48.000000,THEFT,18706.67,APPROVED,True
6248,1102,4117,2025-02-02 10:31:31.000000,GLASS_DAMAGE,23552.78,REJECTED,True
6249,857,3414,2025-11-12 06:59:41.000000,FIRE,19070.41,APPROVED,True
6250,351,348,2024-07-22 06:40:24.000000,COLLISION,1433.14,APPROVED,False
6251,494,2417,2025-08-05 13:26:48.000000,GLASS_DAMAGE,6838.29,CLOSED,False
6252,3812,866,2025-02-06 08:40:42.000000,THEFT,23921.73,IN_REVIEW,True
6253,4126,3133,2024-07-19 21:33:35.000000,THEFT,10511.55,APPROVED,False
6254,4022,1633,2026-04-12 13:42:50.000000,FIRE,9747.27,IN_REVIEW,False
6255,2853,217,2024-12-23 05:04:29.000000,FIRE,12454.14,APPROVED,False
6256,2734,1794,2025-06-26 21:09:29.000000,GLASS_DAMAGE,15817.42,OPEN,False
6257,2625,1535,2025-11-19 21:59:26.000000,COLLISION,24843.96,IN_REVIEW,True
6258,838,2924,2026-03-16 13:07:29.000000,FLOOD,10030.94,APPROVED,False
6259,4776,1508,2024-10-22 11:31:22.000000,THEFT,9002.42,APPROVED,False
6260,3861,3821,2025-06-21 10:45:57.000000,FLOOD,10381.7,REJECTED,False
6261,1314,4001,2026-02-02 15:15:54.000000,THEFT,22351.42,APPROVED,True
6262,612,1766,2024-08-03 18:27:49.000000,COLLISION,1639.42,CLOSED,False
6263,1742,2854,2024-12-21 00:30:52.000000,THEFT,12744.75,OPEN,False
6264,4059,1573,2025-12-06 04:26:04.000000,FIRE,1414.04,REJECTED,False
6265,4517,1440,2025-05-06 03:45:01.000000,THEFT,11794.65,APPROVED,False
6266,3908,3579,2024-10-19 18:00:59.000000,GLASS_DAMAGE,23797.81,IN_REVIEW,True
6267,403,1510,2025-11-06 18:17:00.000000,VANDALISM,20470.0,CLOSED,True
6268,4112,1527,2024-06-30 12:15:47.000000,FIRE,15329.74,CLOSED,False
6269,2709,631,2025-04-27 11:41:31.000000,VANDALISM,16291.46,OPEN,False
6270,1829,2615,2024-11-12 22:32:50.000000,FIRE,2472.17,APPROVED,False
6271,1332,2345,2025-03-31 14:26:51.000000,FLOOD,16954.18,OPEN,False
6272,3437,2507,2025-04-05 14:22:55.000000,THEFT,13000.19,IN_REVIEW,False
6273,113,2164,2025-10-13 18:54:40.000000,FLOOD,19487.11,CLOSED,True
6274,867,3883,2024-12-09 04:55:15.000000,GLASS_DAMAGE,8280.56,APPROVED,False
6275,2535,2777,2025-12-15 19:13:32.000000,GLASS_DAMAGE,2112.54,REJECTED,False
6276,4561,1591,2025-02-09 18:07:31.000000,VANDALISM,16310.32,APPROVED,False
6277,2593,1359,2024-06-21 06:55:24.000000,FIRE,7608.77,IN_REVIEW,False
6278,24,3232,2025-10-28 11:47:48.000000,FIRE,8356.19,CLOSED,False
6279,1503,4128,2026-03-05 01:16:21.000000,FLOOD,1157.38,CLOSED,False
6280,53,541,2025-12-16 06:36:40.000000,THEFT,2435.93,OPEN,False
6281,973,3164,2024-07-07 11:18:56.000000,FIRE,24062.85,REJECTED,True
6282,8,954,2026-01-24 21:07:26.000000,FIRE,5103.97,IN_REVIEW,False
6283,3005,2114,2024-08-13 14:56:52.000000,GLASS_DAMAGE,8371.66,APPROVED,False
6284,523,1919,2025-12-30 13:12:51.000000,FIRE,15739.48,CLOSED,False
6285,3333,606,2025-02-15 15:25:03.000000,VANDALISM,24819.05,APPROVED,True
6286,934,3153,2025-05-08 11:34:54.000000,THEFT,14559.75,CLOSED,False
6287,2039,751,2024-09-17 18:11:38.000000,VANDALISM,23701.88,APPROVED,True
6288,226,53,2025-05-08 06:41:11.000000,THEFT,9335.27,REJECTED,False
6289,3468,3998,2026-01-12 13:48:52.000000,VANDALISM,8952.42,IN_REVIEW,False
6290,4243,1787,2025-06-01 19:52:29.000000,COLLISION,19665.46,APPROVED,True
6291,512,2627,2025-02-28 01:09:47.000000,FIRE,2884.68,REJECTED,False
6292,1153,2799,2024-11-28 05:55:31.000000,FIRE,1506.82,APPROVED,False
6293,2027,3198,2026-03-24 07:00:28.000000,GLASS_DAMAGE,24816.62,OPEN,True
6294,1883,3477,2025-11-28 12:50:31.000000,THEFT,359.1,IN_REVIEW,False
6295,3781,1663,2024-08-11 12:24:31.000000,COLLISION,22760.51,CLOSED,True
6296,2882,2552,2025-11-17 12:28:08.000000,FIRE,20959.43,CLOSED,True
6297,3271,2533,2025-01-10 01:50:35.000000,FIRE,6158.67,IN_REVIEW,False
6298,3011,2819,2025-06-25 02:25:42.000000,GLASS_DAMAGE,23964.18,REJECTED,True
6299,3978,199,2026-03-03 01:11:27.000000,COLLISION,24853.79,APPROVED,True
6300,2765,1624,2024-11-14 20:25:36.000000,FIRE,14041.9,CLOSED,False
6301,755,2952,2025-04-11 14:57:26.000000,COLLISION,12757.29,CLOSED,False
6302,2531,1875,2025-10-19 07:21:41.000000,GLASS_DAMAGE,6065.73,IN_REVIEW,False
6303,2857,1345,2026-04-29 10:55:03.000000,GLASS_DAMAGE,17256.18,CLOSED,False
6304,4655,1743,2026-03-24 14:49:15.000000,GLASS_DAMAGE,11803.98,CLOSED,False
6305,3584,3967,2025-11-09 15:08:39.000000,GLASS_DAMAGE,15670.9,IN_REVIEW,False
6306,4482,3499,2024-10-06 20:31:38.000000,FLOOD,21852.21,APPROVED,True
6307,2907,231,2025-05-25 07:36:45.000000,FLOOD,21369.95,OPEN,True
6308,4525,1515,2024-06-05 17:38:12.000000,THEFT,10867.94,APPROVED,False
6309,1806,3862,2025-07-16 06:46:49.000000,GLASS_DAMAGE,19920.49,REJECTED,True
6310,3204,1065,2026-02-26 12:38:48.000000,COLLISION,210.39,REJECTED,False
6311,4080,975,2025-12-08 12:24:37.000000,THEFT,415.72,APPROVED,False
6312,265,3660,2025-12-06 18:27:22.000000,GLASS_DAMAGE,13589.46,OPEN,False
6313,2811,769,2026-05-02 17:18:22.000000,FLOOD,7071.33,REJECTED,False
6314,2501,1246,2025-10-31 07:47:41.000000,GLASS_DAMAGE,2213.24,IN_REVIEW,False
6315,1548,1523,2025-07-19 19:42:28.000000,FIRE,19070.27,OPEN,True
6316,4478,4023,2024-10-22 07:22:20.000000,VANDALISM,12293.24,OPEN,False
6317,406,2656,2024-10-30 05:07:47.000000,FIRE,8845.53,IN_REVIEW,False
6318,3538,1674,2025-03-26 11:35:30.000000,FLOOD,10402.71,CLOSED,False
6319,3492,1522,2025-03-18 11:05:21.000000,FIRE,24276.54,APPROVED,True
6320,1217,1971,2024-10-13 17:18:05.000000,GLASS_DAMAGE,11462.84,IN_REVIEW,False
6321,3055,1902,2024-10-11 10:41:13.000000,VANDALISM,662.68,CLOSED,False
6322,791,1417,2026-01-10 19:27:24.000000,COLLISION,491.13,APPROVED,False
6323,2920,2841,2024-12-19 03:30:57.000000,VANDALISM,14928.11,OPEN,False
6324,3837,1475,2026-04-30 13:08:10.000000,GLASS_DAMAGE,12260.95,IN_REVIEW,False
6325,2173,708,2026-03-21 04:33:37.000000,GLASS_DAMAGE,15534.87,IN_REVIEW,False
6326,1213,3737,2025-01-18 13:49:59.000000,FIRE,6167.63,CLOSED,False
6327,2314,3466,2024-09-11 07:49:42.000000,THEFT,17460.58,OPEN,False
6328,434,3450,2025-09-05 07:08:08.000000,VANDALISM,18518.02,IN_REVIEW,True
6329,1181,3706,2025-11-21 21:21:24.000000,FLOOD,7440.94,OPEN,False
6330,3385,1922,2025-10-27 22:07:26.000000,VANDALISM,19737.41,REJECTED,True
6331,2433,3857,2025-11-06 20:54:21.000000,COLLISION,12841.92,CLOSED,False
6332,1498,3972,2024-06-02 16:42:42.000000,COLLISION,24471.54,OPEN,True
6333,4230,3566,2025-03-22 14:47:17.000000,COLLISION,6177.7,REJECTED,False
6334,713,2242,2026-05-09 12:12:30.000000,FIRE,2529.29,APPROVED,False
6335,455,2848,2026-04-25 08:17:05.000000,FIRE,1559.88,REJECTED,False
6336,974,112,2025-07-20 04:51:41.000000,FLOOD,4687.58,REJECTED,False
6337,4220,909,2025-12-13 00:09:57.000000,COLLISION,7947.41,OPEN,False
6338,139,3471,2025-06-25 22:39:41.000000,THEFT,4869.54,REJECTED,False
6339,2256,3985,2024-05-13 03:53:03.000000,FIRE,20555.55,IN_REVIEW,True
6340,2249,3772,2024-05-16 11:31:29.000000,FIRE,11522.82,APPROVED,False
6341,3414,2030,2025-09-15 13:53:40.000000,FLOOD,24945.42,IN_REVIEW,True
6342,698,3913,2025-01-23 23:06:34.000000,THEFT,4449.02,CLOSED,False
6343,1144,2952,2025-10-12 01:22:12.000000,VANDALISM,6361.46,OPEN,False
6344,4213,2623,2025-12-31 20:41:18.000000,THEFT,20726.37,IN_REVIEW,True
6345,3754,1890,2025-07-22 15:42:36.000000,THEFT,1692.97,REJECTED,False
6346,738,963,2025-03-29 00:27:46.000000,VANDALISM,21813.72,IN_REVIEW,True
6347,1140,2746,2025-08-26 20:26:58.000000,VANDALISM,18330.25,APPROVED,True
6348,2292,3881,2025-08-26 21:48:35.000000,VANDALISM,18451.79,CLOSED,True
6349,3786,4044,2025-03-07 11:38:44.000000,FLOOD,1599.23,APPROVED,False
6350,4461,255,2025-11-24 03:09:32.000000,VANDALISM,12612.11,CLOSED,False
6351,2791,3108,2025-05-19 14:45:22.000000,COLLISION,22118.47,CLOSED,True
6352,3615,2185,2026-04-18 16:36:38.000000,FLOOD,2751.93,IN_REVIEW,False
6353,216,1353,2025-05-03 16:59:09.000000,FLOOD,8083.36,CLOSED,False
6354,3915,237,2025-05-13 02:56:43.000000,GLASS_DAMAGE,15318.07,CLOSED,False
6355,2727,2789,2026-03-03 06:19:33.000000,GLASS_DAMAGE,7161.17,CLOSED,False
6356,416,1459,2026-03-30 12:11:35.000000,GLASS_DAMAGE,15932.23,IN_REVIEW,False
6357,2343,2974,2026-03-15 11:40:13.000000,FLOOD,9157.95,REJECTED,False
6358,1521,1151,2026-02-08 11:14:47.000000,COLLISION,16564.66,REJECTED,False
6359,2784,3009,2025-02-24 05:05:57.000000,THEFT,9501.97,APPROVED,False
6360,857,3516,2024-06-25 21:06:57.000000,VANDALISM,378.9,APPROVED,False
6361,2445,3332,2025-05-02 16:51:30.000000,GLASS_DAMAGE,18955.64,IN_REVIEW,True
6362,4243,692,2024-08-07 00:09:07.000000,FLOOD,14074.09,REJECTED,False
6363,4346,256,2025-08-13 13:59:13.000000,GLASS_DAMAGE,15930.76,IN_REVIEW,False
6364,3406,1525,2025-05-24 20:39:28.000000,FLOOD,23260.86,CLOSED,True
6365,1842,2857,2025-09-08 07:30:12.000000,COLLISION,22833.79,CLOSED,True
6366,3058,4069,2026-04-26 11:10:26.000000,COLLISION,9471.65,IN_REVIEW,False
6367,2010,3068,2025-01-04 09:21:48.000000,FLOOD,13075.52,REJECTED,False
6368,2075,3180,2024-07-20 16:16:54.000000,GLASS_DAMAGE,16104.24,OPEN,False
6369,3286,2229,2025-03-15 13:32:41.000000,GLASS_DAMAGE,6011.75,OPEN,False
6370,2381,3940,2026-01-13 00:17:11.000000,GLASS_DAMAGE,7071.89,CLOSED,False
6371,3329,2095,2025-11-17 17:53:34.000000,THEFT,17958.66,OPEN,False
6372,1902,2038,2026-02-08 15:30:47.000000,GLASS_DAMAGE,19737.44,APPROVED,True
6373,2842,1395,2025-05-29 16:16:10.000000,VANDALISM,3824.4,APPROVED,False
6374,4111,467,2025-03-14 08:06:40.000000,GLASS_DAMAGE,14104.89,OPEN,False
6375,3080,39,2025-07-01 00:12:23.000000,FIRE,19453.97,OPEN,True
6376,3165,1608,2024-11-05 17:06:08.000000,COLLISION,3935.13,CLOSED,False
6377,2922,3233,2024-11-25 08:57:16.000000,FLOOD,18073.24,CLOSED,True
6378,1694,4170,2025-02-24 03:24:32.000000,FIRE,11397.48,REJECTED,False
6379,1430,4196,2025-02-01 05:58:44.000000,THEFT,19426.48,IN_REVIEW,True
6380,3126,2455,2024-10-17 22:38:16.000000,GLASS_DAMAGE,22279.27,APPROVED,True
6381,2590,1768,2025-07-22 08:34:54.000000,THEFT,12124.73,IN_REVIEW,False
6382,3243,2212,2024-12-08 17:51:16.000000,THEFT,10221.76,CLOSED,False
6383,3955,540,2026-02-26 13:34:08.000000,FIRE,10636.79,REJECTED,False
6384,3987,1379,2025-08-06 03:12:52.000000,COLLISION,17400.66,IN_REVIEW,False
6385,3415,2057,2024-12-24 18:24:33.000000,FLOOD,4073.92,OPEN,False
6386,497,4170,2025-02-07 14:46:01.000000,COLLISION,20418.24,REJECTED,True
6387,1536,2890,2025-06-27 21:57:52.000000,FIRE,16719.52,APPROVED,False
6388,606,1861,2025-06-19 10:24:43.000000,COLLISION,1642.54,OPEN,False
6389,3278,2985,2024-07-18 06:47:36.000000,COLLISION,7003.07,REJECTED,False
6390,4081,3330,2025-09-27 12:46:08.000000,VANDALISM,11235.1,APPROVED,False
6391,416,1218,2024-12-21 09:09:32.000000,GLASS_DAMAGE,6447.3,IN_REVIEW,False
6392,1067,931,2025-03-14 00:52:26.000000,THEFT,9240.15,REJECTED,False
6393,2958,1412,2025-08-23 10:17:01.000000,VANDALISM,4869.56,CLOSED,False
6394,106,848,2024-08-27 02:55:16.000000,GLASS_DAMAGE,2690.63,IN_REVIEW,False
6395,19,3231,2025-10-07 17:23:04.000000,COLLISION,20182.06,OPEN,True
6396,4740,3270,2025-04-19 21:33:18.000000,VANDALISM,21551.54,IN_REVIEW,True
6397,3227,3710,2024-11-24 10:44:14.000000,FIRE,22569.97,REJECTED,True
6398,415,2218,2024-09-10 07:57:55.000000,FLOOD,1204.71,CLOSED,False
6399,1702,1861,2025-05-02 14:16:50.000000,GLASS_DAMAGE,4734.36,OPEN,False
6400,3737,3042,2024-12-31 07:26:07.000000,COLLISION,15161.43,REJECTED,False
6401,3910,3980,2024-11-25 01:45:19.000000,COLLISION,3373.3,APPROVED,False
6402,4506,225,2025-05-31 09:35:03.000000,THEFT,387.53,IN_REVIEW,False
6403,4048,886,2024-10-22 03:39:57.000000,FIRE,17304.23,OPEN,False
6404,3000,901,2024-05-24 17:52:47.000000,FLOOD,14900.64,CLOSED,False
6405,2333,4083,2026-03-02 03:40:21.000000,FLOOD,4457.13,CLOSED,False
6406,1262,2187,2024-06-18 00:17:32.000000,GLASS_DAMAGE,2271.85,REJECTED,False
6407,2960,1145,2025-11-17 15:47:16.000000,COLLISION,6289.61,OPEN,False
6408,4679,2258,2025-06-25 21:40:26.000000,THEFT,4103.12,IN_REVIEW,False
6409,1503,3674,2025-05-08 07:32:16.000000,THEFT,23706.31,OPEN,True
6410,1356,855,2025-03-04 22:49:28.000000,VANDALISM,24215.67,OPEN,True
6411,2456,2055,2025-01-19 15:53:16.000000,COLLISION,11100.46,OPEN,False
6412,3960,1133,2025-11-29 03:18:02.000000,GLASS_DAMAGE,17868.94,REJECTED,False
6413,3479,1117,2025-07-23 08:42:58.000000,COLLISION,9317.28,OPEN,False
6414,622,3930,2024-06-15 06:32:41.000000,GLASS_DAMAGE,6648.43,APPROVED,False
6415,3902,1228,2026-04-13 13:38:06.000000,COLLISION,8610.29,IN_REVIEW,False
6416,2167,2011,2025-10-21 17:27:53.000000,GLASS_DAMAGE,12899.27,OPEN,False
6417,2449,704,2025-07-01 09:34:13.000000,COLLISION,12162.74,CLOSED,False
6418,977,1211,2026-04-17 17:13:17.000000,COLLISION,483.33,OPEN,False
6419,1747,4145,2025-07-05 00:21:30.000000,FIRE,6664.9,IN_REVIEW,False
6420,3423,2624,2025-06-04 22:08:56.000000,COLLISION,10306.25,OPEN,False
6421,3413,794,2025-04-18 16:43:34.000000,VANDALISM,4506.38,REJECTED,False
6422,576,3463,2025-12-26 11:04:16.000000,THEFT,22796.46,REJECTED,True
6423,779,489,2026-01-06 19:43:43.000000,FLOOD,10646.59,CLOSED,False
6424,1835,1758,2024-12-12 15:07:33.000000,COLLISION,2223.18,APPROVED,False
6425,120,2373,2024-06-26 11:01:30.000000,GLASS_DAMAGE,10069.79,CLOSED,False
6426,3707,547,2026-03-15 22:36:45.000000,VANDALISM,7096.94,IN_REVIEW,False
6427,768,1198,2025-06-03 15:25:14.000000,FLOOD,16221.3,CLOSED,False
6428,2103,2778,2024-05-27 15:48:26.000000,FLOOD,5760.7,IN_REVIEW,False
6429,1742,1944,2025-04-03 14:07:09.000000,FLOOD,17416.77,APPROVED,False
6430,1737,1910,2025-11-09 02:30:54.000000,FIRE,20611.27,OPEN,True
6431,205,1803,2025-03-08 04:39:35.000000,COLLISION,7568.71,REJECTED,False
6432,4250,1443,2024-10-22 15:28:38.000000,VANDALISM,13940.12,APPROVED,False
6433,3364,233,2024-12-16 13:21:34.000000,THEFT,2255.99,REJECTED,False
6434,3303,328,2026-03-06 08:16:43.000000,GLASS_DAMAGE,6961.21,APPROVED,False
6435,1078,3051,2025-12-29 16:32:27.000000,GLASS_DAMAGE,2987.16,CLOSED,False
6436,2325,649,2026-03-22 03:00:04.000000,FLOOD,7524.81,APPROVED,False
6437,3424,3985,2025-02-28 14:55:04.000000,VANDALISM,2536.88,CLOSED,False
6438,4027,753,2024-06-22 13:42:15.000000,FLOOD,9753.48,IN_REVIEW,False
6439,2822,1356,2025-11-12 20:03:25.000000,FLOOD,16431.18,CLOSED,False
6440,4293,1714,2025-01-22 04:36:15.000000,VANDALISM,24109.15,REJECTED,True
6441,825,2946,2024-07-25 12:09:04.000000,GLASS_DAMAGE,3839.43,APPROVED,False
6442,2330,777,2025-03-14 11:43:46.000000,VANDALISM,1612.21,CLOSED,False
6443,919,14,2025-03-05 16:23:47.000000,THEFT,2711.08,REJECTED,False
6444,1812,698,2025-07-16 15:10:30.000000,FLOOD,6963.12,IN_REVIEW,False
6445,4499,701,2026-02-22 05:34:12.000000,FIRE,9237.67,OPEN,False
6446,1741,2948,2025-08-04 17:38:46.000000,FLOOD,3787.27,IN_REVIEW,False
6447,1173,1048,2024-11-13 17:48:01.000000,FIRE,21176.14,CLOSED,True
6448,2689,3261,2025-05-01 09:10:44.000000,COLLISION,17112.87,OPEN,False
6449,248,2516,2025-03-26 22:07:27.000000,THEFT,19009.24,OPEN,True
6450,2704,2542,2025-05-10 03:50:37.000000,FIRE,3962.65,CLOSED,False
6451,215,2893,2025-07-12 08:51:50.000000,VANDALISM,18351.88,CLOSED,True
6452,1474,4152,2026-01-14 05:51:32.000000,THEFT,24239.79,OPEN,True
6453,4346,28,2025-05-16 01:06:50.000000,VANDALISM,4307.11,APPROVED,False
6454,4496,2906,2024-12-16 03:25:53.000000,GLASS_DAMAGE,12731.68,REJECTED,False
6455,2322,3050,2024-11-15 05:01:25.000000,THEFT,17420.4,APPROVED,False
6456,70,1028,2024-07-08 01:37:19.000000,FLOOD,13715.89,OPEN,False
6457,1018,2237,2025-02-03 12:40:39.000000,COLLISION,18481.06,CLOSED,True
6458,4281,3900,2025-09-20 10:02:14.000000,FLOOD,16214.88,IN_REVIEW,False
6459,2209,3925,2024-08-19 17:55:14.000000,FLOOD,3820.34,OPEN,False
6460,2937,2107,2024-07-29 13:09:29.000000,VANDALISM,6897.28,OPEN,False
6461,1562,640,2024-10-11 12:52:18.000000,VANDALISM,6715.57,REJECTED,False
6462,388,162,2026-01-08 04:26:22.000000,THEFT,12570.26,CLOSED,False
6463,114,2535,2026-04-16 06:24:41.000000,GLASS_DAMAGE,12891.11,REJECTED,False
6464,711,875,2025-04-03 10:41:15.000000,VANDALISM,4628.39,CLOSED,False
6465,4000,1608,2026-02-28 09:43:25.000000,VANDALISM,8636.84,REJECTED,False
6466,2241,3624,2024-07-13 07:44:16.000000,FLOOD,6897.16,CLOSED,False
6467,707,3584,2025-01-16 11:05:25.000000,FIRE,24869.03,REJECTED,True
6468,411,1688,2024-10-21 17:03:42.000000,GLASS_DAMAGE,20417.08,APPROVED,True
6469,1984,3378,2025-11-27 08:35:40.000000,THEFT,12016.6,APPROVED,False
6470,1284,1016,2024-10-22 01:12:33.000000,FIRE,24800.74,IN_REVIEW,True
6471,1872,156,2025-07-09 15:33:39.000000,FIRE,19995.0,CLOSED,True
6472,1554,1490,2026-02-20 09:05:46.000000,FLOOD,7375.37,OPEN,False
6473,1185,1671,2025-05-12 16:34:04.000000,THEFT,6594.2,APPROVED,False
6474,95,3619,2024-09-18 23:32:43.000000,GLASS_DAMAGE,4021.39,REJECTED,False
6475,3935,2395,2024-09-01 07:15:49.000000,THEFT,8798.72,APPROVED,False
6476,3865,216,2024-08-17 04:19:23.000000,COLLISION,18878.02,OPEN,True
6477,1439,3703,2025-11-18 13:26:24.000000,COLLISION,18721.59,IN_REVIEW,True
6478,3333,41,2025-02-16 19:01:35.000000,FLOOD,9725.16,IN_REVIEW,False
6479,2953,3785,2026-01-06 05:30:24.000000,COLLISION,5324.13,CLOSED,False
6480,4256,687,2025-01-02 01:55:11.000000,FIRE,5887.45,APPROVED,False
6481,952,431,2025-07-29 15:45:20.000000,COLLISION,23976.61,APPROVED,True
6482,1332,3754,2026-01-13 06:01:45.000000,GLASS_DAMAGE,15732.55,REJECTED,False
6483,2501,902,2025-03-24 22:32:39.000000,VANDALISM,15392.73,CLOSED,False
6484,860,4097,2025-02-01 07:19:56.000000,GLASS_DAMAGE,19226.02,OPEN,True
6485,2074,144,2026-03-31 02:00:38.000000,FLOOD,16327.22,CLOSED,False
6486,874,1995,2024-10-21 15:23:03.000000,THEFT,5586.7,OPEN,False
6487,3169,1803,2024-05-14 14:08:06.000000,COLLISION,6915.83,OPEN,False
6488,810,4093,2025-12-04 21:39:20.000000,FLOOD,17488.01,REJECTED,False
6489,1658,3479,2025-10-21 06:40:25.000000,GLASS_DAMAGE,2560.33,OPEN,False
6490,4510,1224,2025-04-22 12:47:19.000000,COLLISION,4500.87,REJECTED,False
6491,3950,2723,2025-02-17 15:53:41.000000,FLOOD,3686.21,APPROVED,False
6492,4410,3009,2026-03-29 06:48:52.000000,VANDALISM,11775.14,REJECTED,False
6493,295,3799,2024-05-27 00:42:33.000000,FIRE,13756.3,CLOSED,False
6494,3849,2432,2025-01-08 14:48:16.000000,FLOOD,22481.32,OPEN,True
6495,1982,2324,2025-08-17 11:24:09.000000,FIRE,18315.29,REJECTED,True
6496,3206,3120,2025-08-22 08:36:21.000000,VANDALISM,7248.43,IN_REVIEW,False
6497,4535,3000,2026-04-13 18:39:36.000000,GLASS_DAMAGE,21356.76,OPEN,True
6498,4451,32,2026-01-25 04:30:06.000000,FIRE,20408.41,IN_REVIEW,True
6499,501,997,2024-05-23 17:36:54.000000,FIRE,1244.79,IN_REVIEW,False
6500,816,3258,2025-10-22 17:10:31.000000,FIRE,10957.22,CLOSED,False
6501,3922,2920,2025-08-14 15:07:18.000000,GLASS_DAMAGE,367.9,REJECTED,False
6502,1943,1326,2025-01-24 08:20:21.000000,THEFT,18429.07,IN_REVIEW,True
6503,3003,1785,2024-12-10 19:51:04.000000,FLOOD,15372.95,REJECTED,False
6504,3418,3576,2024-07-23 04:53:58.000000,GLASS_DAMAGE,15325.64,REJECTED,False
6505,3283,612,2026-04-07 17:33:01.000000,FLOOD,23691.65,OPEN,True
6506,1702,391,2025-04-25 02:54:18.000000,GLASS_DAMAGE,10101.17,APPROVED,False
6507,2772,1113,2025-12-13 06:14:56.000000,THEFT,16066.62,REJECTED,False
6508,2551,13,2025-10-08 02:19:52.000000,FIRE,3708.1,OPEN,False
6509,4235,1582,2024-05-28 13:08:48.000000,FLOOD,2227.29,IN_REVIEW,False
6510,2960,43,2025-12-14 14:08:08.000000,THEFT,13566.95,IN_REVIEW,False
6511,3728,3211,2024-11-14 03:51:43.000000,COLLISION,15202.47,CLOSED,False
6512,1932,2425,2025-07-10 08:39:29.000000,COLLISION,3294.68,IN_REVIEW,False
6513,2811,2993,2025-07-17 12:37:44.000000,VANDALISM,14342.82,IN_REVIEW,False
6514,1091,794,2024-10-25 22:07:00.000000,COLLISION,16804.24,APPROVED,False
6515,4339,2741,2025-10-17 13:39:25.000000,VANDALISM,2407.82,CLOSED,False
6516,4191,2942,2026-01-14 20:09:07.000000,THEFT,22673.68,APPROVED,True
6517,3434,757,2025-11-10 12:08:07.000000,THEFT,21043.28,REJECTED,True
6518,3586,3994,2024-11-22 07:55:12.000000,GLASS_DAMAGE,11231.54,APPROVED,False
6519,1344,1839,2024-06-13 15:21:55.000000,FLOOD,8362.14,OPEN,False
6520,250,1067,2025-12-01 03:47:07.000000,COLLISION,10837.33,OPEN,False
6521,860,2140,2025-06-30 01:59:01.000000,COLLISION,8422.99,APPROVED,False
6522,3651,3937,2025-04-28 07:04:58.000000,COLLISION,5489.83,CLOSED,False
6523,1123,484,2025-10-26 12:21:36.000000,GLASS_DAMAGE,21761.34,IN_REVIEW,True
6524,1759,3938,2024-05-21 07:05:47.000000,FIRE,20732.45,CLOSED,True
6525,4616,3063,2025-07-16 07:55:14.000000,FIRE,15792.24,REJECTED,False
6526,901,3507,2024-10-26 19:11:54.000000,COLLISION,4835.66,APPROVED,False
6527,1928,2641,2025-12-01 11:28:31.000000,THEFT,20978.97,OPEN,True
6528,3044,3725,2026-04-28 07:33:06.000000,THEFT,2575.39,REJECTED,False
6529,1597,192,2025-05-30 14:25:21.000000,VANDALISM,5104.03,CLOSED,False
6530,2884,1231,2025-09-11 13:14:38.000000,THEFT,11282.37,REJECTED,False
6531,1457,3670,2025-09-18 06:24:51.000000,GLASS_DAMAGE,15166.08,OPEN,False
6532,3911,2033,2024-06-16 01:59:57.000000,THEFT,12228.86,APPROVED,False
6533,776,4085,2024-07-10 05:01:51.000000,COLLISION,3946.4,IN_REVIEW,False
6534,3319,4,2026-02-12 03:01:38.000000,FIRE,13097.08,APPROVED,False
6535,1157,4012,2024-07-22 23:40:11.000000,FLOOD,15958.96,CLOSED,False
6536,3036,1269,2025-12-15 22:00:00.000000,VANDALISM,15212.91,CLOSED,False
6537,736,2825,2024-05-31 09:31:04.000000,THEFT,11901.26,OPEN,False
6538,47,3473,2025-11-15 19:51:41.000000,GLASS_DAMAGE,15393.8,REJECTED,False
6539,3459,105,2025-12-18 03:49:18.000000,GLASS_DAMAGE,4169.6,IN_REVIEW,False
6540,2792,901,2024-07-22 18:41:14.000000,VANDALISM,9379.69,APPROVED,False
6541,2237,1601,2026-04-15 17:03:17.000000,THEFT,16397.42,CLOSED,False
6542,3808,1730,2025-03-03 00:05:10.000000,COLLISION,21056.87,REJECTED,True
6543,3768,919,2025-05-31 06:57:13.000000,THEFT,256.85,REJECTED,False
6544,3102,2241,2025-11-19 23:17:11.000000,FLOOD,11228.57,OPEN,False
6545,1696,2809,2025-04-16 03:27:27.000000,COLLISION,13926.28,OPEN,False
6546,3534,1981,2026-01-18 22:34:27.000000,THEFT,15608.32,OPEN,False
6547,874,2251,2024-08-13 04:21:16.000000,VANDALISM,18440.15,APPROVED,True
6548,874,3749,2025-10-10 07:08:22.000000,VANDALISM,18726.35,OPEN,True
6549,3914,3894,2025-12-28 12:44:53.000000,FLOOD,15598.1,REJECTED,False
6550,3583,3587,2025-09-13 03:05:47.000000,THEFT,12573.36,APPROVED,False
6551,692,4187,2026-04-22 06:03:48.000000,FLOOD,20450.02,IN_REVIEW,True
6552,3893,2356,2026-04-02 10:57:38.000000,GLASS_DAMAGE,3834.52,IN_REVIEW,False
6553,4337,2943,2024-09-25 14:25:27.000000,COLLISION,7921.82,APPROVED,False
6554,1536,3068,2025-05-02 06:17:09.000000,COLLISION,5198.65,REJECTED,False
6555,4762,2336,2024-10-01 22:23:47.000000,FLOOD,12815.12,CLOSED,False
6556,844,646,2026-03-23 16:46:08.000000,FIRE,16818.87,IN_REVIEW,False
6557,2206,2529,2026-05-02 10:27:35.000000,GLASS_DAMAGE,12191.92,CLOSED,False
6558,4434,3976,2025-04-06 13:47:11.000000,VANDALISM,22713.51,APPROVED,True
6559,4155,2556,2025-12-11 08:59:57.000000,FIRE,3266.17,REJECTED,False
6560,612,627,2025-06-25 06:39:18.000000,THEFT,12235.62,CLOSED,False
6561,4304,768,2025-10-17 20:56:53.000000,THEFT,10228.55,CLOSED,False
6562,3051,66,2026-03-11 16:06:38.000000,VANDALISM,4915.24,CLOSED,False
6563,3082,3786,2024-09-08 05:57:47.000000,FLOOD,19329.17,IN_REVIEW,True
6564,1349,2689,2024-10-29 03:28:25.000000,GLASS_DAMAGE,3809.66,CLOSED,False
6565,598,3175,2024-12-29 23:38:25.000000,FIRE,24833.24,APPROVED,True
6566,2432,972,2024-05-17 19:48:37.000000,VANDALISM,15458.26,IN_REVIEW,False
6567,3148,2872,2026-02-06 22:42:01.000000,FLOOD,16727.58,IN_REVIEW,False
6568,1451,2684,2025-07-28 06:45:20.000000,FIRE,6828.17,OPEN,False
6569,3424,4192,2026-03-14 00:54:01.000000,COLLISION,19807.17,CLOSED,True
6570,3856,4011,2024-08-15 13:13:56.000000,VANDALISM,10285.28,CLOSED,False
6571,3400,1692,2025-01-26 05:38:16.000000,FIRE,4655.69,CLOSED,False
6572,1752,1504,2025-05-08 19:08:18.000000,FIRE,3763.98,CLOSED,False
6573,4439,2148,2024-11-26 14:46:23.000000,GLASS_DAMAGE,10527.9,OPEN,False
6574,2329,1705,2025-12-14 00:48:09.000000,FIRE,2758.59,OPEN,False
6575,1909,3527,2024-09-03 04:18:45.000000,VANDALISM,12283.71,CLOSED,False
6576,1897,2198,2025-02-18 12:16:33.000000,THEFT,12620.14,APPROVED,False
6577,3884,4039,2025-02-27 08:09:37.000000,GLASS_DAMAGE,6790.42,OPEN,False
6578,365,3993,2025-11-22 06:21:25.000000,FLOOD,18795.03,IN_REVIEW,True
6579,1708,3479,2024-06-13 00:38:39.000000,VANDALISM,2509.16,IN_REVIEW,False
6580,2484,3271,2025-06-13 15:31:21.000000,VANDALISM,23444.09,CLOSED,True
6581,4515,2343,2026-04-02 03:57:30.000000,COLLISION,1518.01,APPROVED,False
6582,269,1781,2024-12-20 17:14:56.000000,THEFT,7271.25,REJECTED,False
6583,547,1525,2024-06-23 20:38:38.000000,FIRE,17419.61,REJECTED,False
6584,1400,4008,2025-05-26 13:05:30.000000,FLOOD,6078.08,REJECTED,False
6585,3338,4119,2024-07-26 21:46:51.000000,FIRE,2822.55,APPROVED,False
6586,2388,1183,2024-06-03 19:50:19.000000,VANDALISM,14766.89,OPEN,False
6587,2280,1418,2024-07-21 00:09:49.000000,COLLISION,11154.84,OPEN,False
6588,284,3167,2025-11-01 00:25:47.000000,FIRE,23452.11,OPEN,True
6589,4490,2315,2024-12-01 15:43:28.000000,VANDALISM,24461.7,APPROVED,True
6590,3240,1320,2025-09-01 03:56:09.000000,VANDALISM,19503.2,APPROVED,True
6591,3082,1658,2025-06-04 09:49:03.000000,GLASS_DAMAGE,16074.18,REJECTED,False
6592,660,1075,2026-04-15 06:15:24.000000,FLOOD,1948.25,OPEN,False
6593,522,4070,2025-03-10 11:24:42.000000,VANDALISM,4270.63,REJECTED,False
6594,395,2333,2025-05-31 23:11:45.000000,FLOOD,1319.51,REJECTED,False
6595,4089,3363,2025-09-16 06:11:02.000000,VANDALISM,13481.7,IN_REVIEW,False
6596,2105,1744,2026-01-22 00:03:36.000000,COLLISION,9251.22,OPEN,False
6597,630,4090,2025-02-15 19:09:23.000000,VANDALISM,16878.6,OPEN,False
6598,3039,2832,2026-04-16 02:02:35.000000,THEFT,11514.61,IN_REVIEW,False
6599,1375,2423,2024-12-28 12:37:21.000000,VANDALISM,9885.74,REJECTED,False
6600,3169,3745,2025-11-29 08:07:43.000000,VANDALISM,15137.31,IN_REVIEW,False
6601,3287,2066,2024-12-02 22:36:21.000000,FLOOD,12628.94,IN_REVIEW,False
6602,3929,261,2025-02-23 19:29:53.000000,COLLISION,8153.89,OPEN,False
6603,3254,3540,2026-01-30 17:24:01.000000,COLLISION,9492.31,IN_REVIEW,False
6604,4150,3421,2025-07-27 07:28:46.000000,FIRE,21467.78,CLOSED,True
6605,146,3054,2025-10-25 07:41:33.000000,FLOOD,14198.16,REJECTED,False
6606,2537,1006,2024-07-19 10:39:50.000000,FLOOD,9896.82,CLOSED,False
6607,1976,2345,2025-06-04 03:34:27.000000,FLOOD,19644.34,APPROVED,True
6608,1401,92,2025-09-11 06:53:15.000000,FLOOD,3985.66,CLOSED,False
6609,3618,1047,2024-07-04 21:23:52.000000,FLOOD,23255.63,CLOSED,True
6610,1248,3581,2025-06-10 04:53:19.000000,THEFT,19381.64,APPROVED,True
6611,388,1217,2025-11-21 17:39:58.000000,THEFT,19965.75,APPROVED,True
6612,273,1747,2026-05-03 18:10:25.000000,VANDALISM,6814.86,OPEN,False
6613,1027,3564,2026-05-07 01:39:52.000000,GLASS_DAMAGE,21697.6,REJECTED,True
6614,3751,2704,2025-10-01 09:13:49.000000,GLASS_DAMAGE,4626.79,REJECTED,False
6615,2759,2397,2024-08-17 01:13:12.000000,GLASS_DAMAGE,24558.3,REJECTED,True
6616,436,613,2026-02-05 12:58:01.000000,FIRE,23968.54,OPEN,True
6617,1708,3052,2026-05-07 23:45:14.000000,FIRE,24215.67,OPEN,True
6618,279,1495,2026-02-23 04:49:18.000000,THEFT,11168.81,CLOSED,False
6619,345,1801,2025-02-16 13:41:00.000000,FLOOD,3401.44,OPEN,False
6620,3397,4140,2025-03-31 10:59:07.000000,GLASS_DAMAGE,14524.53,IN_REVIEW,False
6621,416,3191,2025-12-03 03:41:18.000000,VANDALISM,12946.34,APPROVED,False
6622,1744,1784,2024-07-30 13:23:20.000000,FLOOD,24560.96,REJECTED,True
6623,720,2156,2024-06-12 15:55:21.000000,VANDALISM,2304.11,CLOSED,False
6624,1675,819,2025-12-15 19:19:34.000000,COLLISION,7770.85,IN_REVIEW,False
6625,2840,3550,2025-04-10 05:21:41.000000,THEFT,21829.71,CLOSED,True
6626,2500,1348,2025-04-05 13:55:42.000000,FIRE,22174.13,OPEN,True
6627,2082,2144,2024-10-18 08:38:42.000000,FLOOD,2369.71,APPROVED,False
6628,2638,3688,2025-07-14 05:42:21.000000,FIRE,24611.51,IN_REVIEW,True
6629,3990,1422,2025-05-23 22:28:53.000000,THEFT,16990.49,OPEN,False
6630,3903,3540,2026-04-22 20:49:11.000000,FLOOD,16520.58,CLOSED,False
6631,1686,1062,2025-03-05 16:55:29.000000,VANDALISM,20139.65,CLOSED,True
6632,3186,242,2026-04-10 10:25:21.000000,FIRE,17848.66,OPEN,False
6633,2911,2975,2026-01-29 08:19:57.000000,FIRE,18048.25,CLOSED,True
6634,799,2170,2026-03-23 09:31:14.000000,GLASS_DAMAGE,671.32,OPEN,False
6635,3896,662,2025-11-15 01:50:26.000000,COLLISION,9677.31,APPROVED,False
6636,4025,2369,2025-07-05 17:29:05.000000,FIRE,9061.93,CLOSED,False
6637,3519,53,2024-07-09 21:51:50.000000,VANDALISM,5082.7,APPROVED,False
6638,357,4020,2026-02-10 11:30:14.000000,THEFT,8348.04,OPEN,False
6639,1003,2569,2025-06-29 23:20:45.000000,FIRE,6318.18,CLOSED,False
6640,3647,3901,2025-05-30 18:25:08.000000,VANDALISM,24150.5,OPEN,True
6641,2897,3595,2025-09-12 10:55:34.000000,COLLISION,14581.98,IN_REVIEW,False
6642,3982,1832,2024-10-18 02:21:12.000000,COLLISION,17939.58,CLOSED,False
6643,1331,1570,2026-02-04 01:11:04.000000,GLASS_DAMAGE,14880.59,IN_REVIEW,False
6644,2759,1609,2026-04-03 06:31:37.000000,FLOOD,9210.66,OPEN,False
6645,1681,753,2024-10-10 18:48:27.000000,FIRE,14530.7,CLOSED,False
6646,3684,167,2024-12-12 03:18:51.000000,COLLISION,14767.5,APPROVED,False
6647,3765,3128,2025-12-12 13:40:16.000000,FIRE,20521.71,APPROVED,True
6648,1185,1816,2024-10-08 23:51:15.000000,THEFT,5736.97,OPEN,False
6649,3084,2213,2025-03-20 22:18:08.000000,THEFT,22666.49,REJECTED,True
6650,2101,2215,2024-09-30 22:30:26.000000,FLOOD,4288.07,APPROVED,False
6651,114,2210,2025-05-30 00:56:17.000000,THEFT,1583.08,OPEN,False
6652,2347,3746,2025-12-17 18:07:38.000000,FIRE,9878.63,APPROVED,False
6653,1588,4093,2024-09-10 09:45:27.000000,COLLISION,24754.37,APPROVED,True
6654,1755,3985,2024-10-19 14:57:07.000000,GLASS_DAMAGE,11020.51,IN_REVIEW,False
6655,4137,1358,2025-03-26 09:28:00.000000,VANDALISM,19879.53,IN_REVIEW,True
6656,3336,1461,2024-06-04 11:13:14.000000,VANDALISM,904.65,APPROVED,False
6657,4712,2573,2024-06-01 13:55:04.000000,GLASS_DAMAGE,23289.89,CLOSED,True
6658,350,1436,2025-03-21 19:08:34.000000,VANDALISM,16142.18,OPEN,False
6659,763,636,2026-04-07 12:47:51.000000,GLASS_DAMAGE,2560.79,APPROVED,False
6660,2149,3615,2024-11-06 11:58:55.000000,GLASS_DAMAGE,12315.68,REJECTED,False
6661,1853,1058,2026-01-16 13:39:55.000000,VANDALISM,22534.03,IN_REVIEW,True
6662,1008,3758,2024-11-05 12:31:42.000000,VANDALISM,9849.59,REJECTED,False
6663,1056,3498,2026-01-30 17:28:08.000000,GLASS_DAMAGE,6211.41,REJECTED,False
6664,1728,3036,2024-07-16 04:51:12.000000,VANDALISM,7739.11,REJECTED,False
6665,4693,2137,2025-12-09 00:48:10.000000,COLLISION,22722.67,IN_REVIEW,True
6666,475,1117,2024-07-31 22:08:57.000000,FIRE,20429.01,APPROVED,True
6667,2795,616,2024-10-24 23:26:30.000000,FIRE,23795.97,CLOSED,True
6668,4243,4146,2024-06-29 17:32:20.000000,FLOOD,23817.55,REJECTED,True
6669,4298,303,2025-03-19 03:45:00.000000,THEFT,12746.01,REJECTED,False
6670,93,2354,2024-05-23 07:41:57.000000,FLOOD,24655.41,OPEN,True
6671,4297,205,2025-06-04 15:01:59.000000,GLASS_DAMAGE,11209.0,IN_REVIEW,False
6672,231,3374,2025-12-12 23:13:08.000000,GLASS_DAMAGE,22024.83,APPROVED,True
6673,3309,3547,2024-11-12 00:51:03.000000,GLASS_DAMAGE,17038.34,REJECTED,False
6674,4295,3320,2025-06-13 13:18:22.000000,COLLISION,2866.57,REJECTED,False
6675,419,3848,2025-08-29 18:16:57.000000,GLASS_DAMAGE,20718.39,IN_REVIEW,True
6676,4070,1022,2025-04-02 05:11:01.000000,VANDALISM,11700.36,IN_REVIEW,False
6677,4203,2111,2026-03-23 22:35:10.000000,FIRE,22048.39,CLOSED,True
6678,2593,755,2025-10-16 18:48:30.000000,THEFT,10050.9,CLOSED,False
6679,4761,3817,2026-01-13 04:34:10.000000,VANDALISM,19508.03,APPROVED,True
6680,829,746,2025-09-30 08:54:43.000000,VANDALISM,3276.78,OPEN,False
6681,941,1604,2024-11-14 02:51:34.000000,GLASS_DAMAGE,20110.76,IN_REVIEW,True
6682,2191,3051,2024-10-22 12:32:31.000000,COLLISION,11460.05,APPROVED,False
6683,1241,2716,2025-04-22 12:50:50.000000,FLOOD,4248.2,IN_REVIEW,False
6684,86,701,2024-10-15 06:50:39.000000,GLASS_DAMAGE,1050.94,IN_REVIEW,False
6685,2661,2560,2024-09-26 12:47:07.000000,VANDALISM,21790.39,CLOSED,True
6686,3542,103,2026-01-07 07:05:06.000000,VANDALISM,18163.35,CLOSED,True
6687,688,2076,2025-06-03 02:25:51.000000,FLOOD,7666.17,CLOSED,False
6688,1170,2132,2026-05-05 06:55:03.000000,THEFT,24421.75,CLOSED,True
6689,4702,2806,2025-01-13 17:05:32.000000,THEFT,4680.12,REJECTED,False
6690,2160,3703,2025-03-24 20:06:55.000000,VANDALISM,22679.7,APPROVED,True
6691,2465,4106,2024-11-08 00:29:43.000000,FLOOD,4801.62,REJECTED,False
6692,3265,1353,2025-06-12 23:28:06.000000,FLOOD,3999.24,APPROVED,False
6693,759,4169,2025-06-22 17:19:33.000000,THEFT,206.27,IN_REVIEW,False
6694,685,2129,2025-05-31 23:59:59.000000,THEFT,13576.09,OPEN,False
6695,4268,707,2025-10-17 23:42:29.000000,FIRE,782.66,OPEN,False
6696,2556,2766,2025-04-21 10:57:23.000000,THEFT,7422.11,CLOSED,False
6697,4484,3420,2024-11-16 17:23:31.000000,GLASS_DAMAGE,14109.25,APPROVED,False
6698,2350,3200,2025-04-04 02:51:15.000000,COLLISION,3821.75,APPROVED,False
6699,4052,2396,2025-10-14 15:05:19.000000,COLLISION,13361.2,APPROVED,False
6700,1823,66,2024-06-14 19:26:51.000000,FIRE,2302.84,REJECTED,False
6701,477,2855,2025-04-03 13:34:21.000000,FIRE,22282.18,CLOSED,True
6702,3800,4170,2024-10-31 16:49:45.000000,FIRE,12596.14,IN_REVIEW,False
6703,4380,1542,2026-04-25 04:43:46.000000,COLLISION,332.07,CLOSED,False
6704,4646,1826,2025-06-13 15:30:23.000000,GLASS_DAMAGE,11407.38,OPEN,False
6705,4774,880,2025-04-08 08:32:46.000000,VANDALISM,20070.09,APPROVED,True
6706,3822,3343,2026-04-19 22:37:30.000000,VANDALISM,17903.48,APPROVED,False
6707,1697,1147,2025-10-31 04:08:52.000000,COLLISION,11863.37,IN_REVIEW,False
6708,4238,3647,2025-06-24 02:26:09.000000,FIRE,18675.46,IN_REVIEW,True
6709,1711,3688,2025-09-03 12:44:46.000000,GLASS_DAMAGE,7450.14,OPEN,False
6710,4240,3804,2024-06-29 14:27:33.000000,GLASS_DAMAGE,653.24,APPROVED,False
6711,3703,174,2024-11-18 06:58:44.000000,FIRE,17028.65,REJECTED,False
6712,2937,3546,2025-01-12 12:18:09.000000,THEFT,22000.86,APPROVED,True
6713,420,3017,2024-11-14 06:32:16.000000,VANDALISM,4558.15,OPEN,False
6714,2249,3791,2025-03-22 20:32:31.000000,FLOOD,19470.05,CLOSED,True
6715,907,2505,2026-05-04 07:00:25.000000,COLLISION,5582.18,OPEN,False
6716,1931,1666,2026-01-02 03:00:47.000000,COLLISION,9088.09,CLOSED,False
6717,851,3201,2024-07-21 14:05:44.000000,THEFT,17880.88,OPEN,False
6718,454,2005,2025-12-24 15:01:52.000000,VANDALISM,20112.35,APPROVED,True
6719,1389,888,2024-12-12 02:50:42.000000,VANDALISM,11547.02,OPEN,False
6720,1403,909,2024-08-02 04:35:28.000000,FIRE,2509.88,REJECTED,False
6721,1243,254,2026-01-14 00:44:40.000000,VANDALISM,6632.91,CLOSED,False
6722,2435,3336,2025-05-21 22:47:02.000000,THEFT,12607.85,OPEN,False
6723,2320,3072,2025-04-29 00:25:25.000000,FIRE,24587.0,REJECTED,True
6724,3904,2093,2025-09-24 17:28:40.000000,VANDALISM,4488.79,IN_REVIEW,False
6725,772,4106,2025-05-31 17:20:01.000000,FIRE,22274.81,REJECTED,True
6726,1751,138,2026-01-11 23:40:31.000000,FLOOD,19600.03,REJECTED,True
6727,1880,948,2025-12-02 06:08:34.000000,VANDALISM,16726.93,REJECTED,False
6728,1153,2382,2024-11-20 14:46:38.000000,VANDALISM,7945.61,CLOSED,False
6729,1116,2747,2026-02-15 11:35:44.000000,COLLISION,17081.88,REJECTED,False
6730,4693,699,2024-06-29 14:43:54.000000,GLASS_DAMAGE,1655.53,REJECTED,False
6731,3075,2612,2025-10-15 05:02:06.000000,FLOOD,23389.51,REJECTED,True
6732,2700,303,2025-04-13 01:11:51.000000,FLOOD,6950.31,APPROVED,False
6733,423,209,2026-02-24 07:18:35.000000,FLOOD,10317.5,IN_REVIEW,False
6734,4121,4048,2025-04-17 02:15:00.000000,FLOOD,2535.77,CLOSED,False
6735,645,1115,2025-06-23 10:26:29.000000,VANDALISM,13860.77,APPROVED,False
6736,3606,1550,2026-04-16 22:04:03.000000,COLLISION,6537.13,OPEN,False
6737,4067,3221,2025-06-19 08:04:59.000000,FLOOD,7073.08,CLOSED,False
6738,3169,3661,2025-05-28 10:28:29.000000,THEFT,17514.82,OPEN,False
6739,3846,3266,2025-03-31 06:54:52.000000,FLOOD,6406.74,REJECTED,False
6740,3295,1052,2025-11-28 11:02:27.000000,GLASS_DAMAGE,19096.97,REJECTED,True
6741,3944,1024,2026-02-19 04:26:11.000000,THEFT,22600.61,OPEN,True
6742,2747,3306,2025-01-02 13:33:19.000000,FIRE,19204.27,IN_REVIEW,True
6743,4177,4187,2024-07-09 15:51:50.000000,GLASS_DAMAGE,6718.98,OPEN,False
6744,4571,70,2024-08-15 02:40:02.000000,FIRE,5612.39,APPROVED,False
6745,1467,326,2024-11-28 02:18:39.000000,GLASS_DAMAGE,7500.45,REJECTED,False
6746,158,2576,2024-12-31 19:54:14.000000,COLLISION,21275.49,CLOSED,True
6747,930,3107,2025-07-30 05:43:09.000000,COLLISION,23013.86,REJECTED,True
6748,3404,1916,2024-09-24 13:09:34.000000,GLASS_DAMAGE,9207.27,REJECTED,False
6749,336,2794,2025-07-21 02:51:11.000000,FLOOD,10770.63,CLOSED,False
6750,1443,2113,2026-03-24 12:20:25.000000,THEFT,9054.32,APPROVED,False
6751,2507,313,2024-07-01 12:19:05.000000,COLLISION,7892.03,IN_REVIEW,False
6752,1697,1062,2026-03-22 04:55:49.000000,COLLISION,15714.06,REJECTED,False
6753,997,2487,2024-08-04 11:13:29.000000,FLOOD,12925.76,APPROVED,False
6754,3875,740,2025-02-08 21:50:02.000000,THEFT,16742.31,REJECTED,False
6755,4460,1523,2024-12-28 02:47:20.000000,GLASS_DAMAGE,17983.3,IN_REVIEW,False
6756,3665,4131,2025-04-08 07:42:30.000000,GLASS_DAMAGE,10700.96,OPEN,False
6757,1764,515,2024-10-28 22:10:58.000000,COLLISION,11309.75,IN_REVIEW,False
6758,4169,2243,2024-09-04 22:11:34.000000,FIRE,6071.65,APPROVED,False
6759,3767,714,2025-08-11 13:51:49.000000,FLOOD,13662.51,APPROVED,False
6760,636,1155,2025-03-18 22:01:07.000000,COLLISION,4750.43,IN_REVIEW,False
6761,4307,606,2026-01-11 05:48:22.000000,FIRE,22134.42,CLOSED,True
6762,2610,1758,2025-09-20 03:46:20.000000,THEFT,10559.26,CLOSED,False
6763,4190,241,2025-10-26 17:48:53.000000,VANDALISM,4960.36,APPROVED,False
6764,1935,1763,2024-07-19 11:57:43.000000,FLOOD,3703.59,OPEN,False
6765,1067,1045,2025-04-02 13:51:27.000000,COLLISION,20745.44,IN_REVIEW,True
6766,2674,1336,2024-09-12 15:09:41.000000,FIRE,24986.4,IN_REVIEW,True
6767,4039,186,2024-09-12 10:40:46.000000,THEFT,17584.23,APPROVED,False
6768,1261,1762,2024-06-17 02:43:15.000000,GLASS_DAMAGE,5365.01,REJECTED,False
6769,4219,458,2025-02-18 16:46:43.000000,THEFT,7654.16,OPEN,False
6770,1984,2722,2025-04-18 00:31:23.000000,COLLISION,5171.5,IN_REVIEW,False
6771,1733,1326,2025-04-29 19:54:37.000000,THEFT,850.05,IN_REVIEW,False
6772,342,3185,2025-04-08 11:57:54.000000,FIRE,23473.71,CLOSED,True
6773,2980,1253,2025-02-11 20:10:51.000000,GLASS_DAMAGE,14981.86,APPROVED,False
6774,1981,2458,2025-10-05 04:46:48.000000,GLASS_DAMAGE,203.62,REJECTED,False
6775,3308,2908,2025-12-01 13:28:43.000000,VANDALISM,15134.06,IN_REVIEW,False
6776,4460,4170,2026-02-21 03:53:33.000000,GLASS_DAMAGE,10066.92,CLOSED,False
6777,4256,3416,2025-05-30 18:16:56.000000,GLASS_DAMAGE,7246.01,CLOSED,False
6778,2178,4023,2024-11-19 15:35:19.000000,VANDALISM,22628.45,REJECTED,True
6779,4364,3260,2025-12-04 10:45:37.000000,COLLISION,19946.31,APPROVED,True
6780,163,2294,2026-04-17 20:51:45.000000,GLASS_DAMAGE,6519.08,CLOSED,False
6781,1645,1087,2025-03-09 00:59:28.000000,COLLISION,14569.35,OPEN,False
6782,3642,3090,2024-12-19 09:49:48.000000,THEFT,17191.44,IN_REVIEW,False
6783,2570,1461,2025-05-20 16:12:40.000000,FLOOD,22026.75,IN_REVIEW,True
6784,786,3377,2025-11-04 20:05:42.000000,VANDALISM,2799.02,CLOSED,False
6785,3887,2082,2026-03-24 23:19:59.000000,COLLISION,12386.41,CLOSED,False
6786,1112,682,2024-10-08 11:09:22.000000,GLASS_DAMAGE,11341.21,OPEN,False
6787,77,2808,2025-05-08 00:03:53.000000,COLLISION,24918.1,REJECTED,True
6788,1741,3195,2025-10-03 02:28:20.000000,FIRE,2087.07,REJECTED,False
6789,1430,1062,2024-12-08 10:46:17.000000,FIRE,24947.74,APPROVED,True
6790,3163,64,2025-07-07 02:07:53.000000,FLOOD,16454.83,CLOSED,False
6791,4094,3931,2025-12-19 12:14:14.000000,FLOOD,13666.26,CLOSED,False
6792,3397,243,2025-06-25 15:05:31.000000,FLOOD,12299.82,REJECTED,False
6793,1093,1529,2026-04-06 12:49:12.000000,GLASS_DAMAGE,15997.02,OPEN,False
6794,4355,1290,2025-05-14 11:58:15.000000,THEFT,21404.84,CLOSED,True
6795,1405,114,2026-02-24 00:48:26.000000,FLOOD,1610.84,OPEN,False
6796,4719,3686,2025-08-29 04:15:08.000000,FIRE,9626.25,REJECTED,False
6797,2280,2831,2024-08-11 12:48:13.000000,COLLISION,11116.96,OPEN,False
6798,3090,3503,2026-01-12 21:14:03.000000,VANDALISM,3460.87,IN_REVIEW,False
6799,3695,1431,2024-08-28 05:10:25.000000,GLASS_DAMAGE,24533.5,CLOSED,True
6800,2720,1969,2026-04-13 00:08:56.000000,THEFT,4022.09,CLOSED,False
6801,3132,3734,2025-04-30 01:12:27.000000,FIRE,10030.03,CLOSED,False
6802,3635,2137,2025-04-12 06:37:24.000000,VANDALISM,3071.29,CLOSED,False
6803,2026,2102,2026-04-29 15:00:20.000000,GLASS_DAMAGE,16855.54,REJECTED,False
6804,3043,387,2025-12-21 09:38:06.000000,COLLISION,13808.8,IN_REVIEW,False
6805,1304,1104,2025-09-30 19:07:34.000000,THEFT,20918.18,APPROVED,True
6806,3414,2967,2024-07-03 09:37:40.000000,COLLISION,9411.9,IN_REVIEW,False
6807,3407,290,2026-02-18 10:09:44.000000,GLASS_DAMAGE,15451.7,IN_REVIEW,False
6808,4193,4017,2025-04-11 17:53:04.000000,GLASS_DAMAGE,17486.93,OPEN,False
6809,3119,1862,2025-01-31 02:01:54.000000,FLOOD,9276.43,APPROVED,False
6810,242,2461,2025-02-18 15:51:52.000000,COLLISION,1313.41,CLOSED,False
6811,396,1309,2025-07-06 03:21:37.000000,GLASS_DAMAGE,3292.72,CLOSED,False
6812,4252,1377,2024-07-26 05:46:55.000000,COLLISION,8715.17,CLOSED,False
6813,1546,1850,2025-08-21 02:13:57.000000,COLLISION,10542.18,APPROVED,False
6814,4333,3472,2025-10-21 00:25:20.000000,FLOOD,3407.61,APPROVED,False
6815,816,1405,2025-01-08 14:57:38.000000,COLLISION,11430.8,IN_REVIEW,False
6816,689,3933,2025-08-08 19:09:52.000000,VANDALISM,4971.77,REJECTED,False
6817,3182,40,2025-01-03 19:44:15.000000,FIRE,24794.3,OPEN,True
6818,2965,1787,2024-11-03 21:58:09.000000,FLOOD,5542.89,IN_REVIEW,False
6819,3239,3982,2026-04-06 17:24:11.000000,GLASS_DAMAGE,18062.87,OPEN,True
6820,148,3467,2025-06-14 10:35:58.000000,GLASS_DAMAGE,20319.14,CLOSED,True
6821,3973,3451,2024-10-14 01:09:38.000000,FIRE,10716.95,OPEN,False
6822,2923,1217,2026-04-02 13:03:52.000000,FIRE,13615.9,OPEN,False
6823,906,1877,2025-09-26 09:48:57.000000,THEFT,20955.88,APPROVED,True
6824,862,3577,2024-12-03 00:48:27.000000,COLLISION,12754.52,APPROVED,False
6825,4483,4034,2024-10-27 07:36:03.000000,GLASS_DAMAGE,8182.08,CLOSED,False
6826,3180,3733,2024-05-14 01:41:55.000000,FLOOD,8820.11,APPROVED,False
6827,819,1233,2024-09-06 08:24:33.000000,VANDALISM,7122.93,CLOSED,False
6828,4533,4184,2026-02-25 01:28:26.000000,GLASS_DAMAGE,18764.34,IN_REVIEW,True
6829,2317,905,2024-10-04 09:36:33.000000,VANDALISM,6732.87,REJECTED,False
6830,2303,3071,2024-08-23 05:03:10.000000,FIRE,22236.93,OPEN,True
6831,690,3765,2025-07-29 09:24:52.000000,FLOOD,19376.89,IN_REVIEW,True
6832,3344,703,2026-04-10 12:08:02.000000,FIRE,22148.26,CLOSED,True
6833,2298,412,2024-10-02 09:57:56.000000,THEFT,12650.17,REJECTED,False
6834,4169,891,2025-07-31 06:32:15.000000,FIRE,8040.76,APPROVED,False
6835,1808,3302,2024-07-27 08:26:30.000000,FLOOD,4561.95,APPROVED,False
6836,3183,1973,2024-09-26 17:52:30.000000,FLOOD,9072.96,CLOSED,False
6837,445,3060,2025-04-24 11:15:16.000000,VANDALISM,5361.6,CLOSED,False
6838,3136,3252,2025-10-16 14:09:08.000000,COLLISION,14375.12,IN_REVIEW,False
6839,863,1236,2024-05-26 00:46:03.000000,COLLISION,22867.65,APPROVED,True
6840,1668,1327,2024-09-05 13:04:34.000000,COLLISION,17320.58,APPROVED,False
6841,1961,741,2024-10-12 01:13:04.000000,FLOOD,6156.91,APPROVED,False
6842,374,884,2024-05-31 04:45:03.000000,VANDALISM,7033.89,IN_REVIEW,False
6843,956,1909,2026-03-08 19:05:46.000000,FLOOD,11210.52,CLOSED,False
6844,3831,2129,2025-04-03 19:10:10.000000,GLASS_DAMAGE,22960.05,CLOSED,True
6845,3337,1461,2025-11-14 04:51:47.000000,THEFT,5160.43,CLOSED,False
6846,4742,4149,2026-02-12 22:10:20.000000,FIRE,10146.2,CLOSED,False
6847,3024,2144,2024-12-31 13:41:29.000000,FIRE,24246.17,OPEN,True
6848,4519,471,2025-08-29 15:51:16.000000,COLLISION,5064.48,APPROVED,False
6849,1519,3212,2024-09-13 17:21:15.000000,THEFT,10770.86,CLOSED,False
6850,2982,46,2025-04-21 04:16:36.000000,COLLISION,11065.74,REJECTED,False
6851,3593,2164,2025-09-28 08:33:36.000000,GLASS_DAMAGE,8271.24,OPEN,False
6852,945,757,2025-06-23 20:08:24.000000,FIRE,14824.94,OPEN,False
6853,2111,3938,2025-09-16 10:46:00.000000,GLASS_DAMAGE,6787.42,IN_REVIEW,False
6854,2579,219,2026-03-01 03:47:02.000000,VANDALISM,1460.61,REJECTED,False
6855,2219,975,2024-08-06 21:24:50.000000,GLASS_DAMAGE,14244.37,OPEN,False
6856,3973,2008,2025-02-07 18:31:09.000000,THEFT,21803.34,APPROVED,True
6857,1018,4138,2025-07-25 00:25:13.000000,VANDALISM,9373.95,OPEN,False
6858,3761,2937,2025-11-23 12:00:47.000000,GLASS_DAMAGE,13956.1,IN_REVIEW,False
6859,1597,1889,2025-06-04 14:53:51.000000,THEFT,15297.46,OPEN,False
6860,4672,4145,2026-03-20 03:34:03.000000,COLLISION,18297.57,REJECTED,True
6861,1170,2474,2024-11-09 07:14:37.000000,GLASS_DAMAGE,7553.63,CLOSED,False
6862,4740,2282,2024-12-29 16:45:55.000000,VANDALISM,5763.5,OPEN,False
6863,1058,2055,2026-02-06 06:29:15.000000,VANDALISM,4709.16,REJECTED,False
6864,1466,579,2025-10-26 00:11:36.000000,FIRE,23181.18,REJECTED,True
6865,2917,2348,2025-03-27 13:58:35.000000,COLLISION,18808.76,REJECTED,True
6866,4289,2476,2024-05-14 12:14:56.000000,THEFT,21812.66,APPROVED,True
6867,3821,224,2024-07-11 05:45:49.000000,GLASS_DAMAGE,22763.96,IN_REVIEW,True
6868,708,2997,2024-08-17 04:42:25.000000,COLLISION,18179.8,REJECTED,True
6869,1767,3360,2025-01-19 14:44:40.000000,VANDALISM,2219.96,APPROVED,False
6870,1941,733,2024-10-29 16:23:45.000000,COLLISION,21779.26,REJECTED,True
6871,3709,2468,2025-07-27 21:37:56.000000,GLASS_DAMAGE,8762.32,IN_REVIEW,False
6872,475,1856,2026-03-03 10:17:58.000000,FIRE,22661.64,IN_REVIEW,True
6873,4279,2285,2026-02-17 16:35:28.000000,GLASS_DAMAGE,18867.07,REJECTED,True
6874,2049,1884,2025-07-25 18:32:43.000000,THEFT,10893.56,CLOSED,False
6875,1517,889,2024-09-23 00:23:59.000000,COLLISION,2235.34,CLOSED,False
6876,2058,3268,2025-09-14 03:51:08.000000,VANDALISM,23354.58,APPROVED,True
6877,2073,4143,2026-05-09 12:39:12.000000,VANDALISM,1767.2,APPROVED,False
6878,3373,1794,2025-01-16 06:01:41.000000,FLOOD,1807.96,OPEN,False
6879,2392,4126,2025-03-25 19:00:57.000000,GLASS_DAMAGE,15401.02,APPROVED,False
6880,4138,987,2026-04-05 17:31:04.000000,VANDALISM,8548.5,CLOSED,False
6881,3761,1839,2025-06-28 16:44:39.000000,FIRE,1046.99,IN_REVIEW,False
6882,4570,865,2024-07-08 00:39:28.000000,VANDALISM,12857.57,CLOSED,False
6883,1582,2161,2026-01-27 12:32:06.000000,GLASS_DAMAGE,20057.82,CLOSED,True
6884,929,1544,2025-08-29 22:22:29.000000,VANDALISM,11417.83,CLOSED,False
6885,1802,3978,2026-05-05 22:33:36.000000,FIRE,19040.15,CLOSED,True
6886,2190,3510,2024-09-26 17:38:57.000000,COLLISION,5070.55,APPROVED,False
6887,385,1173,2025-07-10 12:51:01.000000,COLLISION,268.64,REJECTED,False
6888,2659,3963,2024-08-08 03:01:29.000000,FIRE,1902.86,APPROVED,False
6889,1847,1076,2025-02-05 07:34:37.000000,FLOOD,16957.72,APPROVED,False
6890,2912,836,2025-07-03 11:44:06.000000,VANDALISM,18787.65,APPROVED,True
6891,3921,2684,2024-06-06 06:11:38.000000,COLLISION,7239.06,IN_REVIEW,False
6892,3970,2801,2024-08-14 00:58:49.000000,VANDALISM,4226.82,APPROVED,False
6893,3857,2158,2025-07-02 06:18:33.000000,VANDALISM,9038.5,APPROVED,False
6894,1285,4159,2026-02-17 03:49:16.000000,FLOOD,23612.23,OPEN,True
6895,4489,4190,2025-01-12 05:27:53.000000,FLOOD,12487.55,REJECTED,False
6896,3093,1407,2025-10-24 08:45:57.000000,FIRE,8564.7,CLOSED,False
6897,3952,437,2024-09-01 00:34:36.000000,FLOOD,392.27,CLOSED,False
6898,1020,2267,2025-01-05 07:02:17.000000,GLASS_DAMAGE,16044.51,REJECTED,False
6899,268,3987,2026-01-21 16:42:37.000000,VANDALISM,468.06,OPEN,False
6900,3354,2402,2026-01-27 14:41:05.000000,COLLISION,10274.93,REJECTED,False
6901,2788,3383,2024-07-08 14:19:16.000000,VANDALISM,19023.07,CLOSED,True
6902,760,2058,2025-02-03 13:11:30.000000,THEFT,791.33,REJECTED,False
6903,1163,1186,2025-10-12 03:01:38.000000,GLASS_DAMAGE,8552.7,APPROVED,False
6904,1637,1515,2025-04-02 02:48:33.000000,THEFT,504.17,CLOSED,False
6905,3504,2908,2026-02-27 03:35:56.000000,THEFT,13571.84,OPEN,False
6906,3077,119,2024-09-07 00:52:03.000000,FIRE,17203.82,CLOSED,False
6907,351,1578,2024-09-17 05:37:22.000000,GLASS_DAMAGE,14076.23,REJECTED,False
6908,3670,2618,2025-01-23 02:21:44.000000,FIRE,23894.76,CLOSED,True
6909,378,470,2026-01-14 22:18:50.000000,FIRE,1361.85,REJECTED,False
6910,2095,1072,2024-09-12 01:25:25.000000,GLASS_DAMAGE,20505.58,APPROVED,True
6911,1293,390,2025-04-04 13:55:29.000000,COLLISION,2636.73,CLOSED,False
6912,3679,2328,2025-03-20 08:58:03.000000,GLASS_DAMAGE,17149.21,REJECTED,False
6913,4563,2160,2025-08-15 01:30:58.000000,FLOOD,24225.85,OPEN,True
6914,3033,4053,2024-07-13 08:53:59.000000,FLOOD,2900.67,CLOSED,False
6915,3810,3115,2025-09-06 04:10:57.000000,THEFT,10710.53,IN_REVIEW,False
6916,1733,1204,2024-12-22 22:45:52.000000,FIRE,4806.64,APPROVED,False
6917,2356,3950,2024-07-15 20:37:02.000000,THEFT,18202.03,APPROVED,True
6918,2220,3823,2026-03-05 14:28:31.000000,FIRE,24778.67,APPROVED,True
6919,10,3078,2025-12-14 20:31:32.000000,FLOOD,16280.77,IN_REVIEW,False
6920,2986,349,2024-11-15 14:58:23.000000,VANDALISM,23489.25,REJECTED,True
6921,1789,2445,2024-12-08 18:39:14.000000,COLLISION,4283.94,APPROVED,False
6922,1865,134,2025-09-13 05:01:57.000000,COLLISION,22134.47,IN_REVIEW,True
6923,2740,1584,2025-02-10 19:40:40.000000,FIRE,13542.95,REJECTED,False
6924,1869,2808,2025-05-02 16:21:19.000000,FLOOD,13035.02,CLOSED,False
6925,3133,1058,2025-12-21 17:16:57.000000,THEFT,3991.06,REJECTED,False
6926,3195,1207,2025-07-10 01:37:44.000000,THEFT,19191.78,IN_REVIEW,True
6927,609,2513,2024-10-27 20:10:16.000000,THEFT,14774.02,CLOSED,False
6928,3028,3538,2025-09-21 17:48:46.000000,GLASS_DAMAGE,11082.14,IN_REVIEW,False
6929,352,1333,2024-07-01 20:15:27.000000,FIRE,8168.2,OPEN,False
6930,3906,2921,2025-02-25 15:12:19.000000,COLLISION,23120.64,OPEN,True
6931,3240,3489,2026-01-29 00:02:39.000000,GLASS_DAMAGE,3164.49,IN_REVIEW,False
6932,4789,4131,2025-02-22 14:23:26.000000,COLLISION,8135.87,OPEN,False
6933,536,617,2024-08-14 17:34:33.000000,FIRE,13180.51,REJECTED,False
6934,3666,1179,2024-07-09 00:35:14.000000,VANDALISM,19507.68,IN_REVIEW,True
6935,1541,1800,2024-11-17 01:02:08.000000,COLLISION,19189.27,OPEN,True
6936,2150,3707,2024-12-01 10:45:33.000000,FLOOD,24420.26,APPROVED,True
6937,4681,3976,2025-05-15 07:33:00.000000,GLASS_DAMAGE,24886.85,OPEN,True
6938,4581,66,2026-02-20 19:34:22.000000,COLLISION,14241.41,CLOSED,False
6939,750,1787,2024-10-22 17:41:55.000000,THEFT,4121.75,CLOSED,False
6940,4291,1429,2025-07-15 22:32:29.000000,THEFT,14992.75,CLOSED,False
6941,1557,1669,2025-04-10 00:41:08.000000,FLOOD,19874.72,APPROVED,True
6942,4095,1278,2025-11-01 05:08:36.000000,FLOOD,19779.74,APPROVED,True
6943,1023,18,2026-03-23 07:06:49.000000,FIRE,15881.32,REJECTED,False
6944,1998,1852,2025-11-12 02:14:42.000000,GLASS_DAMAGE,6347.7,OPEN,False
6945,267,1725,2025-06-13 16:56:15.000000,FLOOD,21693.81,APPROVED,True
6946,2940,4098,2025-05-31 13:33:28.000000,THEFT,13997.5,CLOSED,False
6947,2637,2532,2024-09-19 19:34:36.000000,VANDALISM,19196.46,APPROVED,True
6948,3173,1182,2025-04-25 18:48:18.000000,COLLISION,501.49,CLOSED,False
6949,255,3510,2026-04-15 06:10:43.000000,FLOOD,8066.97,REJECTED,False
6950,1197,3259,2025-06-15 09:53:46.000000,THEFT,22920.8,IN_REVIEW,True
6951,2716,2017,2026-02-12 18:09:51.000000,FLOOD,18638.35,REJECTED,True
6952,2668,2167,2026-04-12 02:25:54.000000,FLOOD,13235.47,IN_REVIEW,False
6953,4091,3381,2025-10-29 21:25:45.000000,COLLISION,9503.48,REJECTED,False
6954,583,4193,2025-06-07 16:48:40.000000,VANDALISM,742.88,IN_REVIEW,False
6955,2132,1371,2024-05-31 00:22:14.000000,FIRE,20129.29,CLOSED,True
6956,4272,4056,2025-07-16 04:22:25.000000,FIRE,7099.73,REJECTED,False
6957,4571,2524,2026-02-14 06:18:00.000000,THEFT,2187.67,IN_REVIEW,False
6958,1963,2528,2025-05-18 10:08:36.000000,GLASS_DAMAGE,23278.17,OPEN,True
6959,3156,1760,2024-06-13 05:44:10.000000,FIRE,11315.26,OPEN,False
6960,1763,2578,2024-07-30 11:19:15.000000,FLOOD,19336.73,CLOSED,True
6961,1428,492,2025-02-04 08:00:42.000000,FLOOD,2477.2,OPEN,False
6962,3806,60,2026-03-31 08:13:56.000000,FLOOD,15152.81,CLOSED,False
6963,4100,3326,2026-04-14 14:06:58.000000,FLOOD,23092.87,IN_REVIEW,True
6964,2995,188,2024-07-28 12:31:17.000000,VANDALISM,8023.79,CLOSED,False
6965,3116,174,2024-07-21 16:31:42.000000,THEFT,21450.3,OPEN,True
6966,2523,48,2024-07-20 09:01:13.000000,COLLISION,14197.1,REJECTED,False
6967,3126,135,2024-09-28 08:40:47.000000,COLLISION,5268.93,APPROVED,False
6968,4572,3073,2025-06-18 10:44:41.000000,FLOOD,12668.91,CLOSED,False
6969,3671,4029,2025-04-04 20:44:22.000000,VANDALISM,982.28,OPEN,False
6970,1338,3241,2024-06-20 10:52:36.000000,GLASS_DAMAGE,21737.26,REJECTED,True
6971,4385,1475,2025-02-11 06:13:37.000000,FIRE,13618.77,CLOSED,False
6972,1157,1037,2024-09-03 06:50:14.000000,GLASS_DAMAGE,6789.62,OPEN,False
6973,1855,1639,2025-02-01 19:21:34.000000,THEFT,395.41,REJECTED,False
6974,3018,157,2024-11-04 22:07:51.000000,GLASS_DAMAGE,22883.44,CLOSED,True
6975,1015,787,2025-04-13 03:02:34.000000,VANDALISM,16810.95,REJECTED,False
6976,2260,2363,2025-07-10 08:27:24.000000,THEFT,9325.71,REJECTED,False
6977,4705,3390,2026-02-27 04:43:01.000000,FLOOD,7307.51,CLOSED,False
6978,3198,2282,2026-02-07 08:31:22.000000,GLASS_DAMAGE,972.13,REJECTED,False
6979,752,2623,2025-07-20 13:14:44.000000,VANDALISM,6154.75,REJECTED,False
6980,2398,2432,2026-01-22 10:53:26.000000,VANDALISM,22036.02,APPROVED,True
6981,3454,309,2025-12-20 13:19:17.000000,GLASS_DAMAGE,15810.86,CLOSED,False
6982,2448,3867,2024-08-01 05:11:25.000000,VANDALISM,12150.47,APPROVED,False
6983,4484,857,2025-10-22 15:45:23.000000,THEFT,1343.93,APPROVED,False
6984,334,1822,2025-04-15 18:41:21.000000,FLOOD,23278.99,APPROVED,True
6985,3543,2713,2025-12-26 11:24:21.000000,FLOOD,18721.45,OPEN,True
6986,269,771,2025-03-11 18:42:23.000000,GLASS_DAMAGE,15050.39,IN_REVIEW,False
6987,12,3844,2024-08-10 19:42:31.000000,FIRE,14572.83,CLOSED,False
6988,4367,4165,2025-12-20 12:58:53.000000,THEFT,23849.47,IN_REVIEW,True
6989,1279,2992,2024-06-12 23:29:11.000000,FLOOD,7489.88,IN_REVIEW,False
6990,4600,2234,2024-05-12 07:52:52.000000,VANDALISM,9015.85,IN_REVIEW,False
6991,2007,4068,2025-09-13 18:27:44.000000,FIRE,13901.58,APPROVED,False
6992,3702,3187,2025-09-30 12:43:40.000000,FIRE,1896.15,REJECTED,False
6993,4459,426,2025-03-23 05:16:04.000000,VANDALISM,16976.73,IN_REVIEW,False
6994,2949,482,2024-10-05 19:41:37.000000,FLOOD,1624.14,APPROVED,False
6995,3569,2756,2025-11-13 08:05:04.000000,FLOOD,6146.1,CLOSED,False
6996,539,1098,2024-11-05 01:58:05.000000,VANDALISM,19082.23,REJECTED,True
6997,1424,3746,2025-03-03 11:42:18.000000,FLOOD,3439.19,APPROVED,False
6998,3643,1596,2025-07-26 06:19:13.000000,COLLISION,5306.86,OPEN,False
6999,3650,3115,2026-01-29 20:13:54.000000,FLOOD,5175.45,OPEN,False
7000,1248,2878,2025-01-21 23:52:55.000000,VANDALISM,6658.61,CLOSED,False
7001,3685,264,2025-06-16 15:11:24.000000,THEFT,2550.16,REJECTED,False
7002,4349,3375,2026-01-15 15:58:54.000000,VANDALISM,20598.81,OPEN,True
7003,1732,1990,2024-06-02 07:41:39.000000,VANDALISM,16117.19,APPROVED,False
7004,3210,3825,2025-08-06 10:14:18.000000,COLLISION,16461.46,REJECTED,False
7005,629,2952,2025-08-27 01:53:40.000000,THEFT,15567.76,APPROVED,False
7006,2022,1913,2025-09-26 07:59:19.000000,GLASS_DAMAGE,2595.49,OPEN,False
7007,2156,2483,2025-11-26 18:51:04.000000,FLOOD,21649.24,APPROVED,True
7008,3519,1977,2026-01-19 22:00:32.000000,COLLISION,12678.51,IN_REVIEW,False
7009,2916,1931,2024-07-09 04:57:54.000000,THEFT,16821.87,REJECTED,False
7010,3365,1897,2025-10-29 15:59:04.000000,VANDALISM,3224.39,REJECTED,False
7011,608,765,2026-01-04 18:24:58.000000,THEFT,14798.77,IN_REVIEW,False
7012,1488,1786,2025-09-15 04:46:17.000000,FIRE,3316.0,APPROVED,False
7013,625,1034,2024-12-14 09:08:53.000000,FLOOD,3865.5,APPROVED,False
7014,4495,16,2024-10-03 10:22:51.000000,FLOOD,1725.53,CLOSED,False
7015,4402,565,2024-12-15 17:06:10.000000,FIRE,6935.58,OPEN,False
7016,3719,2276,2025-08-23 16:25:00.000000,GLASS_DAMAGE,7604.88,IN_REVIEW,False
7017,1129,1429,2026-02-22 20:57:45.000000,VANDALISM,2483.8,CLOSED,False
7018,3140,4014,2024-12-23 00:26:33.000000,COLLISION,8102.99,APPROVED,False
7019,3493,555,2025-01-12 21:09:38.000000,COLLISION,8055.88,APPROVED,False
7020,3314,592,2026-02-24 04:47:29.000000,THEFT,5728.36,REJECTED,False
7021,96,1136,2024-05-19 10:47:44.000000,COLLISION,4224.83,IN_REVIEW,False
7022,3402,1339,2026-03-20 16:31:07.000000,GLASS_DAMAGE,6733.35,REJECTED,False
7023,3834,1815,2024-10-25 18:13:35.000000,THEFT,23719.77,CLOSED,True
7024,2418,549,2025-06-09 14:02:44.000000,FLOOD,22239.9,CLOSED,True
7025,2241,2747,2025-05-18 13:32:18.000000,GLASS_DAMAGE,12353.79,IN_REVIEW,False
7026,838,1400,2024-05-19 03:37:18.000000,FLOOD,4326.38,REJECTED,False
7027,867,3553,2024-10-18 20:30:16.000000,FIRE,12701.76,CLOSED,False
7028,392,1689,2026-04-23 02:57:42.000000,THEFT,2088.18,CLOSED,False
7029,3228,383,2025-08-29 23:28:03.000000,COLLISION,14650.21,REJECTED,False
7030,1778,2086,2025-04-03 04:25:10.000000,FIRE,17052.82,OPEN,False
7031,4631,2307,2025-02-22 05:55:56.000000,FIRE,24276.63,APPROVED,True
7032,1043,1964,2025-04-10 17:57:41.000000,FIRE,378.18,OPEN,False
7033,3811,1367,2025-03-04 15:15:12.000000,THEFT,9695.36,CLOSED,False
7034,4485,2755,2025-02-21 23:00:16.000000,FLOOD,20497.29,APPROVED,True
7035,926,1583,2025-07-30 00:45:21.000000,FIRE,19908.57,REJECTED,True
7036,4309,3040,2025-12-31 13:17:44.000000,FLOOD,5573.35,IN_REVIEW,False
7037,2583,1578,2026-01-19 23:53:06.000000,FLOOD,5490.18,APPROVED,False
7038,3931,515,2026-02-26 10:24:30.000000,GLASS_DAMAGE,1475.08,REJECTED,False
7039,1079,2412,2025-04-02 17:59:38.000000,GLASS_DAMAGE,366.24,IN_REVIEW,False
7040,3377,3697,2025-04-13 05:34:52.000000,COLLISION,10333.41,CLOSED,False
7041,2707,305,2025-05-04 01:20:23.000000,FLOOD,9223.02,OPEN,False
7042,1201,1342,2025-09-17 04:02:13.000000,COLLISION,15870.19,CLOSED,False
7043,2715,3268,2024-09-11 22:48:40.000000,FLOOD,13481.0,OPEN,False
7044,1354,881,2025-11-28 04:07:34.000000,GLASS_DAMAGE,9199.05,REJECTED,False
7045,3322,667,2025-02-11 03:21:49.000000,VANDALISM,7871.74,REJECTED,False
7046,86,2947,2026-03-19 00:56:24.000000,FIRE,15821.31,APPROVED,False
7047,1909,214,2024-07-19 10:09:12.000000,COLLISION,4313.36,CLOSED,False
7048,3377,1930,2025-02-03 13:01:22.000000,GLASS_DAMAGE,3978.79,APPROVED,False
7049,2298,3974,2025-03-24 06:45:40.000000,VANDALISM,21002.87,CLOSED,True
7050,613,3387,2024-11-05 14:39:03.000000,FLOOD,416.07,IN_REVIEW,False
7051,2677,1396,2024-08-26 20:22:45.000000,GLASS_DAMAGE,13939.17,REJECTED,False
7052,2777,3324,2024-09-26 23:54:25.000000,GLASS_DAMAGE,24003.33,REJECTED,True
7053,4330,4185,2026-02-06 17:40:15.000000,COLLISION,556.76,APPROVED,False
7054,556,3238,2025-05-01 13:31:42.000000,FLOOD,8453.08,APPROVED,False
7055,2532,810,2026-01-01 00:02:27.000000,GLASS_DAMAGE,11606.7,OPEN,False
7056,375,3197,2025-12-31 00:13:43.000000,FLOOD,10757.45,CLOSED,False
7057,889,1581,2025-07-24 04:22:58.000000,THEFT,17008.58,OPEN,False
7058,533,3811,2025-12-25 04:23:02.000000,FIRE,24217.7,OPEN,True
7059,3483,2600,2026-05-07 22:08:20.000000,GLASS_DAMAGE,17808.31,APPROVED,False
7060,736,3008,2025-06-23 06:12:43.000000,FIRE,24055.87,APPROVED,True
7061,683,3142,2025-04-08 13:30:54.000000,FIRE,18121.35,CLOSED,True
7062,1588,1381,2025-07-23 21:38:02.000000,FLOOD,11721.75,APPROVED,False
7063,4682,2984,2025-08-09 14:09:22.000000,THEFT,9634.83,OPEN,False
7064,3445,1548,2025-09-05 21:42:09.000000,FIRE,4559.8,APPROVED,False
7065,15,993,2026-04-29 05:41:49.000000,THEFT,19101.7,OPEN,True
7066,1745,3068,2024-12-12 19:18:22.000000,GLASS_DAMAGE,4249.61,REJECTED,False
7067,2501,2579,2025-11-22 18:42:21.000000,COLLISION,3683.92,REJECTED,False
7068,2793,2819,2026-02-18 17:55:15.000000,FLOOD,5531.6,IN_REVIEW,False
7069,3249,2544,2025-11-28 02:40:13.000000,COLLISION,263.04,CLOSED,False
7070,3560,3581,2025-12-21 19:14:53.000000,FLOOD,7056.51,APPROVED,False
7071,3525,2005,2024-05-28 11:41:44.000000,FIRE,17187.85,APPROVED,False
7072,2976,3824,2024-10-01 18:00:05.000000,VANDALISM,1183.82,IN_REVIEW,False
7073,929,458,2025-03-01 11:31:14.000000,FLOOD,15508.21,CLOSED,False
7074,4521,3254,2026-03-11 05:23:00.000000,GLASS_DAMAGE,597.97,IN_REVIEW,False
7075,4477,2468,2025-12-30 18:55:45.000000,COLLISION,1379.33,OPEN,False
7076,2032,1540,2025-06-17 20:39:41.000000,VANDALISM,5104.03,REJECTED,False
7077,3919,2459,2024-10-18 10:54:35.000000,GLASS_DAMAGE,15842.86,APPROVED,False
7078,1660,2308,2025-12-17 13:57:32.000000,GLASS_DAMAGE,2675.97,APPROVED,False
7079,4405,248,2024-08-29 10:38:59.000000,COLLISION,18906.57,APPROVED,True
7080,1475,2073,2025-04-21 04:06:01.000000,GLASS_DAMAGE,6314.28,REJECTED,False
7081,2553,1862,2025-11-21 16:46:47.000000,GLASS_DAMAGE,15892.32,OPEN,False
7082,2853,2745,2025-05-20 13:32:44.000000,VANDALISM,17328.0,REJECTED,False
7083,3377,4085,2024-05-24 21:57:20.000000,FLOOD,2135.73,IN_REVIEW,False
7084,3249,2693,2025-07-14 21:56:29.000000,VANDALISM,19370.83,APPROVED,True
7085,770,295,2025-06-25 11:49:52.000000,VANDALISM,24540.02,OPEN,True
7086,4464,3421,2025-05-29 14:47:27.000000,THEFT,12472.42,IN_REVIEW,False
7087,2914,3309,2024-12-26 21:19:17.000000,COLLISION,23920.35,IN_REVIEW,True
7088,3460,2454,2025-12-09 14:37:49.000000,GLASS_DAMAGE,7080.32,IN_REVIEW,False
7089,3541,281,2026-03-24 04:20:05.000000,THEFT,23212.47,REJECTED,True
7090,1114,2065,2026-03-31 05:53:07.000000,THEFT,8968.99,REJECTED,False
7091,1842,1750,2026-03-15 22:31:14.000000,VANDALISM,13055.13,IN_REVIEW,False
7092,4055,445,2025-02-09 23:26:04.000000,THEFT,271.04,APPROVED,False
7093,3425,1453,2024-07-28 16:19:19.000000,FIRE,24071.07,APPROVED,True
7094,4253,1818,2024-12-15 09:35:32.000000,THEFT,18470.62,CLOSED,True
7095,41,785,2024-12-24 09:27:50.000000,THEFT,20274.64,CLOSED,True
7096,646,3924,2026-04-15 16:34:07.000000,FIRE,7497.32,OPEN,False
7097,466,2735,2025-05-04 07:24:17.000000,VANDALISM,22893.71,IN_REVIEW,True
7098,1031,3456,2025-04-28 02:06:45.000000,FIRE,23058.62,APPROVED,True
7099,3372,1485,2025-08-24 02:59:27.000000,COLLISION,22798.07,REJECTED,True
7100,987,2605,2024-08-15 23:11:53.000000,THEFT,22577.38,APPROVED,True
7101,2559,3935,2024-09-30 20:54:54.000000,FLOOD,17271.56,IN_REVIEW,False
7102,3928,2944,2024-10-14 14:14:08.000000,FLOOD,22784.75,APPROVED,True
7103,691,1133,2024-07-07 15:25:12.000000,FIRE,13848.98,REJECTED,False
7104,458,1565,2025-07-13 18:55:52.000000,GLASS_DAMAGE,12498.19,OPEN,False
7105,628,1556,2025-09-20 09:12:56.000000,GLASS_DAMAGE,7713.82,APPROVED,False
7106,196,1092,2025-06-21 06:10:47.000000,VANDALISM,22661.73,OPEN,True
7107,1333,4125,2025-04-19 23:35:21.000000,FIRE,11921.48,APPROVED,False
7108,2627,170,2024-07-10 02:26:10.000000,THEFT,5599.89,REJECTED,False
7109,145,268,2025-05-13 02:05:48.000000,FLOOD,13253.61,IN_REVIEW,False
7110,2087,2079,2026-01-27 19:26:06.000000,THEFT,6646.94,IN_REVIEW,False
7111,1855,2265,2025-04-10 15:28:59.000000,FLOOD,969.22,CLOSED,False
7112,1140,1988,2024-06-16 08:10:08.000000,GLASS_DAMAGE,11945.21,REJECTED,False
7113,1871,433,2024-09-13 14:01:30.000000,THEFT,19860.42,REJECTED,True
7114,4271,1269,2025-04-23 11:44:56.000000,GLASS_DAMAGE,16668.77,CLOSED,False
7115,1355,3455,2026-04-08 14:43:24.000000,GLASS_DAMAGE,2665.59,REJECTED,False
7116,164,2702,2024-07-02 00:32:04.000000,GLASS_DAMAGE,19381.74,OPEN,True
7117,914,1574,2025-08-01 00:04:50.000000,COLLISION,9619.02,CLOSED,False
7118,300,1988,2024-11-28 03:02:01.000000,THEFT,18514.08,REJECTED,True
7119,3131,2764,2025-04-22 18:16:12.000000,FIRE,5672.83,REJECTED,False
7120,4739,1988,2025-08-15 22:49:13.000000,VANDALISM,12936.33,IN_REVIEW,False
7121,148,1804,2025-07-29 16:43:03.000000,COLLISION,21974.83,IN_REVIEW,True
7122,1563,2015,2024-08-02 05:10:42.000000,COLLISION,14838.06,CLOSED,False
7123,3080,170,2024-10-21 01:52:55.000000,FLOOD,23932.73,APPROVED,True
7124,2634,1505,2024-06-14 01:13:31.000000,VANDALISM,14301.73,IN_REVIEW,False
7125,642,160,2025-09-18 01:35:58.000000,THEFT,3619.27,CLOSED,False
7126,4614,1431,2025-02-01 20:17:04.000000,FIRE,23397.64,OPEN,True
7127,1531,3656,2026-02-08 08:44:09.000000,THEFT,13622.6,CLOSED,False
7128,3850,3618,2025-02-26 01:58:50.000000,COLLISION,12288.25,APPROVED,False
7129,1684,57,2024-05-28 12:38:09.000000,COLLISION,20812.38,IN_REVIEW,True
7130,4482,2492,2026-04-14 06:45:43.000000,FLOOD,9039.28,IN_REVIEW,False
7131,2293,2934,2025-07-05 21:30:28.000000,FLOOD,3658.97,IN_REVIEW,False
7132,1791,1481,2025-12-05 09:15:50.000000,GLASS_DAMAGE,2544.26,IN_REVIEW,False
7133,1175,2892,2025-09-18 10:50:52.000000,FLOOD,14037.21,REJECTED,False
7134,2439,2674,2024-05-31 23:36:18.000000,FLOOD,7257.34,REJECTED,False
7135,3631,1496,2026-04-01 02:53:56.000000,FLOOD,21482.37,IN_REVIEW,True
7136,1246,486,2026-02-23 17:22:20.000000,THEFT,15878.84,REJECTED,False
7137,714,3921,2025-02-15 06:41:43.000000,GLASS_DAMAGE,18996.15,REJECTED,True
7138,132,2291,2024-08-04 16:49:20.000000,FIRE,7664.49,CLOSED,False
7139,2156,3855,2025-01-26 23:07:53.000000,GLASS_DAMAGE,21980.75,APPROVED,True
7140,2108,663,2024-05-31 17:15:43.000000,FIRE,6525.68,REJECTED,False
7141,4199,2621,2024-09-20 17:23:27.000000,THEFT,7492.53,CLOSED,False
7142,1399,2616,2025-05-22 07:51:23.000000,COLLISION,4495.58,OPEN,False
7143,4104,1614,2025-05-09 03:56:45.000000,FIRE,20517.46,REJECTED,True
7144,918,3134,2026-04-23 20:35:00.000000,GLASS_DAMAGE,18877.7,CLOSED,True
7145,651,3712,2024-10-08 04:13:30.000000,THEFT,2377.91,OPEN,False
7146,1656,206,2025-04-27 22:15:40.000000,VANDALISM,1325.67,IN_REVIEW,False
7147,2495,2312,2024-11-13 11:38:40.000000,GLASS_DAMAGE,7934.95,OPEN,False
7148,4143,1296,2025-12-24 19:20:07.000000,FIRE,2272.76,CLOSED,False
7149,4019,3053,2025-03-24 18:19:53.000000,COLLISION,10358.86,IN_REVIEW,False
7150,2533,761,2024-06-10 04:49:24.000000,COLLISION,8191.74,APPROVED,False
7151,3896,773,2024-07-06 00:40:45.000000,VANDALISM,6814.93,OPEN,False
7152,463,777,2024-06-06 17:15:23.000000,FIRE,17511.87,APPROVED,False
7153,1172,3571,2025-08-17 03:47:44.000000,GLASS_DAMAGE,7200.43,APPROVED,False
7154,2738,1305,2026-03-10 04:45:32.000000,GLASS_DAMAGE,21712.21,OPEN,True
7155,2383,3483,2025-03-15 23:06:58.000000,FIRE,14704.79,OPEN,False
7156,1465,3414,2024-08-21 07:10:00.000000,COLLISION,4794.09,REJECTED,False
7157,297,930,2026-03-31 00:08:22.000000,FLOOD,9776.63,REJECTED,False
7158,698,2566,2024-06-07 16:09:33.000000,GLASS_DAMAGE,4200.28,REJECTED,False
7159,3788,2482,2025-12-06 17:28:26.000000,FLOOD,23602.54,REJECTED,True
7160,267,1051,2025-10-11 03:35:23.000000,GLASS_DAMAGE,21309.9,IN_REVIEW,True
7161,1476,1140,2024-12-18 12:53:22.000000,THEFT,11036.09,OPEN,False
7162,1822,1550,2025-05-28 22:40:21.000000,THEFT,11429.73,IN_REVIEW,False
7163,2533,147,2025-07-22 19:33:50.000000,VANDALISM,18805.45,APPROVED,True
7164,2784,3621,2024-07-28 20:22:08.000000,FIRE,4225.55,IN_REVIEW,False
7165,629,2323,2026-04-19 20:39:37.000000,FLOOD,18990.8,CLOSED,True
7166,2941,4170,2025-10-24 02:52:04.000000,GLASS_DAMAGE,10760.56,OPEN,False
7167,1637,608,2026-01-24 01:24:20.000000,VANDALISM,3810.95,REJECTED,False
7168,2675,561,2025-09-26 19:51:00.000000,FIRE,1109.42,IN_REVIEW,False
7169,903,3368,2025-12-19 22:21:37.000000,COLLISION,18020.15,OPEN,True
7170,4146,3361,2025-08-09 07:49:38.000000,COLLISION,8175.03,CLOSED,False
7171,4360,1523,2025-04-15 19:38:52.000000,GLASS_DAMAGE,17027.38,REJECTED,False
7172,3136,1903,2025-11-23 04:36:40.000000,FIRE,11429.55,IN_REVIEW,False
7173,4056,3394,2026-02-06 15:53:30.000000,FIRE,8075.52,APPROVED,False
7174,3099,2425,2024-09-14 09:08:59.000000,GLASS_DAMAGE,4271.21,IN_REVIEW,False
7175,4269,3152,2025-09-25 22:35:38.000000,VANDALISM,13379.71,OPEN,False
7176,649,1394,2024-08-07 23:59:15.000000,FLOOD,15681.76,OPEN,False
7177,4268,3138,2025-10-31 12:23:13.000000,THEFT,11811.07,REJECTED,False
7178,1487,2355,2026-02-26 12:07:14.000000,VANDALISM,10881.39,REJECTED,False
7179,3350,468,2025-01-25 09:20:29.000000,GLASS_DAMAGE,12812.82,CLOSED,False
7180,3919,3680,2024-12-05 09:37:50.000000,FIRE,24357.92,REJECTED,True
7181,1154,1739,2026-02-18 11:25:39.000000,GLASS_DAMAGE,7543.0,CLOSED,False
7182,196,3562,2025-12-23 08:27:37.000000,FIRE,19131.91,CLOSED,True
7183,4686,956,2024-06-24 20:23:24.000000,FLOOD,2113.45,OPEN,False
7184,3039,2444,2025-11-02 00:54:15.000000,VANDALISM,616.56,CLOSED,False
7185,897,2073,2025-09-20 15:00:04.000000,FLOOD,767.1,IN_REVIEW,False
7186,3653,2607,2024-06-16 04:54:44.000000,COLLISION,23547.02,OPEN,True
7187,4481,1554,2024-12-09 03:56:02.000000,FLOOD,17260.78,REJECTED,False
7188,1916,3223,2024-12-27 01:56:17.000000,COLLISION,24092.84,APPROVED,True
7189,1898,4025,2025-10-20 02:43:21.000000,COLLISION,1040.91,REJECTED,False
7190,3665,809,2024-06-08 00:04:47.000000,FIRE,18491.84,IN_REVIEW,True
7191,3593,2848,2026-01-09 21:04:54.000000,THEFT,15483.53,REJECTED,False
7192,4537,2662,2026-03-17 02:45:09.000000,FIRE,13570.34,CLOSED,False
7193,817,235,2024-07-29 08:14:48.000000,VANDALISM,19935.48,OPEN,True
7194,588,2338,2025-06-25 03:54:07.000000,GLASS_DAMAGE,8559.65,IN_REVIEW,False
7195,1497,328,2024-12-31 23:24:45.000000,COLLISION,712.26,CLOSED,False
7196,4625,2422,2024-10-12 19:20:15.000000,FLOOD,11891.72,REJECTED,False
7197,2738,4109,2026-03-02 13:37:59.000000,THEFT,14605.9,OPEN,False
7198,798,3213,2024-10-21 02:19:08.000000,VANDALISM,10858.46,APPROVED,False
7199,3230,872,2024-12-13 03:17:04.000000,COLLISION,9702.32,REJECTED,False
7200,4450,2563,2024-09-18 06:40:40.000000,THEFT,7687.06,IN_REVIEW,False
7201,692,96,2026-02-06 16:37:51.000000,FLOOD,6494.99,IN_REVIEW,False
7202,3223,1190,2024-07-11 22:37:10.000000,VANDALISM,11832.19,REJECTED,False
7203,102,780,2024-06-30 01:25:58.000000,FIRE,13922.65,REJECTED,False
7204,2056,2868,2024-06-29 09:00:12.000000,GLASS_DAMAGE,23200.56,CLOSED,True
7205,1148,2947,2024-10-09 16:49:37.000000,VANDALISM,24514.31,IN_REVIEW,True
7206,3292,879,2025-02-25 01:56:46.000000,THEFT,5867.58,REJECTED,False
7207,1361,2133,2025-11-04 18:52:08.000000,FLOOD,1924.23,IN_REVIEW,False
7208,4684,1357,2025-11-04 00:03:14.000000,FLOOD,18840.78,IN_REVIEW,True
7209,678,1010,2025-10-06 10:14:17.000000,FLOOD,14563.62,APPROVED,False
7210,1636,3673,2025-02-21 07:29:30.000000,VANDALISM,16342.75,IN_REVIEW,False
7211,2729,1935,2025-09-01 04:57:31.000000,FLOOD,2722.85,OPEN,False
7212,332,512,2024-10-09 04:27:58.000000,COLLISION,19096.3,OPEN,True
7213,3574,706,2025-12-12 10:39:31.000000,FLOOD,18821.15,IN_REVIEW,True
7214,3721,2462,2025-01-13 02:39:43.000000,FIRE,16649.29,OPEN,False
7215,1970,2041,2025-01-08 16:58:36.000000,THEFT,9051.6,OPEN,False
7216,627,3001,2024-11-26 10:42:59.000000,FLOOD,21337.42,REJECTED,True
7217,3821,2025,2024-12-12 21:52:07.000000,FLOOD,18716.71,APPROVED,True
7218,4516,1024,2025-01-07 17:36:24.000000,THEFT,11038.93,REJECTED,False
7219,4642,347,2025-01-18 08:14:03.000000,FIRE,9612.05,APPROVED,False
7220,1595,1144,2024-10-13 16:26:40.000000,VANDALISM,23898.99,IN_REVIEW,True
7221,27,39,2024-07-01 17:57:58.000000,FIRE,7844.2,IN_REVIEW,False
7222,265,169,2025-06-16 20:55:22.000000,COLLISION,9018.02,OPEN,False
7223,1760,2880,2026-02-14 04:11:35.000000,THEFT,6691.77,CLOSED,False
7224,1069,2496,2024-10-20 06:33:42.000000,FIRE,17989.94,APPROVED,False
7225,2640,3241,2025-01-02 12:29:27.000000,FLOOD,2196.43,CLOSED,False
7226,4063,3093,2024-10-09 00:47:24.000000,GLASS_DAMAGE,5622.33,REJECTED,False
7227,2740,3474,2025-08-20 12:17:20.000000,COLLISION,5977.26,CLOSED,False
7228,3949,1083,2025-11-24 23:20:18.000000,GLASS_DAMAGE,5561.2,OPEN,False
7229,4660,4081,2025-07-09 02:29:30.000000,FLOOD,2423.96,APPROVED,False
7230,3727,436,2025-02-17 14:48:09.000000,GLASS_DAMAGE,6385.24,REJECTED,False
7231,1445,2278,2025-04-10 02:06:54.000000,FIRE,14640.79,OPEN,False
7232,4120,4108,2025-06-11 06:54:16.000000,THEFT,19090.02,APPROVED,True
7233,2307,1901,2024-08-07 14:52:47.000000,VANDALISM,16050.25,CLOSED,False
7234,3421,1373,2025-07-28 12:04:54.000000,COLLISION,14890.26,IN_REVIEW,False
7235,103,2320,2025-11-22 14:59:39.000000,VANDALISM,2834.53,IN_REVIEW,False
7236,2375,3627,2025-08-18 00:53:32.000000,COLLISION,8258.95,IN_REVIEW,False
7237,2471,1475,2024-05-22 05:55:24.000000,FLOOD,12787.31,CLOSED,False
7238,994,2474,2025-12-16 07:20:21.000000,THEFT,11398.66,APPROVED,False
7239,602,3731,2026-04-11 00:02:57.000000,FLOOD,22823.22,CLOSED,True
7240,3034,3961,2024-06-14 13:58:53.000000,VANDALISM,22821.86,IN_REVIEW,True
7241,1785,1450,2025-09-25 20:49:35.000000,FIRE,11500.22,APPROVED,False
7242,3147,2715,2024-06-02 14:14:30.000000,GLASS_DAMAGE,24059.82,APPROVED,True
7243,3701,132,2026-03-16 23:05:05.000000,GLASS_DAMAGE,6382.41,REJECTED,False
7244,1629,1790,2026-04-10 11:01:25.000000,FLOOD,20034.84,REJECTED,True
7245,3263,627,2025-09-22 16:37:09.000000,THEFT,24649.97,IN_REVIEW,True
7246,3438,1135,2025-03-22 13:35:12.000000,COLLISION,1914.18,CLOSED,False
7247,4664,389,2024-05-29 23:34:48.000000,VANDALISM,5496.29,APPROVED,False
7248,3702,2842,2025-03-08 08:22:05.000000,FIRE,19783.49,CLOSED,True
7249,567,3338,2024-11-15 08:46:26.000000,FIRE,17242.25,CLOSED,False
7250,2322,933,2024-08-14 04:10:55.000000,COLLISION,298.04,CLOSED,False
7251,210,1063,2025-03-25 21:26:40.000000,GLASS_DAMAGE,17357.69,OPEN,False
7252,4144,2202,2025-06-15 04:32:01.000000,FLOOD,1950.63,CLOSED,False
7253,1003,3262,2025-06-15 11:56:49.000000,FLOOD,10033.17,REJECTED,False
7254,1108,1904,2024-12-27 21:07:09.000000,THEFT,9309.37,REJECTED,False
7255,119,988,2025-05-31 07:26:07.000000,GLASS_DAMAGE,7453.93,APPROVED,False
7256,82,910,2025-01-22 14:32:31.000000,COLLISION,24402.96,OPEN,True
7257,681,2649,2025-02-11 09:19:01.000000,THEFT,2154.77,APPROVED,False
7258,563,3846,2026-04-07 05:55:15.000000,FLOOD,1491.58,APPROVED,False
7259,2406,2063,2026-02-13 22:23:47.000000,FLOOD,9351.61,CLOSED,False
7260,1673,2248,2025-09-17 08:59:27.000000,THEFT,5951.67,CLOSED,False
7261,2293,3930,2024-10-30 06:59:59.000000,FIRE,20727.05,APPROVED,True
7262,3421,889,2025-03-23 05:45:05.000000,FLOOD,18628.75,CLOSED,True
7263,4462,1151,2025-10-16 16:14:36.000000,FIRE,24813.55,CLOSED,True
7264,3435,52,2024-07-06 02:08:24.000000,THEFT,18239.25,IN_REVIEW,True
7265,274,3832,2024-07-02 09:55:26.000000,VANDALISM,11243.58,OPEN,False
7266,1521,1371,2025-11-07 23:06:14.000000,THEFT,24599.76,APPROVED,True
7267,2789,546,2025-05-20 14:50:22.000000,THEFT,4925.82,CLOSED,False
7268,4591,2902,2025-09-30 05:34:50.000000,FLOOD,16250.97,OPEN,False
7269,950,1643,2025-08-21 22:42:01.000000,COLLISION,1229.55,IN_REVIEW,False
7270,3892,813,2024-07-14 02:03:36.000000,FIRE,5196.88,CLOSED,False
7271,1277,1879,2025-12-26 07:54:59.000000,COLLISION,9241.44,APPROVED,False
7272,4506,2799,2026-05-12 02:57:36.000000,GLASS_DAMAGE,11953.77,OPEN,False
7273,871,1273,2024-07-21 00:41:20.000000,VANDALISM,4441.29,CLOSED,False
7274,3414,3481,2025-09-19 18:02:38.000000,GLASS_DAMAGE,2901.32,CLOSED,False
7275,1681,38,2025-04-25 08:44:50.000000,FIRE,3938.52,IN_REVIEW,False
7276,2042,2746,2024-09-03 20:53:28.000000,FIRE,14871.57,REJECTED,False
7277,2987,824,2024-09-09 13:01:28.000000,FLOOD,9231.54,CLOSED,False
7278,4280,96,2025-09-27 12:06:04.000000,COLLISION,15662.0,REJECTED,False
7279,2032,1414,2024-09-24 20:54:09.000000,VANDALISM,13656.7,APPROVED,False
7280,680,2911,2025-07-05 08:17:21.000000,THEFT,17097.21,CLOSED,False
7281,3776,878,2025-07-02 00:20:52.000000,GLASS_DAMAGE,24929.8,OPEN,True
7282,176,3437,2026-03-25 17:53:37.000000,FIRE,22426.62,REJECTED,True
7283,2577,3176,2024-10-28 20:25:26.000000,COLLISION,551.93,APPROVED,False
7284,1992,1873,2024-11-10 23:17:32.000000,THEFT,24608.35,OPEN,True
7285,3917,2955,2025-04-23 05:02:58.000000,VANDALISM,9498.16,OPEN,False
7286,3002,2587,2025-08-31 13:41:14.000000,FLOOD,13734.02,IN_REVIEW,False
7287,1862,4134,2025-12-31 09:07:26.000000,GLASS_DAMAGE,22866.8,CLOSED,True
7288,2444,380,2026-02-10 23:07:56.000000,GLASS_DAMAGE,16980.86,OPEN,False
7289,1563,1306,2025-06-08 19:01:07.000000,VANDALISM,2056.38,IN_REVIEW,False
7290,4555,3638,2024-11-24 03:16:00.000000,THEFT,10568.5,APPROVED,False
7291,2015,1847,2025-06-08 17:45:49.000000,GLASS_DAMAGE,9943.26,REJECTED,False
7292,4083,2036,2025-08-31 20:11:34.000000,GLASS_DAMAGE,15841.19,APPROVED,False
7293,4679,351,2024-10-05 04:31:18.000000,VANDALISM,14277.09,OPEN,False
7294,801,620,2024-09-11 01:13:32.000000,THEFT,3183.0,CLOSED,False
7295,2813,4091,2024-08-19 16:08:24.000000,THEFT,19062.87,APPROVED,True
7296,1257,2171,2025-01-01 22:38:26.000000,FIRE,8874.9,APPROVED,False
7297,3747,1738,2025-11-24 07:21:42.000000,GLASS_DAMAGE,19901.45,CLOSED,True
7298,739,1152,2025-09-22 09:49:59.000000,FIRE,13743.68,CLOSED,False
7299,78,2937,2025-03-06 01:59:25.000000,FLOOD,16839.05,REJECTED,False
7300,92,3621,2024-08-16 18:35:35.000000,FIRE,17390.22,REJECTED,False
7301,3033,3761,2025-04-13 12:28:36.000000,FIRE,6579.37,APPROVED,False
7302,1446,808,2025-03-04 10:11:38.000000,GLASS_DAMAGE,14860.38,REJECTED,False
7303,4363,1118,2025-06-15 16:48:09.000000,FLOOD,11465.86,REJECTED,False
7304,169,2480,2025-07-02 12:42:22.000000,THEFT,2118.93,CLOSED,False
7305,1846,1854,2025-04-07 07:52:46.000000,VANDALISM,19023.27,CLOSED,True
7306,1206,1817,2025-07-22 07:41:39.000000,COLLISION,3222.76,APPROVED,False
7307,3945,2948,2026-04-09 18:26:37.000000,FLOOD,14669.46,IN_REVIEW,False
7308,294,548,2024-07-05 06:04:19.000000,THEFT,20860.53,REJECTED,True
7309,3116,3953,2024-12-18 02:08:14.000000,COLLISION,21496.19,OPEN,True
7310,3213,2452,2026-01-13 12:23:04.000000,VANDALISM,21592.07,APPROVED,True
7311,2219,1169,2025-08-16 20:50:17.000000,FLOOD,23129.89,REJECTED,True
7312,3370,1245,2024-07-26 16:45:16.000000,FLOOD,16021.76,APPROVED,False
7313,2086,1337,2026-02-13 17:35:52.000000,FLOOD,6974.5,OPEN,False
7314,1336,1155,2026-03-11 01:48:52.000000,FIRE,13656.88,IN_REVIEW,False
7315,3316,3342,2024-09-23 17:23:18.000000,VANDALISM,20335.1,IN_REVIEW,True
7316,2050,1830,2024-10-08 00:31:24.000000,FLOOD,19529.83,CLOSED,True
7317,1867,426,2026-02-02 09:15:21.000000,FIRE,12555.15,OPEN,False
7318,1258,3436,2026-03-10 08:27:55.000000,COLLISION,8386.83,IN_REVIEW,False
7319,1186,4054,2026-01-05 22:47:23.000000,GLASS_DAMAGE,21142.1,CLOSED,True
7320,3336,2639,2024-10-21 17:00:41.000000,FLOOD,8973.54,CLOSED,False
7321,2004,2470,2025-06-11 12:22:41.000000,GLASS_DAMAGE,4172.73,REJECTED,False
7322,1169,111,2025-12-01 14:13:56.000000,THEFT,11809.53,IN_REVIEW,False
7323,1637,284,2025-02-09 01:08:55.000000,FLOOD,4039.43,APPROVED,False
7324,2902,285,2025-02-02 13:22:24.000000,VANDALISM,8327.53,APPROVED,False
7325,2387,3730,2025-06-09 04:28:48.000000,THEFT,23961.03,REJECTED,True
7326,4682,2923,2024-07-12 18:50:11.000000,COLLISION,19569.3,APPROVED,True
7327,1552,2668,2025-03-22 10:07:19.000000,FLOOD,5788.26,IN_REVIEW,False
7328,4475,572,2024-11-17 13:09:24.000000,VANDALISM,24981.91,CLOSED,True
7329,565,2696,2024-08-09 01:19:26.000000,FIRE,16559.87,REJECTED,False
7330,2407,1839,2025-01-18 01:38:35.000000,VANDALISM,1410.42,IN_REVIEW,False
7331,1728,3802,2026-01-01 13:12:34.000000,FLOOD,11871.21,OPEN,False
7332,1718,2522,2024-11-25 06:07:44.000000,THEFT,15290.2,APPROVED,False
7333,2373,3531,2025-09-30 18:19:05.000000,FLOOD,22141.68,CLOSED,True
7334,2278,3272,2025-04-11 04:30:02.000000,FIRE,19933.05,OPEN,True
7335,419,184,2025-04-03 18:33:32.000000,FIRE,11089.71,IN_REVIEW,False
7336,873,2383,2025-08-06 04:59:07.000000,THEFT,15086.09,CLOSED,False
7337,3424,3616,2025-12-20 07:18:59.000000,COLLISION,9087.67,APPROVED,False
7338,1213,1326,2026-02-10 04:02:02.000000,GLASS_DAMAGE,23650.35,APPROVED,True
7339,4038,615,2024-08-27 20:59:34.000000,FLOOD,7269.77,OPEN,False
7340,848,553,2026-02-03 15:43:38.000000,FLOOD,8067.54,REJECTED,False
7341,558,3893,2025-08-23 16:00:07.000000,GLASS_DAMAGE,4129.46,CLOSED,False
7342,3115,2805,2025-03-18 20:44:04.000000,GLASS_DAMAGE,16237.31,OPEN,False
7343,4579,939,2025-08-05 21:03:59.000000,THEFT,12784.53,IN_REVIEW,False
7344,4518,3316,2025-06-15 01:18:09.000000,THEFT,12868.15,REJECTED,False
7345,2658,704,2025-12-31 08:06:10.000000,COLLISION,13994.01,OPEN,False
7346,2655,4104,2026-03-21 18:51:30.000000,FIRE,4680.36,REJECTED,False
7347,1975,3944,2024-06-11 03:04:37.000000,FLOOD,23114.93,IN_REVIEW,True
7348,280,1750,2025-08-11 19:15:56.000000,FLOOD,9665.85,REJECTED,False
7349,2797,4056,2026-04-15 11:58:28.000000,GLASS_DAMAGE,7590.49,IN_REVIEW,False
7350,4785,2990,2026-04-07 13:43:10.000000,FIRE,19561.75,REJECTED,True
7351,884,3919,2024-12-26 16:14:01.000000,VANDALISM,8243.02,IN_REVIEW,False
7352,2518,3807,2026-04-18 05:31:14.000000,FIRE,4506.67,IN_REVIEW,False
7353,2189,2700,2025-05-06 14:33:11.000000,GLASS_DAMAGE,6589.25,CLOSED,False
7354,1995,3215,2024-06-24 10:12:28.000000,THEFT,18887.84,CLOSED,True
7355,4158,3710,2024-12-17 17:23:47.000000,FLOOD,9650.54,REJECTED,False
7356,628,433,2025-10-07 03:38:13.000000,GLASS_DAMAGE,2519.22,REJECTED,False
7357,506,1436,2026-02-05 11:34:53.000000,THEFT,22997.17,CLOSED,True
7358,3177,445,2025-04-03 00:31:07.000000,COLLISION,22812.66,OPEN,True
7359,1053,2499,2024-06-17 07:11:25.000000,THEFT,11372.48,REJECTED,False
7360,3985,4047,2025-03-25 16:15:49.000000,FLOOD,23297.74,CLOSED,True
7361,4332,4119,2024-10-06 02:22:17.000000,FLOOD,12830.48,OPEN,False
7362,1682,700,2024-07-09 22:09:37.000000,VANDALISM,18509.12,REJECTED,True
7363,2143,516,2025-02-22 14:14:03.000000,GLASS_DAMAGE,15394.72,CLOSED,False
7364,3720,1278,2025-12-01 19:06:44.000000,FLOOD,8192.19,APPROVED,False
7365,2123,2911,2026-02-11 02:33:37.000000,THEFT,1973.04,CLOSED,False
7366,2712,1598,2024-12-28 00:33:46.000000,FIRE,6780.03,APPROVED,False
7367,3041,2120,2026-04-16 23:34:39.000000,COLLISION,9980.68,CLOSED,False
7368,1031,2360,2025-01-15 10:29:56.000000,FLOOD,7725.23,IN_REVIEW,False
7369,806,2477,2026-04-16 03:31:45.000000,FIRE,9278.99,REJECTED,False
7370,967,3170,2025-02-25 00:03:00.000000,FLOOD,11211.41,CLOSED,False
7371,2233,31,2025-06-27 12:05:11.000000,FLOOD,15475.33,IN_REVIEW,False
7372,2062,1220,2025-10-01 23:31:03.000000,FLOOD,14442.09,IN_REVIEW,False
7373,3188,2153,2025-10-15 21:38:13.000000,THEFT,14617.95,APPROVED,False
7374,490,1035,2026-02-11 14:43:35.000000,FLOOD,23813.3,APPROVED,True
7375,4492,1431,2024-11-07 04:44:01.000000,VANDALISM,24405.63,CLOSED,True
7376,3881,1784,2025-10-09 08:51:29.000000,THEFT,15829.96,CLOSED,False
7377,1979,4088,2026-04-26 07:03:10.000000,FLOOD,808.26,REJECTED,False
7378,2761,3314,2024-05-31 16:50:10.000000,FLOOD,12061.49,IN_REVIEW,False
7379,4462,2122,2026-02-15 04:21:10.000000,FIRE,19792.6,REJECTED,True
7380,2735,275,2026-05-05 00:35:39.000000,VANDALISM,14480.86,CLOSED,False
7381,4389,182,2026-03-08 12:05:47.000000,THEFT,23679.05,OPEN,True
7382,3282,3028,2024-06-15 03:42:06.000000,VANDALISM,23432.4,OPEN,True
7383,2037,2081,2024-05-12 14:06:08.000000,FIRE,7974.45,REJECTED,False
7384,4494,3247,2025-03-07 10:01:19.000000,THEFT,16979.35,OPEN,False
7385,2817,3651,2024-10-07 05:49:10.000000,VANDALISM,7769.9,OPEN,False
7386,930,2378,2026-02-17 23:35:36.000000,VANDALISM,4963.52,IN_REVIEW,False
7387,249,489,2024-09-04 17:31:14.000000,FIRE,5411.34,OPEN,False
7388,1105,3556,2025-06-23 14:20:21.000000,THEFT,3656.21,APPROVED,False
7389,4393,3348,2024-06-29 20:13:53.000000,FIRE,23644.21,APPROVED,True
7390,3499,1941,2024-07-02 01:01:14.000000,VANDALISM,21217.64,REJECTED,True
7391,2688,2549,2025-12-28 19:10:18.000000,THEFT,23181.39,APPROVED,True
7392,1722,1111,2024-05-17 04:09:52.000000,THEFT,7787.57,IN_REVIEW,False
7393,2116,2468,2025-03-26 01:52:23.000000,FIRE,5732.06,IN_REVIEW,False
7394,4420,3058,2024-07-15 04:34:22.000000,FLOOD,6498.25,CLOSED,False
7395,4493,2490,2025-06-06 14:41:17.000000,THEFT,4756.56,OPEN,False
7396,11,618,2025-06-10 15:17:10.000000,COLLISION,9086.41,APPROVED,False
7397,4335,1771,2026-03-27 18:24:03.000000,FIRE,24126.52,OPEN,True
7398,2130,2099,2026-05-11 23:38:46.000000,VANDALISM,15553.32,IN_REVIEW,False
7399,3853,1241,2025-01-02 06:53:49.000000,GLASS_DAMAGE,11343.09,APPROVED,False
7400,4582,755,2024-12-11 02:30:40.000000,VANDALISM,619.61,APPROVED,False
7401,2714,2721,2024-11-21 15:43:42.000000,COLLISION,23107.69,IN_REVIEW,True
7402,3392,2519,2024-08-06 11:41:09.000000,VANDALISM,14902.99,CLOSED,False
7403,2321,684,2024-06-07 14:25:13.000000,GLASS_DAMAGE,20056.91,APPROVED,True
7404,2106,3687,2026-01-31 15:43:40.000000,GLASS_DAMAGE,3521.7,IN_REVIEW,False
7405,3605,2719,2026-02-20 15:53:25.000000,COLLISION,3230.47,OPEN,False
7406,3834,1958,2025-04-12 09:26:45.000000,VANDALISM,11849.27,OPEN,False
7407,3236,2101,2025-01-24 03:31:18.000000,VANDALISM,4233.46,REJECTED,False
7408,4455,2824,2025-02-14 07:47:01.000000,COLLISION,16047.76,REJECTED,False
7409,949,2225,2026-03-16 04:21:42.000000,VANDALISM,9599.33,APPROVED,False
7410,822,1193,2024-09-06 03:40:51.000000,GLASS_DAMAGE,24200.52,IN_REVIEW,True
7411,3805,315,2024-12-24 07:48:05.000000,THEFT,696.27,REJECTED,False
7412,180,1573,2026-03-21 21:39:34.000000,COLLISION,8352.2,CLOSED,False
7413,2572,3359,2025-12-04 04:16:36.000000,FIRE,15981.27,APPROVED,False
7414,2852,3496,2025-07-23 19:14:32.000000,GLASS_DAMAGE,12670.53,IN_REVIEW,False
7415,940,4199,2024-05-23 18:48:40.000000,THEFT,10197.38,REJECTED,False
7416,728,4104,2024-09-22 07:00:26.000000,VANDALISM,24494.29,APPROVED,True
7417,3886,1245,2025-11-19 11:34:42.000000,COLLISION,18719.9,APPROVED,True
7418,1417,3364,2024-10-16 08:50:30.000000,VANDALISM,22606.76,OPEN,True
7419,1719,1428,2025-12-19 19:46:44.000000,FIRE,18634.17,IN_REVIEW,True
7420,185,2899,2025-06-06 14:51:34.000000,FIRE,8985.81,APPROVED,False
7421,3533,4082,2025-09-14 02:11:53.000000,VANDALISM,5367.96,APPROVED,False
7422,2787,3651,2025-05-06 11:50:00.000000,FIRE,14080.35,REJECTED,False
7423,4137,4139,2026-02-10 16:54:33.000000,FLOOD,1596.02,REJECTED,False
7424,4413,996,2026-01-25 03:22:59.000000,FIRE,20365.76,OPEN,True
7425,3939,2890,2025-04-10 08:42:36.000000,FLOOD,10636.14,APPROVED,False
7426,166,3860,2024-10-09 17:39:18.000000,FIRE,3167.89,CLOSED,False
7427,3805,2343,2024-11-06 15:20:02.000000,COLLISION,10149.59,IN_REVIEW,False
7428,4157,967,2024-05-13 04:49:47.000000,GLASS_DAMAGE,10542.17,CLOSED,False
7429,2935,307,2025-07-14 11:48:05.000000,THEFT,2518.05,IN_REVIEW,False
7430,2124,692,2025-06-11 05:27:07.000000,GLASS_DAMAGE,20666.56,CLOSED,True
7431,2938,269,2026-03-17 21:58:14.000000,FIRE,16671.89,APPROVED,False
7432,3238,479,2025-05-21 07:15:30.000000,FLOOD,18966.94,IN_REVIEW,True
7433,1099,88,2025-12-01 21:00:07.000000,VANDALISM,5628.97,CLOSED,False
7434,1551,3766,2026-01-21 23:37:20.000000,GLASS_DAMAGE,14538.5,IN_REVIEW,False
7435,1435,1287,2025-08-01 14:39:52.000000,FLOOD,2570.99,IN_REVIEW,False
7436,902,575,2025-08-18 12:59:47.000000,THEFT,13501.31,APPROVED,False
7437,2811,2542,2025-05-03 13:33:42.000000,GLASS_DAMAGE,10543.64,CLOSED,False
7438,3222,3016,2024-05-28 10:54:41.000000,COLLISION,2727.09,APPROVED,False
7439,3246,136,2025-04-30 16:25:02.000000,FIRE,3385.42,OPEN,False
7440,440,3104,2024-10-18 14:27:00.000000,FLOOD,347.69,REJECTED,False
7441,2792,3135,2025-02-04 03:56:36.000000,FIRE,7871.85,REJECTED,False
7442,4582,1977,2025-03-11 17:02:25.000000,FLOOD,4439.68,APPROVED,False
7443,3125,3996,2025-04-10 22:31:19.000000,COLLISION,2324.77,REJECTED,False
7444,3224,1924,2025-05-03 06:38:34.000000,COLLISION,9111.41,IN_REVIEW,False
7445,4369,1716,2024-12-15 12:08:07.000000,THEFT,16454.32,APPROVED,False
7446,3147,4189,2025-10-15 15:16:34.000000,FIRE,5638.06,APPROVED,False
7447,1183,2304,2025-03-26 10:15:27.000000,VANDALISM,11784.1,APPROVED,False
7448,1334,3510,2025-09-18 08:12:21.000000,FLOOD,23686.54,OPEN,True
7449,1608,1118,2024-11-05 14:42:55.000000,FIRE,22343.0,REJECTED,True
7450,1620,4088,2024-11-23 23:10:33.000000,THEFT,7823.85,OPEN,False
7451,356,1165,2026-02-05 03:14:41.000000,FIRE,9258.46,REJECTED,False
7452,4213,1736,2026-03-18 04:59:20.000000,COLLISION,19265.91,REJECTED,True
7453,4605,3200,2025-07-22 13:47:50.000000,COLLISION,1268.79,IN_REVIEW,False
7454,2632,519,2025-06-30 06:12:49.000000,COLLISION,19614.39,REJECTED,True
7455,680,1206,2025-12-29 10:38:12.000000,FIRE,10060.92,CLOSED,False
7456,2632,3925,2025-02-15 12:41:45.000000,COLLISION,17961.35,APPROVED,False
7457,4005,603,2026-01-03 01:29:31.000000,FIRE,4356.51,REJECTED,False
7458,2389,3430,2025-12-04 14:58:39.000000,COLLISION,5514.28,APPROVED,False
7459,1833,3330,2024-07-31 22:22:20.000000,THEFT,6840.09,APPROVED,False
7460,1968,1710,2025-05-30 07:49:52.000000,FIRE,11123.42,CLOSED,False
7461,4689,1319,2024-07-18 19:15:51.000000,COLLISION,6565.79,REJECTED,False
7462,576,1786,2025-04-12 15:41:34.000000,FLOOD,21074.32,CLOSED,True
7463,1741,582,2024-09-17 11:43:16.000000,FIRE,7407.52,APPROVED,False
7464,2856,1766,2024-07-22 02:53:23.000000,THEFT,21612.66,IN_REVIEW,True
7465,536,2789,2025-04-06 12:00:34.000000,FLOOD,24520.04,IN_REVIEW,True
7466,2559,1902,2026-02-15 09:10:41.000000,COLLISION,24834.57,OPEN,True
7467,1626,495,2025-07-09 22:32:27.000000,FLOOD,15070.74,OPEN,False
7468,4418,3269,2025-08-17 00:13:00.000000,FIRE,397.03,OPEN,False
7469,984,3735,2024-10-20 04:07:37.000000,FIRE,478.76,REJECTED,False
7470,3830,1113,2026-04-15 15:33:12.000000,FIRE,23160.25,REJECTED,True
7471,609,2467,2025-06-24 06:15:10.000000,FLOOD,18203.63,IN_REVIEW,True
7472,1525,1364,2024-12-03 13:21:26.000000,COLLISION,23843.48,APPROVED,True
7473,2794,3668,2025-10-19 02:43:35.000000,VANDALISM,20615.47,CLOSED,True
7474,3741,3423,2026-02-16 18:32:34.000000,COLLISION,13909.44,APPROVED,False
7475,355,943,2025-09-09 14:59:20.000000,VANDALISM,9675.83,OPEN,False
7476,3729,307,2026-01-27 07:32:57.000000,VANDALISM,21348.96,REJECTED,True
7477,4526,889,2025-04-04 20:09:45.000000,VANDALISM,7471.2,OPEN,False
7478,795,2893,2025-12-13 03:26:16.000000,GLASS_DAMAGE,11039.12,CLOSED,False
7479,2997,3682,2024-09-04 01:20:41.000000,FIRE,629.05,APPROVED,False
7480,1271,2917,2024-12-25 17:18:04.000000,FIRE,24835.5,REJECTED,True
7481,1589,1840,2025-07-11 21:10:50.000000,THEFT,15028.69,IN_REVIEW,False
7482,2229,2665,2024-10-27 18:40:54.000000,COLLISION,18924.47,APPROVED,True
7483,2415,1225,2025-05-28 13:24:50.000000,THEFT,24664.95,CLOSED,True
7484,558,2101,2025-08-18 14:01:27.000000,FIRE,23215.26,APPROVED,True
7485,2802,3971,2025-02-19 11:17:55.000000,FLOOD,19984.41,APPROVED,True
7486,4522,2724,2024-12-11 15:19:20.000000,COLLISION,12596.94,REJECTED,False
7487,1709,1493,2024-09-10 10:24:49.000000,FIRE,8441.59,OPEN,False
7488,3203,2249,2024-06-30 04:40:37.000000,COLLISION,12086.04,CLOSED,False
7489,4396,3033,2024-07-29 08:15:35.000000,COLLISION,11106.49,APPROVED,False
7490,3455,1198,2025-12-06 15:18:56.000000,VANDALISM,15686.95,REJECTED,False
7491,1011,3441,2025-12-08 22:13:46.000000,FIRE,23180.37,APPROVED,True
7492,775,3478,2025-07-12 06:10:19.000000,FIRE,19142.05,CLOSED,True
7493,3284,2266,2024-05-30 13:01:21.000000,COLLISION,15925.25,IN_REVIEW,False
7494,3777,1663,2025-11-26 01:30:58.000000,GLASS_DAMAGE,20285.32,OPEN,True
7495,1578,859,2026-02-12 03:16:21.000000,GLASS_DAMAGE,10950.91,OPEN,False
7496,3639,3568,2024-12-17 01:19:48.000000,VANDALISM,20073.79,CLOSED,True
7497,1722,1336,2025-08-11 21:29:38.000000,COLLISION,1307.24,APPROVED,False
7498,1722,4185,2025-03-23 01:40:05.000000,GLASS_DAMAGE,4947.77,CLOSED,False
7499,1426,1880,2024-11-02 22:52:12.000000,FLOOD,17471.59,IN_REVIEW,False
7500,2965,2035,2025-06-27 21:56:22.000000,THEFT,21803.65,CLOSED,True
7501,1532,1257,2025-03-27 13:07:01.000000,COLLISION,10285.61,IN_REVIEW,False
7502,2878,2867,2024-07-16 00:36:46.000000,GLASS_DAMAGE,21259.17,OPEN,True
7503,148,2129,2025-12-21 05:25:40.000000,VANDALISM,9282.55,IN_REVIEW,False
7504,1522,3271,2025-03-05 06:24:00.000000,FIRE,13583.75,IN_REVIEW,False
7505,4433,2949,2025-09-24 12:23:32.000000,COLLISION,4147.88,APPROVED,False
7506,4004,831,2024-12-25 02:23:56.000000,GLASS_DAMAGE,2843.13,CLOSED,False
7507,3820,2680,2025-08-04 02:50:27.000000,FIRE,20876.14,CLOSED,True
7508,3958,2147,2025-04-21 08:35:39.000000,FIRE,18599.71,CLOSED,True
7509,2903,3750,2025-07-19 07:29:07.000000,FIRE,15988.55,IN_REVIEW,False
7510,3319,192,2025-03-21 19:23:54.000000,COLLISION,21736.96,REJECTED,True
7511,3379,528,2025-02-15 14:45:34.000000,GLASS_DAMAGE,258.8,REJECTED,False
7512,4082,3469,2026-01-27 21:48:48.000000,COLLISION,3813.64,CLOSED,False
7513,3302,1032,2024-05-30 19:01:59.000000,GLASS_DAMAGE,13890.16,REJECTED,False
7514,691,1182,2025-11-18 22:56:44.000000,FIRE,23242.88,IN_REVIEW,True
7515,707,3914,2025-11-02 20:27:12.000000,THEFT,17242.15,CLOSED,False
7516,271,1875,2025-10-28 04:03:35.000000,THEFT,13635.82,IN_REVIEW,False
7517,3069,1960,2024-07-24 18:00:40.000000,COLLISION,11993.33,IN_REVIEW,False
7518,3918,3508,2025-03-18 00:28:15.000000,GLASS_DAMAGE,4267.63,APPROVED,False
7519,2184,3351,2024-10-16 01:34:52.000000,COLLISION,8504.41,APPROVED,False
7520,498,718,2025-08-12 16:45:59.000000,VANDALISM,13686.56,OPEN,False
7521,718,1706,2026-04-03 04:36:36.000000,THEFT,24163.4,APPROVED,True
7522,4185,1363,2026-01-20 01:08:08.000000,GLASS_DAMAGE,18426.36,REJECTED,True
7523,4012,3075,2024-09-03 01:53:22.000000,COLLISION,10851.67,APPROVED,False
7524,3046,3691,2025-03-13 21:38:08.000000,FLOOD,1291.83,REJECTED,False
7525,2098,2207,2024-08-22 22:37:56.000000,COLLISION,11666.23,IN_REVIEW,False
7526,3724,3698,2024-11-16 09:15:54.000000,FIRE,7239.11,APPROVED,False
7527,1851,2550,2026-01-11 06:18:56.000000,GLASS_DAMAGE,2131.72,OPEN,False
7528,554,1158,2025-09-08 23:08:49.000000,FIRE,10400.22,REJECTED,False
7529,4280,2103,2025-09-16 19:32:33.000000,THEFT,14558.62,OPEN,False
7530,997,2462,2024-11-22 00:17:09.000000,FLOOD,9810.38,IN_REVIEW,False
7531,2749,1997,2025-08-23 06:23:29.000000,GLASS_DAMAGE,17274.11,CLOSED,False
7532,2407,4059,2024-05-19 05:39:29.000000,COLLISION,21436.85,IN_REVIEW,True
7533,3107,351,2024-07-22 00:48:32.000000,THEFT,9860.79,REJECTED,False
7534,3264,2302,2026-01-14 10:51:27.000000,THEFT,6200.98,OPEN,False
7535,1470,2088,2024-11-21 02:22:44.000000,GLASS_DAMAGE,21441.55,OPEN,True
7536,3656,2351,2025-08-24 14:22:51.000000,GLASS_DAMAGE,16269.0,REJECTED,False
7537,3879,3191,2024-10-02 03:06:58.000000,FLOOD,21458.94,OPEN,True
7538,4742,2749,2026-04-16 02:40:15.000000,FIRE,21444.25,IN_REVIEW,True
7539,1795,2263,2025-01-11 02:04:12.000000,VANDALISM,20512.58,OPEN,True
7540,2808,3083,2026-01-31 04:31:25.000000,FIRE,22989.39,REJECTED,True
7541,4571,2973,2025-09-02 16:32:53.000000,THEFT,18428.39,IN_REVIEW,True
7542,4653,1635,2024-11-12 17:15:30.000000,COLLISION,14188.35,CLOSED,False
7543,3879,1409,2024-10-27 19:25:32.000000,VANDALISM,5101.17,OPEN,False
7544,2838,3551,2025-11-05 07:32:25.000000,THEFT,19972.08,OPEN,True
7545,4502,609,2025-12-15 00:27:58.000000,THEFT,15097.96,IN_REVIEW,False
7546,715,277,2025-12-05 15:43:16.000000,VANDALISM,20423.9,OPEN,True
7547,4215,2132,2024-09-07 22:06:58.000000,THEFT,22770.28,APPROVED,True
7548,3021,527,2024-08-03 09:21:24.000000,VANDALISM,7598.74,REJECTED,False
7549,1292,3278,2025-01-03 15:17:48.000000,THEFT,8321.29,CLOSED,False
7550,3767,3687,2024-09-16 05:06:11.000000,COLLISION,18654.88,APPROVED,True
7551,4039,3546,2024-07-27 20:35:01.000000,FLOOD,21701.72,IN_REVIEW,True
7552,3340,737,2025-07-25 03:02:47.000000,THEFT,9566.27,APPROVED,False
7553,951,3788,2024-09-15 03:24:58.000000,GLASS_DAMAGE,24719.84,OPEN,True
7554,83,3502,2024-11-14 01:09:24.000000,COLLISION,5559.0,IN_REVIEW,False
7555,86,2560,2024-10-03 03:33:24.000000,FLOOD,1564.92,CLOSED,False
7556,3083,3747,2025-04-12 14:13:22.000000,FIRE,22596.97,OPEN,True
7557,1842,1462,2026-04-22 17:33:31.000000,VANDALISM,7936.24,IN_REVIEW,False
7558,4645,3100,2024-06-25 21:01:47.000000,FLOOD,4715.68,REJECTED,False
7559,2116,2079,2024-08-30 22:54:53.000000,FLOOD,12145.32,REJECTED,False
7560,4378,90,2025-06-25 02:28:10.000000,FLOOD,5752.46,CLOSED,False
7561,8,2170,2025-05-18 13:41:29.000000,THEFT,17882.47,CLOSED,False
7562,4254,941,2024-12-29 02:40:44.000000,GLASS_DAMAGE,515.59,IN_REVIEW,False
7563,1896,1353,2025-09-04 07:40:56.000000,THEFT,16503.42,IN_REVIEW,False
7564,3878,2481,2024-09-11 23:13:16.000000,FIRE,7141.5,CLOSED,False
7565,45,1047,2025-08-02 13:07:55.000000,THEFT,1670.56,IN_REVIEW,False
7566,2150,2113,2024-11-27 05:21:09.000000,VANDALISM,22559.93,REJECTED,True
7567,4750,504,2025-09-28 14:22:40.000000,COLLISION,18949.1,REJECTED,True
7568,3501,3835,2025-02-06 05:50:34.000000,COLLISION,12800.16,APPROVED,False
7569,2834,1021,2026-04-14 15:15:00.000000,FLOOD,7181.63,OPEN,False
7570,1920,3469,2025-09-19 02:16:55.000000,COLLISION,23652.38,CLOSED,True
7571,1409,4155,2025-06-02 09:42:07.000000,VANDALISM,4905.92,OPEN,False
7572,1058,3739,2025-12-18 20:20:36.000000,COLLISION,1328.22,OPEN,False
7573,4229,3,2026-03-15 09:15:59.000000,THEFT,16797.13,CLOSED,False
7574,8,2568,2025-05-09 05:59:28.000000,COLLISION,5538.11,REJECTED,False
7575,142,1527,2025-07-18 07:54:41.000000,GLASS_DAMAGE,18008.67,OPEN,True
7576,753,2758,2025-11-06 00:38:17.000000,GLASS_DAMAGE,24392.25,CLOSED,True
7577,4377,767,2025-07-07 21:16:29.000000,COLLISION,14493.55,OPEN,False
7578,224,1434,2026-01-06 08:36:20.000000,GLASS_DAMAGE,10119.14,APPROVED,False
7579,3160,3214,2025-10-29 22:43:34.000000,COLLISION,21133.1,OPEN,True
7580,3235,1892,2024-11-27 04:51:54.000000,GLASS_DAMAGE,19520.98,CLOSED,True
7581,541,2252,2024-07-26 17:56:30.000000,FIRE,21679.74,CLOSED,True
7582,4662,3362,2026-03-03 03:35:35.000000,THEFT,22133.2,REJECTED,True
7583,4088,3545,2025-02-01 01:50:48.000000,THEFT,13846.49,APPROVED,False
7584,2966,318,2025-02-24 07:18:46.000000,FIRE,4174.46,CLOSED,False
7585,3758,1730,2026-05-03 20:28:20.000000,FLOOD,22349.96,OPEN,True
7586,160,2271,2024-08-28 17:56:35.000000,COLLISION,15999.97,APPROVED,False
7587,3245,2821,2026-02-05 07:24:26.000000,VANDALISM,14582.89,CLOSED,False
7588,2068,1078,2025-08-17 06:39:47.000000,FLOOD,6170.99,OPEN,False
7589,1341,1400,2026-01-02 18:15:25.000000,FIRE,24154.87,REJECTED,True
7590,1955,252,2025-08-29 06:06:53.000000,VANDALISM,13315.66,IN_REVIEW,False
7591,231,2512,2026-02-21 13:21:54.000000,FIRE,14427.34,IN_REVIEW,False
7592,1532,3866,2025-03-30 14:26:13.000000,THEFT,6551.44,CLOSED,False
7593,2038,1862,2025-11-22 02:44:57.000000,FIRE,22734.33,REJECTED,True
7594,1790,1770,2024-10-07 02:28:01.000000,VANDALISM,5912.83,REJECTED,False
7595,3175,3587,2025-01-31 16:52:02.000000,VANDALISM,12089.61,IN_REVIEW,False
7596,2923,3602,2024-10-31 22:55:32.000000,VANDALISM,9932.92,APPROVED,False
7597,1065,2879,2025-08-26 00:47:44.000000,GLASS_DAMAGE,10792.41,REJECTED,False
7598,3612,716,2024-08-19 19:55:17.000000,FIRE,8592.89,CLOSED,False
7599,3119,65,2025-04-11 17:38:19.000000,FLOOD,7722.61,REJECTED,False
7600,808,4182,2026-03-22 01:54:10.000000,THEFT,5596.03,IN_REVIEW,False
7601,3369,2147,2025-09-07 20:14:26.000000,GLASS_DAMAGE,9320.41,OPEN,False
7602,4687,1454,2024-11-04 15:10:34.000000,GLASS_DAMAGE,16659.62,APPROVED,False
7603,2590,3188,2025-07-05 20:11:35.000000,FLOOD,22121.39,CLOSED,True
7604,3394,763,2025-07-27 12:23:02.000000,VANDALISM,21607.77,IN_REVIEW,True
7605,4095,1607,2026-04-13 01:04:20.000000,THEFT,10111.1,REJECTED,False
7606,3834,216,2025-10-15 16:13:28.000000,FIRE,3755.95,CLOSED,False
7607,980,298,2025-02-13 03:21:47.000000,COLLISION,24552.57,CLOSED,True
7608,489,2226,2025-12-20 07:12:31.000000,FLOOD,23377.94,CLOSED,True
7609,3213,3180,2025-03-20 19:09:05.000000,FIRE,13103.5,APPROVED,False
7610,3818,4050,2025-09-14 08:16:15.000000,COLLISION,12013.97,OPEN,False
7611,246,218,2025-06-28 23:51:56.000000,FIRE,13100.74,OPEN,False
7612,4354,3681,2025-12-20 06:13:41.000000,VANDALISM,11506.26,OPEN,False
7613,1576,2679,2025-07-22 19:53:24.000000,FLOOD,21969.29,APPROVED,True
7614,1011,4149,2025-08-28 03:13:40.000000,COLLISION,21175.32,IN_REVIEW,True
7615,2462,2104,2026-04-20 16:17:00.000000,FLOOD,24887.95,APPROVED,True
7616,870,521,2024-08-25 15:19:31.000000,GLASS_DAMAGE,18243.33,CLOSED,True
7617,2216,1835,2026-02-05 09:13:00.000000,FLOOD,19812.32,IN_REVIEW,True
7618,3171,2393,2024-06-27 20:12:06.000000,THEFT,3535.21,APPROVED,False
7619,3898,82,2025-06-04 20:58:36.000000,VANDALISM,22153.06,CLOSED,True
7620,13,2859,2026-02-13 04:34:17.000000,FLOOD,8896.44,IN_REVIEW,False
7621,1757,2551,2025-08-22 21:51:40.000000,GLASS_DAMAGE,1171.2,OPEN,False
7622,1494,3830,2025-05-14 00:21:41.000000,FIRE,592.41,APPROVED,False
7623,808,4033,2026-04-27 09:19:39.000000,VANDALISM,20329.07,CLOSED,True
7624,961,2446,2025-07-07 21:20:32.000000,FIRE,3366.97,IN_REVIEW,False
7625,3453,1338,2025-12-28 23:58:21.000000,FLOOD,15993.5,IN_REVIEW,False
7626,23,4093,2025-05-21 21:15:15.000000,COLLISION,11913.25,OPEN,False
7627,2672,4142,2025-02-25 04:40:58.000000,FLOOD,16396.55,OPEN,False
7628,1877,4114,2024-05-15 13:18:18.000000,THEFT,10245.73,CLOSED,False
7629,4528,545,2024-06-08 17:45:29.000000,THEFT,10029.72,REJECTED,False
7630,57,394,2026-04-06 05:44:57.000000,VANDALISM,24995.98,REJECTED,True
7631,687,2509,2026-03-02 13:06:32.000000,FLOOD,14389.2,OPEN,False
7632,2856,2778,2026-01-23 14:25:49.000000,FLOOD,18862.91,APPROVED,True
7633,4020,562,2025-09-22 14:55:10.000000,COLLISION,889.82,IN_REVIEW,False
7634,2360,2605,2024-10-12 14:17:29.000000,FLOOD,6055.95,APPROVED,False
7635,4660,1301,2025-02-28 22:11:42.000000,GLASS_DAMAGE,19841.02,REJECTED,True
7636,2104,429,2025-01-16 14:18:33.000000,THEFT,2256.24,APPROVED,False
7637,4605,3089,2025-09-30 09:57:58.000000,FLOOD,14513.33,REJECTED,False
7638,3116,2163,2024-05-28 03:17:52.000000,THEFT,6831.91,APPROVED,False
7639,1548,1963,2024-12-08 13:04:56.000000,GLASS_DAMAGE,8196.67,IN_REVIEW,False
7640,199,3260,2026-02-16 09:28:26.000000,GLASS_DAMAGE,218.39,CLOSED,False
7641,1647,778,2025-06-12 20:40:29.000000,GLASS_DAMAGE,5730.73,REJECTED,False
7642,3739,3825,2024-07-04 23:29:47.000000,FLOOD,9122.48,IN_REVIEW,False
7643,1836,1693,2024-10-14 06:37:43.000000,VANDALISM,14998.98,OPEN,False
7644,59,2504,2024-06-05 13:40:23.000000,THEFT,8111.83,REJECTED,False
7645,2928,3839,2025-08-23 19:28:17.000000,VANDALISM,10179.31,REJECTED,False
7646,3039,3098,2025-04-11 10:51:30.000000,GLASS_DAMAGE,10424.91,IN_REVIEW,False
7647,794,1502,2025-12-16 22:40:05.000000,COLLISION,11031.28,REJECTED,False
7648,3630,1061,2025-03-17 06:47:09.000000,VANDALISM,2750.31,REJECTED,False
7649,338,3608,2024-09-19 03:02:40.000000,FIRE,4080.65,OPEN,False
7650,4308,1268,2026-03-20 12:11:20.000000,FLOOD,19520.04,REJECTED,True
7651,4418,3163,2025-06-27 13:30:28.000000,VANDALISM,24592.72,IN_REVIEW,True
7652,932,3244,2025-01-22 06:27:20.000000,FLOOD,12415.72,APPROVED,False
7653,1969,1053,2026-01-31 14:19:23.000000,FIRE,9400.84,IN_REVIEW,False
7654,3750,621,2026-01-02 15:03:54.000000,THEFT,24206.56,IN_REVIEW,True
7655,2193,1255,2025-10-19 03:59:11.000000,GLASS_DAMAGE,6599.29,IN_REVIEW,False
7656,2404,1149,2024-11-15 17:30:13.000000,GLASS_DAMAGE,21253.94,IN_REVIEW,True
7657,3924,187,2024-07-04 14:39:34.000000,THEFT,8474.53,CLOSED,False
7658,2892,2041,2025-01-22 11:49:54.000000,VANDALISM,8019.64,IN_REVIEW,False
7659,3801,2974,2024-05-21 17:47:25.000000,FLOOD,4251.95,CLOSED,False
7660,3104,3389,2025-12-24 10:55:00.000000,GLASS_DAMAGE,15503.2,REJECTED,False
7661,53,1206,2024-05-30 04:27:18.000000,VANDALISM,22143.98,OPEN,True
7662,1700,788,2025-01-17 13:01:37.000000,VANDALISM,9541.79,IN_REVIEW,False
7663,4743,2710,2025-06-23 06:53:31.000000,FLOOD,19281.61,REJECTED,True
7664,1444,3164,2024-07-03 16:25:47.000000,FIRE,3219.73,IN_REVIEW,False
7665,1542,3255,2025-02-18 14:08:52.000000,COLLISION,13426.0,REJECTED,False
7666,2988,3402,2025-11-09 07:15:09.000000,GLASS_DAMAGE,20753.1,OPEN,True
7667,2764,3366,2025-07-27 22:01:05.000000,FLOOD,16699.29,OPEN,False
7668,1446,2820,2025-12-31 07:17:06.000000,THEFT,10738.08,OPEN,False
7669,2273,2612,2025-07-17 08:15:21.000000,FIRE,897.56,REJECTED,False
7670,1889,1894,2026-04-17 22:00:23.000000,VANDALISM,23830.4,APPROVED,True
7671,2238,889,2025-12-23 05:39:32.000000,THEFT,8612.91,OPEN,False
7672,1081,2943,2025-09-12 03:05:49.000000,GLASS_DAMAGE,12977.46,OPEN,False
7673,1700,1735,2025-12-11 13:01:34.000000,FIRE,20229.6,IN_REVIEW,True
7674,4492,4006,2026-02-27 03:32:45.000000,FIRE,2230.96,CLOSED,False
7675,3065,3393,2024-09-12 01:24:11.000000,THEFT,20106.72,IN_REVIEW,True
7676,689,3466,2024-09-07 08:26:41.000000,VANDALISM,17266.53,CLOSED,False
7677,1196,2959,2025-03-30 20:58:58.000000,FIRE,13788.68,OPEN,False
7678,2900,2412,2024-09-20 02:06:33.000000,COLLISION,7011.1,OPEN,False
7679,1296,252,2024-10-05 17:17:53.000000,GLASS_DAMAGE,12645.17,OPEN,False
7680,163,937,2025-05-11 21:33:53.000000,VANDALISM,9101.23,OPEN,False
7681,627,515,2026-03-08 13:54:49.000000,COLLISION,5660.21,CLOSED,False
7682,765,3668,2024-07-22 07:32:04.000000,VANDALISM,18775.22,APPROVED,True
7683,4481,3633,2025-11-25 08:30:46.000000,FIRE,13399.52,REJECTED,False
7684,4783,1852,2024-06-06 18:10:37.000000,COLLISION,11168.54,CLOSED,False
7685,658,1093,2025-05-25 18:08:18.000000,FIRE,16794.04,IN_REVIEW,False
7686,1625,1430,2026-01-20 08:05:41.000000,COLLISION,13903.5,OPEN,False
7687,3576,3608,2026-02-25 21:40:59.000000,THEFT,7530.04,REJECTED,False
7688,591,1686,2025-06-06 03:39:22.000000,FLOOD,10626.04,CLOSED,False
7689,483,1322,2025-02-02 20:28:34.000000,GLASS_DAMAGE,11819.03,REJECTED,False
7690,4761,1634,2024-07-11 08:57:48.000000,COLLISION,3567.09,REJECTED,False
7691,2836,2857,2026-01-16 07:18:56.000000,FLOOD,20373.29,IN_REVIEW,True
7692,977,309,2025-03-18 03:39:07.000000,FLOOD,10547.96,REJECTED,False
7693,1410,1712,2024-12-31 21:13:44.000000,FIRE,19112.41,CLOSED,True
7694,3961,5,2025-01-14 15:39:14.000000,COLLISION,5896.07,OPEN,False
7695,4437,2875,2025-08-01 23:29:25.000000,COLLISION,13675.19,REJECTED,False
7696,3343,1257,2025-09-26 21:53:28.000000,COLLISION,13449.62,REJECTED,False
7697,611,1776,2025-04-10 01:50:13.000000,VANDALISM,16003.49,IN_REVIEW,False
7698,3454,3195,2026-05-12 05:20:44.000000,GLASS_DAMAGE,10555.87,APPROVED,False
7699,263,1124,2024-07-02 16:23:07.000000,FIRE,5066.52,OPEN,False
7700,2047,3676,2025-06-22 09:29:54.000000,GLASS_DAMAGE,4195.01,CLOSED,False
7701,2896,1453,2024-11-16 18:19:29.000000,COLLISION,3245.49,IN_REVIEW,False
7702,2266,321,2024-07-31 11:51:53.000000,FLOOD,18162.89,IN_REVIEW,True
7703,2575,2767,2025-03-08 03:01:00.000000,FLOOD,19168.44,CLOSED,True
7704,4326,3164,2025-05-13 06:56:45.000000,COLLISION,978.01,OPEN,False
7705,4058,3962,2025-10-29 10:52:39.000000,THEFT,14597.69,REJECTED,False
7706,2966,1965,2024-10-24 20:17:06.000000,COLLISION,19610.34,OPEN,True
7707,859,1523,2025-02-17 14:43:27.000000,THEFT,16605.19,IN_REVIEW,False
7708,4406,174,2025-06-02 10:27:25.000000,COLLISION,21629.61,APPROVED,True
7709,4523,1982,2026-03-27 23:13:56.000000,COLLISION,23605.57,IN_REVIEW,True
7710,84,1392,2025-07-14 05:17:42.000000,FIRE,22489.14,APPROVED,True
7711,463,4129,2024-06-01 12:22:31.000000,THEFT,8657.75,CLOSED,False
7712,1832,2645,2024-09-21 22:27:36.000000,COLLISION,21426.36,APPROVED,True
7713,4399,1144,2024-05-16 11:52:04.000000,FLOOD,5833.46,IN_REVIEW,False
7714,1286,2012,2025-06-03 03:34:50.000000,GLASS_DAMAGE,18104.47,IN_REVIEW,True
7715,2006,2746,2025-12-11 00:36:30.000000,FLOOD,15413.67,REJECTED,False
7716,1062,1556,2025-01-05 10:27:29.000000,COLLISION,18202.04,APPROVED,True
7717,1163,247,2024-07-08 06:33:00.000000,THEFT,21291.3,REJECTED,True
7718,726,1794,2025-01-12 17:48:16.000000,FIRE,1148.81,REJECTED,False
7719,3760,1832,2024-12-09 05:47:34.000000,COLLISION,7479.68,IN_REVIEW,False
7720,2329,597,2024-12-02 16:30:55.000000,FLOOD,13000.36,CLOSED,False
7721,2323,2716,2025-06-05 12:24:26.000000,COLLISION,22622.56,APPROVED,True
7722,223,3354,2024-07-25 16:27:08.000000,GLASS_DAMAGE,9372.61,CLOSED,False
7723,191,2347,2026-05-07 07:23:48.000000,GLASS_DAMAGE,2617.01,IN_REVIEW,False
7724,2756,442,2024-12-22 15:30:40.000000,GLASS_DAMAGE,18898.8,REJECTED,True
7725,4125,927,2026-05-10 05:29:31.000000,FLOOD,16895.17,IN_REVIEW,False
7726,4044,3090,2026-05-07 20:38:48.000000,THEFT,6117.08,APPROVED,False
7727,3630,1552,2025-10-22 13:12:59.000000,VANDALISM,12629.5,CLOSED,False
7728,1056,3734,2025-01-23 05:46:36.000000,FIRE,10207.07,REJECTED,False
7729,4385,3042,2025-05-14 21:51:17.000000,FLOOD,24424.27,IN_REVIEW,True
7730,672,1339,2025-01-14 07:03:09.000000,VANDALISM,9268.98,IN_REVIEW,False
7731,3712,2776,2025-04-22 23:12:23.000000,FLOOD,10284.68,OPEN,False
7732,2692,724,2024-12-06 18:45:37.000000,THEFT,12034.3,REJECTED,False
7733,1892,127,2025-02-20 09:06:54.000000,VANDALISM,10792.03,REJECTED,False
7734,1889,1391,2026-02-12 14:39:55.000000,THEFT,23570.14,REJECTED,True
7735,4630,1929,2025-07-30 12:26:51.000000,GLASS_DAMAGE,11093.56,IN_REVIEW,False
7736,1047,3121,2024-09-30 01:25:33.000000,FLOOD,3148.03,CLOSED,False
7737,620,731,2024-06-10 17:36:42.000000,FIRE,5204.44,OPEN,False
7738,1891,1917,2026-02-19 03:53:10.000000,VANDALISM,22849.27,CLOSED,True
7739,3524,3356,2025-02-16 05:44:48.000000,FIRE,21918.73,REJECTED,True
7740,3305,3304,2026-02-18 13:58:00.000000,FLOOD,21538.36,REJECTED,True
7741,76,1002,2024-06-04 08:06:08.000000,THEFT,14977.91,CLOSED,False
7742,4010,1950,2024-08-31 11:10:45.000000,THEFT,24809.45,APPROVED,True
7743,2920,2103,2024-11-14 08:42:44.000000,THEFT,22033.88,OPEN,True
7744,1847,1655,2025-05-27 03:24:15.000000,VANDALISM,6875.21,OPEN,False
7745,2548,2860,2024-11-22 05:43:08.000000,GLASS_DAMAGE,19292.16,CLOSED,True
7746,2358,1941,2024-11-30 10:42:49.000000,FLOOD,15460.1,IN_REVIEW,False
7747,3396,689,2025-06-07 01:23:29.000000,COLLISION,12139.04,REJECTED,False
7748,1229,803,2024-08-10 03:28:36.000000,COLLISION,7913.6,IN_REVIEW,False
7749,3738,550,2025-05-12 14:14:25.000000,COLLISION,24663.23,OPEN,True
7750,4393,1824,2025-06-26 05:38:02.000000,COLLISION,8270.86,REJECTED,False
7751,3029,2998,2025-10-25 06:33:09.000000,COLLISION,21673.44,APPROVED,True
7752,4774,3130,2025-03-23 11:35:27.000000,VANDALISM,5800.24,APPROVED,False
7753,3042,2902,2025-06-30 17:41:55.000000,FIRE,2610.49,CLOSED,False
7754,4564,3004,2024-12-23 12:01:36.000000,THEFT,5934.04,APPROVED,False
7755,1662,1629,2025-03-24 17:44:00.000000,FIRE,13139.96,OPEN,False
7756,1030,2018,2024-12-21 04:31:53.000000,COLLISION,23150.83,IN_REVIEW,True
7757,3768,945,2024-07-31 08:49:32.000000,FLOOD,6194.55,APPROVED,False
7758,4183,102,2024-05-17 20:47:44.000000,THEFT,21513.16,IN_REVIEW,True
7759,2035,909,2025-12-21 22:51:50.000000,COLLISION,23292.65,CLOSED,True
7760,3745,3320,2024-11-23 03:32:37.000000,FLOOD,2655.52,APPROVED,False
7761,1203,823,2025-09-03 00:39:31.000000,COLLISION,17514.71,OPEN,False
7762,2990,3323,2026-02-02 18:18:27.000000,GLASS_DAMAGE,1371.26,OPEN,False
7763,3587,19,2025-12-07 10:30:01.000000,GLASS_DAMAGE,6145.01,CLOSED,False
7764,1990,79,2025-03-03 19:24:12.000000,FLOOD,16896.04,IN_REVIEW,False
7765,3949,424,2025-06-20 21:44:06.000000,GLASS_DAMAGE,13769.89,OPEN,False
7766,3889,1926,2026-04-19 00:40:01.000000,VANDALISM,2061.06,CLOSED,False
7767,2785,2311,2024-06-17 18:36:27.000000,VANDALISM,691.52,APPROVED,False
7768,4293,1259,2024-07-10 05:34:17.000000,FLOOD,22818.89,REJECTED,True
7769,4438,1376,2026-01-23 17:56:01.000000,VANDALISM,23621.73,APPROVED,True
7770,2607,2975,2025-06-10 17:28:28.000000,GLASS_DAMAGE,21061.92,REJECTED,True
7771,276,2734,2025-12-21 23:54:18.000000,GLASS_DAMAGE,2440.15,OPEN,False
7772,2985,1220,2026-05-02 03:52:33.000000,THEFT,7415.8,CLOSED,False
7773,2429,3691,2024-09-10 05:40:39.000000,VANDALISM,6776.34,CLOSED,False
7774,2579,321,2024-10-30 12:13:25.000000,VANDALISM,16456.2,CLOSED,False
7775,2132,1080,2025-05-20 05:43:40.000000,FLOOD,5152.29,REJECTED,False
7776,1974,3907,2026-03-19 10:37:58.000000,FLOOD,21156.99,OPEN,True
7777,866,3839,2025-07-07 19:52:43.000000,THEFT,8891.71,OPEN,False
7778,1312,3964,2025-04-07 04:13:30.000000,FIRE,24510.1,REJECTED,True
7779,2432,1141,2026-02-28 20:23:06.000000,FLOOD,17591.58,OPEN,False
7780,4318,1746,2026-02-17 15:08:39.000000,GLASS_DAMAGE,4196.9,OPEN,False
7781,258,2161,2024-08-05 12:48:53.000000,FIRE,20309.3,REJECTED,True
7782,1426,3332,2026-05-11 15:39:08.000000,VANDALISM,7201.71,CLOSED,False
7783,3507,333,2025-04-04 02:09:46.000000,FLOOD,14552.9,APPROVED,False
7784,961,2915,2025-01-15 08:39:47.000000,THEFT,13800.39,OPEN,False
7785,2911,2050,2024-09-20 11:42:58.000000,FLOOD,8323.18,APPROVED,False
7786,2439,2448,2025-10-08 07:32:03.000000,FLOOD,10930.17,IN_REVIEW,False
7787,1310,1460,2024-07-08 10:46:38.000000,COLLISION,1096.51,CLOSED,False
7788,4475,313,2026-01-04 22:20:39.000000,FIRE,19011.26,APPROVED,True
7789,4109,2381,2025-10-27 15:01:13.000000,GLASS_DAMAGE,3565.68,REJECTED,False
7790,2443,4191,2025-04-19 13:40:33.000000,COLLISION,22057.81,CLOSED,True
7791,2446,3459,2025-06-03 12:14:38.000000,VANDALISM,2128.06,APPROVED,False
7792,2506,2743,2026-01-01 11:33:05.000000,THEFT,2612.81,OPEN,False
7793,2698,2802,2025-02-10 23:23:33.000000,FIRE,4206.2,OPEN,False
7794,3881,1133,2025-07-12 05:11:13.000000,FLOOD,9838.43,IN_REVIEW,False
7795,1288,3681,2024-10-26 09:16:58.000000,VANDALISM,6676.13,APPROVED,False
7796,205,3055,2025-02-07 05:01:06.000000,FIRE,18630.82,OPEN,True
7797,4553,2515,2025-07-07 20:24:46.000000,GLASS_DAMAGE,24233.82,APPROVED,True
7798,548,3367,2025-10-19 08:16:00.000000,FIRE,13485.31,APPROVED,False
7799,196,938,2025-07-01 21:30:27.000000,GLASS_DAMAGE,15510.6,IN_REVIEW,False
7800,1438,2276,2025-05-17 17:56:39.000000,COLLISION,24854.72,REJECTED,True
7801,2188,1670,2025-11-03 21:37:16.000000,VANDALISM,22398.07,REJECTED,True
7802,1592,2880,2026-05-02 03:05:31.000000,VANDALISM,21402.65,APPROVED,True
7803,3228,1551,2025-01-27 03:01:12.000000,FLOOD,24625.58,OPEN,True
7804,4098,216,2024-05-29 12:43:14.000000,THEFT,21071.81,IN_REVIEW,True
7805,2749,1096,2024-05-12 07:22:58.000000,COLLISION,10478.13,CLOSED,False
7806,1689,1461,2026-02-28 07:41:03.000000,THEFT,15804.95,CLOSED,False
7807,2975,3706,2025-06-14 18:00:28.000000,FIRE,22170.07,CLOSED,True
7808,2552,1652,2025-06-22 13:09:24.000000,VANDALISM,14626.39,IN_REVIEW,False
7809,353,2633,2026-04-06 02:54:13.000000,COLLISION,12582.96,CLOSED,False
7810,2085,141,2025-08-06 15:00:45.000000,VANDALISM,13711.47,APPROVED,False
7811,1748,982,2026-05-02 16:55:29.000000,VANDALISM,19020.47,CLOSED,True
7812,2697,22,2025-05-16 21:39:41.000000,VANDALISM,24343.26,REJECTED,True
7813,4464,629,2024-09-14 01:58:23.000000,VANDALISM,3664.45,APPROVED,False
7814,2217,3750,2026-04-13 06:15:14.000000,THEFT,7956.96,OPEN,False
7815,2659,4014,2024-12-10 03:54:56.000000,COLLISION,9364.14,OPEN,False
7816,399,1365,2025-02-17 21:25:54.000000,COLLISION,301.85,OPEN,False
7817,3577,1370,2025-04-20 20:42:53.000000,THEFT,3502.38,IN_REVIEW,False
7818,3345,664,2025-10-17 07:38:07.000000,FIRE,9979.8,CLOSED,False
7819,1651,3044,2025-02-09 10:34:58.000000,FLOOD,11224.5,CLOSED,False
7820,4099,2080,2024-07-01 15:21:19.000000,GLASS_DAMAGE,4326.04,REJECTED,False
7821,2183,1639,2025-07-19 16:27:04.000000,FLOOD,4473.28,OPEN,False
7822,4694,1213,2024-07-27 13:04:56.000000,THEFT,2032.04,OPEN,False
7823,3510,1059,2025-09-20 04:54:31.000000,VANDALISM,22732.59,CLOSED,True
7824,892,641,2026-03-18 13:28:29.000000,FLOOD,7315.57,CLOSED,False
7825,2318,2201,2025-12-23 19:51:33.000000,THEFT,3797.22,APPROVED,False
7826,2717,2333,2026-04-25 19:23:16.000000,VANDALISM,3793.28,APPROVED,False
7827,3112,1716,2025-09-01 23:26:21.000000,FIRE,16354.69,APPROVED,False
7828,199,1284,2026-04-09 18:10:04.000000,VANDALISM,18491.75,APPROVED,True
7829,1053,3040,2024-11-01 02:32:05.000000,COLLISION,11702.32,IN_REVIEW,False
7830,115,2818,2026-05-03 13:41:13.000000,FIRE,23148.65,REJECTED,True
7831,2828,2682,2025-03-01 22:36:17.000000,VANDALISM,11545.44,IN_REVIEW,False
7832,1748,668,2024-09-26 00:24:44.000000,FIRE,23544.04,APPROVED,True
7833,3130,3523,2024-12-18 04:58:18.000000,FIRE,24002.81,OPEN,True
7834,3941,3172,2026-02-03 11:58:50.000000,VANDALISM,10112.16,IN_REVIEW,False
7835,1263,2953,2024-05-31 16:07:00.000000,FLOOD,8989.98,APPROVED,False
7836,1100,767,2025-05-19 23:25:25.000000,FLOOD,10583.88,CLOSED,False
7837,438,2784,2024-10-01 05:51:41.000000,COLLISION,2290.7,CLOSED,False
7838,2225,3900,2026-01-23 23:11:08.000000,FLOOD,16631.92,IN_REVIEW,False
7839,39,2167,2025-10-07 11:40:42.000000,VANDALISM,18592.58,IN_REVIEW,True
7840,3832,312,2024-10-01 17:56:04.000000,FIRE,14187.33,OPEN,False
7841,3476,1154,2024-06-23 20:42:56.000000,VANDALISM,24578.43,REJECTED,True
7842,501,1576,2025-04-04 18:17:21.000000,VANDALISM,4564.67,REJECTED,False
7843,1027,4146,2025-11-23 04:55:06.000000,GLASS_DAMAGE,629.11,REJECTED,False
7844,3040,3933,2025-11-16 22:53:41.000000,FLOOD,2554.51,IN_REVIEW,False
7845,1574,3968,2025-01-01 09:11:17.000000,VANDALISM,23290.42,IN_REVIEW,True
7846,1497,2122,2025-12-04 22:08:49.000000,FLOOD,9932.15,CLOSED,False
7847,4705,3009,2025-03-21 03:41:26.000000,GLASS_DAMAGE,18892.21,IN_REVIEW,True
7848,4408,3669,2024-07-27 04:49:51.000000,COLLISION,13703.78,REJECTED,False
7849,2612,27,2025-12-27 14:57:31.000000,THEFT,8688.91,REJECTED,False
7850,3287,5,2025-06-09 15:59:06.000000,COLLISION,17572.68,IN_REVIEW,False
7851,2928,3786,2025-06-22 05:58:43.000000,COLLISION,5598.44,APPROVED,False
7852,538,1377,2025-06-11 07:17:14.000000,VANDALISM,22507.4,OPEN,True
7853,3819,2235,2025-09-26 08:25:54.000000,THEFT,9657.89,REJECTED,False
7854,3497,940,2026-02-03 20:10:53.000000,FLOOD,24702.61,CLOSED,True
7855,2627,3899,2024-06-05 10:57:54.000000,FIRE,4304.33,CLOSED,False
7856,2271,2241,2024-06-03 12:29:13.000000,FIRE,20295.89,REJECTED,True
7857,292,4086,2024-10-14 04:07:25.000000,GLASS_DAMAGE,21963.0,CLOSED,True
7858,132,3951,2024-08-21 23:38:18.000000,GLASS_DAMAGE,11162.44,IN_REVIEW,False
7859,2819,1742,2025-12-09 03:19:34.000000,THEFT,12711.32,REJECTED,False
7860,1408,2913,2025-10-15 14:20:53.000000,COLLISION,5631.45,OPEN,False
7861,415,387,2025-04-24 18:45:13.000000,VANDALISM,3427.52,IN_REVIEW,False
7862,2107,3691,2026-03-13 07:13:46.000000,VANDALISM,22904.03,APPROVED,True
7863,3243,581,2026-01-24 16:36:14.000000,FIRE,4077.42,OPEN,False
7864,1001,2026,2025-10-04 12:50:00.000000,VANDALISM,10188.81,APPROVED,False
7865,4728,1640,2026-02-17 12:38:57.000000,FLOOD,15141.82,CLOSED,False
7866,1572,3142,2025-08-04 09:38:45.000000,GLASS_DAMAGE,21115.69,OPEN,True
7867,4492,2881,2024-08-19 12:47:07.000000,VANDALISM,22188.49,REJECTED,True
7868,2577,3440,2025-02-07 21:00:14.000000,GLASS_DAMAGE,10856.48,REJECTED,False
7869,391,296,2025-06-03 16:42:41.000000,GLASS_DAMAGE,9564.06,OPEN,False
7870,501,1849,2024-05-19 08:55:51.000000,THEFT,3388.73,OPEN,False
7871,548,994,2025-10-29 17:18:31.000000,COLLISION,19624.95,CLOSED,True
7872,1524,788,2024-06-17 14:29:38.000000,FIRE,7453.72,OPEN,False
7873,2142,3072,2025-07-17 18:27:57.000000,FIRE,24897.4,IN_REVIEW,True
7874,3051,1065,2025-02-09 22:17:59.000000,THEFT,18887.28,REJECTED,True
7875,413,3167,2024-09-18 06:47:24.000000,THEFT,13806.85,CLOSED,False
7876,138,3242,2024-09-01 22:07:52.000000,VANDALISM,8814.27,IN_REVIEW,False
7877,122,1153,2026-03-30 05:42:25.000000,FIRE,22954.18,OPEN,True
7878,1543,3718,2025-02-07 04:49:33.000000,FLOOD,1109.45,IN_REVIEW,False
7879,958,2380,2026-04-27 15:32:33.000000,FLOOD,9390.26,IN_REVIEW,False
7880,4234,1588,2025-05-13 06:13:07.000000,COLLISION,19426.42,OPEN,True
7881,1704,594,2026-01-28 21:05:38.000000,FLOOD,9571.83,CLOSED,False
7882,3545,3785,2025-03-15 01:09:54.000000,GLASS_DAMAGE,4915.02,OPEN,False
7883,1705,2486,2026-02-03 18:59:10.000000,FIRE,20458.85,CLOSED,True
7884,544,2419,2026-02-28 12:57:02.000000,GLASS_DAMAGE,18777.1,OPEN,True
7885,4556,319,2024-08-08 07:08:04.000000,COLLISION,12337.99,OPEN,False
7886,3039,1762,2026-04-09 11:30:52.000000,THEFT,7261.17,CLOSED,False
7887,1049,1542,2025-12-13 04:41:31.000000,COLLISION,5643.05,OPEN,False
7888,1328,1723,2025-07-15 17:36:36.000000,COLLISION,23480.18,CLOSED,True
7889,133,1345,2025-11-26 22:22:59.000000,GLASS_DAMAGE,19693.95,APPROVED,True
7890,3238,2739,2025-08-16 15:54:07.000000,THEFT,4658.26,OPEN,False
7891,4544,834,2025-04-27 01:20:48.000000,GLASS_DAMAGE,3133.56,CLOSED,False
7892,3593,2173,2025-09-05 06:07:23.000000,COLLISION,20992.46,CLOSED,True
7893,3174,320,2024-07-09 20:25:37.000000,GLASS_DAMAGE,14129.27,APPROVED,False
7894,1241,1359,2024-12-10 09:28:28.000000,COLLISION,6577.37,IN_REVIEW,False
7895,378,3666,2026-03-04 02:33:22.000000,FIRE,13747.34,IN_REVIEW,False
7896,546,1396,2024-06-25 04:58:58.000000,GLASS_DAMAGE,5618.25,CLOSED,False
7897,4333,4162,2025-03-27 01:39:08.000000,GLASS_DAMAGE,7160.96,OPEN,False
7898,639,382,2025-12-11 01:59:19.000000,GLASS_DAMAGE,19271.89,APPROVED,True
7899,3527,1944,2025-05-27 10:56:47.000000,FIRE,1319.19,OPEN,False
7900,3420,437,2025-01-14 15:28:23.000000,FLOOD,23785.41,REJECTED,True
7901,3098,1536,2024-10-03 17:40:39.000000,FLOOD,13601.03,OPEN,False
7902,3278,3957,2026-03-27 20:13:02.000000,THEFT,3742.66,OPEN,False
7903,4075,3825,2026-03-30 21:29:56.000000,GLASS_DAMAGE,17699.08,REJECTED,False
7904,3133,1164,2025-06-17 18:50:33.000000,GLASS_DAMAGE,20955.54,IN_REVIEW,True
7905,3859,1776,2025-03-23 14:10:08.000000,FLOOD,3677.36,APPROVED,False
7906,4535,3502,2026-02-08 23:55:07.000000,FLOOD,5444.31,IN_REVIEW,False
7907,1653,2590,2025-09-04 07:26:51.000000,VANDALISM,12632.97,OPEN,False
7908,3021,2163,2025-12-20 03:51:19.000000,GLASS_DAMAGE,22641.47,REJECTED,True
7909,4608,812,2024-11-19 00:34:53.000000,THEFT,24662.14,REJECTED,True
7910,3779,3224,2025-06-23 00:23:36.000000,GLASS_DAMAGE,5440.19,CLOSED,False
7911,3172,2706,2025-07-19 17:24:48.000000,THEFT,6787.07,REJECTED,False
7912,601,3971,2026-01-05 23:49:48.000000,VANDALISM,9630.99,REJECTED,False
7913,4009,2866,2025-12-07 00:01:56.000000,FIRE,7194.93,CLOSED,False
7914,291,2689,2024-08-14 20:18:44.000000,VANDALISM,14192.96,CLOSED,False
7915,4036,50,2024-05-28 16:56:54.000000,THEFT,5006.38,APPROVED,False
7916,429,980,2026-02-07 12:30:30.000000,FLOOD,24642.43,CLOSED,True
7917,4230,1529,2025-11-23 07:37:32.000000,FLOOD,20741.24,APPROVED,True
7918,969,1630,2024-12-27 10:37:51.000000,FIRE,18978.78,IN_REVIEW,True
7919,1251,1431,2025-08-22 09:25:35.000000,COLLISION,12503.76,OPEN,False
7920,1935,2021,2026-02-07 14:34:15.000000,VANDALISM,11019.38,IN_REVIEW,False
7921,2565,2356,2024-07-13 02:28:09.000000,COLLISION,3512.64,APPROVED,False
7922,3628,451,2024-11-11 07:26:42.000000,FLOOD,24466.77,IN_REVIEW,True
7923,4137,1205,2024-12-12 14:15:01.000000,VANDALISM,11108.79,REJECTED,False
7924,3358,1529,2025-09-30 21:29:58.000000,VANDALISM,1987.93,APPROVED,False
7925,3866,3339,2024-08-27 09:08:21.000000,GLASS_DAMAGE,23679.75,REJECTED,True
7926,443,3586,2024-07-05 07:56:49.000000,FLOOD,4723.45,OPEN,False
7927,4675,387,2024-06-04 16:51:17.000000,THEFT,277.26,CLOSED,False
7928,666,3586,2024-05-28 10:07:57.000000,COLLISION,8307.49,CLOSED,False
7929,4319,2019,2026-05-12 14:46:15.000000,FLOOD,15108.82,REJECTED,False
7930,857,1502,2025-03-02 02:50:26.000000,GLASS_DAMAGE,12941.39,APPROVED,False
7931,2539,1121,2025-04-22 04:06:54.000000,VANDALISM,13956.1,REJECTED,False
7932,1475,592,2026-04-26 16:53:24.000000,FIRE,20678.32,IN_REVIEW,True
7933,4326,39,2024-10-27 19:33:53.000000,FLOOD,8825.07,APPROVED,False
7934,3039,1287,2025-03-26 00:40:49.000000,THEFT,23694.2,OPEN,True
7935,3077,2851,2026-04-05 23:16:19.000000,COLLISION,12204.86,CLOSED,False
7936,1717,1092,2025-10-25 01:08:23.000000,GLASS_DAMAGE,17003.71,IN_REVIEW,False
7937,26,3881,2024-06-29 20:28:53.000000,FIRE,15066.49,REJECTED,False
7938,2178,514,2024-09-14 01:17:05.000000,THEFT,866.58,CLOSED,False
7939,925,1581,2024-08-25 18:25:27.000000,FLOOD,16627.04,OPEN,False
7940,3021,399,2026-03-08 14:26:19.000000,FIRE,15147.04,IN_REVIEW,False
7941,3030,2889,2026-03-06 14:06:53.000000,THEFT,21721.68,OPEN,True
7942,3301,981,2026-01-08 16:56:05.000000,COLLISION,6178.24,REJECTED,False
7943,1130,3038,2026-02-22 15:01:44.000000,COLLISION,18158.17,CLOSED,True
7944,1823,909,2025-07-10 14:50:35.000000,FLOOD,10949.92,IN_REVIEW,False
7945,3663,2119,2024-05-15 04:34:05.000000,VANDALISM,9430.04,REJECTED,False
7946,2529,2548,2024-12-02 10:14:57.000000,THEFT,17999.83,CLOSED,False
7947,2346,2524,2024-07-03 22:30:02.000000,THEFT,9436.06,REJECTED,False
7948,1153,1274,2024-08-31 11:48:17.000000,THEFT,9838.51,APPROVED,False
7949,878,2776,2024-07-13 11:23:01.000000,GLASS_DAMAGE,8593.58,APPROVED,False
7950,528,3922,2024-07-16 05:43:49.000000,VANDALISM,15176.95,IN_REVIEW,False
7951,1609,587,2025-12-02 12:10:17.000000,THEFT,8373.55,CLOSED,False
7952,679,3382,2025-12-28 04:38:18.000000,VANDALISM,7017.65,CLOSED,False
7953,3452,1798,2025-03-09 09:54:58.000000,THEFT,23105.62,REJECTED,True
7954,1433,1378,2025-05-06 14:45:49.000000,FLOOD,23938.16,CLOSED,True
7955,96,1049,2024-06-08 08:08:11.000000,FLOOD,23275.92,CLOSED,True
7956,4402,2132,2025-02-05 04:45:24.000000,GLASS_DAMAGE,21881.95,OPEN,True
7957,4548,2558,2024-07-15 23:47:48.000000,COLLISION,14230.48,REJECTED,False
7958,1075,2938,2025-02-07 13:08:42.000000,GLASS_DAMAGE,22385.73,REJECTED,True
7959,1681,3803,2024-09-01 00:03:22.000000,VANDALISM,8739.97,IN_REVIEW,False
7960,1928,3967,2026-04-23 01:50:19.000000,VANDALISM,13294.33,CLOSED,False
7961,2912,3660,2025-03-29 05:24:28.000000,FIRE,2951.96,OPEN,False
7962,825,487,2024-10-17 08:50:34.000000,THEFT,20724.86,CLOSED,True
7963,3680,1665,2025-08-08 03:00:36.000000,COLLISION,4827.12,APPROVED,False
7964,932,1327,2025-06-07 21:32:30.000000,VANDALISM,17300.29,APPROVED,False
7965,2832,3953,2024-05-25 04:34:10.000000,FLOOD,8456.62,OPEN,False
7966,4245,3092,2026-04-10 19:48:15.000000,FLOOD,23363.84,REJECTED,True
7967,958,3994,2025-12-12 03:48:21.000000,VANDALISM,22389.13,APPROVED,True
7968,2229,379,2026-01-18 10:43:13.000000,FLOOD,8069.68,CLOSED,False
7969,2547,902,2025-07-19 01:12:34.000000,COLLISION,22445.26,OPEN,True
7970,4330,4029,2025-10-02 13:29:26.000000,GLASS_DAMAGE,7878.92,IN_REVIEW,False
7971,1373,4002,2026-03-21 19:31:21.000000,GLASS_DAMAGE,6053.03,IN_REVIEW,False
7972,1217,4041,2025-01-18 07:40:33.000000,THEFT,18441.86,APPROVED,True
7973,1210,986,2024-10-15 19:27:01.000000,FIRE,4659.52,REJECTED,False
7974,1768,3571,2024-11-01 03:30:05.000000,GLASS_DAMAGE,1411.98,REJECTED,False
7975,4338,751,2026-04-27 23:29:03.000000,FLOOD,9534.16,APPROVED,False
7976,2172,2860,2026-02-01 08:01:16.000000,GLASS_DAMAGE,2758.64,REJECTED,False
7977,181,3308,2024-06-21 14:54:02.000000,FLOOD,7128.13,CLOSED,False
7978,2909,4159,2025-06-02 21:21:34.000000,GLASS_DAMAGE,14068.26,CLOSED,False
7979,1952,3779,2026-03-13 06:36:17.000000,FIRE,602.47,APPROVED,False
7980,1933,768,2024-10-24 23:52:28.000000,FLOOD,1244.6,APPROVED,False
7981,2509,406,2024-07-10 17:06:19.000000,COLLISION,4225.35,REJECTED,False
7982,1964,3055,2024-12-01 19:52:17.000000,FLOOD,15731.45,OPEN,False
7983,1109,216,2025-12-16 22:03:36.000000,GLASS_DAMAGE,22776.81,APPROVED,True
7984,3734,3533,2025-09-26 22:45:16.000000,THEFT,3181.12,REJECTED,False
7985,2139,3133,2025-06-27 23:54:20.000000,COLLISION,2499.96,OPEN,False
7986,165,2002,2025-07-03 01:16:28.000000,VANDALISM,2984.25,REJECTED,False
7987,3339,3980,2024-12-07 06:38:49.000000,COLLISION,4253.13,OPEN,False
7988,1944,2014,2025-09-17 02:10:03.000000,THEFT,14215.55,REJECTED,False
7989,1503,1123,2024-09-05 23:20:14.000000,VANDALISM,24040.82,REJECTED,True
7990,1417,163,2026-02-11 08:28:33.000000,FLOOD,8873.94,CLOSED,False
7991,4779,2353,2024-11-24 23:09:33.000000,GLASS_DAMAGE,2228.28,APPROVED,False
7992,165,1710,2024-06-13 11:01:55.000000,VANDALISM,2753.92,CLOSED,False
7993,431,4029,2025-06-28 01:48:32.000000,FIRE,18310.26,APPROVED,True
7994,34,3027,2025-12-10 02:56:52.000000,VANDALISM,14791.58,IN_REVIEW,False
7995,4256,575,2025-08-23 00:17:29.000000,FLOOD,2440.57,APPROVED,False
7996,4565,4151,2025-01-05 22:03:41.000000,THEFT,23285.13,REJECTED,True
7997,4575,3826,2025-06-16 13:22:17.000000,FIRE,20896.98,IN_REVIEW,True
7998,1270,714,2026-03-16 17:45:46.000000,VANDALISM,821.63,OPEN,False
7999,3065,1758,2025-09-01 11:48:59.000000,GLASS_DAMAGE,1148.69,APPROVED,False
8000,3214,861,2025-01-03 17:52:17.000000,THEFT,13033.31,OPEN,False
8001,4405,307,2026-03-17 03:35:28.000000,VANDALISM,6102.03,CLOSED,False
8002,698,453,2026-01-29 01:07:02.000000,THEFT,475.8,APPROVED,False
8003,2959,412,2026-05-08 18:53:49.000000,GLASS_DAMAGE,13177.06,REJECTED,False
8004,1419,12,2026-03-16 04:35:25.000000,FLOOD,12223.39,APPROVED,False
8005,1571,2891,2025-05-04 20:39:00.000000,FIRE,14523.94,IN_REVIEW,False
8006,1291,3610,2025-07-04 14:45:42.000000,VANDALISM,22456.15,APPROVED,True
8007,2246,130,2024-12-30 19:03:06.000000,FLOOD,653.17,OPEN,False
8008,1400,3733,2024-12-04 08:45:39.000000,COLLISION,6229.08,APPROVED,False
8009,851,745,2024-12-11 03:24:11.000000,THEFT,17886.14,APPROVED,False
8010,1670,2978,2024-06-21 05:06:10.000000,THEFT,10911.98,IN_REVIEW,False
8011,3551,2418,2025-05-12 11:03:07.000000,FIRE,15489.17,APPROVED,False
8012,1440,213,2025-08-29 00:44:04.000000,THEFT,4596.72,CLOSED,False
8013,1516,3135,2025-02-15 20:57:49.000000,VANDALISM,1577.0,REJECTED,False
8014,2803,2454,2024-12-10 12:21:43.000000,FIRE,1152.24,REJECTED,False
8015,4759,1163,2024-06-29 20:30:03.000000,THEFT,7896.3,IN_REVIEW,False
8016,301,2038,2024-09-16 09:18:11.000000,GLASS_DAMAGE,9786.94,APPROVED,False
8017,3607,2641,2026-02-23 02:25:19.000000,COLLISION,9648.36,REJECTED,False
8018,4789,535,2024-08-25 01:41:45.000000,THEFT,567.72,REJECTED,False
8019,4516,1891,2025-09-10 12:31:06.000000,FLOOD,21582.65,CLOSED,True
8020,1938,2531,2025-08-14 06:57:33.000000,COLLISION,19400.68,IN_REVIEW,True
8021,3561,723,2025-09-08 05:15:37.000000,COLLISION,22020.77,IN_REVIEW,True
8022,4212,3487,2026-05-05 00:45:47.000000,FLOOD,16898.4,IN_REVIEW,False
8023,2609,2449,2025-12-07 22:44:44.000000,COLLISION,1968.95,OPEN,False
8024,1991,3537,2026-03-16 09:03:21.000000,COLLISION,9808.72,REJECTED,False
8025,711,2959,2025-10-01 02:29:22.000000,VANDALISM,24967.69,IN_REVIEW,True
8026,402,124,2024-09-23 19:28:19.000000,FIRE,20153.65,IN_REVIEW,True
8027,1225,1278,2025-11-19 17:24:46.000000,FIRE,5481.89,OPEN,False
8028,346,2014,2024-09-08 18:07:33.000000,COLLISION,19837.95,REJECTED,True
8029,3866,3653,2025-06-23 15:52:48.000000,FLOOD,7132.19,OPEN,False
8030,388,1178,2026-01-25 17:02:22.000000,VANDALISM,5274.19,CLOSED,False
8031,2575,3496,2024-08-13 02:24:15.000000,FIRE,24525.66,APPROVED,True
8032,2351,454,2024-05-13 23:45:41.000000,FLOOD,9369.3,CLOSED,False
8033,1469,424,2026-04-13 06:23:31.000000,FLOOD,4864.29,APPROVED,False
8034,1575,3884,2025-01-04 19:16:11.000000,THEFT,21731.06,IN_REVIEW,True
8035,3392,4037,2026-04-15 23:56:37.000000,COLLISION,4558.54,APPROVED,False
8036,4723,2142,2025-12-03 17:15:49.000000,FLOOD,8657.95,OPEN,False
8037,1975,2573,2025-05-09 22:17:27.000000,VANDALISM,15461.34,REJECTED,False
8038,2112,675,2026-02-26 23:39:49.000000,FIRE,9338.37,IN_REVIEW,False
8039,2448,1844,2024-10-21 05:39:02.000000,FIRE,12173.45,CLOSED,False
8040,3847,3198,2025-06-21 23:30:54.000000,COLLISION,432.83,OPEN,False
8041,3205,1996,2024-07-15 12:15:00.000000,VANDALISM,20832.49,APPROVED,True
8042,2521,65,2026-01-02 03:33:39.000000,VANDALISM,15840.27,OPEN,False
8043,3812,3189,2025-11-07 07:36:54.000000,GLASS_DAMAGE,18307.21,CLOSED,True
8044,228,1876,2024-07-27 11:35:38.000000,VANDALISM,12996.87,REJECTED,False
8045,4328,1603,2024-05-22 21:30:46.000000,COLLISION,15195.2,CLOSED,False
8046,380,191,2025-06-08 16:21:59.000000,FLOOD,2915.53,CLOSED,False
8047,2548,2945,2025-04-10 10:31:16.000000,VANDALISM,4766.53,REJECTED,False
8048,1246,1010,2025-01-17 20:17:49.000000,COLLISION,8363.39,REJECTED,False
8049,2794,2567,2025-09-08 07:07:26.000000,FLOOD,19906.17,CLOSED,True
8050,4714,643,2024-05-22 23:24:17.000000,THEFT,4925.18,REJECTED,False
8051,3050,800,2026-04-17 21:47:26.000000,VANDALISM,18753.29,OPEN,True
8052,1171,2623,2025-01-31 01:54:17.000000,COLLISION,3404.26,REJECTED,False
8053,1872,3433,2025-01-09 17:09:28.000000,FLOOD,10485.1,APPROVED,False
8054,947,2452,2025-12-04 02:26:30.000000,COLLISION,20045.45,IN_REVIEW,True
8055,4505,1526,2025-11-11 07:38:52.000000,VANDALISM,5361.41,CLOSED,False
8056,4779,4186,2025-03-15 02:00:48.000000,FIRE,709.95,OPEN,False
8057,83,2117,2025-10-31 11:20:13.000000,GLASS_DAMAGE,23117.89,REJECTED,True
8058,2309,2261,2025-01-12 22:39:38.000000,VANDALISM,18558.51,IN_REVIEW,True
8059,763,4113,2026-01-16 01:05:37.000000,FIRE,4098.41,OPEN,False
8060,2602,2154,2026-03-11 08:44:12.000000,FIRE,13245.87,CLOSED,False
8061,3313,3483,2025-11-13 16:46:56.000000,VANDALISM,15004.8,OPEN,False
8062,3454,1440,2025-01-23 15:21:28.000000,VANDALISM,16416.73,IN_REVIEW,False
8063,4648,1093,2024-09-07 19:01:42.000000,VANDALISM,15515.96,IN_REVIEW,False
8064,591,4088,2025-07-17 12:13:09.000000,VANDALISM,5375.23,APPROVED,False
8065,462,1796,2026-02-15 18:58:33.000000,THEFT,20636.67,CLOSED,True
8066,1979,3638,2025-12-13 22:19:52.000000,VANDALISM,10403.75,REJECTED,False
8067,1139,1520,2024-12-04 19:31:22.000000,THEFT,1584.16,OPEN,False
8068,1961,390,2026-01-16 03:31:45.000000,FLOOD,22166.07,CLOSED,True
8069,1109,2312,2024-07-18 14:17:44.000000,GLASS_DAMAGE,4714.25,CLOSED,False
8070,982,2559,2025-01-20 21:14:02.000000,FLOOD,16588.13,REJECTED,False
8071,1538,120,2025-08-03 01:45:18.000000,FIRE,17746.16,APPROVED,False
8072,2772,1840,2025-04-21 16:17:33.000000,FLOOD,3540.84,APPROVED,False
8073,4171,4074,2025-08-13 19:41:06.000000,FLOOD,680.65,REJECTED,False
8074,3470,2477,2024-08-07 11:00:28.000000,VANDALISM,11835.28,REJECTED,False
8075,1976,3939,2024-10-10 19:38:29.000000,THEFT,5781.94,REJECTED,False
8076,2759,1571,2025-06-08 06:49:17.000000,GLASS_DAMAGE,16163.84,CLOSED,False
8077,3137,208,2025-11-26 20:22:51.000000,THEFT,23177.52,REJECTED,True
8078,3198,489,2025-05-02 02:23:38.000000,THEFT,23260.11,APPROVED,True
8079,1494,2173,2025-05-21 16:12:29.000000,GLASS_DAMAGE,15152.83,CLOSED,False
8080,2561,3288,2024-08-10 14:36:47.000000,COLLISION,3775.15,CLOSED,False
8081,399,3377,2026-04-14 06:54:38.000000,THEFT,3589.05,OPEN,False
8082,3891,2984,2026-04-21 17:49:35.000000,COLLISION,8793.42,OPEN,False
8083,1604,2474,2025-08-02 01:33:34.000000,FIRE,13250.48,APPROVED,False
8084,1035,3220,2025-03-05 10:26:16.000000,FIRE,428.04,REJECTED,False
8085,1104,3413,2025-03-09 02:41:54.000000,FIRE,5558.14,REJECTED,False
8086,1073,3346,2025-08-25 17:05:56.000000,COLLISION,14691.44,REJECTED,False
8087,4067,3056,2024-09-08 06:31:42.000000,COLLISION,19217.32,REJECTED,True
8088,2195,3835,2024-06-23 19:25:34.000000,COLLISION,611.16,APPROVED,False
8089,4742,1265,2025-07-03 16:39:54.000000,VANDALISM,19533.05,APPROVED,True
8090,2883,1398,2026-01-23 01:36:35.000000,FLOOD,19029.22,OPEN,True
8091,2355,816,2024-10-06 09:45:30.000000,FIRE,2973.83,IN_REVIEW,False
8092,3214,5,2024-11-11 13:59:37.000000,VANDALISM,1501.03,OPEN,False
8093,1811,990,2025-12-21 00:29:14.000000,THEFT,1761.82,REJECTED,False
8094,148,2373,2024-09-26 16:44:08.000000,COLLISION,6907.82,IN_REVIEW,False
8095,4226,2442,2024-08-17 10:14:05.000000,GLASS_DAMAGE,12272.28,OPEN,False
8096,4325,2575,2024-07-28 02:53:25.000000,GLASS_DAMAGE,21936.53,APPROVED,True
8097,424,2347,2024-09-12 02:34:02.000000,GLASS_DAMAGE,8871.87,APPROVED,False
8098,3576,2260,2025-03-17 23:13:48.000000,GLASS_DAMAGE,8211.6,APPROVED,False
8099,3676,4112,2025-10-06 19:56:20.000000,COLLISION,16925.82,APPROVED,False
8100,1010,3237,2024-09-21 18:09:10.000000,VANDALISM,18217.19,REJECTED,True
8101,2218,3010,2025-02-04 03:03:20.000000,FIRE,5633.29,APPROVED,False
8102,1616,1903,2025-10-19 10:33:55.000000,COLLISION,7813.77,REJECTED,False
8103,1028,2686,2025-08-01 02:45:54.000000,GLASS_DAMAGE,13543.87,IN_REVIEW,False
8104,538,2134,2025-03-21 17:36:27.000000,FLOOD,8135.18,CLOSED,False
8105,4385,2500,2024-10-13 23:40:14.000000,FIRE,20517.07,IN_REVIEW,True
8106,2590,2113,2024-12-16 19:30:21.000000,FIRE,1637.78,CLOSED,False
8107,3621,61,2025-06-16 00:25:36.000000,GLASS_DAMAGE,13194.81,CLOSED,False
8108,3291,2749,2024-08-23 14:21:48.000000,FLOOD,24688.33,REJECTED,True
8109,944,631,2024-08-12 04:24:28.000000,VANDALISM,4849.38,OPEN,False
8110,3418,2517,2026-04-30 03:04:50.000000,THEFT,18416.51,OPEN,True
8111,1457,531,2024-11-24 06:03:47.000000,FIRE,23878.18,CLOSED,True
8112,1056,1276,2024-08-12 10:52:03.000000,COLLISION,10130.06,OPEN,False
8113,4598,1001,2024-09-01 15:09:38.000000,VANDALISM,12376.69,IN_REVIEW,False
8114,1329,2704,2025-03-20 06:06:32.000000,FLOOD,12925.8,REJECTED,False
8115,1187,2188,2025-06-12 19:47:43.000000,COLLISION,23131.18,OPEN,True
8116,2976,1300,2025-11-30 18:49:04.000000,VANDALISM,14106.33,IN_REVIEW,False
8117,2194,2748,2025-07-23 08:20:06.000000,GLASS_DAMAGE,6861.54,APPROVED,False
8118,3951,4105,2025-09-02 15:31:48.000000,GLASS_DAMAGE,21588.67,IN_REVIEW,True
8119,3531,1914,2026-04-26 11:01:51.000000,GLASS_DAMAGE,2999.27,REJECTED,False
8120,3494,4022,2025-05-04 10:31:27.000000,FLOOD,20269.89,APPROVED,True
8121,3736,12,2024-10-21 01:52:59.000000,COLLISION,11254.51,CLOSED,False
8122,408,2798,2025-08-03 14:39:02.000000,VANDALISM,8384.2,REJECTED,False
8123,1162,1162,2025-11-10 10:53:10.000000,FIRE,3682.85,CLOSED,False
8124,1402,3283,2024-06-21 17:45:49.000000,GLASS_DAMAGE,17232.53,REJECTED,False
8125,4159,2927,2024-08-16 00:46:40.000000,FIRE,5320.59,REJECTED,False
8126,1968,2450,2025-07-22 02:52:04.000000,FLOOD,2270.34,REJECTED,False
8127,2627,784,2024-05-25 14:06:59.000000,FIRE,22844.55,OPEN,True
8128,1070,2491,2025-08-24 13:34:44.000000,FIRE,2838.78,IN_REVIEW,False
8129,2268,3959,2025-01-16 09:51:28.000000,VANDALISM,20124.92,OPEN,True
8130,921,3966,2024-10-18 23:57:47.000000,FIRE,492.39,OPEN,False
8131,2942,3362,2025-09-08 19:26:46.000000,VANDALISM,7473.01,IN_REVIEW,False
8132,3587,3344,2025-08-08 19:23:06.000000,FIRE,9142.68,REJECTED,False
8133,532,2661,2025-05-17 22:48:28.000000,GLASS_DAMAGE,20306.43,APPROVED,True
8134,1310,872,2025-01-29 12:25:08.000000,FLOOD,17055.03,REJECTED,False
8135,878,1747,2024-12-17 21:40:23.000000,VANDALISM,2539.6,REJECTED,False
8136,4119,211,2024-12-09 01:19:53.000000,VANDALISM,8701.15,IN_REVIEW,False
8137,1598,191,2024-06-16 21:04:34.000000,THEFT,13306.09,APPROVED,False
8138,2291,280,2025-08-25 15:59:46.000000,GLASS_DAMAGE,1741.09,REJECTED,False
8139,745,1902,2025-09-07 05:44:40.000000,THEFT,6572.31,OPEN,False
8140,705,387,2024-08-18 07:44:07.000000,FLOOD,4117.57,APPROVED,False
8141,3403,4072,2025-05-27 11:36:07.000000,FIRE,16506.08,APPROVED,False
8142,1771,4075,2025-05-23 02:01:57.000000,COLLISION,8184.87,OPEN,False
8143,492,2811,2024-05-23 01:00:26.000000,FIRE,425.16,CLOSED,False
8144,4765,2451,2026-02-06 06:27:00.000000,COLLISION,21714.19,IN_REVIEW,True
8145,4374,401,2025-10-09 22:14:25.000000,FIRE,13778.3,OPEN,False
8146,677,3116,2024-10-01 02:20:39.000000,FIRE,5666.53,IN_REVIEW,False
8147,1252,2228,2025-06-30 23:02:40.000000,GLASS_DAMAGE,10068.32,CLOSED,False
8148,2146,2968,2025-11-01 21:55:27.000000,FIRE,6944.41,OPEN,False
8149,1885,2837,2024-12-04 06:26:23.000000,THEFT,21947.54,APPROVED,True
8150,2315,4132,2025-10-24 23:40:33.000000,THEFT,8491.6,CLOSED,False
8151,2303,1791,2024-12-09 23:48:09.000000,THEFT,12299.05,REJECTED,False
8152,108,921,2026-03-18 08:28:23.000000,COLLISION,3732.81,CLOSED,False
8153,3588,1485,2025-09-09 23:56:01.000000,FIRE,17868.13,IN_REVIEW,False
8154,1878,791,2025-12-21 02:11:54.000000,GLASS_DAMAGE,21981.35,APPROVED,True
8155,987,497,2024-07-30 10:45:46.000000,VANDALISM,1496.68,CLOSED,False
8156,727,1281,2025-10-12 07:57:12.000000,VANDALISM,1878.78,CLOSED,False
8157,2510,4142,2024-10-28 08:17:52.000000,GLASS_DAMAGE,6467.77,IN_REVIEW,False
8158,3123,2797,2025-07-25 12:29:26.000000,COLLISION,16632.62,REJECTED,False
8159,3801,2759,2026-04-01 16:43:00.000000,GLASS_DAMAGE,13130.9,IN_REVIEW,False
8160,4004,1427,2025-11-17 05:22:54.000000,GLASS_DAMAGE,5943.46,APPROVED,False
8161,4235,182,2024-07-01 07:20:42.000000,COLLISION,24386.62,REJECTED,True
8162,3720,3401,2025-05-04 10:05:44.000000,COLLISION,14695.76,IN_REVIEW,False
8163,2547,1428,2024-08-14 13:19:07.000000,THEFT,10256.75,REJECTED,False
8164,1537,3760,2024-12-02 05:13:18.000000,COLLISION,15010.99,REJECTED,False
8165,583,2822,2026-05-03 08:01:15.000000,FLOOD,18739.57,OPEN,True
8166,3252,1650,2024-05-14 19:21:36.000000,THEFT,16681.19,IN_REVIEW,False
8167,1261,795,2024-08-05 00:59:17.000000,FIRE,21108.77,REJECTED,True
8168,557,224,2025-06-07 16:35:09.000000,FLOOD,13841.63,APPROVED,False
8169,2479,3894,2025-10-27 21:42:41.000000,THEFT,21395.7,CLOSED,True
8170,4217,2533,2026-01-08 13:08:49.000000,FIRE,2187.35,APPROVED,False
8171,2923,1243,2024-08-08 19:52:17.000000,COLLISION,16048.76,CLOSED,False
8172,32,403,2024-08-21 11:01:55.000000,GLASS_DAMAGE,13016.28,OPEN,False
8173,57,4179,2025-02-12 15:04:20.000000,FIRE,6908.06,REJECTED,False
8174,4639,105,2026-01-23 12:03:02.000000,FIRE,24751.16,REJECTED,True
8175,3357,527,2026-03-22 03:06:12.000000,THEFT,13324.74,REJECTED,False
8176,4171,348,2024-07-30 01:18:12.000000,THEFT,1616.62,CLOSED,False
8177,4732,2758,2024-12-25 03:36:27.000000,COLLISION,21457.6,REJECTED,True
8178,2505,2829,2025-03-24 15:05:06.000000,FLOOD,12279.53,IN_REVIEW,False
8179,3065,2309,2025-06-25 15:27:50.000000,FIRE,21488.87,OPEN,True
8180,3102,3507,2025-07-18 01:50:25.000000,FLOOD,19259.95,OPEN,True
8181,417,3342,2026-01-21 21:17:01.000000,VANDALISM,15446.1,IN_REVIEW,False
8182,2332,891,2024-08-16 02:04:26.000000,THEFT,10858.29,REJECTED,False
8183,2335,2980,2024-10-19 22:53:01.000000,VANDALISM,386.77,APPROVED,False
8184,2208,925,2024-09-03 14:19:55.000000,COLLISION,8689.52,IN_REVIEW,False
8185,2263,1207,2024-11-25 10:24:45.000000,GLASS_DAMAGE,11044.98,CLOSED,False
8186,2650,3438,2025-11-29 18:03:19.000000,GLASS_DAMAGE,2375.46,APPROVED,False
8187,702,367,2025-10-17 20:11:36.000000,GLASS_DAMAGE,14396.11,REJECTED,False
8188,4407,1024,2026-04-01 05:46:14.000000,GLASS_DAMAGE,24538.71,APPROVED,True
8189,3012,955,2024-10-31 19:16:23.000000,GLASS_DAMAGE,3911.82,REJECTED,False
8190,3729,3971,2025-12-29 03:46:08.000000,COLLISION,6846.7,CLOSED,False
8191,2205,237,2026-03-27 11:34:36.000000,VANDALISM,8280.66,CLOSED,False
8192,2027,1279,2025-05-12 17:50:04.000000,FLOOD,12387.52,IN_REVIEW,False
8193,4332,170,2024-12-24 13:55:43.000000,COLLISION,10892.54,APPROVED,False
8194,2377,1253,2024-05-30 23:59:45.000000,GLASS_DAMAGE,16096.01,OPEN,False
8195,1116,2307,2025-06-16 15:58:34.000000,VANDALISM,23294.33,APPROVED,True
8196,3042,2012,2026-03-15 04:33:21.000000,VANDALISM,4091.05,CLOSED,False
8197,4347,3511,2024-12-15 21:48:51.000000,FLOOD,1199.69,APPROVED,False
8198,1367,94,2025-07-19 08:08:03.000000,VANDALISM,15079.96,IN_REVIEW,False
8199,4339,2254,2025-09-22 18:42:54.000000,FIRE,6067.82,OPEN,False
8200,3623,1427,2024-07-19 10:39:00.000000,FIRE,10217.4,REJECTED,False
8201,101,1889,2024-10-10 06:19:16.000000,FLOOD,7557.6,IN_REVIEW,False
8202,753,3868,2025-10-02 02:07:47.000000,VANDALISM,18555.13,IN_REVIEW,True
8203,1019,850,2024-12-15 20:55:06.000000,VANDALISM,18529.44,CLOSED,True
8204,432,1925,2025-12-07 12:53:10.000000,FLOOD,13178.04,APPROVED,False
8205,100,1389,2025-05-29 03:58:15.000000,VANDALISM,24520.18,IN_REVIEW,True
8206,4779,2920,2024-10-24 23:39:00.000000,COLLISION,11176.16,APPROVED,False
8207,4041,2121,2024-12-01 06:53:12.000000,COLLISION,20427.09,APPROVED,True
8208,1511,1452,2024-08-02 03:22:00.000000,COLLISION,17557.89,OPEN,False
8209,1290,628,2025-05-01 22:47:50.000000,COLLISION,5618.76,IN_REVIEW,False
8210,1236,2113,2025-10-03 02:27:27.000000,THEFT,11449.27,OPEN,False
8211,1761,1423,2025-09-04 15:42:44.000000,FLOOD,13163.64,OPEN,False
8212,3824,1075,2026-02-01 12:59:38.000000,GLASS_DAMAGE,3147.78,IN_REVIEW,False
8213,1547,1377,2025-03-26 03:29:05.000000,FLOOD,22444.06,APPROVED,True
8214,2226,3754,2026-01-19 10:13:28.000000,FIRE,8314.43,IN_REVIEW,False
8215,3782,1555,2024-05-12 21:47:57.000000,FLOOD,3991.18,REJECTED,False
8216,1466,3630,2024-07-09 21:48:22.000000,GLASS_DAMAGE,23035.49,IN_REVIEW,True
8217,1645,2711,2024-11-26 08:23:12.000000,VANDALISM,14582.34,CLOSED,False
8218,1587,1198,2024-09-24 17:54:48.000000,VANDALISM,7999.73,REJECTED,False
8219,1545,1080,2026-02-22 14:51:19.000000,FIRE,5658.79,REJECTED,False
8220,4697,2681,2024-07-22 18:24:56.000000,VANDALISM,10132.1,REJECTED,False
8221,1659,27,2024-09-13 01:11:15.000000,FIRE,12001.33,REJECTED,False
8222,4378,2464,2025-01-03 13:43:13.000000,THEFT,13873.11,OPEN,False
8223,939,64,2025-01-21 21:54:26.000000,FLOOD,12585.38,CLOSED,False
8224,59,2757,2024-07-26 16:51:33.000000,FLOOD,18474.93,REJECTED,True
8225,2912,2665,2025-05-10 06:36:18.000000,FIRE,19285.34,OPEN,True
8226,1542,2679,2024-05-22 09:08:10.000000,COLLISION,20456.73,OPEN,True
8227,3250,1494,2024-11-19 10:55:06.000000,FLOOD,16728.9,REJECTED,False
8228,3153,2666,2025-07-14 14:19:50.000000,THEFT,898.21,OPEN,False
8229,4472,2197,2025-05-11 02:59:33.000000,FLOOD,17257.3,APPROVED,False
8230,3737,3517,2025-10-05 09:16:43.000000,GLASS_DAMAGE,2372.59,CLOSED,False
8231,963,3105,2026-02-12 19:40:17.000000,COLLISION,3764.97,REJECTED,False
8232,289,177,2024-11-06 10:38:17.000000,GLASS_DAMAGE,16514.06,IN_REVIEW,False
8233,118,1299,2024-08-03 05:35:58.000000,GLASS_DAMAGE,15354.65,IN_REVIEW,False
8234,178,124,2026-01-08 16:30:38.000000,THEFT,20143.94,OPEN,True
8235,4038,514,2024-09-27 16:36:27.000000,VANDALISM,17394.75,CLOSED,False
8236,2371,3921,2024-05-21 19:52:16.000000,GLASS_DAMAGE,13405.83,REJECTED,False
8237,4717,1023,2024-10-28 12:43:17.000000,FIRE,13225.89,OPEN,False
8238,462,2079,2025-03-09 14:18:19.000000,THEFT,21802.68,REJECTED,True
8239,1840,578,2024-10-03 14:53:21.000000,VANDALISM,22484.02,APPROVED,True
8240,3317,3465,2026-04-25 11:13:52.000000,VANDALISM,11563.68,CLOSED,False
8241,1391,1002,2025-10-09 13:09:11.000000,THEFT,2120.79,APPROVED,False
8242,1939,413,2025-10-31 07:21:34.000000,GLASS_DAMAGE,5201.7,CLOSED,False
8243,2121,3879,2026-04-15 23:12:08.000000,FIRE,299.1,REJECTED,False
8244,1926,1251,2025-06-13 00:13:21.000000,COLLISION,10288.12,APPROVED,False
8245,877,2233,2025-08-10 08:20:14.000000,VANDALISM,6513.58,CLOSED,False
8246,2625,2613,2025-12-10 11:48:34.000000,FIRE,9897.18,APPROVED,False
8247,398,2024,2025-11-13 21:42:30.000000,THEFT,14293.45,APPROVED,False
8248,1228,1555,2025-06-10 08:40:02.000000,GLASS_DAMAGE,11621.38,CLOSED,False
8249,493,2769,2026-04-18 21:35:10.000000,FIRE,19174.91,CLOSED,True
8250,4268,360,2025-07-12 02:47:09.000000,THEFT,16670.17,APPROVED,False
8251,1763,4126,2024-11-24 16:39:53.000000,VANDALISM,24304.48,CLOSED,True
8252,2379,3151,2024-07-14 09:24:10.000000,FLOOD,6882.96,CLOSED,False
8253,3473,3682,2026-01-07 15:19:29.000000,FIRE,20674.94,OPEN,True
8254,2962,271,2026-02-11 03:24:12.000000,FIRE,15183.5,CLOSED,False
8255,4630,2322,2025-09-07 05:40:04.000000,THEFT,5142.69,CLOSED,False
8256,781,882,2024-09-22 17:25:13.000000,COLLISION,19002.41,REJECTED,True
8257,2722,406,2025-05-10 03:40:26.000000,COLLISION,2949.71,CLOSED,False
8258,3463,1305,2024-07-21 14:57:21.000000,VANDALISM,20570.86,OPEN,True
8259,1470,732,2026-04-08 03:39:16.000000,THEFT,12164.83,IN_REVIEW,False
8260,4509,2416,2025-05-09 20:11:52.000000,FLOOD,16811.99,APPROVED,False
8261,631,3055,2025-08-18 21:31:31.000000,FLOOD,1906.55,OPEN,False
8262,1097,2430,2025-09-29 23:33:07.000000,VANDALISM,10556.09,CLOSED,False
8263,2978,1739,2025-08-01 09:45:35.000000,THEFT,15319.38,CLOSED,False
8264,2141,1289,2025-03-10 12:47:00.000000,FIRE,10220.83,CLOSED,False
8265,407,367,2025-01-11 04:22:50.000000,THEFT,23362.37,OPEN,True
8266,701,3924,2025-07-11 08:19:30.000000,COLLISION,24236.37,IN_REVIEW,True
8267,3487,2568,2024-05-22 09:17:12.000000,VANDALISM,768.25,IN_REVIEW,False
8268,4125,1300,2025-03-24 02:11:04.000000,VANDALISM,21756.51,CLOSED,True
8269,2973,3804,2024-08-06 08:42:13.000000,THEFT,11103.72,REJECTED,False
8270,727,627,2024-08-12 12:09:00.000000,FIRE,11070.47,CLOSED,False
8271,4793,4045,2026-04-24 01:14:39.000000,THEFT,17073.67,CLOSED,False
8272,3668,498,2025-09-26 14:34:07.000000,COLLISION,13505.6,REJECTED,False
8273,2518,3139,2024-09-08 08:12:01.000000,FLOOD,16763.79,REJECTED,False
8274,793,1866,2025-08-10 23:57:07.000000,GLASS_DAMAGE,8073.41,CLOSED,False
8275,633,2794,2025-12-19 08:05:44.000000,FLOOD,16416.22,CLOSED,False
8276,781,587,2024-09-13 05:13:04.000000,VANDALISM,16401.71,CLOSED,False
8277,40,3654,2026-04-01 18:50:13.000000,THEFT,24954.22,CLOSED,True
8278,903,3765,2024-12-20 08:36:38.000000,FLOOD,21508.41,REJECTED,True
8279,3116,1773,2025-10-25 01:26:03.000000,FIRE,22217.88,REJECTED,True
8280,2402,1327,2024-09-04 01:49:22.000000,COLLISION,9271.39,IN_REVIEW,False
8281,2444,576,2026-01-03 12:16:50.000000,FIRE,4844.82,IN_REVIEW,False
8282,1492,2878,2026-01-02 21:38:14.000000,FIRE,23028.2,IN_REVIEW,True
8283,3596,1079,2026-01-18 12:39:58.000000,FLOOD,10170.94,CLOSED,False
8284,2030,3744,2024-08-06 10:57:20.000000,THEFT,10089.88,OPEN,False
8285,4446,642,2025-10-04 11:30:03.000000,COLLISION,11367.35,REJECTED,False
8286,850,3626,2024-10-13 04:20:18.000000,VANDALISM,15443.37,OPEN,False
8287,2370,2523,2024-07-03 11:29:39.000000,THEFT,3938.3,CLOSED,False
8288,2204,740,2025-06-14 02:30:22.000000,VANDALISM,18559.6,IN_REVIEW,True
8289,2442,2297,2025-10-31 07:12:33.000000,FIRE,21373.85,APPROVED,True
8290,4435,2786,2024-08-23 19:34:44.000000,COLLISION,1825.57,APPROVED,False
8291,259,2560,2024-06-18 15:05:10.000000,COLLISION,18542.83,IN_REVIEW,True
8292,2912,3717,2024-06-06 23:34:36.000000,FLOOD,7513.21,OPEN,False
8293,2935,3232,2024-08-18 16:53:19.000000,THEFT,1946.93,REJECTED,False
8294,3992,1523,2024-10-02 12:29:26.000000,COLLISION,22424.64,CLOSED,True
8295,498,468,2025-07-08 06:36:02.000000,VANDALISM,23726.61,REJECTED,True
8296,353,488,2025-07-01 05:18:25.000000,GLASS_DAMAGE,21825.77,CLOSED,True
8297,1403,2681,2025-10-22 06:50:29.000000,FIRE,5408.74,APPROVED,False
8298,1061,3207,2025-06-30 13:34:50.000000,THEFT,19394.44,REJECTED,True
8299,4029,2135,2025-02-01 00:14:36.000000,FIRE,15814.46,CLOSED,False
8300,2339,4015,2025-11-22 14:02:04.000000,FLOOD,5036.0,OPEN,False
8301,2546,2380,2025-02-04 04:02:50.000000,THEFT,16005.18,IN_REVIEW,False
8302,2825,4000,2024-08-07 08:47:25.000000,COLLISION,22836.3,REJECTED,True
8303,3697,2222,2025-12-05 11:36:49.000000,THEFT,19688.29,OPEN,True
8304,4030,898,2025-01-12 07:35:51.000000,VANDALISM,20286.31,REJECTED,True
8305,4078,318,2025-02-28 23:14:39.000000,FIRE,9804.15,IN_REVIEW,False
8306,4614,3108,2024-07-02 02:26:47.000000,FIRE,10003.54,IN_REVIEW,False
8307,282,3923,2024-06-29 21:46:04.000000,FLOOD,23404.39,APPROVED,True
8308,1998,3941,2026-03-08 22:00:31.000000,GLASS_DAMAGE,21008.31,IN_REVIEW,True
8309,2038,3942,2025-07-18 20:52:29.000000,FLOOD,13283.91,REJECTED,False
8310,3439,2930,2025-10-28 01:03:00.000000,FLOOD,20479.27,IN_REVIEW,True
8311,1094,1714,2025-10-13 23:42:48.000000,VANDALISM,11035.81,IN_REVIEW,False
8312,1757,3280,2024-08-28 08:10:40.000000,VANDALISM,14510.25,OPEN,False
8313,2648,3737,2024-09-11 16:22:33.000000,GLASS_DAMAGE,5845.25,OPEN,False
8314,791,2897,2025-03-23 07:42:55.000000,COLLISION,24978.62,REJECTED,True
8315,2056,1154,2026-02-03 14:55:47.000000,VANDALISM,20408.34,APPROVED,True
8316,2996,2086,2025-03-25 09:59:24.000000,VANDALISM,590.33,CLOSED,False
8317,2584,1245,2024-12-07 07:38:31.000000,VANDALISM,21631.83,CLOSED,True
8318,4701,1757,2025-02-27 15:32:28.000000,THEFT,24604.47,IN_REVIEW,True
8319,4606,3257,2024-09-12 03:48:31.000000,FLOOD,14400.54,CLOSED,False
8320,2356,2264,2025-11-17 12:23:13.000000,FLOOD,2226.98,APPROVED,False
8321,1740,726,2025-04-18 19:22:49.000000,COLLISION,23569.31,APPROVED,True
8322,602,3195,2025-08-17 13:48:46.000000,VANDALISM,353.83,APPROVED,False
8323,2300,2328,2025-06-02 19:14:22.000000,COLLISION,262.42,APPROVED,False
8324,2581,2274,2025-05-31 05:59:57.000000,FIRE,4769.89,CLOSED,False
8325,4458,1679,2025-11-16 08:19:24.000000,FLOOD,22619.96,CLOSED,True
8326,3418,2747,2025-04-10 07:21:47.000000,FLOOD,7311.26,REJECTED,False
8327,1539,300,2025-10-26 23:02:34.000000,FIRE,18634.67,APPROVED,True
8328,4065,4044,2026-04-13 13:08:22.000000,THEFT,1394.31,IN_REVIEW,False
8329,4381,218,2025-11-19 01:38:41.000000,VANDALISM,360.99,APPROVED,False
8330,385,1229,2026-04-07 11:33:50.000000,FLOOD,15917.64,CLOSED,False
8331,3740,2371,2025-07-09 22:46:19.000000,FIRE,12119.48,CLOSED,False
8332,875,3137,2025-10-03 06:48:09.000000,THEFT,18160.77,OPEN,True
8333,1066,1868,2024-11-24 09:41:42.000000,GLASS_DAMAGE,20369.34,APPROVED,True
8334,4273,252,2026-01-12 03:08:08.000000,FLOOD,16567.42,OPEN,False
8335,2708,830,2025-08-12 18:37:44.000000,GLASS_DAMAGE,2867.53,OPEN,False
8336,1590,2415,2024-11-25 21:44:40.000000,FLOOD,7146.86,OPEN,False
8337,1283,517,2024-10-02 16:42:43.000000,COLLISION,19124.02,IN_REVIEW,True
8338,183,1040,2025-05-06 21:06:45.000000,FLOOD,22063.18,REJECTED,True
8339,1113,4113,2025-05-16 08:20:46.000000,COLLISION,10020.68,OPEN,False
8340,4714,2735,2024-06-14 01:52:16.000000,FLOOD,19480.73,REJECTED,True
8341,2530,2424,2025-11-05 22:08:30.000000,FIRE,4471.35,CLOSED,False
8342,1123,3008,2025-05-16 13:14:18.000000,THEFT,9191.52,OPEN,False
8343,1022,2558,2024-07-17 13:53:18.000000,FIRE,20667.95,OPEN,True
8344,1294,2136,2025-07-24 12:14:21.000000,COLLISION,13351.19,REJECTED,False
8345,1206,1116,2024-10-17 08:41:40.000000,FLOOD,13673.95,REJECTED,False
8346,1869,1962,2026-04-05 13:08:43.000000,COLLISION,2826.19,CLOSED,False
8347,2960,3790,2026-03-23 11:54:13.000000,VANDALISM,16186.08,APPROVED,False
8348,4724,2423,2024-08-19 15:19:05.000000,FLOOD,11003.54,REJECTED,False
8349,1030,3598,2024-07-28 10:29:35.000000,FIRE,20578.73,IN_REVIEW,True
8350,2081,3589,2025-06-15 21:01:59.000000,THEFT,2214.13,OPEN,False
8351,774,4032,2025-09-24 12:44:12.000000,THEFT,20201.49,OPEN,True
8352,2089,2946,2024-11-17 01:49:43.000000,FLOOD,2827.88,APPROVED,False
8353,120,1065,2024-06-10 07:21:13.000000,COLLISION,15863.36,REJECTED,False
8354,268,1130,2025-07-27 06:15:53.000000,VANDALISM,14514.05,APPROVED,False
8355,1099,2712,2025-11-19 19:59:06.000000,COLLISION,12797.53,IN_REVIEW,False
8356,3221,2944,2026-03-03 06:25:27.000000,THEFT,763.69,IN_REVIEW,False
8357,3655,3872,2025-10-16 05:54:20.000000,GLASS_DAMAGE,10213.72,CLOSED,False
8358,399,2554,2025-05-18 19:14:25.000000,VANDALISM,8286.43,APPROVED,False
8359,2821,1648,2024-09-03 01:44:16.000000,FIRE,9826.26,REJECTED,False
8360,1000,2426,2024-09-27 01:21:25.000000,VANDALISM,2296.77,OPEN,False
8361,4677,3773,2024-08-05 04:49:48.000000,FLOOD,22164.1,REJECTED,True
8362,1654,4030,2024-08-25 20:48:00.000000,THEFT,773.2,APPROVED,False
8363,1610,2977,2024-09-26 13:01:55.000000,THEFT,15608.37,CLOSED,False
8364,944,2220,2025-11-22 10:44:24.000000,FLOOD,15486.17,OPEN,False
8365,3285,2820,2025-01-14 08:26:10.000000,COLLISION,21046.19,CLOSED,True
8366,2566,1321,2024-12-17 15:14:34.000000,VANDALISM,19109.95,APPROVED,True
8367,2265,1402,2025-11-03 06:04:13.000000,GLASS_DAMAGE,9944.94,CLOSED,False
8368,4114,3589,2025-10-10 02:49:58.000000,COLLISION,8723.23,APPROVED,False
8369,2143,3247,2025-08-06 14:31:56.000000,FLOOD,10537.23,APPROVED,False
8370,3644,135,2025-09-28 03:27:32.000000,FLOOD,13311.29,OPEN,False
8371,52,2503,2024-07-16 19:28:46.000000,GLASS_DAMAGE,2426.65,OPEN,False
8372,2609,2301,2025-06-27 17:01:43.000000,FLOOD,20697.91,REJECTED,True
8373,2006,3868,2025-02-06 17:38:27.000000,FLOOD,18379.09,CLOSED,True
8374,3734,4069,2025-11-10 03:01:52.000000,GLASS_DAMAGE,6186.31,OPEN,False
8375,4685,2314,2026-01-25 07:18:30.000000,COLLISION,4056.1,REJECTED,False
8376,520,1892,2026-04-13 14:14:07.000000,THEFT,24610.18,IN_REVIEW,True
8377,4073,455,2025-11-25 00:47:53.000000,THEFT,775.45,IN_REVIEW,False
8378,2863,3498,2026-03-30 10:01:11.000000,FIRE,22035.38,REJECTED,True
8379,2302,300,2025-10-09 21:24:24.000000,COLLISION,8941.5,IN_REVIEW,False
8380,3186,1781,2024-10-04 12:22:42.000000,GLASS_DAMAGE,14479.52,REJECTED,False
8381,2599,1901,2025-01-02 07:17:45.000000,COLLISION,23898.08,APPROVED,True
8382,843,322,2026-01-16 03:14:44.000000,THEFT,7915.15,OPEN,False
8383,4521,199,2025-07-08 02:07:16.000000,THEFT,13384.76,IN_REVIEW,False
8384,3711,684,2024-10-25 23:49:42.000000,GLASS_DAMAGE,6341.7,IN_REVIEW,False
8385,2632,1879,2025-09-16 11:50:01.000000,GLASS_DAMAGE,18838.55,CLOSED,True
8386,931,1370,2024-06-22 11:39:09.000000,GLASS_DAMAGE,4080.05,APPROVED,False
8387,2,2022,2024-09-20 15:54:01.000000,THEFT,10169.11,CLOSED,False
8388,2499,3093,2025-10-24 22:34:35.000000,COLLISION,21957.92,APPROVED,True
8389,4302,3768,2024-08-18 13:35:24.000000,VANDALISM,6967.25,OPEN,False
8390,4194,1085,2024-12-19 02:53:40.000000,FIRE,6785.46,IN_REVIEW,False
8391,2037,1087,2024-08-11 05:26:30.000000,VANDALISM,5710.28,CLOSED,False
8392,2634,3432,2025-04-01 16:43:57.000000,FLOOD,7400.04,REJECTED,False
8393,224,632,2024-09-22 03:16:32.000000,COLLISION,5071.48,REJECTED,False
8394,3600,3344,2024-08-01 14:56:28.000000,VANDALISM,3245.73,REJECTED,False
8395,2939,3007,2026-03-15 15:43:28.000000,FIRE,6955.03,IN_REVIEW,False
8396,3808,1523,2024-12-29 03:15:33.000000,GLASS_DAMAGE,4602.26,APPROVED,False
8397,530,460,2024-09-23 15:07:34.000000,GLASS_DAMAGE,8644.37,OPEN,False
8398,899,999,2024-08-27 08:38:44.000000,THEFT,23771.81,APPROVED,True
8399,2484,1036,2025-04-20 20:34:00.000000,VANDALISM,16652.92,OPEN,False
8400,295,1913,2024-11-11 07:41:55.000000,FIRE,12770.18,OPEN,False
8401,2989,3297,2026-03-14 03:50:54.000000,GLASS_DAMAGE,16707.36,OPEN,False
8402,3388,826,2025-04-19 15:17:09.000000,COLLISION,7295.33,OPEN,False
8403,1043,157,2024-10-12 18:50:38.000000,VANDALISM,2944.16,APPROVED,False
8404,1711,4052,2026-04-04 05:56:44.000000,FIRE,24668.68,APPROVED,True
8405,2690,2337,2025-11-22 22:20:15.000000,FLOOD,6122.13,IN_REVIEW,False
8406,4012,3915,2024-09-11 17:54:41.000000,FIRE,9450.91,REJECTED,False
8407,1080,3873,2026-01-24 10:44:26.000000,FLOOD,14651.39,APPROVED,False
8408,1912,3770,2024-08-05 12:01:05.000000,COLLISION,21197.75,REJECTED,True
8409,686,226,2024-06-14 10:18:07.000000,VANDALISM,4638.18,APPROVED,False
8410,4225,1179,2026-03-24 14:55:25.000000,FLOOD,21694.73,CLOSED,True
8411,3742,3365,2025-11-27 18:13:48.000000,FIRE,18497.91,CLOSED,True
8412,1246,1950,2026-01-16 23:44:22.000000,VANDALISM,21426.54,REJECTED,True
8413,4580,1,2026-04-22 05:11:00.000000,GLASS_DAMAGE,20665.38,IN_REVIEW,True
8414,1304,3071,2026-04-09 01:08:18.000000,GLASS_DAMAGE,10567.07,REJECTED,False
8415,2826,228,2025-08-31 08:13:43.000000,COLLISION,18623.63,OPEN,True
8416,2388,1265,2025-12-15 20:31:18.000000,FLOOD,977.55,OPEN,False
8417,2539,14,2026-02-13 16:05:57.000000,FLOOD,19374.34,IN_REVIEW,True
8418,3835,3663,2025-08-15 18:32:32.000000,THEFT,10727.46,REJECTED,False
8419,2232,1615,2026-02-13 06:10:14.000000,GLASS_DAMAGE,21727.67,REJECTED,True
8420,1700,3604,2026-04-10 23:54:56.000000,FLOOD,18858.25,APPROVED,True
8421,2594,2222,2026-04-12 02:37:45.000000,THEFT,18586.83,REJECTED,True
8422,936,5,2024-06-05 10:03:09.000000,FIRE,24513.74,CLOSED,True
8423,2227,3948,2025-06-28 00:00:12.000000,COLLISION,2376.79,OPEN,False
8424,1776,1284,2025-05-03 03:09:45.000000,FLOOD,24005.16,IN_REVIEW,True
8425,3828,2531,2025-01-17 19:38:07.000000,GLASS_DAMAGE,15033.5,REJECTED,False
8426,3525,952,2024-08-23 21:31:37.000000,THEFT,11308.55,REJECTED,False
8427,234,3994,2024-12-30 15:20:39.000000,FLOOD,23912.8,CLOSED,True
8428,804,116,2026-01-12 07:13:50.000000,FLOOD,1948.31,CLOSED,False
8429,4407,82,2024-06-30 11:17:33.000000,VANDALISM,4873.86,REJECTED,False
8430,4656,1624,2025-02-05 10:29:48.000000,COLLISION,1078.21,CLOSED,False
8431,3547,3463,2026-03-15 04:40:16.000000,FIRE,22504.89,REJECTED,True
8432,3538,1529,2025-12-02 09:17:36.000000,COLLISION,11555.08,APPROVED,False
8433,1521,2785,2025-02-22 22:10:56.000000,VANDALISM,20113.59,REJECTED,True
8434,2464,1953,2025-04-30 01:41:46.000000,VANDALISM,15569.11,CLOSED,False
8435,956,2990,2024-09-02 23:26:58.000000,FIRE,23043.84,IN_REVIEW,True
8436,4289,940,2025-07-17 04:07:23.000000,THEFT,4143.15,IN_REVIEW,False
8437,84,2500,2025-06-05 23:09:03.000000,COLLISION,10838.75,APPROVED,False
8438,2405,2794,2025-07-20 09:11:59.000000,THEFT,11202.76,REJECTED,False
8439,199,882,2025-04-03 12:39:32.000000,COLLISION,3980.82,OPEN,False
8440,1862,2217,2025-02-14 11:47:55.000000,VANDALISM,6837.75,REJECTED,False
8441,3120,12,2025-03-01 15:28:47.000000,FIRE,19401.21,OPEN,True
8442,1604,1436,2026-01-23 18:21:32.000000,GLASS_DAMAGE,13301.63,OPEN,False
8443,2506,1640,2025-05-07 12:06:21.000000,GLASS_DAMAGE,5903.29,APPROVED,False
8444,3504,1056,2024-08-08 01:22:00.000000,COLLISION,3734.49,IN_REVIEW,False
8445,3890,3153,2024-11-19 20:19:58.000000,FLOOD,14871.23,IN_REVIEW,False
8446,3033,1538,2025-10-31 14:50:10.000000,VANDALISM,12097.97,CLOSED,False
8447,1098,3827,2025-03-20 13:02:08.000000,FLOOD,20867.99,REJECTED,True
8448,4582,940,2024-07-27 03:03:30.000000,THEFT,14706.38,OPEN,False
8449,3231,497,2024-09-16 16:42:32.000000,VANDALISM,9150.72,APPROVED,False
8450,4246,2750,2025-12-19 18:08:52.000000,COLLISION,1706.58,REJECTED,False
8451,2402,2569,2025-10-17 12:08:08.000000,GLASS_DAMAGE,9208.42,APPROVED,False
8452,4596,3396,2024-06-23 13:00:50.000000,FIRE,24891.06,CLOSED,True
8453,4232,242,2025-11-25 15:04:26.000000,FIRE,10763.68,REJECTED,False
8454,1564,1381,2024-12-25 17:27:20.000000,GLASS_DAMAGE,23463.79,CLOSED,True
8455,449,3700,2025-10-06 08:00:27.000000,VANDALISM,611.24,CLOSED,False
8456,203,860,2025-12-22 16:20:52.000000,FLOOD,3263.38,APPROVED,False
8457,3792,572,2025-03-11 20:00:03.000000,GLASS_DAMAGE,18720.08,REJECTED,True
8458,664,3515,2025-12-04 14:24:43.000000,COLLISION,2934.21,IN_REVIEW,False
8459,2269,665,2024-09-10 05:23:52.000000,THEFT,14281.2,CLOSED,False
8460,1008,370,2025-12-16 09:26:19.000000,GLASS_DAMAGE,8148.4,IN_REVIEW,False
8461,3834,2877,2024-06-08 19:22:28.000000,COLLISION,13680.42,REJECTED,False
8462,3096,2426,2025-05-10 08:50:05.000000,FLOOD,16660.9,REJECTED,False
8463,3587,1269,2025-07-22 06:59:37.000000,THEFT,19918.51,CLOSED,True
8464,3472,2999,2025-01-11 23:07:59.000000,COLLISION,9994.91,REJECTED,False
8465,2380,13,2024-10-02 11:33:52.000000,COLLISION,24068.69,CLOSED,True
8466,1176,3423,2025-09-13 22:31:37.000000,THEFT,9520.3,CLOSED,False
8467,2793,3291,2025-05-22 02:49:35.000000,FLOOD,20995.79,IN_REVIEW,True
8468,1184,144,2026-03-22 22:08:09.000000,VANDALISM,1770.79,CLOSED,False
8469,2046,3725,2025-02-05 18:27:04.000000,VANDALISM,8154.22,CLOSED,False
8470,2633,616,2025-11-10 10:06:25.000000,GLASS_DAMAGE,8582.78,IN_REVIEW,False
8471,3913,2343,2025-07-16 23:25:29.000000,VANDALISM,10306.42,OPEN,False
8472,2154,3663,2024-07-09 00:23:49.000000,GLASS_DAMAGE,23508.42,REJECTED,True
8473,4696,466,2025-06-27 08:09:15.000000,FIRE,13811.15,REJECTED,False
8474,4045,3237,2026-01-13 12:44:39.000000,THEFT,21188.13,OPEN,True
8475,4314,3589,2024-11-10 03:55:43.000000,GLASS_DAMAGE,24555.7,IN_REVIEW,True
8476,1381,1382,2025-07-25 08:24:57.000000,VANDALISM,7236.77,CLOSED,False
8477,3460,135,2024-12-12 15:21:03.000000,FLOOD,15528.56,REJECTED,False
8478,3453,4082,2025-09-22 01:55:59.000000,THEFT,21788.29,IN_REVIEW,True
8479,1366,831,2025-01-21 15:49:32.000000,FLOOD,2446.2,APPROVED,False
8480,916,2404,2024-10-10 03:09:50.000000,FLOOD,18324.24,CLOSED,True
8481,4414,2698,2025-02-14 13:26:22.000000,COLLISION,6146.57,IN_REVIEW,False
8482,3205,1982,2025-12-07 07:31:58.000000,THEFT,3083.03,IN_REVIEW,False
8483,4317,3504,2025-01-03 18:46:44.000000,FIRE,9199.57,OPEN,False
8484,2560,1361,2025-04-27 00:57:07.000000,VANDALISM,10049.35,APPROVED,False
8485,2098,3606,2025-09-25 00:38:18.000000,THEFT,24106.11,CLOSED,True
8486,3351,2046,2024-12-26 20:34:17.000000,COLLISION,3361.5,APPROVED,False
8487,2974,2402,2024-08-11 15:28:04.000000,COLLISION,15885.27,APPROVED,False
8488,990,1792,2024-06-12 00:55:45.000000,GLASS_DAMAGE,1324.58,APPROVED,False
8489,3929,4011,2025-05-22 23:15:53.000000,FLOOD,471.26,APPROVED,False
8490,758,703,2024-09-04 06:32:32.000000,GLASS_DAMAGE,11292.92,APPROVED,False
8491,98,2314,2024-06-29 02:34:11.000000,THEFT,18633.63,OPEN,True
8492,3993,1707,2026-05-06 08:35:38.000000,GLASS_DAMAGE,8625.11,REJECTED,False
8493,4769,983,2024-07-08 20:06:58.000000,THEFT,5809.43,APPROVED,False
8494,3752,780,2025-10-04 23:07:14.000000,COLLISION,8780.14,CLOSED,False
8495,3719,1156,2024-05-17 11:00:53.000000,FLOOD,3774.98,APPROVED,False
8496,2458,3841,2026-03-12 11:26:12.000000,THEFT,13330.67,OPEN,False
8497,28,2129,2025-09-01 14:11:09.000000,COLLISION,13315.9,IN_REVIEW,False
8498,4235,4006,2024-06-29 21:13:41.000000,FLOOD,6490.07,OPEN,False
8499,3215,295,2025-07-12 15:36:47.000000,COLLISION,10414.94,REJECTED,False
8500,2579,2165,2025-01-14 17:43:12.000000,FIRE,19924.63,IN_REVIEW,True
8501,1894,4179,2024-10-04 20:25:48.000000,THEFT,4147.04,CLOSED,False
8502,2660,3652,2025-06-21 19:51:41.000000,THEFT,23019.13,IN_REVIEW,True
8503,2577,739,2024-10-22 05:12:35.000000,GLASS_DAMAGE,24531.72,REJECTED,True
8504,578,3636,2025-04-08 17:08:21.000000,GLASS_DAMAGE,5114.04,APPROVED,False
8505,1035,3197,2025-12-06 04:08:43.000000,COLLISION,13083.23,IN_REVIEW,False
8506,909,217,2026-03-02 23:09:14.000000,GLASS_DAMAGE,23632.55,OPEN,True
8507,150,258,2024-12-23 05:07:54.000000,FLOOD,18448.48,OPEN,True
8508,1908,3292,2025-01-22 23:15:32.000000,GLASS_DAMAGE,6379.89,APPROVED,False
8509,1222,682,2025-12-21 14:32:32.000000,VANDALISM,7448.67,IN_REVIEW,False
8510,2146,2768,2024-06-12 07:03:00.000000,GLASS_DAMAGE,18220.43,CLOSED,True
8511,3909,474,2025-10-05 22:40:25.000000,FIRE,1932.21,REJECTED,False
8512,3244,254,2026-03-07 08:33:19.000000,VANDALISM,2402.76,REJECTED,False
8513,2252,548,2024-09-30 13:14:37.000000,FIRE,23538.94,REJECTED,True
8514,1917,3523,2024-09-25 16:12:35.000000,THEFT,9148.93,IN_REVIEW,False
8515,3242,886,2024-09-24 15:32:14.000000,FIRE,6264.33,OPEN,False
8516,2542,4082,2024-10-11 09:14:40.000000,FLOOD,6033.86,OPEN,False
8517,1851,2586,2026-04-19 16:33:55.000000,FIRE,11332.71,APPROVED,False
8518,2393,21,2025-02-18 01:25:06.000000,VANDALISM,1893.77,CLOSED,False
8519,2855,2305,2025-08-01 16:06:20.000000,FLOOD,19501.39,OPEN,True
8520,4342,3301,2026-02-13 04:33:26.000000,THEFT,1249.64,OPEN,False
8521,2762,3406,2025-08-07 11:55:40.000000,GLASS_DAMAGE,1719.1,OPEN,False
8522,3622,79,2025-01-17 19:40:42.000000,GLASS_DAMAGE,21954.28,IN_REVIEW,True
8523,3056,2807,2025-09-13 01:56:11.000000,FLOOD,17407.11,REJECTED,False
8524,751,92,2025-07-15 06:57:06.000000,VANDALISM,6257.94,APPROVED,False
8525,3605,546,2026-01-15 08:09:52.000000,FLOOD,7680.13,IN_REVIEW,False
8526,4659,887,2026-01-01 21:07:31.000000,GLASS_DAMAGE,1922.94,CLOSED,False
8527,2341,1134,2025-11-02 14:09:41.000000,THEFT,5778.37,REJECTED,False
8528,2051,3244,2025-10-18 20:28:49.000000,THEFT,20694.54,OPEN,True
8529,296,3248,2024-11-26 19:21:47.000000,VANDALISM,14228.39,OPEN,False
8530,1261,238,2025-04-10 01:39:19.000000,GLASS_DAMAGE,13345.46,IN_REVIEW,False
8531,1759,3951,2025-07-14 03:52:34.000000,GLASS_DAMAGE,7436.81,IN_REVIEW,False
8532,1517,2803,2025-10-05 11:18:07.000000,FIRE,14198.36,REJECTED,False
8533,3834,4048,2024-08-15 17:58:12.000000,VANDALISM,19824.75,OPEN,True
8534,1621,598,2024-06-29 19:43:54.000000,FIRE,13585.08,REJECTED,False
8535,1851,3615,2024-07-13 07:49:43.000000,FLOOD,1960.32,APPROVED,False
8536,4793,3772,2024-12-26 22:12:16.000000,COLLISION,24618.15,CLOSED,True
8537,1554,620,2026-02-02 13:13:13.000000,FIRE,3683.89,APPROVED,False
8538,82,984,2024-06-25 00:51:24.000000,GLASS_DAMAGE,14348.87,OPEN,False
8539,897,4120,2024-07-18 16:32:08.000000,FIRE,14177.0,REJECTED,False
8540,3060,2418,2026-04-19 22:18:57.000000,VANDALISM,21931.62,IN_REVIEW,True
8541,3829,2304,2024-06-21 07:06:48.000000,THEFT,11290.54,IN_REVIEW,False
8542,2044,1955,2025-07-13 06:16:36.000000,VANDALISM,12395.06,CLOSED,False
8543,691,2159,2025-10-27 17:41:49.000000,THEFT,3386.73,OPEN,False
8544,620,968,2025-02-10 18:30:10.000000,COLLISION,1686.42,OPEN,False
8545,3248,2183,2025-10-22 11:59:22.000000,VANDALISM,12309.12,APPROVED,False
8546,1052,1564,2025-11-24 10:36:43.000000,GLASS_DAMAGE,12676.66,CLOSED,False
8547,4005,385,2026-01-08 13:18:07.000000,COLLISION,4505.19,APPROVED,False
8548,706,1843,2025-04-28 11:43:03.000000,FIRE,23070.01,REJECTED,True
8549,2009,1839,2025-10-17 18:22:20.000000,GLASS_DAMAGE,12705.49,IN_REVIEW,False
8550,2820,4134,2024-12-31 01:10:52.000000,GLASS_DAMAGE,17950.74,REJECTED,False
8551,4363,3570,2026-04-16 23:58:53.000000,FIRE,4278.34,APPROVED,False
8552,2875,1227,2024-07-30 01:28:00.000000,VANDALISM,6438.84,IN_REVIEW,False
8553,1128,3956,2026-04-06 21:02:30.000000,THEFT,12343.99,CLOSED,False
8554,2952,2721,2026-01-09 21:02:23.000000,THEFT,6556.98,CLOSED,False
8555,4685,298,2024-07-08 05:38:44.000000,THEFT,13670.93,OPEN,False
8556,1411,3551,2025-12-18 04:56:25.000000,FIRE,8328.83,IN_REVIEW,False
8557,2586,746,2026-04-24 09:07:42.000000,FIRE,5714.59,OPEN,False
8558,2127,1754,2024-11-05 12:21:52.000000,FIRE,24822.1,REJECTED,True
8559,1815,1555,2025-09-19 20:06:54.000000,GLASS_DAMAGE,15757.97,IN_REVIEW,False
8560,3883,3038,2026-03-29 04:11:36.000000,GLASS_DAMAGE,2682.95,REJECTED,False
8561,3931,3561,2025-06-28 12:32:13.000000,THEFT,17864.07,CLOSED,False
8562,2890,3753,2025-12-17 00:32:34.000000,THEFT,23965.92,IN_REVIEW,True
8563,2505,2793,2025-02-28 07:11:03.000000,FLOOD,6627.1,REJECTED,False
8564,898,1082,2025-07-24 22:28:24.000000,THEFT,7369.43,OPEN,False
8565,3357,3967,2025-03-15 11:07:41.000000,VANDALISM,3461.46,IN_REVIEW,False
8566,1424,1363,2026-03-08 17:50:40.000000,FLOOD,4466.5,REJECTED,False
8567,951,4,2025-12-20 18:05:49.000000,FIRE,5095.15,APPROVED,False
8568,2513,3602,2024-07-07 17:42:58.000000,VANDALISM,18407.74,IN_REVIEW,True
8569,3750,1546,2025-03-18 21:51:18.000000,GLASS_DAMAGE,13735.23,CLOSED,False
8570,4627,357,2025-04-29 04:46:11.000000,VANDALISM,2437.21,CLOSED,False
8571,1910,1902,2024-07-25 03:34:35.000000,GLASS_DAMAGE,6914.99,OPEN,False
8572,669,4168,2026-01-09 22:46:47.000000,COLLISION,17608.24,REJECTED,False
8573,3044,783,2024-11-02 04:24:57.000000,FIRE,19383.96,APPROVED,True
8574,2382,4094,2025-06-21 04:39:37.000000,FLOOD,14508.08,REJECTED,False
8575,2116,2253,2026-03-13 01:00:14.000000,FIRE,12906.0,CLOSED,False
8576,2868,2233,2024-05-12 19:02:45.000000,THEFT,9817.59,OPEN,False
8577,264,1036,2025-11-27 20:26:54.000000,VANDALISM,6885.61,CLOSED,False
8578,2207,3273,2025-08-13 05:01:14.000000,FIRE,19937.05,REJECTED,True
8579,1234,4104,2024-05-25 03:22:15.000000,COLLISION,476.36,CLOSED,False
8580,2766,1999,2024-09-23 19:01:40.000000,FIRE,20342.67,APPROVED,True
8581,4294,3675,2024-11-03 07:46:30.000000,GLASS_DAMAGE,13455.65,OPEN,False
8582,4337,3034,2026-04-18 18:36:48.000000,FIRE,14106.64,IN_REVIEW,False
8583,2830,934,2025-08-07 01:32:27.000000,GLASS_DAMAGE,2621.39,IN_REVIEW,False
8584,81,3937,2024-09-25 03:52:08.000000,FIRE,18446.41,OPEN,True
8585,3746,3220,2025-04-07 06:57:13.000000,GLASS_DAMAGE,24160.7,CLOSED,True
8586,1028,616,2026-03-17 07:49:50.000000,THEFT,20124.82,APPROVED,True
8587,4133,3785,2025-02-05 12:58:36.000000,THEFT,21396.06,APPROVED,True
8588,2,2851,2024-05-15 05:12:44.000000,FLOOD,390.94,OPEN,False
8589,1150,3035,2024-10-27 07:17:30.000000,THEFT,15116.82,IN_REVIEW,False
8590,3907,574,2026-04-05 22:16:45.000000,FLOOD,10058.12,REJECTED,False
8591,1973,2071,2025-08-22 23:38:41.000000,FIRE,21976.41,IN_REVIEW,True
8592,4344,2952,2025-06-05 13:37:32.000000,COLLISION,23972.19,APPROVED,True
8593,1577,2629,2024-08-29 17:26:08.000000,FLOOD,23951.43,APPROVED,True
8594,4298,3834,2025-08-04 10:30:25.000000,VANDALISM,19094.31,OPEN,True
8595,4379,947,2024-07-04 09:36:05.000000,VANDALISM,11281.64,IN_REVIEW,False
8596,3757,703,2024-10-26 15:51:11.000000,THEFT,1484.22,CLOSED,False
8597,3989,1867,2026-02-09 11:35:38.000000,FIRE,7887.77,CLOSED,False
8598,680,919,2025-10-21 09:10:14.000000,FIRE,3258.28,REJECTED,False
8599,430,3181,2025-05-20 21:23:09.000000,VANDALISM,967.25,IN_REVIEW,False
8600,2662,2550,2026-04-09 18:01:40.000000,COLLISION,4684.4,CLOSED,False
8601,1616,3710,2025-05-30 16:42:10.000000,FIRE,4174.88,OPEN,False
8602,2466,3267,2025-03-19 16:23:30.000000,FLOOD,16082.76,IN_REVIEW,False
8603,1170,1149,2025-01-08 03:38:19.000000,GLASS_DAMAGE,21388.56,APPROVED,True
8604,2067,1817,2024-09-21 16:08:50.000000,COLLISION,20816.82,CLOSED,True
8605,2921,748,2025-08-24 03:10:53.000000,COLLISION,6282.17,OPEN,False
8606,3975,1413,2024-09-28 05:12:35.000000,GLASS_DAMAGE,22614.21,APPROVED,True
8607,1033,4184,2024-08-09 00:44:57.000000,VANDALISM,11534.89,OPEN,False
8608,1932,1289,2024-09-21 20:05:07.000000,THEFT,8027.34,APPROVED,False
8609,4355,3501,2025-01-15 02:55:29.000000,FLOOD,1977.75,REJECTED,False
8610,3292,2334,2025-03-26 08:54:17.000000,THEFT,16086.41,IN_REVIEW,False
8611,1973,3754,2025-05-30 06:41:39.000000,VANDALISM,3990.06,CLOSED,False
8612,156,3389,2024-10-10 02:12:15.000000,FLOOD,5133.05,CLOSED,False
8613,978,2037,2025-02-23 18:46:28.000000,GLASS_DAMAGE,2401.18,CLOSED,False
8614,2125,3641,2024-12-01 12:20:44.000000,VANDALISM,14810.1,OPEN,False
8615,2681,2924,2025-04-16 16:45:45.000000,THEFT,384.57,CLOSED,False
8616,693,4,2025-11-16 17:37:21.000000,VANDALISM,7428.02,APPROVED,False
8617,4257,3058,2025-12-21 03:31:32.000000,FIRE,5039.22,REJECTED,False
8618,2686,1459,2026-04-24 21:54:51.000000,COLLISION,21993.76,REJECTED,True
8619,130,155,2024-11-02 10:28:18.000000,FLOOD,20923.14,APPROVED,True
8620,191,1749,2024-05-13 21:21:05.000000,VANDALISM,18000.9,APPROVED,True
8621,1453,1561,2024-09-25 17:15:52.000000,COLLISION,11826.48,IN_REVIEW,False
8622,92,3825,2025-04-04 04:49:59.000000,VANDALISM,16569.9,OPEN,False
8623,2233,2049,2026-04-10 09:30:38.000000,FLOOD,24260.46,OPEN,True
8624,1205,2085,2025-06-23 03:34:36.000000,VANDALISM,10539.02,IN_REVIEW,False
8625,2367,1400,2026-02-28 09:14:05.000000,COLLISION,19796.25,OPEN,True
8626,4455,1395,2025-03-20 23:15:05.000000,FLOOD,2812.82,IN_REVIEW,False
8627,3829,2911,2024-12-30 00:29:05.000000,THEFT,10931.11,REJECTED,False
8628,2471,2440,2026-04-12 23:01:01.000000,COLLISION,3904.04,APPROVED,False
8629,1129,1881,2025-06-10 01:05:04.000000,GLASS_DAMAGE,18027.41,APPROVED,True
8630,3954,212,2025-05-18 02:19:27.000000,GLASS_DAMAGE,23427.58,OPEN,True
8631,733,1184,2024-11-03 09:58:30.000000,GLASS_DAMAGE,11781.76,CLOSED,False
8632,1154,388,2024-07-29 05:17:38.000000,GLASS_DAMAGE,6886.98,CLOSED,False
8633,2392,953,2026-03-24 16:07:12.000000,FIRE,13528.21,OPEN,False
8634,3724,1817,2025-05-29 04:54:29.000000,GLASS_DAMAGE,16280.03,OPEN,False
8635,1412,2657,2025-01-16 10:57:59.000000,FIRE,19984.06,OPEN,True
8636,3546,354,2024-09-30 06:02:28.000000,GLASS_DAMAGE,14124.83,REJECTED,False
8637,3382,2272,2026-03-19 06:42:07.000000,THEFT,368.97,APPROVED,False
8638,1717,987,2024-05-19 16:25:50.000000,VANDALISM,10460.11,REJECTED,False
8639,3618,3488,2025-01-18 00:42:09.000000,THEFT,19353.58,APPROVED,True
8640,3699,3293,2024-12-14 02:35:01.000000,COLLISION,12404.63,CLOSED,False
8641,1873,2921,2024-11-14 10:27:39.000000,VANDALISM,5310.89,IN_REVIEW,False
8642,251,654,2025-04-25 15:51:57.000000,COLLISION,7433.44,APPROVED,False
8643,1987,2970,2024-11-22 10:34:39.000000,VANDALISM,6737.2,REJECTED,False
8644,956,3403,2025-09-15 03:47:41.000000,COLLISION,3711.03,CLOSED,False
8645,2010,3938,2024-05-20 14:57:17.000000,FLOOD,24983.74,REJECTED,True
8646,4675,330,2025-07-15 03:46:48.000000,FLOOD,22251.29,IN_REVIEW,True
8647,450,3234,2024-05-15 02:59:25.000000,FIRE,22817.77,REJECTED,True
8648,3915,2321,2026-01-13 16:15:38.000000,THEFT,20264.63,OPEN,True
8649,1346,2510,2025-05-28 21:40:34.000000,GLASS_DAMAGE,11621.72,REJECTED,False
8650,1642,2442,2025-12-28 14:36:25.000000,GLASS_DAMAGE,24073.94,REJECTED,True
8651,980,2491,2024-11-10 23:17:16.000000,VANDALISM,12597.88,REJECTED,False
8652,2800,3889,2025-12-10 15:56:25.000000,FLOOD,6867.0,APPROVED,False
8653,4137,3480,2025-04-15 19:21:59.000000,COLLISION,23178.18,OPEN,True
8654,2994,4124,2026-04-25 04:34:19.000000,COLLISION,19442.15,IN_REVIEW,True
8655,759,1393,2025-06-07 11:29:29.000000,FIRE,24085.08,CLOSED,True
8656,1488,2078,2025-05-07 18:47:03.000000,VANDALISM,12116.21,REJECTED,False
8657,1543,2357,2026-04-22 14:15:26.000000,COLLISION,6805.41,APPROVED,False
8658,1843,250,2024-09-16 07:54:42.000000,FLOOD,470.15,OPEN,False
8659,2190,3946,2025-03-16 08:43:02.000000,VANDALISM,8332.97,CLOSED,False
8660,433,1762,2024-12-25 21:17:37.000000,VANDALISM,14086.8,REJECTED,False
8661,1304,543,2025-07-04 14:31:48.000000,FIRE,6935.93,CLOSED,False
8662,3352,191,2024-12-08 08:24:44.000000,VANDALISM,19748.34,APPROVED,True
8663,3250,1517,2026-04-29 19:45:06.000000,VANDALISM,11814.23,IN_REVIEW,False
8664,1661,2229,2024-11-29 08:42:36.000000,COLLISION,4778.9,CLOSED,False
8665,4302,543,2025-12-07 01:45:33.000000,VANDALISM,13368.66,IN_REVIEW,False
8666,2259,89,2025-03-06 02:56:58.000000,FLOOD,1684.86,OPEN,False
8667,1551,981,2026-03-02 23:02:47.000000,FIRE,14484.22,REJECTED,False
8668,2113,2348,2026-03-29 03:57:31.000000,COLLISION,5507.96,OPEN,False
8669,2227,3029,2024-11-01 11:04:22.000000,FIRE,17061.75,OPEN,False
8670,1629,2295,2025-01-01 09:51:31.000000,FIRE,13726.98,IN_REVIEW,False
8671,1706,189,2026-01-03 15:28:15.000000,VANDALISM,24320.23,CLOSED,True
8672,1944,2729,2024-12-23 11:51:27.000000,FLOOD,22367.97,OPEN,True
8673,1359,3572,2025-12-28 07:09:20.000000,THEFT,13156.74,IN_REVIEW,False
8674,4688,3600,2025-01-23 09:00:15.000000,GLASS_DAMAGE,12988.58,IN_REVIEW,False
8675,4188,3530,2026-01-17 14:05:34.000000,THEFT,16168.91,OPEN,False
8676,506,4081,2025-07-04 17:51:00.000000,COLLISION,15198.1,APPROVED,False
8677,2392,311,2024-09-11 21:38:49.000000,VANDALISM,20752.63,OPEN,True
8678,3473,3272,2024-09-11 07:58:04.000000,COLLISION,8824.05,CLOSED,False
8679,3014,2400,2024-12-21 08:04:40.000000,THEFT,2410.27,APPROVED,False
8680,3555,571,2024-11-20 05:22:19.000000,GLASS_DAMAGE,9152.58,REJECTED,False
8681,4220,3571,2026-01-06 15:00:43.000000,VANDALISM,21078.3,REJECTED,True
8682,2981,2106,2025-12-25 15:37:22.000000,FLOOD,19288.53,IN_REVIEW,True
8683,1911,242,2025-10-21 20:24:51.000000,FIRE,5554.11,REJECTED,False
8684,1355,1082,2025-07-05 06:49:56.000000,FIRE,4276.29,OPEN,False
8685,3563,206,2024-11-04 02:26:55.000000,FLOOD,23686.81,OPEN,True
8686,1799,2490,2025-06-15 02:28:12.000000,FIRE,11787.34,CLOSED,False
8687,2783,1202,2026-01-26 11:25:30.000000,COLLISION,23803.08,IN_REVIEW,True
8688,3809,2090,2026-01-14 00:41:09.000000,THEFT,3845.12,IN_REVIEW,False
8689,1718,3402,2025-06-08 22:03:19.000000,COLLISION,7608.76,CLOSED,False
8690,4535,2788,2024-09-25 02:45:26.000000,THEFT,1440.2,IN_REVIEW,False
8691,1547,1026,2025-10-14 04:14:10.000000,FIRE,24829.19,IN_REVIEW,True
8692,4768,1457,2025-03-10 10:19:19.000000,COLLISION,12669.61,REJECTED,False
8693,1957,1002,2025-07-16 07:19:11.000000,VANDALISM,16754.51,OPEN,False
8694,2508,1907,2026-02-22 23:50:59.000000,VANDALISM,5627.83,CLOSED,False
8695,2969,3751,2025-03-11 17:21:25.000000,GLASS_DAMAGE,9254.45,CLOSED,False
8696,2726,2734,2025-05-07 14:48:55.000000,FIRE,2868.18,APPROVED,False
8697,1576,3431,2025-05-16 02:30:13.000000,COLLISION,3112.58,OPEN,False
8698,30,3242,2026-03-06 14:48:56.000000,FIRE,21383.55,OPEN,True
8699,3945,3934,2025-03-25 16:15:19.000000,COLLISION,13441.52,APPROVED,False
8700,533,1947,2024-10-24 11:46:39.000000,THEFT,13170.27,REJECTED,False
8701,641,751,2025-01-06 14:30:12.000000,COLLISION,21643.27,APPROVED,True
8702,2206,2113,2024-08-02 02:13:44.000000,THEFT,16663.5,OPEN,False
8703,2091,2154,2024-10-08 15:16:09.000000,COLLISION,15190.27,IN_REVIEW,False
8704,3954,2267,2026-01-04 15:59:34.000000,FLOOD,23734.25,OPEN,True
8705,4274,709,2025-05-22 08:45:14.000000,VANDALISM,1530.27,APPROVED,False
8706,263,2552,2025-06-10 03:27:28.000000,COLLISION,1038.53,IN_REVIEW,False
8707,90,2600,2025-08-16 09:39:46.000000,FLOOD,1927.5,REJECTED,False
8708,3014,3371,2024-05-21 20:02:57.000000,FIRE,22615.72,APPROVED,True
8709,789,923,2025-07-25 21:42:22.000000,COLLISION,16893.78,CLOSED,False
8710,4474,2429,2026-05-03 03:54:34.000000,VANDALISM,7013.23,IN_REVIEW,False
8711,2185,2791,2024-08-17 02:29:12.000000,FIRE,11974.86,REJECTED,False
8712,4199,3705,2025-06-06 13:23:54.000000,FIRE,13988.42,REJECTED,False
8713,4247,2721,2024-06-09 07:12:47.000000,COLLISION,1451.07,OPEN,False
8714,2038,2761,2025-06-06 23:47:22.000000,COLLISION,18351.71,OPEN,True
8715,2591,1946,2025-12-24 10:57:14.000000,THEFT,24320.17,REJECTED,True
8716,406,1844,2025-06-16 13:44:36.000000,THEFT,725.24,OPEN,False
8717,4176,3693,2025-09-25 08:19:17.000000,FLOOD,9340.75,APPROVED,False
8718,4375,3662,2025-04-09 03:27:46.000000,COLLISION,10703.11,IN_REVIEW,False
8719,2394,1531,2025-09-11 22:24:27.000000,FLOOD,9542.32,CLOSED,False
8720,1509,1974,2024-07-28 20:55:32.000000,THEFT,11616.87,APPROVED,False
8721,1797,3041,2026-01-18 00:56:19.000000,COLLISION,1923.13,APPROVED,False
8722,3821,1949,2024-12-24 16:14:10.000000,COLLISION,19699.44,CLOSED,True
8723,466,1712,2025-04-22 20:08:17.000000,FLOOD,9874.14,OPEN,False
8724,828,3812,2024-07-26 14:34:19.000000,GLASS_DAMAGE,20941.97,CLOSED,True
8725,215,2972,2025-06-03 21:56:58.000000,VANDALISM,12829.15,IN_REVIEW,False
8726,354,3034,2026-01-14 01:54:07.000000,GLASS_DAMAGE,19420.66,IN_REVIEW,True
8727,1656,642,2025-12-25 16:04:38.000000,COLLISION,22018.11,CLOSED,True
8728,4463,94,2024-09-10 05:12:04.000000,VANDALISM,17524.71,OPEN,False
8729,561,21,2024-10-21 16:08:17.000000,COLLISION,15351.74,CLOSED,False
8730,1708,1306,2026-04-22 14:45:48.000000,THEFT,18232.22,OPEN,True
8731,2494,2036,2025-02-21 11:40:45.000000,FIRE,24581.99,IN_REVIEW,True
8732,2231,627,2024-11-09 19:21:11.000000,GLASS_DAMAGE,8899.0,CLOSED,False
8733,2286,2821,2026-03-31 03:56:37.000000,THEFT,17863.03,CLOSED,False
8734,1270,907,2024-10-25 06:04:53.000000,GLASS_DAMAGE,14164.69,APPROVED,False
8735,1677,3528,2025-09-15 21:10:52.000000,COLLISION,1188.54,CLOSED,False
8736,1033,2685,2024-07-24 11:37:42.000000,VANDALISM,2272.78,OPEN,False
8737,2337,2304,2024-05-21 02:21:35.000000,FLOOD,4396.19,IN_REVIEW,False
8738,1407,3537,2025-08-01 17:42:15.000000,FLOOD,2673.35,REJECTED,False
8739,3419,3167,2025-11-03 21:57:44.000000,GLASS_DAMAGE,14259.91,REJECTED,False
8740,69,3744,2025-01-03 14:07:32.000000,FIRE,15129.33,APPROVED,False
8741,647,1065,2025-10-11 20:27:20.000000,FIRE,8748.29,REJECTED,False
8742,3531,1617,2025-08-12 17:52:26.000000,VANDALISM,11954.27,IN_REVIEW,False
8743,4349,2689,2025-09-07 15:54:01.000000,FLOOD,23244.16,APPROVED,True
8744,4267,789,2025-06-14 21:12:29.000000,COLLISION,2445.67,OPEN,False
8745,4372,1423,2026-01-05 06:43:15.000000,VANDALISM,1999.1,OPEN,False
8746,672,1936,2026-04-18 04:53:27.000000,THEFT,8351.38,REJECTED,False
8747,2242,3788,2026-05-09 20:43:56.000000,FLOOD,19151.57,APPROVED,True
8748,618,3573,2026-01-05 14:05:03.000000,FIRE,2995.73,OPEN,False
8749,3801,2981,2025-05-05 01:40:29.000000,COLLISION,9553.34,OPEN,False
8750,4065,2100,2025-08-31 20:46:49.000000,THEFT,5212.06,IN_REVIEW,False
8751,2149,2831,2024-06-12 19:21:01.000000,VANDALISM,13896.48,APPROVED,False
8752,4065,1528,2024-12-24 13:57:21.000000,THEFT,15515.0,REJECTED,False
8753,2952,3728,2025-05-21 23:44:17.000000,GLASS_DAMAGE,23550.59,IN_REVIEW,True
8754,3107,664,2024-05-31 07:13:27.000000,GLASS_DAMAGE,11139.2,APPROVED,False
8755,4130,311,2024-07-17 08:34:37.000000,FLOOD,1372.98,CLOSED,False
8756,3368,2738,2024-06-23 01:21:18.000000,FLOOD,11597.54,APPROVED,False
8757,3025,2173,2024-08-25 07:37:05.000000,COLLISION,2951.33,REJECTED,False
8758,4071,1253,2025-05-29 23:05:44.000000,COLLISION,15107.14,IN_REVIEW,False
8759,1950,748,2025-11-19 23:31:52.000000,FIRE,2456.93,REJECTED,False
8760,4750,3199,2026-03-12 22:14:35.000000,COLLISION,7401.14,OPEN,False
8761,1445,3378,2026-01-09 00:55:33.000000,COLLISION,282.68,CLOSED,False
8762,752,1582,2025-09-06 14:56:41.000000,VANDALISM,8588.0,CLOSED,False
8763,2357,185,2024-06-23 04:26:33.000000,THEFT,9633.93,REJECTED,False
8764,4638,1964,2026-02-02 19:39:28.000000,GLASS_DAMAGE,15770.18,IN_REVIEW,False
8765,1454,3608,2025-11-14 20:57:55.000000,THEFT,21091.63,OPEN,True
8766,3254,72,2024-12-11 14:04:36.000000,FLOOD,7385.64,IN_REVIEW,False
8767,2145,4150,2025-08-20 07:42:58.000000,FLOOD,14394.2,APPROVED,False
8768,1189,955,2025-09-26 22:39:38.000000,FLOOD,14643.95,IN_REVIEW,False
8769,2861,3789,2025-02-08 02:55:41.000000,FIRE,9666.75,OPEN,False
8770,1476,4156,2025-08-25 19:50:00.000000,FLOOD,18981.3,OPEN,True
8771,2051,2889,2025-07-28 01:37:32.000000,FIRE,13912.92,CLOSED,False
8772,1529,744,2025-12-10 23:02:31.000000,FIRE,9835.93,APPROVED,False
8773,2122,3059,2025-08-07 12:33:10.000000,FLOOD,1782.17,OPEN,False
8774,3054,2876,2026-03-23 04:33:49.000000,FLOOD,20113.62,CLOSED,True
8775,1821,2315,2025-04-16 06:36:28.000000,GLASS_DAMAGE,9900.9,REJECTED,False
8776,3098,2884,2026-01-16 23:47:21.000000,THEFT,20950.91,REJECTED,True
8777,3314,1281,2025-04-25 00:22:48.000000,FLOOD,11113.44,IN_REVIEW,False
8778,1011,1761,2024-07-08 11:24:08.000000,THEFT,5042.23,OPEN,False
8779,1446,3957,2024-07-26 01:34:26.000000,THEFT,15214.28,IN_REVIEW,False
8780,78,2509,2024-12-15 23:56:59.000000,GLASS_DAMAGE,8778.78,APPROVED,False
8781,2621,3568,2025-12-02 02:46:11.000000,VANDALISM,1439.54,IN_REVIEW,False
8782,2613,2785,2025-09-01 05:40:03.000000,THEFT,15305.99,OPEN,False
8783,688,451,2025-06-08 14:37:41.000000,FLOOD,19173.06,IN_REVIEW,True
8784,4704,19,2026-02-04 00:06:49.000000,FLOOD,20663.77,CLOSED,True
8785,969,269,2025-09-30 05:30:34.000000,COLLISION,24784.71,APPROVED,True
8786,974,1368,2025-06-27 02:39:56.000000,FIRE,20191.64,APPROVED,True
8787,695,118,2026-02-15 05:51:46.000000,FLOOD,14971.17,OPEN,False
8788,1349,3482,2025-07-31 15:01:36.000000,VANDALISM,9420.13,CLOSED,False
8789,134,1779,2025-10-12 02:32:02.000000,FIRE,18199.06,APPROVED,True
8790,4791,3316,2025-01-30 04:12:56.000000,COLLISION,17097.33,IN_REVIEW,False
8791,4726,3299,2024-08-04 18:04:08.000000,GLASS_DAMAGE,9221.68,CLOSED,False
8792,2267,3181,2025-07-22 05:54:42.000000,FIRE,2841.93,IN_REVIEW,False
8793,1468,3831,2025-05-23 03:23:52.000000,GLASS_DAMAGE,12605.11,OPEN,False
8794,4682,605,2025-03-10 16:26:12.000000,THEFT,6135.52,APPROVED,False
8795,2642,1887,2024-06-10 07:07:55.000000,GLASS_DAMAGE,23618.14,REJECTED,True
8796,3250,4184,2024-09-20 03:13:41.000000,VANDALISM,7206.75,OPEN,False
8797,3794,3126,2025-06-03 17:31:31.000000,THEFT,10433.08,OPEN,False
8798,103,2605,2025-02-27 20:04:42.000000,VANDALISM,2341.8,CLOSED,False
8799,4744,2549,2025-05-24 02:57:30.000000,GLASS_DAMAGE,8930.89,APPROVED,False
8800,2183,765,2025-03-28 09:20:12.000000,FIRE,18443.58,REJECTED,True
8801,2836,1723,2025-12-19 19:11:03.000000,GLASS_DAMAGE,12557.62,APPROVED,False
8802,505,3582,2024-09-20 15:10:37.000000,GLASS_DAMAGE,22232.41,IN_REVIEW,True
8803,4021,119,2024-09-21 02:46:23.000000,THEFT,673.33,IN_REVIEW,False
8804,1467,1342,2025-10-25 06:13:18.000000,COLLISION,7773.08,OPEN,False
8805,3928,1139,2024-12-26 16:18:02.000000,THEFT,7030.74,IN_REVIEW,False
8806,898,1943,2024-09-07 07:21:43.000000,FLOOD,21359.67,OPEN,True
8807,323,651,2024-09-11 06:02:09.000000,VANDALISM,8086.65,APPROVED,False
8808,3087,400,2025-01-13 20:08:36.000000,FIRE,14014.93,IN_REVIEW,False
8809,1282,712,2024-12-17 00:26:45.000000,FLOOD,19332.49,REJECTED,True
8810,1855,3943,2024-05-28 11:13:18.000000,THEFT,22062.39,CLOSED,True
8811,3434,3152,2025-10-28 00:45:50.000000,COLLISION,11114.3,IN_REVIEW,False
8812,1913,504,2026-04-03 00:46:19.000000,THEFT,15966.84,CLOSED,False
8813,3048,3051,2024-10-24 23:38:24.000000,VANDALISM,14490.85,APPROVED,False
8814,150,629,2025-08-26 02:39:00.000000,GLASS_DAMAGE,378.75,APPROVED,False
8815,249,103,2025-03-31 09:56:53.000000,THEFT,2936.38,REJECTED,False
8816,2859,1405,2024-07-09 10:54:05.000000,GLASS_DAMAGE,23630.47,IN_REVIEW,True
8817,307,3798,2025-11-20 00:33:43.000000,FLOOD,15770.92,IN_REVIEW,False
8818,4683,3085,2025-04-02 20:15:54.000000,FLOOD,15774.48,IN_REVIEW,False
8819,4392,1093,2024-06-03 16:49:34.000000,FLOOD,23241.92,OPEN,True
8820,1536,938,2026-02-01 10:28:58.000000,THEFT,19587.23,REJECTED,True
8821,535,3847,2026-01-21 14:16:12.000000,COLLISION,317.93,IN_REVIEW,False
8822,2113,774,2026-05-05 11:55:02.000000,COLLISION,21395.84,CLOSED,True
8823,3142,2358,2025-09-29 02:43:22.000000,COLLISION,24554.34,CLOSED,True
8824,2064,3979,2024-09-03 20:15:15.000000,COLLISION,22917.93,CLOSED,True
8825,1094,1799,2024-09-29 19:34:19.000000,FLOOD,19970.75,REJECTED,True
8826,2934,2046,2024-07-25 10:42:28.000000,THEFT,11116.2,REJECTED,False
8827,1502,792,2025-10-03 00:07:36.000000,FIRE,19616.68,IN_REVIEW,True
8828,64,1135,2025-01-06 04:31:51.000000,FIRE,14682.52,OPEN,False
8829,309,1686,2026-03-02 23:28:54.000000,FLOOD,11537.31,OPEN,False
8830,4557,238,2025-08-02 22:59:20.000000,FIRE,18404.59,CLOSED,True
8831,3642,3575,2024-07-27 22:09:18.000000,FIRE,24615.03,IN_REVIEW,True
8832,3884,3059,2026-02-18 05:41:59.000000,FIRE,15656.94,REJECTED,False
8833,2761,4119,2025-01-16 17:59:31.000000,FLOOD,724.37,CLOSED,False
8834,1034,3324,2025-09-08 23:45:35.000000,THEFT,19526.94,CLOSED,True
8835,3888,2019,2025-02-03 03:35:35.000000,GLASS_DAMAGE,21281.77,APPROVED,True
8836,3758,3635,2025-01-06 05:41:21.000000,FLOOD,3177.4,APPROVED,False
8837,1485,3275,2024-06-18 04:27:15.000000,VANDALISM,9821.02,APPROVED,False
8838,3701,3172,2024-10-08 07:24:05.000000,FIRE,10075.34,IN_REVIEW,False
8839,1377,536,2026-03-28 09:50:44.000000,GLASS_DAMAGE,16351.85,CLOSED,False
8840,3438,3118,2026-01-17 15:41:30.000000,THEFT,3335.87,CLOSED,False
8841,3208,1802,2024-12-18 02:25:33.000000,GLASS_DAMAGE,994.56,CLOSED,False
8842,66,568,2025-10-15 12:40:05.000000,GLASS_DAMAGE,6676.95,IN_REVIEW,False
8843,2461,1420,2025-10-21 21:46:48.000000,VANDALISM,23593.4,REJECTED,True
8844,4023,2014,2025-07-11 01:02:34.000000,COLLISION,20856.16,REJECTED,True
8845,554,2718,2026-04-10 02:21:59.000000,THEFT,16788.25,IN_REVIEW,False
8846,878,1794,2026-03-30 13:20:24.000000,FIRE,9005.69,CLOSED,False
8847,3522,2913,2025-12-21 16:59:22.000000,GLASS_DAMAGE,8562.83,IN_REVIEW,False
8848,2342,3406,2025-07-18 21:30:44.000000,THEFT,23817.14,REJECTED,True
8849,707,1212,2024-06-25 04:48:10.000000,GLASS_DAMAGE,20279.77,OPEN,True
8850,477,3173,2025-04-13 14:46:36.000000,GLASS_DAMAGE,21819.63,REJECTED,True
8851,131,46,2025-02-24 23:08:03.000000,FIRE,4731.01,IN_REVIEW,False
8852,4731,3332,2025-02-22 21:36:59.000000,GLASS_DAMAGE,6632.78,REJECTED,False
8853,2822,3863,2025-06-17 17:10:05.000000,VANDALISM,17103.41,OPEN,False
8854,3317,3725,2025-03-18 08:26:32.000000,FIRE,8818.77,APPROVED,False
8855,440,309,2025-04-27 05:20:34.000000,FLOOD,6655.67,REJECTED,False
8856,4521,2477,2026-04-23 06:28:24.000000,VANDALISM,15261.03,REJECTED,False
8857,4432,3580,2024-08-13 21:21:32.000000,GLASS_DAMAGE,22813.41,OPEN,True
8858,1323,4034,2025-03-25 19:29:05.000000,GLASS_DAMAGE,19148.02,APPROVED,True
8859,3593,1092,2026-04-22 08:24:22.000000,COLLISION,5619.54,CLOSED,False
8860,2379,151,2025-11-14 20:46:15.000000,GLASS_DAMAGE,7153.22,APPROVED,False
8861,3854,43,2026-04-03 19:12:16.000000,FIRE,1018.57,REJECTED,False
8862,104,2650,2024-08-13 01:42:27.000000,GLASS_DAMAGE,22153.28,IN_REVIEW,True
8863,1528,4056,2024-12-12 08:33:28.000000,GLASS_DAMAGE,18965.09,OPEN,True
8864,1187,1503,2026-04-13 04:03:06.000000,VANDALISM,4753.94,APPROVED,False
8865,673,3313,2025-07-26 13:29:49.000000,VANDALISM,19503.75,REJECTED,True
8866,1827,2753,2024-12-20 22:25:08.000000,GLASS_DAMAGE,22126.15,IN_REVIEW,True
8867,2307,178,2026-01-26 04:16:07.000000,THEFT,20235.7,APPROVED,True
8868,2925,3961,2024-08-08 22:41:14.000000,FLOOD,3301.41,APPROVED,False
8869,2781,4042,2024-12-16 15:30:50.000000,FLOOD,4900.96,APPROVED,False
8870,417,401,2024-11-16 13:24:30.000000,VANDALISM,11687.68,APPROVED,False
8871,3101,3677,2024-12-29 08:45:31.000000,VANDALISM,9363.17,IN_REVIEW,False
8872,3509,547,2025-12-01 10:21:32.000000,VANDALISM,23778.44,APPROVED,True
8873,1973,3005,2025-12-29 11:17:16.000000,GLASS_DAMAGE,13079.55,APPROVED,False
8874,1681,3531,2024-08-04 03:58:21.000000,FIRE,14500.94,APPROVED,False
8875,3221,2458,2026-02-05 02:25:40.000000,FIRE,4805.41,OPEN,False
8876,2304,2442,2026-03-22 20:30:26.000000,VANDALISM,14700.41,OPEN,False
8877,3788,3791,2025-08-07 04:28:15.000000,GLASS_DAMAGE,9445.09,APPROVED,False
8878,1053,563,2025-08-09 19:21:15.000000,GLASS_DAMAGE,20478.41,OPEN,True
8879,1761,3991,2024-10-12 02:22:20.000000,GLASS_DAMAGE,20384.36,CLOSED,True
8880,2621,3457,2024-12-02 08:20:27.000000,VANDALISM,5770.26,CLOSED,False
8881,4721,2771,2024-09-13 17:21:24.000000,VANDALISM,18456.99,APPROVED,True
8882,1080,2125,2024-07-20 04:35:20.000000,VANDALISM,14981.08,IN_REVIEW,False
8883,70,180,2024-08-24 16:34:29.000000,VANDALISM,19509.15,OPEN,True
8884,923,4105,2025-11-28 09:54:03.000000,VANDALISM,8572.89,CLOSED,False
8885,3278,258,2026-04-13 01:52:38.000000,THEFT,19831.67,OPEN,True
8886,3602,2197,2025-06-27 17:56:39.000000,VANDALISM,7572.35,OPEN,False
8887,1586,926,2025-09-23 20:43:34.000000,FLOOD,4180.71,CLOSED,False
8888,1506,3346,2026-01-26 18:06:06.000000,COLLISION,11795.33,REJECTED,False
8889,2764,3469,2024-09-07 16:56:46.000000,GLASS_DAMAGE,24831.82,APPROVED,True
8890,4630,1243,2025-07-23 22:15:54.000000,FIRE,1304.86,APPROVED,False
8891,2474,604,2025-02-21 04:43:00.000000,GLASS_DAMAGE,19222.72,REJECTED,True
8892,4356,868,2025-05-04 12:55:39.000000,FIRE,4370.38,REJECTED,False
8893,1162,30,2026-04-06 06:32:28.000000,FLOOD,19694.42,IN_REVIEW,True
8894,4543,1725,2026-01-21 11:16:31.000000,FLOOD,5234.71,CLOSED,False
8895,183,1049,2024-08-17 23:55:55.000000,FIRE,3573.4,CLOSED,False
8896,3796,422,2026-04-17 08:56:19.000000,GLASS_DAMAGE,2549.31,OPEN,False
8897,2382,1142,2024-12-18 01:47:20.000000,FLOOD,8289.6,CLOSED,False
8898,4199,3399,2025-02-01 17:42:30.000000,THEFT,14165.53,CLOSED,False
8899,2514,3244,2024-06-30 19:42:37.000000,THEFT,12085.44,REJECTED,False
8900,3531,974,2025-09-25 19:06:33.000000,FIRE,18089.22,IN_REVIEW,True
8901,2240,3610,2026-02-08 16:18:10.000000,FIRE,18593.41,OPEN,True
8902,878,2432,2025-01-25 16:08:49.000000,THEFT,21590.5,APPROVED,True
8903,3683,3156,2025-06-13 20:02:42.000000,FIRE,24870.86,REJECTED,True
8904,4230,2282,2024-10-04 11:26:45.000000,FIRE,8329.38,OPEN,False
8905,2733,4177,2024-08-01 11:53:14.000000,COLLISION,16371.37,APPROVED,False
8906,4107,2716,2025-09-08 10:13:40.000000,THEFT,5225.27,OPEN,False
8907,4165,1800,2025-10-22 19:35:54.000000,GLASS_DAMAGE,13309.22,APPROVED,False
8908,2032,933,2024-12-09 16:21:26.000000,VANDALISM,20017.85,CLOSED,True
8909,860,2892,2026-03-21 13:37:09.000000,FLOOD,4240.06,REJECTED,False
8910,1806,670,2024-12-02 08:50:08.000000,FLOOD,12982.51,REJECTED,False
8911,593,2992,2025-12-08 12:06:08.000000,GLASS_DAMAGE,11183.57,CLOSED,False
8912,268,1639,2026-03-15 10:34:29.000000,COLLISION,5675.08,OPEN,False
8913,1106,216,2026-03-24 16:51:53.000000,GLASS_DAMAGE,18118.05,CLOSED,True
8914,3381,2017,2024-07-26 01:40:19.000000,GLASS_DAMAGE,24097.28,REJECTED,True
8915,1656,3982,2026-03-02 20:41:33.000000,GLASS_DAMAGE,4328.5,APPROVED,False
8916,2368,5,2024-05-25 01:06:17.000000,VANDALISM,7900.24,IN_REVIEW,False
8917,1676,1384,2025-07-07 11:48:34.000000,COLLISION,16556.1,OPEN,False
8918,4393,3947,2024-10-21 11:15:27.000000,COLLISION,20613.78,IN_REVIEW,True
8919,256,1693,2026-03-14 08:06:07.000000,FLOOD,13438.1,REJECTED,False
8920,1213,1418,2026-03-12 12:45:33.000000,VANDALISM,11408.56,IN_REVIEW,False
8921,2455,4041,2025-02-17 21:55:43.000000,FIRE,6563.93,REJECTED,False
8922,2449,789,2024-09-06 17:00:47.000000,THEFT,12268.8,IN_REVIEW,False
8923,3786,1545,2024-06-28 21:34:31.000000,COLLISION,3566.08,IN_REVIEW,False
8924,939,1986,2024-10-19 13:15:45.000000,FLOOD,6271.1,REJECTED,False
8925,4511,3071,2024-07-03 10:52:15.000000,GLASS_DAMAGE,7664.58,OPEN,False
8926,4559,1137,2025-07-09 01:49:45.000000,THEFT,5356.96,APPROVED,False
8927,3033,1403,2025-07-26 04:48:07.000000,VANDALISM,7855.8,CLOSED,False
8928,2317,3237,2025-08-14 07:19:15.000000,VANDALISM,12118.03,CLOSED,False
8929,1189,504,2025-07-01 20:36:55.000000,VANDALISM,6658.11,APPROVED,False
8930,1309,816,2026-01-26 19:32:38.000000,FIRE,23042.13,REJECTED,True
8931,4491,614,2025-11-07 12:34:15.000000,VANDALISM,4164.08,CLOSED,False
8932,4150,1880,2024-07-01 01:34:09.000000,COLLISION,20310.36,IN_REVIEW,True
8933,635,3490,2024-09-21 13:11:31.000000,COLLISION,5121.63,APPROVED,False
8934,2832,7,2024-12-11 03:13:55.000000,GLASS_DAMAGE,17634.66,CLOSED,False
8935,3448,3105,2025-08-26 13:42:48.000000,GLASS_DAMAGE,16608.08,IN_REVIEW,False
8936,331,2892,2024-05-27 14:26:28.000000,THEFT,24159.6,OPEN,True
8937,1124,2867,2025-06-02 15:13:09.000000,FIRE,1009.94,CLOSED,False
8938,690,3781,2024-06-30 20:07:59.000000,FLOOD,23355.9,APPROVED,True
8939,2727,3827,2026-05-02 17:59:44.000000,FIRE,7233.14,APPROVED,False
8940,206,2094,2024-05-27 05:09:11.000000,COLLISION,23324.19,IN_REVIEW,True
8941,4663,2160,2026-04-25 14:47:00.000000,VANDALISM,11582.53,APPROVED,False
8942,3933,1868,2025-08-05 11:33:39.000000,FLOOD,17354.72,CLOSED,False
8943,4646,783,2025-09-12 14:14:48.000000,COLLISION,13523.47,REJECTED,False
8944,2182,2234,2025-10-15 21:16:03.000000,COLLISION,603.13,REJECTED,False
8945,3057,2847,2025-06-16 16:06:13.000000,COLLISION,10225.24,REJECTED,False
8946,769,2101,2025-05-19 04:50:50.000000,COLLISION,22386.13,IN_REVIEW,True
8947,1148,2662,2025-07-27 00:00:59.000000,COLLISION,24103.09,CLOSED,True
8948,2534,557,2024-12-04 07:40:42.000000,THEFT,17106.34,CLOSED,False
8949,2376,259,2025-05-11 22:18:51.000000,FLOOD,16823.77,OPEN,False
8950,2111,2154,2024-07-06 00:15:24.000000,FLOOD,10316.73,CLOSED,False
8951,3305,2477,2026-04-12 11:06:02.000000,VANDALISM,2817.22,REJECTED,False
8952,437,1300,2025-03-27 17:33:01.000000,COLLISION,4356.94,APPROVED,False
8953,854,37,2024-10-23 04:10:55.000000,VANDALISM,22951.96,REJECTED,True
8954,2983,2662,2025-03-01 18:33:26.000000,FLOOD,3805.47,REJECTED,False
8955,3466,722,2024-08-27 05:43:01.000000,FIRE,5745.47,OPEN,False
8956,3811,158,2024-07-11 09:22:25.000000,GLASS_DAMAGE,23791.47,REJECTED,True
8957,667,3679,2024-06-19 05:47:03.000000,THEFT,20219.81,OPEN,True
8958,4783,1024,2026-02-17 16:45:56.000000,GLASS_DAMAGE,21833.31,CLOSED,True
8959,431,3359,2025-11-13 18:13:56.000000,THEFT,15198.6,IN_REVIEW,False
8960,3392,2209,2025-12-19 21:04:51.000000,GLASS_DAMAGE,12405.64,IN_REVIEW,False
8961,2593,386,2025-01-31 00:52:44.000000,FLOOD,11010.06,OPEN,False
8962,2693,3652,2024-08-30 05:18:35.000000,COLLISION,17865.41,APPROVED,False
8963,1416,1334,2025-08-20 22:55:01.000000,GLASS_DAMAGE,17629.91,CLOSED,False
8964,196,1289,2025-06-09 17:41:51.000000,FIRE,15942.06,OPEN,False
8965,322,82,2025-01-12 08:17:01.000000,FLOOD,430.91,CLOSED,False
8966,4224,3976,2024-08-15 22:50:52.000000,FLOOD,21409.51,APPROVED,True
8967,4146,2298,2026-03-27 15:56:12.000000,THEFT,5490.62,IN_REVIEW,False
8968,460,639,2024-08-10 21:14:11.000000,GLASS_DAMAGE,15367.81,REJECTED,False
8969,3489,2754,2024-06-16 11:53:48.000000,VANDALISM,2545.07,REJECTED,False
8970,1512,2519,2026-01-02 13:14:29.000000,THEFT,12976.05,OPEN,False
8971,778,2686,2025-10-14 23:48:04.000000,FLOOD,24509.89,APPROVED,True
8972,1355,2098,2025-03-24 01:55:37.000000,GLASS_DAMAGE,23176.9,IN_REVIEW,True
8973,398,815,2025-09-30 12:57:19.000000,COLLISION,2663.29,IN_REVIEW,False
8974,420,1212,2025-02-12 23:33:23.000000,COLLISION,12649.35,OPEN,False
8975,3100,3019,2024-05-17 19:48:20.000000,VANDALISM,16808.44,OPEN,False
8976,2682,2943,2026-02-11 18:35:00.000000,FLOOD,15449.19,APPROVED,False
8977,595,78,2024-10-12 06:46:41.000000,THEFT,6308.42,APPROVED,False
8978,1853,1546,2025-04-15 00:41:07.000000,COLLISION,18966.22,APPROVED,True
8979,2401,2864,2026-01-12 11:27:20.000000,FLOOD,9911.81,IN_REVIEW,False
8980,2934,1928,2025-07-08 14:46:00.000000,GLASS_DAMAGE,6992.42,IN_REVIEW,False
8981,4513,1596,2024-09-05 00:35:18.000000,COLLISION,19158.67,OPEN,True
8982,1774,2270,2024-08-10 04:22:41.000000,FLOOD,22782.8,REJECTED,True
8983,3543,2715,2026-01-31 07:50:18.000000,FLOOD,7261.42,CLOSED,False
8984,3887,2318,2024-05-28 00:41:21.000000,GLASS_DAMAGE,19339.97,OPEN,True
8985,125,3513,2025-05-19 00:18:40.000000,THEFT,9831.53,OPEN,False
8986,2816,2524,2026-01-01 07:59:14.000000,FLOOD,24719.95,REJECTED,True
8987,3675,3271,2025-03-17 17:18:06.000000,COLLISION,13261.15,IN_REVIEW,False
8988,3774,92,2025-09-22 10:25:05.000000,GLASS_DAMAGE,22132.46,REJECTED,True
8989,985,1495,2025-09-08 17:09:26.000000,COLLISION,5725.01,CLOSED,False
8990,357,1560,2026-02-15 19:07:38.000000,THEFT,18403.0,APPROVED,True
8991,3493,2511,2026-04-04 16:22:35.000000,COLLISION,20727.25,CLOSED,True
8992,2258,589,2025-08-20 06:51:33.000000,VANDALISM,5539.63,CLOSED,False
8993,2,2326,2024-08-04 15:58:05.000000,VANDALISM,17011.23,REJECTED,False
8994,3845,2902,2026-04-10 01:11:00.000000,THEFT,5566.95,APPROVED,False
8995,4715,664,2026-02-21 20:32:57.000000,FLOOD,20465.81,OPEN,True
8996,3423,2071,2025-02-22 18:19:26.000000,COLLISION,17302.15,APPROVED,False
8997,4784,2933,2025-06-02 19:22:13.000000,FLOOD,24955.06,IN_REVIEW,True
8998,1536,1154,2026-01-27 10:02:09.000000,VANDALISM,13034.15,IN_REVIEW,False
8999,2180,750,2025-11-29 03:03:34.000000,FLOOD,18333.22,OPEN,True
9000,2854,2397,2026-03-30 06:30:50.000000,THEFT,19303.57,APPROVED,True
9001,3994,479,2025-07-14 06:52:15.000000,COLLISION,4823.0,IN_REVIEW,False
9002,526,4038,2025-04-16 00:21:33.000000,THEFT,21637.7,OPEN,True
9003,1330,2050,2025-03-15 06:53:58.000000,VANDALISM,273.07,CLOSED,False
9004,4005,3676,2025-01-21 07:52:08.000000,GLASS_DAMAGE,23438.99,OPEN,True
9005,2805,2348,2025-11-19 21:03:54.000000,VANDALISM,5757.13,APPROVED,False
9006,1777,3393,2026-01-15 19:08:29.000000,FIRE,24368.43,IN_REVIEW,True
9007,2994,3674,2024-08-08 14:34:05.000000,COLLISION,9222.78,APPROVED,False
9008,3899,2967,2026-02-05 01:43:00.000000,FIRE,23207.29,REJECTED,True
9009,4516,1104,2025-11-18 11:52:41.000000,VANDALISM,6533.34,IN_REVIEW,False
9010,2588,3736,2025-02-04 19:29:33.000000,FIRE,3536.92,OPEN,False
9011,1996,3816,2025-02-22 15:42:11.000000,FLOOD,18893.15,OPEN,True
9012,4479,2723,2025-03-24 07:20:30.000000,THEFT,18479.15,REJECTED,True
9013,1276,1309,2025-05-22 02:54:11.000000,GLASS_DAMAGE,6367.95,APPROVED,False
9014,2553,747,2025-03-02 08:39:56.000000,COLLISION,2605.96,IN_REVIEW,False
9015,1569,3396,2025-05-31 12:45:33.000000,COLLISION,3455.84,IN_REVIEW,False
9016,987,3075,2025-12-07 00:08:22.000000,GLASS_DAMAGE,20557.31,CLOSED,True
9017,2341,1784,2024-09-04 13:09:06.000000,FLOOD,18344.61,OPEN,True
9018,3575,3891,2026-03-10 17:08:50.000000,VANDALISM,10310.23,CLOSED,False
9019,68,3111,2025-11-17 05:23:56.000000,COLLISION,13797.92,IN_REVIEW,False
9020,911,1327,2025-03-25 09:12:47.000000,FIRE,7508.4,OPEN,False
9021,2724,130,2025-04-04 06:30:46.000000,VANDALISM,9234.28,OPEN,False
9022,4317,2437,2024-09-17 23:48:36.000000,FIRE,5582.55,APPROVED,False
9023,3780,2468,2024-09-13 06:58:36.000000,GLASS_DAMAGE,20567.6,IN_REVIEW,True
9024,3455,2942,2024-06-15 05:20:03.000000,COLLISION,23224.11,IN_REVIEW,True
9025,2405,131,2025-06-27 23:10:49.000000,FLOOD,17277.1,CLOSED,False
9026,2030,3509,2024-10-31 18:24:06.000000,FIRE,16081.95,CLOSED,False
9027,4449,2662,2024-05-29 20:52:27.000000,COLLISION,6122.24,CLOSED,False
9028,1438,1779,2025-10-11 20:53:48.000000,FLOOD,12685.07,CLOSED,False
9029,4312,260,2024-12-05 12:54:51.000000,COLLISION,557.75,OPEN,False
9030,1343,1327,2024-06-02 20:19:49.000000,FLOOD,12617.37,CLOSED,False
9031,2330,410,2025-08-23 02:37:31.000000,FLOOD,24338.19,CLOSED,True
9032,3873,3283,2025-08-04 02:44:32.000000,THEFT,7001.11,APPROVED,False
9033,4202,2419,2026-01-26 12:40:40.000000,VANDALISM,13790.77,IN_REVIEW,False
9034,606,3520,2024-06-30 03:33:14.000000,FIRE,2056.7,REJECTED,False
9035,646,242,2025-02-01 03:36:20.000000,GLASS_DAMAGE,15667.96,REJECTED,False
9036,45,2133,2025-09-12 22:08:26.000000,GLASS_DAMAGE,15539.56,IN_REVIEW,False
9037,551,3985,2026-01-05 13:32:35.000000,FLOOD,15970.31,IN_REVIEW,False
9038,4580,3554,2024-11-19 05:17:24.000000,GLASS_DAMAGE,19296.87,APPROVED,True
9039,2849,380,2025-06-06 01:05:10.000000,FLOOD,5133.98,OPEN,False
9040,2402,2425,2026-05-11 11:29:03.000000,FIRE,17228.11,OPEN,False
9041,501,692,2026-02-19 22:30:49.000000,FIRE,3739.86,IN_REVIEW,False
9042,2697,1017,2025-01-10 03:55:48.000000,THEFT,21364.45,OPEN,True
9043,2633,2429,2026-04-18 00:31:39.000000,FLOOD,18080.63,OPEN,True
9044,1071,2146,2024-09-12 18:31:09.000000,THEFT,15780.53,APPROVED,False
9045,556,3430,2025-03-21 01:27:08.000000,GLASS_DAMAGE,22126.41,OPEN,True
9046,227,994,2025-10-26 14:42:50.000000,FLOOD,23355.68,APPROVED,True
9047,157,2903,2025-02-08 20:28:35.000000,FLOOD,11461.46,IN_REVIEW,False
9048,1550,2462,2025-09-01 21:25:56.000000,FLOOD,18957.64,IN_REVIEW,True
9049,793,886,2025-08-11 06:46:05.000000,COLLISION,7046.39,APPROVED,False
9050,1717,578,2026-01-08 17:09:35.000000,GLASS_DAMAGE,13724.49,OPEN,False
9051,516,200,2024-08-27 02:26:02.000000,THEFT,22196.09,IN_REVIEW,True
9052,2580,4197,2024-11-02 22:56:32.000000,FIRE,19768.39,REJECTED,True
9053,415,4164,2024-05-16 15:17:47.000000,FIRE,4895.42,IN_REVIEW,False
9054,2006,912,2025-01-08 13:16:49.000000,THEFT,5868.78,IN_REVIEW,False
9055,1523,2211,2025-07-14 10:32:12.000000,GLASS_DAMAGE,14326.11,APPROVED,False
9056,686,1356,2025-08-18 04:04:00.000000,VANDALISM,4521.29,REJECTED,False
9057,2090,1158,2025-09-30 17:47:02.000000,VANDALISM,24737.76,REJECTED,True
9058,3317,329,2025-06-11 07:58:11.000000,FLOOD,4581.21,IN_REVIEW,False
9059,4461,788,2024-10-15 13:24:11.000000,GLASS_DAMAGE,9247.87,APPROVED,False
9060,743,1703,2026-02-06 15:51:09.000000,VANDALISM,19065.35,OPEN,True
9061,2022,3484,2025-12-23 05:43:03.000000,FIRE,4485.54,REJECTED,False
9062,4372,1255,2025-07-19 03:28:32.000000,THEFT,19478.29,CLOSED,True
9063,3405,194,2025-08-17 06:42:05.000000,FLOOD,20677.87,APPROVED,True
9064,2470,740,2025-03-10 13:18:51.000000,FIRE,294.45,IN_REVIEW,False
9065,4512,743,2026-03-14 19:14:30.000000,GLASS_DAMAGE,8928.33,CLOSED,False
9066,4343,2047,2025-08-01 00:07:42.000000,VANDALISM,18315.04,APPROVED,True
9067,4254,2565,2025-01-09 00:03:53.000000,FIRE,16169.39,IN_REVIEW,False
9068,1404,2846,2025-02-03 16:53:15.000000,FLOOD,10664.75,APPROVED,False
9069,1766,3780,2026-01-01 16:29:36.000000,THEFT,23488.05,CLOSED,True
9070,3938,2898,2024-09-26 17:50:51.000000,THEFT,10100.3,IN_REVIEW,False
9071,1393,1939,2026-04-07 13:47:37.000000,FLOOD,10038.55,APPROVED,False
9072,3494,68,2025-03-07 07:24:17.000000,COLLISION,7236.12,APPROVED,False
9073,941,2671,2026-04-22 09:06:43.000000,THEFT,16455.03,IN_REVIEW,False
9074,462,1316,2025-09-21 14:03:21.000000,VANDALISM,21369.95,APPROVED,True
9075,2022,28,2024-08-17 15:45:41.000000,VANDALISM,14622.41,IN_REVIEW,False
9076,2598,3906,2025-12-01 19:11:52.000000,COLLISION,7468.23,APPROVED,False
9077,2628,3379,2024-12-21 01:27:58.000000,COLLISION,621.42,OPEN,False
9078,878,893,2025-09-28 17:29:54.000000,FIRE,20309.64,REJECTED,True
9079,2947,3637,2026-02-23 10:53:16.000000,GLASS_DAMAGE,10387.66,OPEN,False
9080,669,171,2024-10-24 00:47:13.000000,COLLISION,20644.1,APPROVED,True
9081,2534,1371,2025-04-13 11:31:18.000000,FLOOD,5835.08,CLOSED,False
9082,4561,428,2025-03-26 15:29:44.000000,COLLISION,7032.57,CLOSED,False
9083,1212,1321,2025-12-31 15:57:44.000000,GLASS_DAMAGE,1105.5,CLOSED,False
9084,1970,1013,2024-06-04 02:50:06.000000,THEFT,5027.36,REJECTED,False
9085,3145,1324,2025-10-31 11:42:46.000000,COLLISION,6810.47,APPROVED,False
9086,930,2852,2025-08-15 00:55:03.000000,GLASS_DAMAGE,16342.01,IN_REVIEW,False
9087,3637,2020,2026-03-22 02:54:35.000000,GLASS_DAMAGE,9099.08,APPROVED,False
9088,1214,658,2024-05-26 13:45:43.000000,GLASS_DAMAGE,17984.54,APPROVED,False
9089,2117,2886,2025-05-12 09:41:33.000000,THEFT,9565.7,OPEN,False
9090,2380,1958,2025-08-31 01:27:05.000000,COLLISION,2486.34,REJECTED,False
9091,2221,1515,2026-02-14 19:38:55.000000,FIRE,12990.79,OPEN,False
9092,717,206,2024-09-06 21:12:03.000000,FLOOD,17837.73,APPROVED,False
9093,440,623,2025-11-26 23:46:32.000000,FLOOD,11174.86,REJECTED,False
9094,4178,3469,2026-03-27 16:12:54.000000,FIRE,6357.57,OPEN,False
9095,4501,3024,2024-06-14 20:40:42.000000,FLOOD,22103.32,APPROVED,True
9096,2455,3435,2026-04-16 07:33:57.000000,FIRE,8545.61,REJECTED,False
9097,3798,106,2025-10-31 02:31:28.000000,FIRE,13035.26,CLOSED,False
9098,4338,13,2025-08-14 15:41:50.000000,THEFT,5140.25,OPEN,False
9099,745,2065,2025-02-20 14:36:50.000000,FLOOD,15618.04,REJECTED,False
9100,3542,3685,2025-12-07 01:48:56.000000,FLOOD,20197.87,REJECTED,True
9101,1346,3764,2024-10-09 07:05:27.000000,FLOOD,21233.13,APPROVED,True
9102,1933,3800,2024-06-07 14:55:51.000000,FIRE,23498.05,OPEN,True
9103,1113,1891,2024-07-01 05:56:47.000000,GLASS_DAMAGE,12576.3,CLOSED,False
9104,2527,1420,2025-05-29 09:13:29.000000,COLLISION,7637.14,OPEN,False
9105,768,16,2025-04-22 02:56:52.000000,COLLISION,2734.35,REJECTED,False
9106,3583,11,2025-05-15 04:11:10.000000,FLOOD,11018.0,APPROVED,False
9107,654,1108,2025-05-04 23:26:37.000000,FIRE,15489.79,REJECTED,False
9108,1088,3618,2025-05-13 03:20:31.000000,FIRE,21661.48,IN_REVIEW,True
9109,1363,672,2025-01-20 18:33:41.000000,THEFT,10341.48,IN_REVIEW,False
9110,2984,1664,2025-07-09 17:02:59.000000,FIRE,6903.49,APPROVED,False
9111,1523,2958,2026-03-06 02:25:41.000000,FIRE,22126.17,OPEN,True
9112,1268,2125,2025-02-27 18:32:28.000000,THEFT,23151.93,OPEN,True
9113,4484,3671,2024-09-21 21:43:28.000000,COLLISION,7471.57,IN_REVIEW,False
9114,1786,3814,2024-06-21 00:35:59.000000,VANDALISM,14716.37,APPROVED,False
9115,362,2485,2026-01-01 14:09:07.000000,VANDALISM,12898.84,APPROVED,False
9116,2152,358,2025-05-16 22:42:34.000000,THEFT,11595.91,IN_REVIEW,False
9117,306,2227,2026-04-10 20:47:47.000000,FIRE,14623.34,OPEN,False
9118,2528,1327,2024-12-11 04:51:38.000000,FLOOD,23641.74,APPROVED,True
9119,3023,3506,2026-03-01 08:53:37.000000,FIRE,2899.03,IN_REVIEW,False
9120,2405,1610,2025-10-30 07:49:19.000000,THEFT,11053.88,REJECTED,False
9121,1407,1459,2025-05-22 11:28:25.000000,FLOOD,23713.22,CLOSED,True
9122,4142,2856,2026-01-05 07:58:44.000000,FLOOD,12453.88,IN_REVIEW,False
9123,25,331,2024-09-02 11:08:14.000000,VANDALISM,4772.71,APPROVED,False
9124,2581,1575,2024-08-16 18:27:29.000000,FIRE,10367.14,OPEN,False
9125,3548,1584,2024-06-25 14:28:43.000000,FIRE,2727.48,REJECTED,False
9126,4161,416,2026-03-23 00:48:25.000000,GLASS_DAMAGE,6955.49,CLOSED,False
9127,3218,965,2024-06-12 20:29:42.000000,THEFT,19661.91,APPROVED,True
9128,4691,1398,2026-01-23 19:29:02.000000,THEFT,12964.61,OPEN,False
9129,1136,854,2025-10-16 18:27:20.000000,GLASS_DAMAGE,18103.12,IN_REVIEW,True
9130,4039,100,2025-01-23 08:31:50.000000,VANDALISM,24769.6,CLOSED,True
9131,2511,687,2026-04-29 06:40:27.000000,COLLISION,19298.01,APPROVED,True
9132,2083,2562,2025-05-09 12:32:40.000000,GLASS_DAMAGE,17794.88,OPEN,False
9133,4738,2818,2026-03-31 02:56:47.000000,FIRE,11497.21,OPEN,False
9134,1041,322,2024-05-27 03:22:46.000000,FIRE,11459.59,CLOSED,False
9135,2600,3135,2026-01-15 22:00:57.000000,FIRE,4317.97,OPEN,False
9136,4076,3390,2025-02-23 14:26:01.000000,FLOOD,5770.79,IN_REVIEW,False
9137,750,3594,2025-01-31 17:18:02.000000,VANDALISM,8490.91,CLOSED,False
9138,4540,2279,2025-03-03 05:44:53.000000,VANDALISM,9815.23,OPEN,False
9139,1931,212,2026-03-10 00:14:19.000000,GLASS_DAMAGE,2583.98,OPEN,False
9140,2352,1513,2025-05-18 14:47:53.000000,GLASS_DAMAGE,7425.53,APPROVED,False
9141,3775,3255,2025-01-10 11:37:47.000000,VANDALISM,20646.86,APPROVED,True
9142,3875,3627,2024-07-30 01:44:08.000000,VANDALISM,6923.3,OPEN,False
9143,2037,520,2025-12-04 16:06:43.000000,FIRE,16433.54,OPEN,False
9144,280,2389,2025-03-14 13:22:06.000000,FLOOD,11237.64,APPROVED,False
9145,1388,466,2024-05-20 10:40:09.000000,FIRE,22052.21,CLOSED,True
9146,2849,1461,2024-05-15 05:37:16.000000,VANDALISM,14143.75,OPEN,False
9147,2721,3349,2025-08-11 18:11:20.000000,THEFT,5377.47,CLOSED,False
9148,158,2667,2025-08-16 16:02:32.000000,COLLISION,7056.97,APPROVED,False
9149,962,948,2026-05-11 19:04:55.000000,VANDALISM,10970.21,CLOSED,False
9150,2206,1166,2026-01-28 11:42:24.000000,COLLISION,4966.04,REJECTED,False
9151,1639,1294,2025-02-21 18:30:18.000000,GLASS_DAMAGE,18168.33,IN_REVIEW,True
9152,4122,1994,2025-07-01 08:36:51.000000,GLASS_DAMAGE,14567.08,OPEN,False
9153,3205,4019,2025-07-07 03:47:44.000000,THEFT,9282.88,CLOSED,False
9154,784,3245,2025-01-17 22:16:15.000000,COLLISION,3874.62,OPEN,False
9155,371,1862,2025-02-28 20:52:54.000000,THEFT,7007.69,APPROVED,False
9156,4370,2223,2024-06-29 23:15:45.000000,VANDALISM,11835.57,OPEN,False
9157,435,2027,2025-04-23 05:41:28.000000,THEFT,22913.63,CLOSED,True
9158,1739,3910,2025-08-21 09:05:30.000000,FIRE,587.85,OPEN,False
9159,1840,2198,2024-07-20 08:31:33.000000,FIRE,18476.41,REJECTED,True
9160,1552,3582,2025-07-01 05:00:15.000000,VANDALISM,17607.13,CLOSED,False
9161,4018,1163,2024-09-10 11:18:20.000000,VANDALISM,21182.65,REJECTED,True
9162,398,1991,2025-09-30 15:04:39.000000,FLOOD,4459.18,CLOSED,False
9163,3584,1542,2026-05-03 15:15:45.000000,THEFT,19751.42,CLOSED,True
9164,1445,2311,2025-01-29 00:17:11.000000,THEFT,2428.36,REJECTED,False
9165,1579,2029,2024-12-08 04:03:48.000000,FLOOD,7149.6,IN_REVIEW,False
9166,1703,722,2025-05-05 19:05:12.000000,COLLISION,18227.32,OPEN,True
9167,4782,644,2025-06-16 20:08:50.000000,FLOOD,20049.87,OPEN,True
9168,2414,1963,2025-06-01 03:14:52.000000,COLLISION,12905.13,IN_REVIEW,False
9169,1315,1439,2026-02-18 08:59:05.000000,VANDALISM,12354.84,APPROVED,False
9170,4065,116,2025-03-25 05:22:07.000000,GLASS_DAMAGE,20529.34,REJECTED,True
9171,1830,489,2026-01-06 07:54:51.000000,THEFT,19058.74,REJECTED,True
9172,871,3471,2024-05-13 07:15:03.000000,FLOOD,18860.36,REJECTED,True
9173,2188,615,2024-05-27 16:59:44.000000,THEFT,18975.98,OPEN,True
9174,2620,2050,2025-02-20 18:01:09.000000,GLASS_DAMAGE,13809.64,CLOSED,False
9175,1249,3117,2025-06-06 22:10:35.000000,FLOOD,9062.09,APPROVED,False
9176,155,2954,2026-01-19 02:44:52.000000,VANDALISM,11755.2,IN_REVIEW,False
9177,3968,3060,2025-07-17 01:02:53.000000,THEFT,10908.57,REJECTED,False
9178,1431,1676,2025-05-04 17:23:35.000000,FLOOD,7862.33,APPROVED,False
9179,4409,3168,2025-10-11 07:32:41.000000,VANDALISM,16255.16,IN_REVIEW,False
9180,3843,3589,2025-10-02 20:45:28.000000,THEFT,20576.83,CLOSED,True
9181,2011,3332,2026-03-03 04:04:21.000000,THEFT,9478.71,CLOSED,False
9182,1872,2119,2024-09-28 10:08:23.000000,FLOOD,2045.18,REJECTED,False
9183,303,1113,2026-01-17 20:21:20.000000,FIRE,7491.75,APPROVED,False
9184,3503,2453,2024-06-22 07:39:55.000000,VANDALISM,8358.3,APPROVED,False
9185,1202,3182,2026-02-12 00:04:05.000000,THEFT,22429.75,IN_REVIEW,True
9186,2582,2786,2025-02-21 20:28:14.000000,THEFT,22229.51,REJECTED,True
9187,1513,1449,2025-01-18 18:43:58.000000,FIRE,6556.61,CLOSED,False
9188,977,1747,2026-05-12 10:19:05.000000,VANDALISM,20431.18,OPEN,True
9189,3590,1968,2025-08-21 04:12:33.000000,COLLISION,1100.96,IN_REVIEW,False
9190,2730,4070,2025-03-08 04:35:19.000000,COLLISION,23646.4,CLOSED,True
9191,564,3324,2025-07-17 19:51:41.000000,GLASS_DAMAGE,15323.46,CLOSED,False
9192,3467,1183,2026-04-26 13:04:01.000000,THEFT,17634.21,APPROVED,False
9193,885,3017,2024-10-09 07:37:18.000000,VANDALISM,20741.56,APPROVED,True
9194,258,706,2025-11-21 01:32:33.000000,GLASS_DAMAGE,16970.14,REJECTED,False
9195,3816,2236,2025-01-27 11:11:02.000000,COLLISION,7909.07,REJECTED,False
9196,3508,3952,2025-01-28 16:38:58.000000,VANDALISM,4042.11,REJECTED,False
9197,540,2838,2025-09-14 23:50:35.000000,FIRE,12672.33,IN_REVIEW,False
9198,545,2438,2026-02-20 16:08:18.000000,THEFT,16153.87,REJECTED,False
9199,747,2521,2024-05-20 06:19:52.000000,FLOOD,20863.66,CLOSED,True
9200,294,4196,2024-07-17 23:14:54.000000,FLOOD,19813.96,APPROVED,True
9201,1702,506,2024-09-01 05:08:50.000000,THEFT,3814.03,APPROVED,False
9202,2410,3911,2026-01-04 22:54:34.000000,COLLISION,5918.51,APPROVED,False
9203,4579,3939,2026-01-31 21:46:44.000000,COLLISION,13827.16,REJECTED,False
9204,1773,399,2026-03-31 00:44:12.000000,FIRE,17982.83,APPROVED,False
9205,2197,1585,2025-11-05 16:03:36.000000,GLASS_DAMAGE,16990.49,IN_REVIEW,False
9206,4352,2791,2026-01-13 19:21:31.000000,THEFT,17220.39,REJECTED,False
9207,2411,1530,2025-10-27 10:27:11.000000,THEFT,18919.12,REJECTED,True
9208,3459,952,2025-03-28 08:53:55.000000,VANDALISM,5520.63,OPEN,False
9209,3162,2278,2025-12-20 00:53:21.000000,COLLISION,12699.5,CLOSED,False
9210,568,1269,2026-04-18 03:37:29.000000,GLASS_DAMAGE,13823.71,IN_REVIEW,False
9211,2282,2749,2025-06-14 17:38:25.000000,COLLISION,21069.39,IN_REVIEW,True
9212,4225,571,2025-12-30 15:45:55.000000,VANDALISM,10895.13,IN_REVIEW,False
9213,1976,815,2026-02-20 10:55:48.000000,VANDALISM,5517.68,CLOSED,False
9214,1730,3768,2024-07-23 14:13:10.000000,COLLISION,14310.85,IN_REVIEW,False
9215,1334,1315,2025-02-07 16:12:12.000000,GLASS_DAMAGE,9599.49,REJECTED,False
9216,3687,2333,2025-06-28 05:37:59.000000,FLOOD,2335.9,APPROVED,False
9217,1683,1384,2026-04-20 23:57:16.000000,FIRE,17437.38,APPROVED,False
9218,2144,1510,2024-10-27 12:04:09.000000,THEFT,16903.74,REJECTED,False
9219,4719,2106,2024-11-14 13:54:24.000000,FIRE,17744.52,OPEN,False
9220,4487,949,2025-03-09 12:23:16.000000,FIRE,5827.22,OPEN,False
9221,2333,2395,2025-01-04 18:21:47.000000,COLLISION,791.43,APPROVED,False
9222,4352,1728,2025-07-10 23:13:57.000000,FLOOD,16235.83,OPEN,False
9223,2795,384,2024-09-01 23:17:56.000000,FIRE,12257.92,APPROVED,False
9224,2826,659,2025-09-28 20:14:30.000000,GLASS_DAMAGE,7776.94,REJECTED,False
9225,1052,3317,2024-07-02 05:20:26.000000,FIRE,5931.33,CLOSED,False
9226,4279,1368,2024-05-27 07:38:56.000000,COLLISION,16929.88,APPROVED,False
9227,889,1075,2026-02-14 12:41:37.000000,VANDALISM,24612.4,OPEN,True
9228,1332,3372,2026-03-13 14:30:35.000000,COLLISION,15391.15,APPROVED,False
9229,2670,3261,2024-12-29 13:33:01.000000,FIRE,21604.62,IN_REVIEW,True
9230,1305,1129,2025-09-21 12:01:17.000000,GLASS_DAMAGE,10275.74,APPROVED,False
9231,3747,1039,2026-02-04 03:38:39.000000,FIRE,4832.94,CLOSED,False
9232,1554,3320,2025-12-24 03:52:40.000000,GLASS_DAMAGE,19631.75,CLOSED,True
9233,1393,2223,2026-05-10 07:50:59.000000,GLASS_DAMAGE,12537.38,OPEN,False
9234,961,2619,2025-10-23 04:50:03.000000,FLOOD,10410.73,OPEN,False
9235,1929,3349,2025-02-08 06:34:03.000000,FLOOD,5968.72,OPEN,False
9236,3135,2832,2025-07-14 06:53:17.000000,VANDALISM,19179.73,IN_REVIEW,True
9237,4607,3670,2025-10-08 10:32:16.000000,FIRE,16406.38,OPEN,False
9238,443,957,2026-04-06 07:11:15.000000,VANDALISM,4152.02,APPROVED,False
9239,1864,2447,2025-04-10 02:40:31.000000,THEFT,518.94,IN_REVIEW,False
9240,3346,3298,2026-01-02 05:30:14.000000,GLASS_DAMAGE,4815.04,OPEN,False
9241,132,1630,2025-07-26 00:32:38.000000,COLLISION,24805.03,IN_REVIEW,True
9242,2655,3696,2026-04-23 16:00:04.000000,VANDALISM,17688.29,REJECTED,False
9243,3309,3792,2026-02-09 03:58:57.000000,FIRE,1885.14,IN_REVIEW,False
9244,3271,982,2026-04-05 10:15:29.000000,COLLISION,9658.6,REJECTED,False
9245,3724,1057,2024-09-28 17:42:35.000000,GLASS_DAMAGE,24017.54,OPEN,True
9246,396,885,2024-12-08 04:48:59.000000,FIRE,2281.68,APPROVED,False
9247,4400,581,2024-11-16 05:39:39.000000,THEFT,6460.15,OPEN,False
9248,3432,3594,2025-12-12 15:06:34.000000,THEFT,18418.96,CLOSED,True
9249,1340,901,2024-07-16 00:47:22.000000,GLASS_DAMAGE,3038.88,REJECTED,False
9250,3769,3398,2026-02-10 05:44:56.000000,FIRE,20264.98,IN_REVIEW,True
9251,2281,1524,2025-10-12 13:15:27.000000,COLLISION,2166.66,IN_REVIEW,False
9252,560,2827,2025-04-16 18:40:44.000000,VANDALISM,3222.59,IN_REVIEW,False
9253,3997,1939,2026-03-23 20:03:39.000000,FIRE,5659.57,CLOSED,False
9254,822,1955,2025-06-02 08:52:47.000000,THEFT,15573.35,REJECTED,False
9255,4466,2763,2024-09-20 18:38:51.000000,COLLISION,17588.29,CLOSED,False
9256,2428,1939,2024-06-25 20:30:20.000000,THEFT,19139.53,APPROVED,True
9257,2226,1410,2025-04-07 14:22:46.000000,VANDALISM,13430.0,IN_REVIEW,False
9258,3402,3533,2024-08-05 21:55:51.000000,THEFT,6052.33,CLOSED,False
9259,1095,2248,2024-07-28 17:31:05.000000,FIRE,19201.06,CLOSED,True
9260,4221,3204,2025-01-09 09:46:56.000000,VANDALISM,2166.01,REJECTED,False
9261,400,2109,2025-08-04 12:28:19.000000,COLLISION,16664.62,OPEN,False
9262,1760,4054,2024-10-01 01:31:50.000000,VANDALISM,1271.79,OPEN,False
9263,92,564,2025-01-14 07:26:19.000000,GLASS_DAMAGE,14003.78,OPEN,False
9264,2477,465,2025-03-22 16:08:46.000000,FIRE,8097.93,CLOSED,False
9265,3219,3244,2026-01-25 03:45:13.000000,VANDALISM,1630.36,REJECTED,False
9266,295,1174,2024-07-31 00:29:05.000000,FIRE,8117.76,OPEN,False
9267,3291,1421,2025-06-25 02:18:43.000000,VANDALISM,1290.66,CLOSED,False
9268,4666,4150,2024-07-03 13:46:52.000000,VANDALISM,5934.16,CLOSED,False
9269,410,507,2024-05-29 01:09:00.000000,FLOOD,16876.0,IN_REVIEW,False
9270,3340,2354,2026-04-02 07:04:06.000000,FIRE,18854.16,CLOSED,True
9271,3819,1162,2025-05-11 12:07:35.000000,GLASS_DAMAGE,9766.66,REJECTED,False
9272,1817,1301,2024-09-01 19:50:24.000000,GLASS_DAMAGE,20622.72,IN_REVIEW,True
9273,4434,2724,2025-06-22 02:40:17.000000,FIRE,18965.54,CLOSED,True
9274,1264,517,2026-04-24 23:19:36.000000,FIRE,5307.63,APPROVED,False
9275,881,3268,2024-12-08 01:44:03.000000,FIRE,4836.22,CLOSED,False
9276,3521,2261,2025-03-09 01:03:09.000000,COLLISION,14320.52,APPROVED,False
9277,1629,2484,2025-07-12 06:20:38.000000,FIRE,23698.89,CLOSED,True
9278,4096,2411,2025-12-17 18:04:04.000000,FLOOD,16361.8,REJECTED,False
9279,141,2001,2024-06-16 15:55:33.000000,VANDALISM,2462.59,APPROVED,False
9280,3570,2699,2025-02-13 22:30:54.000000,VANDALISM,10781.89,CLOSED,False
9281,2104,2655,2025-04-09 11:05:41.000000,FLOOD,13152.33,CLOSED,False
9282,4160,2015,2025-04-07 04:47:10.000000,COLLISION,14654.69,REJECTED,False
9283,755,2199,2025-12-03 23:29:19.000000,VANDALISM,1557.39,CLOSED,False
9284,453,726,2024-08-01 16:39:06.000000,THEFT,4806.48,CLOSED,False
9285,62,1978,2025-05-24 06:44:24.000000,GLASS_DAMAGE,20661.83,OPEN,True
9286,1442,246,2025-06-25 04:21:10.000000,FLOOD,22019.33,REJECTED,True
9287,3036,3289,2025-12-30 01:58:32.000000,THEFT,18018.39,OPEN,True
9288,3761,1849,2025-12-12 02:39:13.000000,COLLISION,303.76,OPEN,False
9289,2711,2185,2025-07-28 14:28:12.000000,THEFT,11778.22,OPEN,False
9290,1834,3270,2026-03-01 13:59:58.000000,COLLISION,4277.22,CLOSED,False
9291,3174,2281,2025-09-06 07:40:52.000000,FLOOD,4602.12,OPEN,False
9292,932,456,2025-02-06 12:27:49.000000,FLOOD,2279.86,REJECTED,False
9293,2226,1953,2025-04-11 22:58:06.000000,FLOOD,7152.21,CLOSED,False
9294,3255,3904,2025-05-08 05:37:14.000000,VANDALISM,22487.45,REJECTED,True
9295,1951,1624,2025-08-02 09:46:38.000000,FIRE,7089.83,APPROVED,False
9296,4277,3647,2024-10-25 05:48:54.000000,COLLISION,19332.18,REJECTED,True
9297,421,686,2025-03-04 11:43:55.000000,COLLISION,1458.98,IN_REVIEW,False
9298,2075,625,2024-06-08 21:33:32.000000,FIRE,8292.0,APPROVED,False
9299,1911,1260,2024-06-20 21:48:45.000000,FIRE,24558.92,REJECTED,True
9300,2574,160,2025-03-31 14:36:02.000000,THEFT,7570.57,CLOSED,False
9301,1875,2880,2026-04-09 19:19:48.000000,FIRE,19834.67,REJECTED,True
9302,3050,3871,2026-01-23 00:11:51.000000,FIRE,5947.55,IN_REVIEW,False
9303,4366,543,2026-05-05 02:55:38.000000,FLOOD,20255.08,OPEN,True
9304,1709,3028,2026-02-17 02:16:50.000000,FLOOD,8569.74,IN_REVIEW,False
9305,148,2260,2024-07-18 03:19:35.000000,FIRE,3381.59,OPEN,False
9306,939,276,2025-11-12 18:57:18.000000,VANDALISM,14466.51,CLOSED,False
9307,661,889,2026-03-04 21:34:15.000000,GLASS_DAMAGE,17441.07,REJECTED,False
9308,2576,1899,2026-03-31 02:18:25.000000,VANDALISM,7987.29,APPROVED,False
9309,1587,1776,2026-01-19 14:58:08.000000,COLLISION,20145.29,APPROVED,True
9310,34,4199,2024-05-29 02:55:53.000000,COLLISION,22902.69,OPEN,True
9311,3990,2264,2025-04-05 14:39:29.000000,FLOOD,13302.49,REJECTED,False
9312,2425,3110,2026-03-30 13:26:38.000000,FLOOD,970.05,OPEN,False
9313,2104,676,2024-08-09 13:57:42.000000,VANDALISM,10521.3,REJECTED,False
9314,3615,4147,2024-11-12 12:12:08.000000,FIRE,9302.78,CLOSED,False
9315,4442,3463,2024-10-12 16:14:26.000000,GLASS_DAMAGE,10784.38,IN_REVIEW,False
9316,3169,1381,2024-12-28 22:30:00.000000,THEFT,16498.63,IN_REVIEW,False
9317,814,3311,2024-08-22 10:43:14.000000,GLASS_DAMAGE,16782.97,IN_REVIEW,False
9318,1624,1794,2025-10-24 01:52:39.000000,THEFT,21181.13,CLOSED,True
9319,2641,1266,2025-09-04 10:34:40.000000,GLASS_DAMAGE,3873.4,REJECTED,False
9320,508,1698,2024-07-10 15:51:51.000000,VANDALISM,16544.24,IN_REVIEW,False
9321,134,2599,2024-11-25 10:58:31.000000,COLLISION,439.81,REJECTED,False
9322,2617,1017,2025-01-16 07:21:52.000000,VANDALISM,3253.87,APPROVED,False
9323,4201,2540,2025-06-23 03:55:15.000000,COLLISION,12623.5,CLOSED,False
9324,2250,2850,2024-11-17 07:50:18.000000,FLOOD,10181.74,REJECTED,False
9325,2790,876,2025-06-12 01:19:31.000000,COLLISION,7511.55,APPROVED,False
9326,1588,1028,2024-11-08 19:54:19.000000,FIRE,8531.79,IN_REVIEW,False
9327,358,2823,2025-08-14 03:54:10.000000,VANDALISM,2247.59,APPROVED,False
9328,434,3229,2025-04-20 02:10:17.000000,COLLISION,5216.39,APPROVED,False
9329,627,725,2026-04-10 20:09:50.000000,FLOOD,15228.22,IN_REVIEW,False
9330,961,2323,2025-04-19 12:21:40.000000,COLLISION,10866.67,IN_REVIEW,False
9331,2980,14,2024-11-22 13:36:43.000000,FLOOD,10127.5,REJECTED,False
9332,2984,1234,2024-11-30 18:16:23.000000,FIRE,20452.08,REJECTED,True
9333,1094,1474,2025-03-02 10:05:24.000000,FIRE,17807.33,REJECTED,False
9334,3748,1736,2025-07-08 16:08:17.000000,GLASS_DAMAGE,22518.98,APPROVED,True
9335,879,3620,2025-05-11 14:17:21.000000,GLASS_DAMAGE,5636.86,CLOSED,False
9336,3960,370,2026-03-20 11:26:01.000000,COLLISION,18402.85,CLOSED,True
9337,618,1773,2025-07-30 05:07:39.000000,THEFT,21749.92,REJECTED,True
9338,1996,3283,2025-07-15 09:39:02.000000,THEFT,12860.12,REJECTED,False
9339,9,3642,2026-01-12 14:57:31.000000,FLOOD,8754.95,REJECTED,False
9340,353,4165,2025-05-28 06:51:50.000000,COLLISION,22228.29,APPROVED,True
9341,841,3134,2026-02-03 03:39:38.000000,COLLISION,16205.34,IN_REVIEW,False
9342,4765,3505,2024-07-06 08:36:03.000000,COLLISION,16557.86,IN_REVIEW,False
9343,843,3058,2026-02-26 22:06:53.000000,COLLISION,8155.26,REJECTED,False
9344,2759,3695,2024-10-13 11:19:42.000000,THEFT,4140.65,APPROVED,False
9345,2689,612,2025-05-29 23:37:55.000000,THEFT,12230.75,REJECTED,False
9346,1097,3264,2024-10-20 15:54:58.000000,COLLISION,24493.49,OPEN,True
9347,1694,883,2026-02-28 17:49:02.000000,COLLISION,14365.67,OPEN,False
9348,1551,3058,2026-05-06 03:02:57.000000,FLOOD,15535.4,APPROVED,False
9349,2310,2855,2024-10-30 03:20:40.000000,THEFT,23451.69,REJECTED,True
9350,4537,2308,2025-07-08 11:19:42.000000,FLOOD,1064.18,OPEN,False
9351,4370,2332,2025-10-12 00:46:01.000000,THEFT,5280.04,REJECTED,False
9352,1707,2881,2026-04-19 08:06:46.000000,GLASS_DAMAGE,17858.93,REJECTED,False
9353,1321,2389,2025-09-27 21:18:06.000000,COLLISION,12242.49,OPEN,False
9354,812,2858,2025-10-16 16:08:20.000000,GLASS_DAMAGE,23537.45,CLOSED,True
9355,4554,2382,2024-11-10 17:38:09.000000,FIRE,19819.71,REJECTED,True
9356,369,3058,2024-06-09 15:16:34.000000,VANDALISM,14715.54,REJECTED,False
9357,623,938,2025-02-20 09:27:15.000000,FIRE,14802.5,CLOSED,False
9358,3861,81,2024-11-17 20:38:47.000000,FIRE,1391.75,IN_REVIEW,False
9359,704,170,2025-04-07 23:39:09.000000,GLASS_DAMAGE,13927.84,REJECTED,False
9360,2772,3106,2024-05-27 18:30:41.000000,VANDALISM,24229.56,CLOSED,True
9361,872,4120,2024-12-30 21:10:59.000000,FIRE,16626.28,IN_REVIEW,False
9362,2498,1354,2025-03-10 11:41:11.000000,THEFT,18029.08,REJECTED,True
9363,4441,584,2025-11-15 17:58:50.000000,THEFT,3888.29,APPROVED,False
9364,3590,3128,2025-10-18 08:38:03.000000,FIRE,15909.05,CLOSED,False
9365,203,1092,2026-04-07 20:49:02.000000,THEFT,3895.62,IN_REVIEW,False
9366,2341,1986,2025-09-19 08:28:16.000000,FIRE,23505.13,OPEN,True
9367,2262,2529,2024-06-17 12:12:18.000000,VANDALISM,22449.93,OPEN,True
9368,1645,3562,2025-01-01 01:59:51.000000,VANDALISM,17565.24,CLOSED,False
9369,992,998,2024-12-27 04:45:58.000000,FIRE,6021.96,CLOSED,False
9370,1485,1360,2026-03-27 00:44:04.000000,FLOOD,9347.48,REJECTED,False
9371,2249,4050,2024-06-26 11:54:25.000000,FIRE,1772.34,APPROVED,False
9372,3506,2350,2025-05-25 06:23:28.000000,THEFT,7901.41,REJECTED,False
9373,4717,1885,2025-01-02 05:54:10.000000,COLLISION,8363.96,APPROVED,False
9374,3058,2189,2026-01-21 21:30:37.000000,FIRE,15935.1,CLOSED,False
9375,4758,1097,2026-01-12 10:52:04.000000,FIRE,18432.41,CLOSED,True
9376,2852,472,2024-09-06 12:53:51.000000,COLLISION,3812.37,REJECTED,False
9377,4775,3130,2025-03-19 09:56:49.000000,VANDALISM,23481.19,APPROVED,True
9378,908,389,2026-04-18 14:28:03.000000,FIRE,6104.02,OPEN,False
9379,4635,3694,2026-03-03 15:45:17.000000,COLLISION,22743.18,REJECTED,True
9380,2096,2846,2024-12-13 11:03:41.000000,COLLISION,2218.02,REJECTED,False
9381,2779,419,2025-10-24 14:44:00.000000,FLOOD,13094.65,REJECTED,False
9382,345,3663,2025-11-09 10:57:53.000000,FLOOD,10016.21,CLOSED,False
9383,2319,1030,2025-07-10 05:47:10.000000,FIRE,6226.54,APPROVED,False
9384,4164,2334,2025-03-11 16:27:14.000000,FLOOD,2632.15,IN_REVIEW,False
9385,390,378,2025-08-22 08:59:59.000000,THEFT,3129.66,IN_REVIEW,False
9386,1265,3249,2024-05-21 16:23:26.000000,GLASS_DAMAGE,16917.75,REJECTED,False
9387,1153,1870,2025-11-17 02:11:41.000000,GLASS_DAMAGE,13397.98,OPEN,False
9388,1812,2072,2025-10-20 16:57:21.000000,VANDALISM,11151.45,CLOSED,False
9389,3276,4088,2026-04-17 22:24:43.000000,THEFT,14933.22,REJECTED,False
9390,1020,532,2024-06-20 11:41:25.000000,VANDALISM,16434.19,OPEN,False
9391,2240,270,2024-08-22 05:30:48.000000,GLASS_DAMAGE,23336.48,OPEN,True
9392,556,2050,2025-10-31 09:30:09.000000,FLOOD,6139.24,IN_REVIEW,False
9393,719,3848,2025-10-09 12:33:19.000000,THEFT,2150.17,CLOSED,False
9394,3543,2108,2024-07-15 05:02:20.000000,GLASS_DAMAGE,11673.42,CLOSED,False
9395,2275,681,2025-05-31 01:32:52.000000,COLLISION,15440.05,REJECTED,False
9396,2853,2127,2025-05-23 09:53:21.000000,THEFT,20950.06,OPEN,True
9397,3141,3676,2024-05-21 12:52:55.000000,THEFT,2482.82,CLOSED,False
9398,1719,1901,2025-04-15 01:06:39.000000,VANDALISM,17944.21,APPROVED,False
9399,3260,2444,2025-05-20 02:27:06.000000,FIRE,12620.0,OPEN,False
9400,4010,1168,2025-08-09 09:34:27.000000,COLLISION,4328.1,IN_REVIEW,False
9401,1800,3492,2026-03-21 07:23:27.000000,FIRE,10617.54,APPROVED,False
9402,3430,1194,2026-04-15 01:11:04.000000,FLOOD,23226.21,APPROVED,True
9403,3053,741,2024-08-28 23:17:10.000000,VANDALISM,6078.73,REJECTED,False
9404,26,1821,2024-08-05 20:25:00.000000,VANDALISM,717.0,OPEN,False
9405,3596,2692,2025-09-06 06:48:30.000000,THEFT,22850.57,IN_REVIEW,True
9406,2461,438,2025-10-31 23:27:29.000000,FIRE,12723.18,CLOSED,False
9407,2987,1405,2024-12-12 22:38:22.000000,COLLISION,17233.45,REJECTED,False
9408,1047,1235,2024-05-13 11:26:28.000000,GLASS_DAMAGE,8542.49,OPEN,False
9409,4509,1496,2026-03-17 19:52:01.000000,THEFT,7844.21,OPEN,False
9410,262,2972,2026-01-11 11:47:53.000000,FIRE,17485.35,IN_REVIEW,False
9411,4760,3714,2024-07-30 21:27:03.000000,COLLISION,23129.87,APPROVED,True
9412,3828,1039,2025-04-18 07:42:09.000000,FIRE,10352.71,CLOSED,False
9413,3308,2719,2025-12-09 22:42:00.000000,VANDALISM,4413.08,OPEN,False
9414,943,3224,2025-03-31 14:14:29.000000,THEFT,3595.13,APPROVED,False
9415,3228,340,2026-03-02 12:35:15.000000,COLLISION,22726.27,IN_REVIEW,True
9416,2673,1802,2025-02-16 22:30:09.000000,FLOOD,22345.67,REJECTED,True
9417,919,3655,2024-09-13 17:35:34.000000,VANDALISM,18657.61,APPROVED,True
9418,3688,618,2025-02-01 17:44:43.000000,FIRE,6153.49,APPROVED,False
9419,3990,2774,2025-11-01 16:54:12.000000,THEFT,21965.07,IN_REVIEW,True
9420,1747,2422,2025-06-21 18:24:40.000000,VANDALISM,7325.91,REJECTED,False
9421,991,2406,2025-03-28 08:00:17.000000,FLOOD,9591.04,REJECTED,False
9422,4178,332,2024-05-22 23:54:08.000000,THEFT,5579.72,OPEN,False
9423,3171,2904,2024-07-06 15:26:16.000000,VANDALISM,23230.26,IN_REVIEW,True
9424,1753,365,2025-12-16 04:09:07.000000,GLASS_DAMAGE,23238.63,IN_REVIEW,True
9425,3508,776,2025-06-13 09:11:03.000000,GLASS_DAMAGE,22002.65,APPROVED,True
9426,199,162,2025-12-21 12:03:42.000000,THEFT,18738.36,APPROVED,True
9427,1287,4167,2026-02-26 23:56:21.000000,COLLISION,15802.35,REJECTED,False
9428,4697,1202,2025-12-23 22:41:01.000000,VANDALISM,15416.84,OPEN,False
9429,3728,3043,2026-04-16 15:09:19.000000,FLOOD,8778.26,CLOSED,False
9430,2848,1393,2026-03-24 21:22:31.000000,FIRE,7437.73,CLOSED,False
9431,1183,3653,2025-05-24 10:11:52.000000,FIRE,9176.28,APPROVED,False
9432,3957,3290,2024-12-15 05:57:02.000000,COLLISION,9153.38,REJECTED,False
9433,319,780,2026-02-07 14:26:59.000000,FIRE,18724.33,REJECTED,True
9434,2038,1895,2025-06-10 08:18:36.000000,FLOOD,20613.59,OPEN,True
9435,301,1597,2025-10-17 07:04:37.000000,THEFT,11941.08,CLOSED,False
9436,1616,727,2024-11-02 07:07:45.000000,VANDALISM,3958.66,IN_REVIEW,False
9437,1581,1238,2025-06-08 12:47:17.000000,THEFT,8422.52,OPEN,False
9438,2260,1159,2024-07-06 05:22:36.000000,COLLISION,10430.38,IN_REVIEW,False
9439,689,2297,2026-02-24 06:17:25.000000,COLLISION,5465.72,REJECTED,False
9440,728,2437,2026-03-08 12:14:29.000000,FIRE,17447.8,APPROVED,False
9441,4584,302,2024-12-18 19:31:29.000000,THEFT,12594.56,IN_REVIEW,False
9442,913,2161,2025-08-04 10:38:24.000000,FIRE,15417.82,APPROVED,False
9443,2887,3009,2025-11-13 01:50:37.000000,COLLISION,8830.45,IN_REVIEW,False
9444,265,594,2025-04-23 23:27:35.000000,FIRE,17988.39,APPROVED,False
9445,561,4046,2025-09-19 21:29:50.000000,THEFT,11333.96,IN_REVIEW,False
9446,4083,3706,2025-03-06 01:30:52.000000,GLASS_DAMAGE,4528.79,IN_REVIEW,False
9447,2035,1859,2025-11-09 01:59:11.000000,FIRE,6277.09,APPROVED,False
9448,1045,3886,2025-08-29 11:02:04.000000,THEFT,12536.58,OPEN,False
9449,4587,1055,2024-07-25 23:53:14.000000,GLASS_DAMAGE,8983.81,OPEN,False
9450,650,4021,2025-03-25 22:00:31.000000,VANDALISM,24610.49,CLOSED,True
9451,4193,2359,2026-03-04 00:12:46.000000,FIRE,15195.72,REJECTED,False
9452,1246,3227,2025-08-04 14:33:08.000000,VANDALISM,8915.98,OPEN,False
9453,2364,2241,2024-06-10 04:41:12.000000,GLASS_DAMAGE,10235.44,OPEN,False
9454,3146,894,2024-11-25 01:17:06.000000,COLLISION,18322.52,OPEN,True
9455,2940,1668,2025-11-02 00:11:04.000000,VANDALISM,13916.73,IN_REVIEW,False
9456,1292,4050,2025-03-08 11:01:15.000000,FIRE,5992.77,REJECTED,False
9457,3847,1471,2024-08-19 16:59:17.000000,FIRE,567.66,CLOSED,False
9458,3416,2191,2025-03-29 09:07:09.000000,FIRE,24444.41,REJECTED,True
9459,4301,1130,2025-09-05 13:39:39.000000,FIRE,10011.13,REJECTED,False
9460,1280,2263,2025-03-15 14:43:08.000000,GLASS_DAMAGE,8824.25,CLOSED,False
9461,4504,674,2024-09-18 22:30:58.000000,VANDALISM,6112.42,APPROVED,False
9462,3806,3854,2025-12-28 15:13:12.000000,COLLISION,5384.32,OPEN,False
9463,4441,656,2025-02-08 14:45:26.000000,THEFT,9237.55,OPEN,False
9464,3447,4173,2025-04-08 19:47:14.000000,FIRE,13392.99,REJECTED,False
9465,2777,1966,2025-04-25 22:18:45.000000,THEFT,3161.48,CLOSED,False
9466,3235,2529,2025-06-04 09:16:19.000000,THEFT,14527.68,IN_REVIEW,False
9467,3976,1695,2026-01-13 11:28:00.000000,FLOOD,10498.07,IN_REVIEW,False
9468,629,4055,2025-04-06 00:27:00.000000,COLLISION,8454.13,APPROVED,False
9469,431,2920,2026-01-09 01:46:09.000000,FIRE,6024.17,REJECTED,False
9470,3822,2146,2024-08-07 04:59:25.000000,COLLISION,1201.18,APPROVED,False
9471,1974,3989,2026-03-24 05:50:17.000000,COLLISION,2763.89,IN_REVIEW,False
9472,2197,3408,2025-04-14 16:47:55.000000,FLOOD,18478.4,APPROVED,True
9473,1723,3227,2025-11-30 17:47:58.000000,COLLISION,4866.65,OPEN,False
9474,520,2296,2025-11-19 03:33:06.000000,COLLISION,16154.85,APPROVED,False
9475,1266,1997,2025-08-20 05:56:14.000000,FLOOD,16579.24,CLOSED,False
9476,2944,592,2026-01-01 14:17:46.000000,FIRE,14950.39,IN_REVIEW,False
9477,3788,3003,2026-03-27 09:01:59.000000,THEFT,740.46,CLOSED,False
9478,670,3025,2025-07-14 08:57:42.000000,FIRE,15244.07,REJECTED,False
9479,4038,3967,2025-10-21 20:14:36.000000,VANDALISM,11878.02,OPEN,False
9480,912,879,2025-11-30 22:21:58.000000,GLASS_DAMAGE,17392.43,OPEN,False
9481,3687,798,2024-05-14 07:27:16.000000,VANDALISM,5586.97,IN_REVIEW,False
9482,2503,2362,2024-06-19 10:57:09.000000,THEFT,8669.67,CLOSED,False
9483,2017,1375,2024-07-23 11:43:03.000000,FLOOD,21167.35,APPROVED,True
9484,2878,365,2025-02-06 16:54:12.000000,FLOOD,21712.4,APPROVED,True
9485,3874,1859,2025-06-02 04:21:28.000000,GLASS_DAMAGE,15910.97,OPEN,False
9486,1693,3025,2024-09-13 16:32:20.000000,FLOOD,22532.07,CLOSED,True
9487,615,3711,2024-12-01 15:04:46.000000,GLASS_DAMAGE,18949.4,IN_REVIEW,True
9488,1257,2203,2025-06-04 11:49:19.000000,THEFT,16598.53,APPROVED,False
9489,3479,744,2026-02-13 02:36:41.000000,FIRE,16317.25,REJECTED,False
9490,3327,1595,2024-05-23 05:43:44.000000,FLOOD,21842.84,REJECTED,True
9491,1754,1839,2024-06-01 12:34:08.000000,FIRE,9507.21,APPROVED,False
9492,4668,1658,2025-12-07 00:41:06.000000,GLASS_DAMAGE,4705.7,IN_REVIEW,False
9493,1678,1028,2025-01-04 22:58:38.000000,COLLISION,2151.34,CLOSED,False
9494,493,4144,2025-12-10 19:47:54.000000,VANDALISM,18502.23,IN_REVIEW,True
9495,2162,2737,2025-10-28 13:16:46.000000,FIRE,20801.39,IN_REVIEW,True
9496,295,1432,2025-01-25 07:34:48.000000,THEFT,23095.05,OPEN,True
9497,820,3445,2025-01-31 13:02:14.000000,COLLISION,24374.12,IN_REVIEW,True
9498,498,15,2024-06-26 11:46:25.000000,COLLISION,23657.12,APPROVED,True
9499,2958,664,2026-02-15 06:20:54.000000,COLLISION,21015.53,CLOSED,True
9500,1040,2872,2024-10-06 15:34:56.000000,VANDALISM,10993.24,CLOSED,False
9501,1517,1955,2026-01-25 07:27:23.000000,FIRE,15931.41,REJECTED,False
9502,3443,2702,2025-02-10 01:09:35.000000,THEFT,5042.33,CLOSED,False
9503,4629,1701,2024-07-06 16:18:08.000000,VANDALISM,22199.8,IN_REVIEW,True
9504,3657,3903,2026-05-01 23:51:43.000000,FLOOD,1116.14,IN_REVIEW,False
9505,4215,1431,2024-08-26 06:57:22.000000,COLLISION,19804.05,OPEN,True
9506,1332,2603,2025-02-25 12:12:47.000000,THEFT,19746.69,IN_REVIEW,True
9507,2331,1808,2025-10-29 22:01:33.000000,VANDALISM,11534.13,OPEN,False
9508,47,726,2025-01-22 05:33:30.000000,COLLISION,19810.54,IN_REVIEW,True
9509,2357,2059,2025-02-05 04:26:03.000000,THEFT,24146.4,IN_REVIEW,True
9510,3069,1294,2025-04-28 00:23:03.000000,FIRE,16826.7,IN_REVIEW,False
9511,3853,1826,2025-12-14 16:25:44.000000,FIRE,20665.99,CLOSED,True
9512,882,3594,2024-07-03 04:06:47.000000,VANDALISM,7603.2,IN_REVIEW,False
9513,4320,2029,2025-02-16 14:12:03.000000,THEFT,22846.34,IN_REVIEW,True
9514,1161,3040,2024-11-22 01:09:04.000000,FLOOD,2756.58,IN_REVIEW,False
9515,1732,3889,2024-07-04 22:40:00.000000,COLLISION,10781.8,CLOSED,False
9516,4683,3529,2024-10-11 09:24:44.000000,FLOOD,18681.11,IN_REVIEW,True
9517,2338,453,2024-11-27 08:05:56.000000,COLLISION,15605.0,OPEN,False
9518,2484,1230,2025-07-29 22:12:13.000000,FIRE,7760.67,IN_REVIEW,False
9519,1623,2678,2024-09-07 09:51:05.000000,FIRE,7006.02,REJECTED,False
9520,4465,1832,2025-06-16 16:34:11.000000,FLOOD,12758.57,IN_REVIEW,False
9521,1140,1892,2025-07-14 19:17:50.000000,THEFT,23667.46,REJECTED,True
9522,3821,2694,2026-03-03 14:16:29.000000,FIRE,10406.3,OPEN,False
9523,1138,3066,2025-04-16 00:35:37.000000,THEFT,5424.4,OPEN,False
9524,3180,2574,2025-06-25 19:24:11.000000,FLOOD,19258.53,CLOSED,True
9525,809,1770,2025-03-06 06:42:27.000000,THEFT,15093.93,REJECTED,False
9526,4561,2031,2025-04-26 14:51:25.000000,GLASS_DAMAGE,21783.48,CLOSED,True
9527,145,609,2024-12-17 21:03:13.000000,GLASS_DAMAGE,7828.42,REJECTED,False
9528,1217,2294,2025-12-20 18:52:11.000000,THEFT,733.99,IN_REVIEW,False
9529,4432,2115,2026-04-12 09:06:01.000000,FIRE,15746.16,IN_REVIEW,False
9530,1747,4059,2025-07-04 22:09:11.000000,VANDALISM,10664.71,REJECTED,False
9531,2003,412,2025-08-11 22:53:34.000000,VANDALISM,3465.74,REJECTED,False
9532,2919,2032,2025-09-12 17:01:14.000000,GLASS_DAMAGE,21350.37,REJECTED,True
9533,2945,949,2025-12-28 21:26:05.000000,COLLISION,17042.07,IN_REVIEW,False
9534,3873,2351,2024-08-02 10:59:20.000000,FLOOD,6133.0,OPEN,False
9535,1516,2330,2024-09-23 15:40:11.000000,FIRE,21151.35,REJECTED,True
9536,3809,14,2025-02-20 08:31:43.000000,GLASS_DAMAGE,7314.3,REJECTED,False
9537,2774,3648,2025-03-19 20:49:24.000000,COLLISION,20188.03,IN_REVIEW,True
9538,4484,117,2024-07-25 17:33:18.000000,VANDALISM,11386.75,OPEN,False
9539,1705,4037,2025-01-20 06:06:39.000000,GLASS_DAMAGE,24660.71,OPEN,True
9540,1628,1869,2025-11-09 15:35:08.000000,THEFT,23261.48,IN_REVIEW,True
9541,542,353,2025-01-29 11:46:51.000000,VANDALISM,7612.95,CLOSED,False
9542,3736,646,2025-08-03 00:26:57.000000,THEFT,21355.64,APPROVED,True
9543,462,296,2026-02-13 22:22:19.000000,FIRE,669.71,OPEN,False
9544,2782,410,2024-09-15 03:41:15.000000,GLASS_DAMAGE,6288.49,APPROVED,False
9545,474,2533,2025-07-01 23:58:17.000000,THEFT,21377.07,REJECTED,True
9546,4749,318,2025-04-25 03:17:40.000000,COLLISION,15135.33,IN_REVIEW,False
9547,804,65,2026-03-24 00:27:37.000000,GLASS_DAMAGE,20012.21,APPROVED,True
9548,4200,701,2025-04-25 18:18:21.000000,VANDALISM,10180.77,REJECTED,False
9549,4591,949,2025-12-27 00:47:06.000000,VANDALISM,8450.3,APPROVED,False
9550,4085,3331,2026-03-14 03:27:50.000000,FLOOD,3622.23,CLOSED,False
9551,863,827,2025-02-02 20:49:47.000000,THEFT,11028.09,IN_REVIEW,False
9552,2833,2320,2025-01-10 13:18:53.000000,FLOOD,2120.31,CLOSED,False
9553,387,3606,2025-11-19 14:11:17.000000,GLASS_DAMAGE,17584.34,APPROVED,False
9554,4730,1930,2025-10-01 06:51:50.000000,THEFT,3189.19,IN_REVIEW,False
9555,4126,1673,2025-08-24 23:01:26.000000,GLASS_DAMAGE,17007.35,CLOSED,False
9556,3065,1959,2026-02-13 08:21:13.000000,FIRE,3100.15,OPEN,False
9557,636,2467,2024-07-16 19:36:23.000000,COLLISION,17153.07,OPEN,False
9558,1270,3404,2024-12-29 09:27:21.000000,THEFT,2359.02,REJECTED,False
9559,1538,2765,2025-01-22 00:34:07.000000,GLASS_DAMAGE,1626.59,APPROVED,False
9560,2480,2202,2025-10-31 22:50:40.000000,GLASS_DAMAGE,24121.93,CLOSED,True
9561,668,3304,2025-05-10 20:02:43.000000,GLASS_DAMAGE,14843.3,REJECTED,False
9562,3062,3953,2026-02-12 22:23:35.000000,GLASS_DAMAGE,15750.89,CLOSED,False
9563,3104,3327,2024-12-20 14:20:33.000000,GLASS_DAMAGE,24589.32,IN_REVIEW,True
9564,799,1665,2026-01-14 01:45:54.000000,FLOOD,23037.75,APPROVED,True
9565,2424,3533,2025-09-30 06:53:44.000000,THEFT,4215.13,APPROVED,False
9566,3326,3376,2024-10-06 07:54:36.000000,VANDALISM,17865.28,OPEN,False
9567,3528,3687,2025-11-10 01:28:10.000000,COLLISION,433.37,IN_REVIEW,False
9568,2805,4066,2025-08-24 03:53:36.000000,THEFT,221.48,CLOSED,False
9569,1313,768,2025-12-12 15:18:14.000000,VANDALISM,17132.85,CLOSED,False
9570,289,3042,2026-03-31 06:03:19.000000,GLASS_DAMAGE,17303.25,REJECTED,False
9571,1334,3991,2025-09-05 02:39:42.000000,COLLISION,9632.13,CLOSED,False
9572,2923,3023,2026-05-11 11:22:11.000000,FIRE,23192.11,IN_REVIEW,True
9573,2659,3681,2026-04-13 12:01:26.000000,COLLISION,1007.57,REJECTED,False
9574,1178,3263,2024-05-17 06:32:08.000000,FLOOD,17325.78,OPEN,False
9575,3208,711,2025-08-27 18:36:01.000000,FLOOD,9757.04,REJECTED,False
9576,2808,1719,2026-05-08 22:30:35.000000,FLOOD,4291.75,APPROVED,False
9577,1642,3923,2025-12-23 17:27:39.000000,VANDALISM,8005.85,APPROVED,False
9578,3636,2854,2025-01-01 12:07:51.000000,FLOOD,8044.62,OPEN,False
9579,1134,2764,2026-01-27 15:28:15.000000,FIRE,8374.1,APPROVED,False
9580,3370,2965,2025-11-25 17:49:15.000000,THEFT,4697.53,APPROVED,False
9581,4369,2350,2024-12-09 15:55:30.000000,COLLISION,439.51,APPROVED,False
9582,4155,508,2025-04-23 13:38:32.000000,FLOOD,7433.37,OPEN,False
9583,3870,1383,2024-09-19 11:17:37.000000,FLOOD,15436.56,REJECTED,False
9584,33,1546,2025-11-24 01:34:28.000000,VANDALISM,495.91,REJECTED,False
9585,3734,2419,2025-07-02 07:27:25.000000,GLASS_DAMAGE,563.54,CLOSED,False
9586,424,2773,2024-05-13 21:47:16.000000,VANDALISM,6904.15,IN_REVIEW,False
9587,2855,1196,2025-08-16 04:34:59.000000,FIRE,17027.39,CLOSED,False
9588,630,139,2026-04-13 22:34:58.000000,COLLISION,17607.71,APPROVED,False
9589,458,66,2024-08-06 15:24:38.000000,COLLISION,20728.67,REJECTED,True
9590,4677,338,2024-10-15 02:34:20.000000,GLASS_DAMAGE,7196.67,REJECTED,False
9591,807,3276,2025-02-01 08:01:14.000000,COLLISION,8887.16,IN_REVIEW,False
9592,617,2747,2025-01-18 00:13:24.000000,GLASS_DAMAGE,13677.7,APPROVED,False
9593,1430,1163,2024-10-19 23:10:52.000000,GLASS_DAMAGE,21635.4,IN_REVIEW,True
9594,3220,2810,2025-02-21 19:32:41.000000,VANDALISM,23632.1,IN_REVIEW,True
9595,1403,3536,2026-02-11 16:27:18.000000,VANDALISM,20339.83,IN_REVIEW,True
9596,1859,3735,2025-10-10 20:49:17.000000,FIRE,20352.31,OPEN,True
9597,59,1052,2025-12-11 13:06:39.000000,GLASS_DAMAGE,15296.28,REJECTED,False
9598,2089,1741,2026-02-19 03:34:34.000000,THEFT,2348.63,REJECTED,False
9599,457,3228,2025-01-21 11:04:37.000000,FLOOD,6688.38,REJECTED,False
9600,1934,406,2024-11-21 06:41:33.000000,THEFT,5407.45,CLOSED,False
9601,2553,3377,2025-11-22 16:30:51.000000,GLASS_DAMAGE,18211.85,APPROVED,True
9602,107,1263,2025-08-11 21:05:48.000000,COLLISION,10549.03,APPROVED,False
9603,3819,2699,2025-04-17 05:36:28.000000,GLASS_DAMAGE,13602.65,OPEN,False
9604,2600,259,2024-06-02 11:35:32.000000,THEFT,24918.66,REJECTED,True
9605,2562,78,2024-10-15 17:38:35.000000,FIRE,4118.09,REJECTED,False
9606,3211,1002,2025-10-19 18:11:06.000000,GLASS_DAMAGE,2066.89,OPEN,False
9607,1069,3467,2025-12-07 03:59:57.000000,GLASS_DAMAGE,3855.92,REJECTED,False
9608,4481,3979,2026-02-28 21:38:03.000000,FIRE,20739.24,REJECTED,True
9609,3957,1395,2025-08-02 19:18:26.000000,VANDALISM,5438.26,APPROVED,False
9610,3015,352,2025-06-29 22:53:07.000000,FLOOD,7109.31,APPROVED,False
9611,670,1982,2024-09-01 04:57:31.000000,FLOOD,9624.2,REJECTED,False
9612,267,3277,2024-07-14 23:12:09.000000,FIRE,21520.25,CLOSED,True
9613,2453,1445,2024-08-23 19:20:04.000000,VANDALISM,6743.55,IN_REVIEW,False
9614,1304,1881,2026-05-08 00:13:20.000000,COLLISION,18403.57,CLOSED,True
9615,3043,1260,2026-04-14 05:11:05.000000,GLASS_DAMAGE,24892.09,APPROVED,True
9616,266,2950,2026-03-05 08:16:21.000000,COLLISION,14826.9,IN_REVIEW,False
9617,4798,3689,2024-06-11 15:14:08.000000,GLASS_DAMAGE,21188.22,APPROVED,True
9618,983,2586,2025-06-27 15:34:44.000000,FLOOD,4802.66,APPROVED,False
9619,3049,1132,2026-05-04 22:00:02.000000,COLLISION,21063.37,OPEN,True
9620,1495,1894,2025-09-06 02:03:31.000000,THEFT,24334.02,OPEN,True
9621,2828,3386,2026-05-10 04:08:29.000000,VANDALISM,2068.54,OPEN,False
9622,3861,3167,2026-03-31 15:48:57.000000,FLOOD,10177.6,REJECTED,False
9623,3873,3266,2026-01-28 20:28:19.000000,THEFT,6968.08,APPROVED,False
9624,2877,1125,2025-05-07 03:44:49.000000,FLOOD,10786.62,REJECTED,False
9625,1591,3296,2024-06-14 21:43:23.000000,GLASS_DAMAGE,24268.9,CLOSED,True
9626,1812,1871,2024-11-17 15:29:42.000000,GLASS_DAMAGE,16003.78,APPROVED,False
9627,2896,117,2026-04-23 04:26:23.000000,THEFT,24839.12,APPROVED,True
9628,205,3002,2024-12-14 12:07:45.000000,VANDALISM,19515.83,IN_REVIEW,True
9629,3671,1837,2025-04-22 15:54:20.000000,COLLISION,7111.43,APPROVED,False
9630,4281,43,2025-01-02 05:24:40.000000,THEFT,10759.6,OPEN,False
9631,2588,3227,2025-02-20 13:54:34.000000,THEFT,22271.49,IN_REVIEW,True
9632,332,2961,2024-06-06 10:44:56.000000,VANDALISM,8032.18,REJECTED,False
9633,623,1605,2025-05-02 17:55:05.000000,THEFT,11681.06,OPEN,False
9634,3213,1677,2025-09-15 21:18:26.000000,FIRE,16581.99,APPROVED,False
9635,2057,2598,2024-07-03 05:23:37.000000,GLASS_DAMAGE,6257.72,OPEN,False
9636,1448,2555,2024-06-05 11:46:21.000000,FIRE,5114.79,REJECTED,False
9637,2602,110,2024-08-11 18:52:22.000000,GLASS_DAMAGE,4596.16,APPROVED,False
9638,3520,1606,2024-10-02 09:09:34.000000,VANDALISM,1931.01,REJECTED,False
9639,2237,1763,2024-08-29 20:21:29.000000,VANDALISM,14477.83,IN_REVIEW,False
9640,3442,2526,2026-03-04 16:48:03.000000,FLOOD,20991.68,OPEN,True
9641,2890,2953,2024-08-04 20:36:14.000000,FLOOD,8122.55,REJECTED,False
9642,3627,3860,2025-12-07 19:30:31.000000,GLASS_DAMAGE,17796.53,CLOSED,False
9643,1059,1301,2024-10-26 15:40:52.000000,THEFT,13093.52,IN_REVIEW,False
9644,3722,1288,2024-10-13 23:43:35.000000,VANDALISM,12387.44,APPROVED,False
9645,556,1195,2025-06-15 17:10:08.000000,FLOOD,6960.99,REJECTED,False
9646,807,1441,2025-08-01 20:08:05.000000,VANDALISM,10325.57,CLOSED,False
9647,4420,964,2025-10-21 11:51:14.000000,THEFT,4978.62,APPROVED,False
9648,2613,1019,2025-08-08 13:03:08.000000,FIRE,2618.9,OPEN,False
9649,4338,2914,2024-11-03 19:09:57.000000,VANDALISM,20356.4,CLOSED,True
9650,1454,487,2025-10-04 16:28:35.000000,THEFT,4063.85,APPROVED,False
9651,2164,2126,2024-11-21 16:07:19.000000,FIRE,17599.81,CLOSED,False
9652,2183,431,2025-04-15 14:23:29.000000,FLOOD,15578.24,APPROVED,False
9653,4617,616,2024-11-21 12:41:45.000000,GLASS_DAMAGE,14662.2,IN_REVIEW,False
9654,3808,4053,2025-04-03 09:44:46.000000,GLASS_DAMAGE,24502.35,CLOSED,True
9655,834,1239,2024-08-09 07:20:28.000000,THEFT,6750.92,REJECTED,False
9656,313,2354,2024-07-23 01:49:13.000000,GLASS_DAMAGE,15227.66,CLOSED,False
9657,2476,2133,2024-10-08 18:22:13.000000,GLASS_DAMAGE,15186.67,CLOSED,False
9658,436,1346,2025-10-19 03:20:06.000000,VANDALISM,12636.02,OPEN,False
9659,4263,1251,2024-08-12 12:49:57.000000,VANDALISM,13428.43,OPEN,False
9660,1609,1287,2024-10-02 12:45:30.000000,FIRE,24592.86,CLOSED,True
9661,1115,3354,2025-12-23 19:34:09.000000,GLASS_DAMAGE,12371.75,IN_REVIEW,False
9662,2502,1160,2025-01-02 00:53:35.000000,COLLISION,12669.2,REJECTED,False
9663,2805,2709,2024-11-25 01:05:32.000000,COLLISION,23883.59,APPROVED,True
9664,2402,2791,2024-12-13 16:15:49.000000,FLOOD,8064.71,APPROVED,False
9665,2252,1923,2024-05-22 10:03:53.000000,VANDALISM,6509.6,OPEN,False
9666,686,576,2026-04-20 12:15:00.000000,GLASS_DAMAGE,14848.24,OPEN,False
9667,19,3476,2026-02-07 22:21:44.000000,COLLISION,16010.11,REJECTED,False
9668,1804,3787,2025-03-21 22:58:03.000000,VANDALISM,9610.12,OPEN,False
9669,328,1887,2025-09-16 22:00:14.000000,FIRE,10725.28,REJECTED,False
9670,1361,3390,2024-10-26 18:48:37.000000,FIRE,11695.4,CLOSED,False
9671,3100,2701,2025-05-20 20:50:55.000000,VANDALISM,12697.77,REJECTED,False
9672,791,1552,2026-04-21 21:49:31.000000,FIRE,23271.65,REJECTED,True
9673,2097,3316,2024-11-25 05:02:19.000000,GLASS_DAMAGE,20993.08,CLOSED,True
9674,202,2258,2024-12-23 04:37:12.000000,FLOOD,647.09,CLOSED,False
9675,2583,681,2025-08-09 05:22:36.000000,GLASS_DAMAGE,4847.97,OPEN,False
9676,2633,2277,2025-11-04 01:59:01.000000,FIRE,8209.48,OPEN,False
9677,4316,3601,2026-03-04 01:42:25.000000,FLOOD,11968.45,APPROVED,False
9678,1182,2298,2024-06-17 04:46:24.000000,VANDALISM,18634.17,REJECTED,True
9679,4789,2407,2024-12-13 17:32:47.000000,COLLISION,17993.24,REJECTED,False
9680,1991,3103,2026-03-12 06:09:04.000000,GLASS_DAMAGE,22547.07,OPEN,True
9681,992,78,2026-05-06 09:17:11.000000,GLASS_DAMAGE,23150.09,APPROVED,True
9682,4279,89,2025-04-17 10:18:58.000000,THEFT,19558.36,OPEN,True
9683,107,789,2025-02-19 14:33:31.000000,FLOOD,22520.54,IN_REVIEW,True
9684,3842,734,2025-04-23 20:15:59.000000,COLLISION,2794.39,IN_REVIEW,False
9685,901,2502,2026-01-24 09:04:12.000000,FLOOD,15708.87,REJECTED,False
9686,1569,2877,2026-02-03 22:00:00.000000,THEFT,1995.53,CLOSED,False
9687,3551,2160,2026-03-15 11:57:28.000000,GLASS_DAMAGE,21555.11,IN_REVIEW,True
9688,4504,1824,2026-03-21 15:46:15.000000,GLASS_DAMAGE,10520.57,OPEN,False
9689,2509,512,2025-05-28 11:06:47.000000,GLASS_DAMAGE,4553.37,APPROVED,False
9690,3017,3020,2025-11-12 18:48:56.000000,COLLISION,23119.39,CLOSED,True
9691,4012,1015,2025-03-01 23:34:53.000000,COLLISION,11433.74,CLOSED,False
9692,2900,2653,2025-12-10 02:53:35.000000,VANDALISM,2753.09,APPROVED,False
9693,4435,4128,2024-09-14 08:07:20.000000,THEFT,19970.58,APPROVED,True
9694,1723,309,2024-11-30 03:13:38.000000,FIRE,1147.0,CLOSED,False
9695,3905,386,2025-11-08 21:24:46.000000,THEFT,814.21,REJECTED,False
9696,4712,1032,2025-09-10 06:39:04.000000,FIRE,1804.38,REJECTED,False
9697,819,1098,2025-02-07 04:03:12.000000,COLLISION,16136.27,APPROVED,False
9698,246,881,2025-07-16 02:02:24.000000,VANDALISM,13105.66,REJECTED,False
9699,1462,4017,2025-05-17 06:48:52.000000,FLOOD,18233.17,IN_REVIEW,True
9700,3611,966,2025-05-26 10:27:11.000000,GLASS_DAMAGE,10774.13,APPROVED,False
9701,2348,2698,2025-12-06 21:32:37.000000,FLOOD,2139.63,OPEN,False
9702,3598,3767,2025-01-20 10:27:17.000000,COLLISION,2160.0,OPEN,False
9703,2217,2091,2024-07-17 08:36:59.000000,COLLISION,11188.73,OPEN,False
9704,3985,4191,2026-04-15 06:55:20.000000,FIRE,14707.15,CLOSED,False
9705,770,2481,2025-10-15 18:19:28.000000,VANDALISM,16837.66,APPROVED,False
9706,3004,2706,2025-06-18 16:54:49.000000,FLOOD,23937.31,REJECTED,True
9707,1407,1532,2025-12-08 15:25:12.000000,THEFT,16637.14,REJECTED,False
9708,830,2131,2024-09-26 10:01:35.000000,COLLISION,15176.82,CLOSED,False
9709,4614,1234,2025-07-24 14:32:59.000000,FLOOD,19611.38,APPROVED,True
9710,1388,933,2024-08-21 22:28:22.000000,GLASS_DAMAGE,17529.93,APPROVED,False
9711,3720,1478,2025-03-04 11:37:05.000000,FLOOD,7398.73,CLOSED,False
9712,2000,1232,2024-10-03 06:20:19.000000,COLLISION,18652.77,APPROVED,True
9713,4790,404,2024-09-09 09:56:29.000000,FLOOD,5736.7,OPEN,False
9714,2393,3423,2026-04-13 23:50:10.000000,GLASS_DAMAGE,19711.6,APPROVED,True
9715,1464,1506,2024-06-02 07:37:26.000000,THEFT,19570.92,OPEN,True
9716,470,3473,2025-07-18 01:51:34.000000,THEFT,7468.42,REJECTED,False
9717,513,4074,2026-01-29 23:52:57.000000,THEFT,21120.87,APPROVED,True
9718,248,1943,2025-02-19 08:21:29.000000,FIRE,10432.76,APPROVED,False
9719,2128,2560,2025-01-07 12:18:12.000000,FLOOD,13123.88,APPROVED,False
9720,2897,2496,2025-10-05 06:57:53.000000,COLLISION,15213.92,APPROVED,False
9721,3859,1467,2026-04-26 11:45:39.000000,THEFT,5106.95,APPROVED,False
9722,4121,1452,2026-03-19 01:54:10.000000,FLOOD,7157.05,REJECTED,False
9723,3447,1026,2025-01-23 00:44:28.000000,COLLISION,17140.19,APPROVED,False
9724,2873,2388,2025-07-18 17:22:11.000000,THEFT,19380.24,CLOSED,True
9725,3626,3411,2024-08-25 14:21:16.000000,VANDALISM,14016.93,CLOSED,False
9726,184,2980,2025-07-21 07:34:16.000000,GLASS_DAMAGE,19648.32,CLOSED,True
9727,4274,1691,2025-02-02 10:13:43.000000,FLOOD,2015.59,CLOSED,False
9728,3221,2578,2024-10-11 11:10:18.000000,VANDALISM,9364.56,IN_REVIEW,False
9729,448,1115,2026-05-11 04:55:05.000000,THEFT,16409.45,REJECTED,False
9730,1651,684,2025-01-18 08:05:46.000000,FLOOD,19476.52,CLOSED,True
9731,3823,3889,2025-06-18 18:24:18.000000,VANDALISM,9837.48,IN_REVIEW,False
9732,3333,3202,2025-02-08 19:39:15.000000,FLOOD,21863.27,APPROVED,True
9733,1892,3658,2024-12-19 06:42:01.000000,COLLISION,23947.48,REJECTED,True
9734,1112,654,2026-03-19 19:14:28.000000,FIRE,9457.11,APPROVED,False
9735,3999,1450,2026-03-17 13:49:14.000000,FIRE,20920.52,APPROVED,True
9736,2749,1525,2025-05-10 12:17:15.000000,FIRE,13471.19,OPEN,False
9737,3265,359,2025-11-26 16:41:56.000000,GLASS_DAMAGE,13769.85,CLOSED,False
9738,2843,3713,2025-02-26 01:10:48.000000,COLLISION,8345.09,OPEN,False
9739,1797,1535,2026-03-19 07:11:13.000000,FLOOD,245.23,IN_REVIEW,False
9740,3219,2291,2025-05-02 20:31:29.000000,COLLISION,12835.6,IN_REVIEW,False
9741,2182,1515,2025-04-13 22:07:42.000000,GLASS_DAMAGE,4127.68,REJECTED,False
9742,4686,1856,2025-04-08 13:58:20.000000,THEFT,6658.53,CLOSED,False
9743,2602,2102,2025-10-16 00:32:36.000000,THEFT,22102.07,IN_REVIEW,True
9744,354,660,2025-04-04 05:02:56.000000,THEFT,6032.96,IN_REVIEW,False
9745,630,3447,2024-08-02 03:45:07.000000,VANDALISM,16574.2,REJECTED,False
9746,1022,926,2024-12-05 05:26:56.000000,GLASS_DAMAGE,14357.27,IN_REVIEW,False
9747,1438,3091,2025-09-25 12:24:32.000000,VANDALISM,23612.11,APPROVED,True
9748,3900,3177,2025-03-02 22:18:48.000000,THEFT,6577.56,REJECTED,False
9749,2988,2247,2024-08-02 10:52:19.000000,FIRE,4940.09,REJECTED,False
9750,549,1324,2025-11-24 01:01:24.000000,FLOOD,14832.23,CLOSED,False
9751,1737,3540,2025-05-31 01:06:23.000000,GLASS_DAMAGE,9067.37,OPEN,False
9752,955,4044,2025-12-10 19:21:49.000000,FIRE,21083.64,CLOSED,True
9753,370,1292,2026-04-01 03:32:38.000000,COLLISION,8866.08,REJECTED,False
9754,1621,697,2024-06-20 20:53:26.000000,VANDALISM,23061.08,CLOSED,True
9755,1717,1472,2024-05-28 06:20:48.000000,THEFT,2636.48,IN_REVIEW,False
9756,383,2668,2025-06-22 08:02:48.000000,FLOOD,9995.24,REJECTED,False
9757,3995,3197,2025-07-11 20:52:48.000000,FIRE,20880.79,IN_REVIEW,True
9758,1120,1258,2024-07-26 01:04:19.000000,GLASS_DAMAGE,15698.26,CLOSED,False
9759,2385,2728,2025-08-18 23:10:24.000000,FLOOD,13825.13,CLOSED,False
9760,3365,3748,2025-07-20 04:50:45.000000,THEFT,438.89,APPROVED,False
9761,1025,1793,2024-06-08 07:49:42.000000,THEFT,3144.85,REJECTED,False
9762,464,4031,2026-02-15 11:34:25.000000,VANDALISM,10547.05,REJECTED,False
9763,1254,1851,2024-12-06 21:44:43.000000,GLASS_DAMAGE,3547.82,OPEN,False
9764,3048,69,2026-04-01 04:33:23.000000,FIRE,15410.75,IN_REVIEW,False
9765,3625,1513,2025-02-24 02:15:39.000000,VANDALISM,11221.35,OPEN,False
9766,3357,3347,2025-12-17 19:28:24.000000,GLASS_DAMAGE,1421.93,REJECTED,False
9767,4661,1391,2025-08-20 04:37:15.000000,THEFT,14087.95,IN_REVIEW,False
9768,4507,1832,2025-11-28 20:53:02.000000,FLOOD,8543.79,APPROVED,False
9769,838,3308,2026-05-08 13:49:59.000000,COLLISION,16715.47,CLOSED,False
9770,1742,3415,2024-06-11 13:44:24.000000,GLASS_DAMAGE,13805.74,IN_REVIEW,False
9771,2136,3542,2024-12-27 03:08:08.000000,FLOOD,3873.14,REJECTED,False
9772,2862,247,2024-08-28 14:02:02.000000,VANDALISM,4730.49,OPEN,False
9773,3856,2902,2025-03-12 23:06:55.000000,FLOOD,23514.32,APPROVED,True
9774,3556,455,2024-09-09 09:51:22.000000,FLOOD,23348.45,OPEN,True
9775,840,1143,2025-04-27 05:35:58.000000,FIRE,7609.72,OPEN,False
9776,3781,2545,2024-12-27 22:55:59.000000,FLOOD,21587.4,IN_REVIEW,True
9777,1413,1418,2025-09-21 08:37:07.000000,FIRE,13416.26,REJECTED,False
9778,2341,3562,2026-01-08 01:32:01.000000,GLASS_DAMAGE,17061.79,APPROVED,False
9779,4427,2873,2024-08-26 07:48:35.000000,COLLISION,2160.24,REJECTED,False
9780,1236,3088,2026-05-08 15:59:25.000000,FLOOD,14923.19,APPROVED,False
9781,2734,1479,2024-07-13 05:53:24.000000,GLASS_DAMAGE,20379.31,REJECTED,True
9782,1982,2706,2025-07-27 03:45:53.000000,FIRE,21677.27,REJECTED,True
9783,2795,1965,2026-01-05 04:08:29.000000,VANDALISM,3866.82,REJECTED,False
9784,3947,2751,2025-07-01 22:53:43.000000,GLASS_DAMAGE,17682.84,CLOSED,False
9785,3605,790,2024-09-27 03:05:22.000000,COLLISION,8682.84,APPROVED,False
9786,2206,414,2025-11-16 18:43:11.000000,COLLISION,1246.93,REJECTED,False
9787,3875,1296,2025-03-22 15:14:51.000000,THEFT,24928.49,REJECTED,True
9788,3978,993,2026-02-17 08:57:29.000000,FLOOD,3207.33,REJECTED,False
9789,685,3106,2025-02-17 13:17:07.000000,FLOOD,3424.02,OPEN,False
9790,4335,3812,2024-05-25 02:25:46.000000,GLASS_DAMAGE,11030.39,CLOSED,False
9791,1723,3441,2025-10-18 10:01:59.000000,THEFT,11126.85,APPROVED,False
9792,2917,1030,2026-01-20 15:08:50.000000,GLASS_DAMAGE,8841.31,OPEN,False
9793,2029,3210,2024-10-30 08:55:57.000000,VANDALISM,21441.11,APPROVED,True
9794,4396,3493,2025-12-12 08:50:20.000000,VANDALISM,4288.46,OPEN,False
9795,3345,3976,2024-10-29 01:42:48.000000,VANDALISM,2401.29,IN_REVIEW,False
9796,192,337,2025-01-11 08:49:04.000000,THEFT,17847.81,APPROVED,False
9797,1394,266,2025-07-12 19:10:43.000000,VANDALISM,15191.91,APPROVED,False
9798,3765,2357,2026-02-19 03:53:41.000000,GLASS_DAMAGE,2087.4,REJECTED,False
9799,3964,2176,2025-04-03 20:12:28.000000,FLOOD,22218.4,IN_REVIEW,True
9800,466,1673,2024-11-02 09:55:36.000000,FIRE,3016.1,OPEN,False
9801,1698,2621,2025-08-12 06:28:01.000000,COLLISION,8226.84,APPROVED,False
9802,2715,1369,2026-02-06 15:07:28.000000,VANDALISM,10041.93,REJECTED,False
9803,2045,484,2025-11-15 03:44:52.000000,FLOOD,14356.38,OPEN,False
9804,4797,943,2025-07-03 10:29:02.000000,VANDALISM,393.41,IN_REVIEW,False
9805,3055,2004,2025-12-30 22:55:15.000000,GLASS_DAMAGE,2282.56,OPEN,False
9806,2246,1291,2025-06-10 18:43:16.000000,VANDALISM,13455.59,CLOSED,False
9807,719,2358,2025-03-23 02:29:05.000000,THEFT,21014.26,CLOSED,True
9808,3543,3306,2025-11-26 14:15:36.000000,THEFT,11235.2,IN_REVIEW,False
9809,607,768,2025-07-26 12:39:02.000000,FIRE,4188.43,OPEN,False
9810,1237,1827,2025-05-13 04:27:11.000000,COLLISION,6577.85,OPEN,False
9811,4176,3710,2025-06-11 07:00:27.000000,COLLISION,1351.02,APPROVED,False
9812,2462,2157,2026-02-22 19:50:54.000000,GLASS_DAMAGE,16236.79,REJECTED,False
9813,1809,377,2025-12-15 08:22:52.000000,FLOOD,3110.0,IN_REVIEW,False
9814,336,4192,2025-09-15 22:05:28.000000,GLASS_DAMAGE,14990.08,REJECTED,False
9815,1557,300,2025-03-11 14:53:29.000000,FLOOD,21612.4,APPROVED,True
9816,3699,2121,2024-11-06 11:02:42.000000,VANDALISM,18960.56,CLOSED,True
9817,1817,851,2025-07-29 07:16:13.000000,GLASS_DAMAGE,15113.17,OPEN,False
9818,1673,3448,2025-05-13 04:08:35.000000,FLOOD,11040.19,CLOSED,False
9819,4502,410,2025-08-03 01:32:30.000000,VANDALISM,4216.53,OPEN,False
9820,4637,2735,2024-08-03 22:37:25.000000,GLASS_DAMAGE,1518.37,APPROVED,False
9821,3164,73,2026-03-26 08:02:06.000000,COLLISION,2576.87,CLOSED,False
9822,3843,2829,2025-06-14 09:50:53.000000,COLLISION,14221.25,IN_REVIEW,False
9823,2354,2381,2025-07-15 03:35:09.000000,GLASS_DAMAGE,14826.57,CLOSED,False
9824,4642,3258,2024-11-03 16:06:57.000000,FLOOD,17644.89,OPEN,False
9825,2926,352,2025-01-12 20:51:38.000000,FIRE,8696.48,CLOSED,False
9826,4558,2889,2026-03-06 08:46:34.000000,FLOOD,23883.43,CLOSED,True
9827,3345,3512,2025-05-23 00:58:50.000000,THEFT,13507.17,IN_REVIEW,False
9828,4642,3764,2025-03-23 02:37:47.000000,FLOOD,1628.23,CLOSED,False
9829,640,227,2026-01-23 22:13:52.000000,GLASS_DAMAGE,17229.61,REJECTED,False
9830,722,2129,2025-03-15 11:56:57.000000,FLOOD,3355.31,CLOSED,False
9831,3603,2113,2025-04-17 07:24:27.000000,COLLISION,23059.89,APPROVED,True
9832,408,1018,2024-08-30 12:38:52.000000,GLASS_DAMAGE,13200.01,APPROVED,False
9833,4624,845,2025-03-05 23:25:09.000000,COLLISION,6999.2,OPEN,False
9834,699,745,2024-10-11 12:21:32.000000,THEFT,5367.91,IN_REVIEW,False
9835,4263,602,2025-03-21 06:28:51.000000,VANDALISM,6777.62,REJECTED,False
9836,810,3221,2024-09-08 18:24:26.000000,FIRE,11859.72,OPEN,False
9837,615,1509,2025-10-08 11:04:11.000000,GLASS_DAMAGE,10717.31,OPEN,False
9838,1896,2958,2024-09-07 13:06:42.000000,COLLISION,16689.87,IN_REVIEW,False
9839,347,3100,2024-09-02 23:37:39.000000,FIRE,16116.13,IN_REVIEW,False
9840,3568,381,2025-09-01 21:10:42.000000,FIRE,18993.45,OPEN,True
9841,3646,3080,2026-03-12 22:15:47.000000,GLASS_DAMAGE,8861.9,REJECTED,False
9842,535,615,2024-06-10 18:39:25.000000,VANDALISM,11484.26,CLOSED,False
9843,1670,2703,2025-10-22 01:34:30.000000,GLASS_DAMAGE,18939.2,APPROVED,True
9844,1292,3220,2026-04-13 09:29:22.000000,COLLISION,15233.14,OPEN,False
9845,2760,2034,2025-07-30 11:51:35.000000,FIRE,5479.18,IN_REVIEW,False
9846,2821,3583,2025-02-21 00:20:57.000000,VANDALISM,18222.94,OPEN,True
9847,1584,932,2026-01-09 22:39:05.000000,FLOOD,9852.11,APPROVED,False
9848,3872,2646,2024-08-11 12:29:13.000000,VANDALISM,12535.77,CLOSED,False
9849,1170,2840,2025-12-29 15:12:06.000000,GLASS_DAMAGE,7726.09,IN_REVIEW,False
9850,405,3282,2025-10-22 20:50:56.000000,FLOOD,19910.87,OPEN,True
9851,2127,1950,2026-04-06 13:02:22.000000,COLLISION,11644.07,APPROVED,False
9852,4271,4076,2024-12-25 11:58:40.000000,FIRE,24648.77,REJECTED,True
9853,4135,778,2026-01-08 04:11:45.000000,FLOOD,23789.22,OPEN,True
9854,1413,2768,2025-05-13 11:15:07.000000,GLASS_DAMAGE,6877.01,CLOSED,False
9855,2638,1794,2026-04-24 10:41:59.000000,FLOOD,6672.06,IN_REVIEW,False
9856,2909,1122,2026-03-10 15:45:40.000000,FLOOD,7437.43,REJECTED,False
9857,4636,2926,2025-02-16 21:03:15.000000,GLASS_DAMAGE,3424.81,APPROVED,False
9858,4091,1610,2024-11-25 20:27:06.000000,VANDALISM,3222.24,CLOSED,False
9859,750,3455,2024-12-19 14:52:09.000000,COLLISION,10213.39,CLOSED,False
9860,1885,3315,2024-05-23 16:18:23.000000,FLOOD,17473.08,IN_REVIEW,False
9861,3515,2196,2025-04-06 12:14:09.000000,THEFT,8172.41,OPEN,False
9862,1707,151,2026-02-15 07:16:52.000000,GLASS_DAMAGE,18466.6,APPROVED,True
9863,4155,1061,2025-06-23 21:51:38.000000,GLASS_DAMAGE,428.6,OPEN,False
9864,4186,297,2024-09-14 15:09:32.000000,GLASS_DAMAGE,14601.58,CLOSED,False
9865,2177,4116,2025-09-16 08:39:07.000000,FLOOD,14410.22,CLOSED,False
9866,179,4078,2024-12-16 01:39:37.000000,FIRE,21123.94,IN_REVIEW,True
9867,4620,1137,2025-02-19 01:07:24.000000,FIRE,17208.44,CLOSED,False
9868,4066,627,2026-02-10 20:12:29.000000,FLOOD,15664.21,REJECTED,False
9869,1661,2463,2025-09-02 01:07:39.000000,COLLISION,21241.78,CLOSED,True
9870,925,1235,2026-04-16 21:46:16.000000,FIRE,24490.15,REJECTED,True
9871,4626,2599,2025-01-27 23:36:09.000000,THEFT,16483.08,REJECTED,False
9872,1770,3660,2025-10-28 05:56:43.000000,THEFT,8895.18,CLOSED,False
9873,4462,1964,2025-06-29 21:08:30.000000,FLOOD,8200.27,APPROVED,False
9874,2699,3134,2026-01-01 13:00:09.000000,THEFT,13910.34,OPEN,False
9875,4018,3620,2025-05-02 16:54:44.000000,COLLISION,11111.89,REJECTED,False
9876,103,3068,2024-12-06 15:17:23.000000,FIRE,3240.13,CLOSED,False
9877,1753,3460,2025-05-17 03:23:20.000000,FLOOD,21061.59,APPROVED,True
9878,844,4011,2024-12-06 09:09:58.000000,VANDALISM,21822.53,CLOSED,True
9879,1370,665,2024-07-04 05:45:21.000000,FIRE,438.48,OPEN,False
9880,3403,1298,2024-08-23 23:40:19.000000,VANDALISM,12386.64,CLOSED,False
9881,1490,2268,2024-08-05 21:36:53.000000,GLASS_DAMAGE,17263.5,OPEN,False
9882,2425,3338,2025-10-04 05:16:23.000000,FLOOD,10391.16,CLOSED,False
9883,2775,2190,2024-05-12 22:19:42.000000,FLOOD,19216.76,CLOSED,True
9884,120,3569,2025-05-10 14:49:00.000000,FLOOD,4583.75,OPEN,False
9885,2710,141,2025-10-17 05:06:13.000000,COLLISION,15841.48,CLOSED,False
9886,4757,62,2025-07-05 06:55:49.000000,COLLISION,2447.6,APPROVED,False
9887,4652,1719,2024-05-28 07:02:22.000000,COLLISION,20327.39,REJECTED,True
9888,527,3245,2025-07-25 05:30:09.000000,VANDALISM,6895.58,OPEN,False
9889,4635,1227,2025-06-18 11:19:39.000000,GLASS_DAMAGE,6483.09,IN_REVIEW,False
9890,3938,3324,2024-09-26 21:06:14.000000,GLASS_DAMAGE,21926.62,APPROVED,True
9891,1558,440,2024-06-24 06:34:32.000000,FIRE,12142.46,OPEN,False
9892,2772,2048,2025-03-20 12:19:22.000000,THEFT,9544.44,OPEN,False
9893,319,3072,2025-12-06 19:33:05.000000,COLLISION,22646.66,REJECTED,True
9894,4607,2167,2025-08-29 18:27:04.000000,FLOOD,1065.96,CLOSED,False
9895,4126,1767,2025-09-29 05:11:32.000000,VANDALISM,12505.83,IN_REVIEW,False
9896,1865,2532,2025-01-13 11:02:15.000000,COLLISION,5214.28,IN_REVIEW,False
9897,4476,4019,2025-03-01 09:15:38.000000,FIRE,22998.7,APPROVED,True
9898,4214,3065,2025-05-24 20:41:34.000000,COLLISION,23733.78,IN_REVIEW,True
9899,2698,505,2026-02-14 15:58:32.000000,GLASS_DAMAGE,16807.99,CLOSED,False
9900,3075,2586,2025-12-21 08:14:08.000000,THEFT,604.75,APPROVED,False
9901,2900,2969,2026-02-25 15:12:28.000000,FLOOD,9057.02,APPROVED,False
9902,1465,1763,2026-03-23 01:57:33.000000,COLLISION,16303.33,CLOSED,False
9903,1914,2072,2025-02-15 04:38:03.000000,FIRE,20957.98,APPROVED,True
9904,643,3799,2024-09-27 14:44:12.000000,COLLISION,7158.1,IN_REVIEW,False
9905,632,2458,2025-09-23 12:30:14.000000,THEFT,14484.82,REJECTED,False
9906,3119,1024,2025-03-09 18:12:20.000000,VANDALISM,11767.67,CLOSED,False
9907,1195,3548,2025-06-12 21:18:32.000000,FIRE,13564.54,CLOSED,False
9908,2318,188,2025-12-09 13:34:12.000000,FLOOD,23353.04,IN_REVIEW,True
9909,2535,2142,2024-11-25 04:34:39.000000,FLOOD,7403.16,OPEN,False
9910,1275,4092,2024-07-31 09:23:49.000000,VANDALISM,5035.33,APPROVED,False
9911,1085,1032,2024-06-11 21:50:18.000000,GLASS_DAMAGE,3099.62,IN_REVIEW,False
9912,3592,4000,2026-03-16 02:08:05.000000,FIRE,3248.54,CLOSED,False
9913,3420,2352,2026-02-12 07:39:49.000000,GLASS_DAMAGE,19084.64,IN_REVIEW,True
9914,1770,708,2025-08-28 12:17:43.000000,VANDALISM,12104.31,IN_REVIEW,False
9915,457,346,2025-02-10 23:36:42.000000,GLASS_DAMAGE,11605.52,IN_REVIEW,False
9916,3934,740,2026-04-25 20:04:33.000000,GLASS_DAMAGE,10646.77,IN_REVIEW,False
9917,1643,3395,2024-10-08 19:32:59.000000,VANDALISM,20773.0,OPEN,True
9918,3589,2024,2024-12-22 22:18:43.000000,COLLISION,21739.01,REJECTED,True
9919,572,3476,2024-09-24 07:47:16.000000,FIRE,6829.6,IN_REVIEW,False
9920,1421,821,2024-12-27 01:41:34.000000,GLASS_DAMAGE,10340.49,APPROVED,False
9921,1006,1136,2025-08-03 04:41:01.000000,THEFT,19504.75,REJECTED,True
9922,235,2900,2024-08-01 09:49:17.000000,VANDALISM,8578.2,REJECTED,False
9923,1850,547,2025-06-07 19:46:37.000000,THEFT,8815.18,REJECTED,False
9924,1596,3959,2025-12-15 04:56:01.000000,GLASS_DAMAGE,15002.07,IN_REVIEW,False
9925,289,258,2025-05-31 07:26:31.000000,FLOOD,3005.56,APPROVED,False
9926,1332,1806,2024-08-18 20:09:57.000000,THEFT,18327.9,IN_REVIEW,True
9927,4483,842,2025-08-20 00:35:01.000000,COLLISION,22045.85,IN_REVIEW,True
9928,2483,3071,2025-07-08 11:29:22.000000,FIRE,13917.57,APPROVED,False
9929,4518,558,2026-05-07 10:37:12.000000,GLASS_DAMAGE,14327.67,OPEN,False
9930,2317,3943,2025-04-04 20:44:47.000000,THEFT,6399.08,CLOSED,False
9931,899,3398,2026-04-20 22:09:47.000000,FIRE,448.28,APPROVED,False
9932,4649,1244,2025-11-02 11:13:18.000000,GLASS_DAMAGE,24919.45,IN_REVIEW,True
9933,3637,1578,2024-10-06 10:56:35.000000,FIRE,3489.7,IN_REVIEW,False
9934,1937,1580,2024-11-22 02:17:30.000000,GLASS_DAMAGE,1260.47,REJECTED,False
9935,3201,457,2025-09-08 10:56:53.000000,FIRE,1771.18,REJECTED,False
9936,166,3438,2025-03-02 17:45:51.000000,FLOOD,8423.15,OPEN,False
9937,1561,582,2024-09-29 04:57:46.000000,THEFT,6730.09,REJECTED,False
9938,4703,3328,2024-11-29 12:46:18.000000,FIRE,6702.83,APPROVED,False
9939,1541,241,2024-10-31 00:11:02.000000,COLLISION,9913.32,CLOSED,False
9940,1312,1907,2024-12-06 23:45:08.000000,FLOOD,24463.17,APPROVED,True
9941,2729,3150,2024-09-21 15:37:03.000000,VANDALISM,11407.47,REJECTED,False
9942,3421,2179,2025-07-14 23:48:15.000000,GLASS_DAMAGE,10543.62,REJECTED,False
9943,2264,1500,2025-01-16 01:24:01.000000,THEFT,9168.13,CLOSED,False
9944,1455,594,2024-07-04 16:54:15.000000,FLOOD,22625.51,APPROVED,True
9945,846,4017,2025-09-03 10:38:10.000000,COLLISION,10000.13,APPROVED,False
9946,317,3649,2025-10-27 23:07:25.000000,FLOOD,9991.23,OPEN,False
9947,4573,2229,2025-09-01 05:42:15.000000,THEFT,17884.87,OPEN,False
9948,2254,3578,2025-02-24 00:46:55.000000,THEFT,16196.25,IN_REVIEW,False
9949,2527,949,2026-01-29 22:43:45.000000,VANDALISM,24843.34,APPROVED,True
9950,2885,3622,2024-10-20 03:21:36.000000,COLLISION,14663.28,APPROVED,False
9951,2677,3089,2025-08-03 23:45:42.000000,COLLISION,20592.54,CLOSED,True
9952,4510,1520,2025-07-10 12:26:10.000000,FIRE,13071.23,CLOSED,False
9953,1623,2191,2025-10-28 04:31:51.000000,GLASS_DAMAGE,14847.75,IN_REVIEW,False
9954,2413,2268,2025-07-02 00:27:23.000000,COLLISION,14054.63,OPEN,False
9955,3859,1151,2026-05-07 09:45:43.000000,THEFT,20797.07,CLOSED,True
9956,4521,3415,2024-12-02 10:58:00.000000,FLOOD,17580.21,CLOSED,False
9957,2377,2826,2024-11-14 11:54:09.000000,COLLISION,10134.47,IN_REVIEW,False
9958,1682,1744,2025-05-20 14:36:59.000000,FIRE,23284.08,REJECTED,True
9959,4447,1697,2025-07-28 15:44:00.000000,FLOOD,15875.74,APPROVED,False
9960,4296,935,2025-04-06 21:18:26.000000,THEFT,6457.1,CLOSED,False
9961,228,779,2024-06-17 22:17:09.000000,THEFT,10124.84,REJECTED,False
9962,3811,1877,2025-09-20 22:13:15.000000,FLOOD,2714.38,REJECTED,False
9963,550,2922,2026-05-08 04:22:27.000000,COLLISION,18635.21,APPROVED,True
9964,2082,1465,2024-09-24 14:52:31.000000,GLASS_DAMAGE,2924.22,REJECTED,False
9965,3918,2997,2025-09-28 08:40:47.000000,FIRE,3737.2,CLOSED,False
9966,4,336,2026-04-12 03:51:47.000000,GLASS_DAMAGE,22202.31,IN_REVIEW,True
9967,1197,2490,2025-09-02 04:58:54.000000,GLASS_DAMAGE,14281.29,OPEN,False
9968,1315,3650,2026-04-30 06:12:05.000000,VANDALISM,24456.41,CLOSED,True
9969,1680,1077,2025-03-21 20:40:31.000000,THEFT,13564.8,APPROVED,False
9970,2789,2028,2025-12-23 16:52:06.000000,VANDALISM,734.82,REJECTED,False
9971,1678,3204,2025-06-29 09:05:54.000000,FIRE,23041.8,IN_REVIEW,True
9972,1148,2423,2025-03-17 23:16:32.000000,FIRE,18244.07,APPROVED,True
9973,1025,1105,2024-11-28 18:45:48.000000,GLASS_DAMAGE,6401.16,CLOSED,False
9974,2420,3212,2025-12-21 02:46:23.000000,FIRE,10059.79,IN_REVIEW,False
9975,4282,1189,2025-07-16 19:23:51.000000,COLLISION,11007.24,CLOSED,False
9976,4206,2553,2025-08-11 12:36:47.000000,FIRE,19363.42,IN_REVIEW,True
9977,1057,1913,2024-05-23 07:41:56.000000,VANDALISM,11632.0,REJECTED,False
9978,963,53,2025-10-09 03:05:56.000000,VANDALISM,17319.7,IN_REVIEW,False
9979,3237,431,2025-01-29 01:24:38.000000,FIRE,13944.89,APPROVED,False
9980,2253,3184,2025-09-29 06:56:55.000000,VANDALISM,19425.18,REJECTED,True
9981,2862,2110,2025-08-03 04:29:03.000000,FIRE,13062.9,CLOSED,False
9982,2661,2465,2024-09-29 02:14:59.000000,THEFT,19804.79,CLOSED,True
9983,3707,2933,2025-04-08 08:43:41.000000,GLASS_DAMAGE,14331.97,IN_REVIEW,False
9984,4306,1669,2024-12-18 15:55:41.000000,FLOOD,7669.54,REJECTED,False
9985,841,808,2026-04-21 23:20:51.000000,FIRE,16459.6,OPEN,False
9986,1305,1205,2025-03-25 05:20:46.000000,GLASS_DAMAGE,11774.39,IN_REVIEW,False
9987,1161,1273,2026-03-12 00:59:25.000000,VANDALISM,16472.97,OPEN,False
9988,2112,2863,2024-05-27 22:25:16.000000,VANDALISM,10831.12,OPEN,False
9989,1039,2585,2026-03-15 09:08:51.000000,THEFT,4305.64,REJECTED,False
9990,451,196,2025-04-14 12:51:01.000000,FIRE,20510.61,APPROVED,True
9991,826,2232,2025-06-22 15:39:50.000000,THEFT,10575.0,CLOSED,False
9992,493,1494,2024-05-15 06:02:38.000000,FLOOD,8195.82,CLOSED,False
9993,4619,739,2025-03-14 05:38:37.000000,THEFT,9322.34,APPROVED,False
9994,4025,10,2024-09-16 10:48:26.000000,FIRE,861.99,APPROVED,False
9995,649,1321,2026-04-08 00:35:38.000000,VANDALISM,11025.01,CLOSED,False
9996,2487,4165,2024-05-20 18:36:42.000000,GLASS_DAMAGE,23984.48,IN_REVIEW,True
9997,4504,3250,2025-07-14 13:30:10.000000,FIRE,17368.99,OPEN,False
9998,300,3627,2024-09-03 10:49:45.000000,GLASS_DAMAGE,10912.75,IN_REVIEW,False
9999,2685,2410,2024-06-24 11:31:07.000000,FLOOD,5579.98,IN_REVIEW,False
10000,627,3096,2025-08-25 07:09:46.000000,FLOOD,24592.87,OPEN,True
10001,1993,3314,2025-09-27 02:24:15.000000,GLASS_DAMAGE,5459.56,CLOSED,False
10002,2276,2797,2025-10-02 14:53:32.000000,FIRE,2429.46,APPROVED,False
10003,2025,1727,2025-02-27 19:39:24.000000,COLLISION,11407.86,OPEN,False
10004,3740,1203,2025-12-13 00:51:24.000000,THEFT,24766.53,IN_REVIEW,True
10005,357,1637,2024-11-05 01:36:37.000000,FIRE,16056.89,IN_REVIEW,False
10006,4581,3523,2025-10-28 01:58:05.000000,GLASS_DAMAGE,22750.07,IN_REVIEW,True
10007,3048,734,2025-08-27 01:41:54.000000,FLOOD,6395.22,IN_REVIEW,False
10008,193,2098,2025-11-04 22:06:03.000000,FIRE,1200.03,OPEN,False
10009,1757,3556,2025-04-18 05:12:39.000000,COLLISION,17192.53,REJECTED,False
10010,4473,2050,2025-09-21 22:17:27.000000,FLOOD,12279.63,APPROVED,False
10011,1505,627,2026-05-01 18:30:30.000000,FLOOD,3945.88,IN_REVIEW,False
10012,3950,1387,2025-09-13 02:02:31.000000,GLASS_DAMAGE,14277.9,APPROVED,False
10013,2573,4184,2026-02-01 06:24:20.000000,FLOOD,22772.85,CLOSED,True
10014,3358,1289,2025-02-12 17:19:24.000000,FIRE,20884.33,CLOSED,True
10015,3460,703,2024-12-01 20:42:57.000000,THEFT,14167.42,IN_REVIEW,False
10016,1085,2635,2026-04-22 00:01:17.000000,FIRE,20512.24,IN_REVIEW,True
10017,3585,830,2024-11-15 02:22:31.000000,THEFT,641.23,IN_REVIEW,False
10018,3531,329,2025-08-30 04:44:02.000000,THEFT,21951.52,IN_REVIEW,True
10019,4527,908,2026-04-09 13:47:20.000000,COLLISION,11322.65,REJECTED,False
10020,3934,788,2025-04-21 16:25:42.000000,THEFT,19056.88,IN_REVIEW,True
10021,4625,3749,2025-12-25 14:34:11.000000,FLOOD,1621.01,OPEN,False
10022,2555,566,2025-06-16 08:32:37.000000,COLLISION,17584.87,REJECTED,False
10023,1010,1822,2025-11-10 13:23:34.000000,COLLISION,22349.08,REJECTED,True
10024,2508,1310,2025-04-15 23:39:08.000000,FIRE,16862.57,REJECTED,False
10025,2877,509,2025-12-19 02:02:28.000000,GLASS_DAMAGE,13663.98,OPEN,False
10026,3479,3770,2024-06-10 01:20:13.000000,THEFT,1785.9,OPEN,False
10027,372,3672,2024-07-10 08:42:20.000000,VANDALISM,9544.84,CLOSED,False
10028,2144,1456,2024-09-05 23:43:10.000000,COLLISION,11743.06,REJECTED,False
10029,1240,1583,2026-02-03 01:16:20.000000,THEFT,20399.01,OPEN,True
10030,1833,2120,2025-10-28 09:08:04.000000,VANDALISM,9489.25,REJECTED,False
10031,2148,1819,2026-01-15 10:58:11.000000,FLOOD,293.79,OPEN,False
10032,2347,2964,2025-01-31 21:04:11.000000,VANDALISM,9321.36,OPEN,False
10033,458,3050,2026-01-20 20:36:34.000000,FLOOD,17928.54,CLOSED,False
10034,1161,3919,2026-04-08 02:06:14.000000,GLASS_DAMAGE,3746.62,OPEN,False
10035,763,2848,2024-11-03 07:34:37.000000,THEFT,22094.97,APPROVED,True
10036,3189,1489,2024-09-10 19:18:05.000000,GLASS_DAMAGE,20106.74,OPEN,True
10037,850,3841,2025-02-06 03:39:44.000000,FLOOD,9379.09,OPEN,False
10038,2566,1683,2024-07-13 01:55:15.000000,FIRE,8018.59,APPROVED,False
10039,2251,1391,2025-02-23 22:42:57.000000,GLASS_DAMAGE,4411.99,CLOSED,False
10040,1059,1316,2025-03-10 15:16:02.000000,FLOOD,7072.76,REJECTED,False
10041,3621,2494,2024-10-13 15:28:15.000000,COLLISION,17032.4,CLOSED,False
10042,4714,1205,2025-07-12 07:01:54.000000,FIRE,18955.59,APPROVED,True
10043,1297,1120,2025-06-16 08:57:08.000000,VANDALISM,2567.42,REJECTED,False
10044,3699,2027,2025-04-23 08:24:47.000000,FIRE,10566.74,REJECTED,False
10045,961,2736,2025-06-24 09:22:58.000000,VANDALISM,12992.82,CLOSED,False
10046,544,3606,2025-10-27 05:15:39.000000,COLLISION,22939.89,IN_REVIEW,True
10047,2642,906,2024-06-12 05:52:42.000000,FLOOD,14635.2,IN_REVIEW,False
10048,561,4136,2025-07-13 03:05:28.000000,COLLISION,23566.45,OPEN,True
10049,1124,4046,2025-11-12 10:33:49.000000,THEFT,8804.95,REJECTED,False
10050,456,3196,2025-12-13 01:27:53.000000,VANDALISM,11914.0,IN_REVIEW,False
10051,1138,105,2025-03-02 21:01:53.000000,FLOOD,24436.99,IN_REVIEW,True
10052,1659,988,2024-09-08 07:02:39.000000,GLASS_DAMAGE,18839.03,IN_REVIEW,True
10053,4189,256,2024-11-13 10:56:56.000000,FLOOD,5601.87,IN_REVIEW,False
10054,4377,2581,2025-08-19 10:56:20.000000,GLASS_DAMAGE,15141.82,OPEN,False
10055,2129,1479,2025-07-21 07:19:50.000000,GLASS_DAMAGE,12632.59,IN_REVIEW,False
10056,189,1486,2025-02-11 06:40:02.000000,FIRE,11193.47,REJECTED,False
10057,2241,553,2026-04-13 00:11:54.000000,VANDALISM,21809.8,CLOSED,True
10058,3413,1184,2024-10-23 15:06:10.000000,VANDALISM,16337.9,IN_REVIEW,False
10059,3956,2131,2025-12-04 08:09:39.000000,GLASS_DAMAGE,8533.03,REJECTED,False
10060,2920,3560,2025-03-04 09:55:12.000000,THEFT,19855.43,IN_REVIEW,True
10061,141,1487,2025-11-15 06:06:58.000000,FIRE,24519.83,APPROVED,True
10062,4260,3374,2025-12-17 11:06:26.000000,FLOOD,19902.11,CLOSED,True
10063,4549,1684,2024-07-31 16:34:26.000000,VANDALISM,21333.42,OPEN,True
10064,2764,4159,2025-11-26 06:07:28.000000,COLLISION,15120.14,IN_REVIEW,False
10065,117,1785,2025-05-02 14:18:55.000000,GLASS_DAMAGE,24225.97,CLOSED,True
10066,3386,1483,2024-10-19 12:43:59.000000,VANDALISM,13351.74,IN_REVIEW,False
10067,2276,4038,2024-08-22 00:02:07.000000,COLLISION,2570.34,OPEN,False
10068,505,1961,2025-03-31 19:44:51.000000,FIRE,24929.65,CLOSED,True
10069,4635,4144,2025-01-27 20:56:03.000000,FLOOD,19738.59,CLOSED,True
10070,1851,1854,2025-12-16 14:03:50.000000,COLLISION,15633.08,REJECTED,False
10071,1909,3029,2024-07-06 15:07:18.000000,VANDALISM,7613.33,OPEN,False
10072,1658,1772,2025-10-13 18:21:23.000000,THEFT,4495.46,IN_REVIEW,False
10073,1304,1950,2026-02-28 04:56:43.000000,FLOOD,1383.84,CLOSED,False
10074,3464,4120,2026-01-31 04:17:17.000000,VANDALISM,11161.32,REJECTED,False
10075,1719,1693,2025-08-22 06:00:23.000000,FIRE,22734.1,REJECTED,True
10076,1719,351,2024-12-03 22:38:08.000000,GLASS_DAMAGE,2307.35,APPROVED,False
10077,2204,2252,2025-04-24 20:09:52.000000,VANDALISM,14411.62,IN_REVIEW,False
10078,4599,399,2025-02-02 21:44:51.000000,FLOOD,8466.46,CLOSED,False
10079,781,1824,2026-03-25 12:05:58.000000,FIRE,8699.38,APPROVED,False
10080,2068,2991,2026-05-11 19:51:27.000000,COLLISION,8480.5,CLOSED,False
10081,1450,2132,2024-10-23 06:40:46.000000,GLASS_DAMAGE,16212.55,REJECTED,False
10082,3585,4033,2025-01-03 15:31:06.000000,GLASS_DAMAGE,23221.58,CLOSED,True
10083,1789,2511,2024-11-20 18:20:19.000000,GLASS_DAMAGE,12916.56,IN_REVIEW,False
10084,2456,3454,2025-01-08 18:28:04.000000,FIRE,16896.84,IN_REVIEW,False
10085,4503,216,2025-09-29 03:17:43.000000,VANDALISM,11566.86,OPEN,False
10086,2160,547,2026-04-10 00:00:05.000000,THEFT,7584.52,OPEN,False
10087,2019,2684,2025-09-03 07:31:02.000000,COLLISION,12500.78,IN_REVIEW,False
10088,3686,327,2026-02-18 05:01:17.000000,GLASS_DAMAGE,22344.33,CLOSED,True
10089,2908,2761,2025-08-26 18:58:16.000000,GLASS_DAMAGE,13057.46,OPEN,False
10090,4460,2556,2024-06-28 06:44:22.000000,GLASS_DAMAGE,21366.37,CLOSED,True
10091,3395,1542,2025-06-02 17:22:05.000000,FLOOD,15425.51,OPEN,False
10092,2697,1520,2024-10-09 22:39:00.000000,FLOOD,5718.73,IN_REVIEW,False
10093,4578,2313,2024-10-14 11:12:06.000000,THEFT,2120.31,REJECTED,False
10094,3340,3790,2025-05-27 02:08:43.000000,COLLISION,4048.93,CLOSED,False
10095,2640,3938,2024-12-26 10:46:53.000000,THEFT,8976.27,APPROVED,False
10096,214,3186,2024-07-12 10:46:58.000000,COLLISION,11428.85,REJECTED,False
10097,2459,2673,2026-02-18 20:31:04.000000,VANDALISM,4600.33,CLOSED,False
10098,2106,2634,2025-01-04 19:05:55.000000,VANDALISM,17182.75,APPROVED,False
10099,3509,629,2024-07-23 14:08:19.000000,GLASS_DAMAGE,23121.72,REJECTED,True
10100,3323,847,2024-10-16 06:52:19.000000,FLOOD,10955.93,IN_REVIEW,False
10101,1026,621,2024-09-10 10:02:56.000000,VANDALISM,19205.33,REJECTED,True
10102,2464,679,2024-09-17 12:12:39.000000,GLASS_DAMAGE,16690.28,IN_REVIEW,False
10103,4140,363,2024-09-26 21:08:24.000000,COLLISION,8774.07,OPEN,False
10104,1515,1174,2026-04-13 12:04:17.000000,THEFT,2658.52,OPEN,False
10105,2477,54,2025-10-04 20:40:21.000000,COLLISION,23644.08,OPEN,True
10106,2358,3271,2024-09-16 16:04:51.000000,COLLISION,8457.62,OPEN,False
10107,1963,3168,2026-04-12 09:17:33.000000,FIRE,16717.87,REJECTED,False
10108,108,4158,2025-02-08 01:45:14.000000,FIRE,14373.43,IN_REVIEW,False
10109,1290,1130,2025-07-06 06:54:10.000000,FLOOD,23398.27,REJECTED,True
10110,1906,2016,2024-10-21 22:43:43.000000,FLOOD,10128.19,OPEN,False
10111,36,1913,2024-09-07 22:12:01.000000,FIRE,19526.92,IN_REVIEW,True
10112,685,2915,2025-04-11 10:48:16.000000,THEFT,6485.67,OPEN,False
10113,1450,2520,2025-08-16 20:19:23.000000,FIRE,8118.39,CLOSED,False
10114,1078,1233,2024-06-13 18:18:21.000000,FIRE,8860.12,IN_REVIEW,False
10115,950,3109,2025-07-01 21:18:41.000000,VANDALISM,7974.29,APPROVED,False
10116,1269,369,2025-07-11 06:46:49.000000,FIRE,3251.31,IN_REVIEW,False
10117,4156,4193,2025-01-23 20:24:10.000000,COLLISION,22404.07,CLOSED,True
10118,3993,3823,2025-07-15 08:49:43.000000,COLLISION,14386.44,CLOSED,False
10119,1428,3422,2024-07-03 15:56:52.000000,VANDALISM,16683.6,CLOSED,False
10120,138,846,2025-01-31 05:03:00.000000,FIRE,13663.52,REJECTED,False
10121,1711,1616,2024-11-22 07:05:32.000000,VANDALISM,3270.6,CLOSED,False
10122,4220,469,2025-11-18 08:38:02.000000,THEFT,843.69,REJECTED,False
10123,3028,3055,2025-11-23 14:44:43.000000,GLASS_DAMAGE,11383.68,APPROVED,False
10124,3193,2200,2024-09-02 17:08:42.000000,FLOOD,15399.09,CLOSED,False
10125,3868,3735,2025-07-15 15:06:54.000000,GLASS_DAMAGE,2476.41,REJECTED,False
10126,1854,2654,2025-01-08 08:06:32.000000,GLASS_DAMAGE,10762.41,APPROVED,False
10127,2904,2329,2025-01-18 17:41:22.000000,VANDALISM,24646.61,CLOSED,True
10128,117,2659,2025-04-13 05:43:31.000000,THEFT,3107.13,IN_REVIEW,False
10129,2209,719,2025-01-05 01:52:16.000000,GLASS_DAMAGE,12269.91,IN_REVIEW,False
10130,230,3250,2025-01-16 12:27:00.000000,THEFT,24552.77,CLOSED,True
10131,1158,2989,2024-08-08 00:04:52.000000,FLOOD,5638.18,OPEN,False
10132,1338,3593,2026-04-16 14:57:40.000000,THEFT,21489.78,CLOSED,True
10133,3372,384,2024-11-16 16:46:58.000000,FLOOD,2075.28,CLOSED,False
10134,4305,2711,2024-07-25 03:33:07.000000,VANDALISM,20744.09,IN_REVIEW,True
10135,3630,1523,2024-08-27 10:50:19.000000,GLASS_DAMAGE,10951.49,IN_REVIEW,False
10136,1546,1248,2025-11-27 08:29:06.000000,THEFT,7607.3,IN_REVIEW,False
10137,4577,773,2024-11-01 20:07:12.000000,FLOOD,5517.59,REJECTED,False
10138,2498,3213,2025-10-09 18:32:06.000000,COLLISION,11342.19,REJECTED,False
10139,3565,486,2025-10-07 02:52:57.000000,VANDALISM,2350.93,IN_REVIEW,False
10140,2919,204,2025-03-19 22:18:07.000000,VANDALISM,13571.96,OPEN,False
10141,4266,3504,2025-05-21 17:41:04.000000,FIRE,6679.79,OPEN,False
10142,653,3853,2024-07-09 22:29:29.000000,GLASS_DAMAGE,23569.14,APPROVED,True
10143,1976,2110,2025-07-02 05:18:35.000000,VANDALISM,988.12,IN_REVIEW,False
10144,3750,445,2024-12-19 16:36:57.000000,FLOOD,24169.46,APPROVED,True
10145,3152,2037,2024-11-29 12:17:08.000000,FIRE,3433.7,APPROVED,False
10146,111,956,2025-03-24 15:18:40.000000,COLLISION,4863.53,IN_REVIEW,False
10147,87,3107,2024-06-14 16:46:02.000000,THEFT,24637.55,REJECTED,True
10148,2550,1203,2025-03-08 10:35:33.000000,VANDALISM,1354.77,CLOSED,False
10149,889,1080,2024-08-02 10:10:06.000000,FLOOD,19486.47,OPEN,True
10150,4197,1197,2024-12-29 10:33:52.000000,FIRE,10244.92,OPEN,False
10151,1004,1605,2024-08-28 05:53:36.000000,COLLISION,15523.7,IN_REVIEW,False
10152,3447,2361,2025-08-19 14:54:22.000000,FLOOD,10645.18,REJECTED,False
10153,589,3618,2024-09-12 16:54:38.000000,VANDALISM,12844.24,CLOSED,False
10154,1969,3706,2025-06-11 03:09:56.000000,FLOOD,9928.17,REJECTED,False
10155,2937,3995,2024-07-16 23:04:08.000000,COLLISION,23033.33,IN_REVIEW,True
10156,4181,2955,2025-06-28 06:24:53.000000,COLLISION,9958.96,IN_REVIEW,False
10157,1588,2407,2026-04-09 04:19:02.000000,COLLISION,4233.36,APPROVED,False
10158,3977,934,2025-04-13 11:07:15.000000,COLLISION,11798.56,IN_REVIEW,False
10159,1207,3313,2025-11-23 20:33:47.000000,GLASS_DAMAGE,4716.11,REJECTED,False
10160,3657,826,2025-09-14 10:19:01.000000,VANDALISM,17167.45,CLOSED,False
10161,2931,2370,2025-12-14 02:10:49.000000,FIRE,8306.4,CLOSED,False
10162,2026,1070,2026-01-22 01:38:01.000000,VANDALISM,4375.13,CLOSED,False
10163,638,1654,2024-11-06 11:42:33.000000,GLASS_DAMAGE,15577.65,CLOSED,False
10164,4397,637,2026-01-23 02:07:59.000000,FLOOD,11883.35,APPROVED,False
10165,3194,1170,2025-02-01 05:03:47.000000,FIRE,19366.08,OPEN,True
10166,960,2724,2024-09-20 13:19:34.000000,FIRE,17234.77,OPEN,False
10167,2825,174,2026-01-18 18:21:21.000000,THEFT,17995.07,APPROVED,False
10168,1797,2104,2025-06-18 14:42:18.000000,FLOOD,7086.18,CLOSED,False
10169,3398,1710,2024-06-24 11:10:53.000000,GLASS_DAMAGE,6363.71,APPROVED,False
10170,848,1890,2025-05-20 09:42:46.000000,GLASS_DAMAGE,3831.53,OPEN,False
10171,3825,1104,2025-05-14 02:39:49.000000,GLASS_DAMAGE,8428.44,REJECTED,False
10172,162,2229,2024-06-27 19:19:07.000000,COLLISION,13293.83,CLOSED,False
10173,2419,407,2025-05-14 13:09:16.000000,GLASS_DAMAGE,17870.55,APPROVED,False
10174,1190,1267,2024-10-31 05:38:50.000000,FIRE,16799.84,APPROVED,False
10175,2834,2662,2025-07-03 12:40:52.000000,THEFT,24805.62,IN_REVIEW,True
10176,3082,2287,2026-03-18 09:14:52.000000,FIRE,14673.24,REJECTED,False
10177,3628,1370,2025-06-26 16:43:55.000000,VANDALISM,21274.58,OPEN,True
10178,1621,2999,2024-08-11 01:57:18.000000,VANDALISM,6440.94,OPEN,False
10179,3776,1369,2025-12-17 14:36:09.000000,VANDALISM,17099.94,APPROVED,False
10180,1346,51,2026-01-04 19:14:07.000000,VANDALISM,19059.05,CLOSED,True
10181,2959,161,2024-05-27 16:09:52.000000,FLOOD,19835.55,REJECTED,True
10182,1361,2982,2026-01-16 22:55:06.000000,FLOOD,799.53,IN_REVIEW,False
10183,4585,2680,2024-12-26 20:37:25.000000,COLLISION,22250.66,OPEN,True
10184,3701,2789,2025-03-30 15:17:44.000000,VANDALISM,16764.03,CLOSED,False
10185,2834,477,2024-11-05 18:32:07.000000,FLOOD,14738.37,CLOSED,False
10186,2882,1102,2025-05-11 04:07:09.000000,FIRE,11238.29,CLOSED,False
10187,1662,1212,2026-01-08 11:08:05.000000,FLOOD,5850.34,IN_REVIEW,False
10188,68,3303,2025-12-11 06:26:11.000000,GLASS_DAMAGE,892.81,OPEN,False
10189,189,327,2024-09-12 23:43:50.000000,GLASS_DAMAGE,19722.22,IN_REVIEW,True
10190,2107,3348,2025-12-30 16:08:42.000000,COLLISION,12979.42,REJECTED,False
10191,580,4071,2024-10-31 13:46:22.000000,THEFT,6681.19,OPEN,False
10192,3987,4174,2025-09-15 01:38:43.000000,GLASS_DAMAGE,23914.32,CLOSED,True
10193,4278,3076,2024-07-01 18:24:15.000000,FIRE,12613.92,OPEN,False
10194,3730,1492,2024-12-05 15:56:24.000000,GLASS_DAMAGE,16828.42,OPEN,False
10195,4444,1227,2026-01-20 05:42:02.000000,FLOOD,6407.43,REJECTED,False
10196,3063,4073,2025-09-29 04:05:55.000000,THEFT,20958.05,CLOSED,True
10197,879,3099,2026-03-15 22:25:21.000000,GLASS_DAMAGE,6869.08,OPEN,False
10198,3412,3372,2025-06-11 04:00:52.000000,COLLISION,17607.36,CLOSED,False
10199,3589,3949,2026-02-28 21:09:50.000000,THEFT,6823.42,IN_REVIEW,False
10200,1904,709,2025-10-26 00:31:08.000000,VANDALISM,11921.15,CLOSED,False
10201,1473,1461,2026-02-13 08:19:41.000000,FIRE,9161.34,APPROVED,False
10202,1880,1632,2025-11-15 04:29:53.000000,GLASS_DAMAGE,19573.39,APPROVED,True
10203,2412,2842,2025-11-24 02:14:59.000000,COLLISION,7967.85,REJECTED,False
10204,2639,4026,2025-12-20 06:34:42.000000,THEFT,8905.78,APPROVED,False
10205,67,178,2024-09-03 04:03:18.000000,COLLISION,10912.97,OPEN,False
10206,4244,1730,2025-02-07 17:35:57.000000,THEFT,11158.77,IN_REVIEW,False
10207,2662,1989,2024-08-27 13:31:19.000000,FLOOD,3256.55,OPEN,False
10208,2000,966,2024-12-14 05:23:12.000000,FIRE,3273.33,IN_REVIEW,False
10209,1199,404,2025-09-07 18:28:37.000000,THEFT,19472.03,CLOSED,True
10210,4736,66,2025-04-19 06:29:11.000000,COLLISION,9774.59,IN_REVIEW,False
10211,565,619,2025-03-01 03:31:15.000000,COLLISION,18582.91,REJECTED,True
10212,3165,1233,2025-03-01 14:37:36.000000,VANDALISM,2347.66,APPROVED,False
10213,1119,71,2026-01-06 13:11:00.000000,THEFT,16657.96,REJECTED,False
10214,4147,3171,2025-01-25 14:38:26.000000,FLOOD,15002.9,APPROVED,False
10215,1503,228,2025-04-12 12:34:31.000000,THEFT,6035.33,CLOSED,False
10216,4042,100,2025-11-25 05:07:20.000000,VANDALISM,18190.17,OPEN,True
10217,2359,83,2025-05-25 03:24:26.000000,FLOOD,14185.19,OPEN,False
10218,117,1340,2026-02-08 09:51:05.000000,FLOOD,24641.58,APPROVED,True
10219,3547,1053,2025-11-14 03:41:12.000000,VANDALISM,12531.89,APPROVED,False
10220,354,1500,2025-05-29 11:24:29.000000,FIRE,16364.48,OPEN,False
10221,634,3088,2025-02-04 21:15:58.000000,COLLISION,13552.06,OPEN,False
10222,3230,3992,2026-03-22 20:31:38.000000,VANDALISM,15004.67,OPEN,False
10223,253,2800,2024-06-09 02:29:17.000000,VANDALISM,837.55,IN_REVIEW,False
10224,528,1955,2024-07-02 07:01:23.000000,VANDALISM,13804.29,APPROVED,False
10225,3624,1762,2026-03-27 02:06:23.000000,COLLISION,10070.34,CLOSED,False
10226,4004,1719,2025-07-28 17:37:56.000000,FIRE,10844.14,OPEN,False
10227,2218,243,2024-09-16 14:27:48.000000,THEFT,18559.56,APPROVED,True
10228,2187,2204,2026-02-20 16:13:09.000000,FIRE,4238.26,REJECTED,False
10229,4727,3515,2025-10-23 23:42:06.000000,THEFT,13656.46,IN_REVIEW,False
10230,1564,3735,2024-06-13 01:27:37.000000,COLLISION,16154.4,IN_REVIEW,False
10231,2403,2086,2025-05-22 17:50:24.000000,FLOOD,1408.2,CLOSED,False
10232,2808,2253,2025-02-11 03:50:39.000000,GLASS_DAMAGE,21658.76,IN_REVIEW,True
10233,4402,4021,2026-02-19 01:32:00.000000,THEFT,1764.09,REJECTED,False
10234,4266,1091,2024-10-15 21:22:50.000000,VANDALISM,5181.95,REJECTED,False
10235,2041,1789,2024-09-23 11:40:42.000000,FIRE,7176.43,REJECTED,False
10236,4519,1318,2024-08-23 15:17:54.000000,THEFT,14233.1,APPROVED,False
10237,4400,1140,2026-05-11 00:43:01.000000,GLASS_DAMAGE,9535.01,APPROVED,False
10238,4540,67,2025-04-18 07:45:54.000000,FIRE,18365.33,OPEN,True
10239,3388,1075,2024-09-20 15:35:24.000000,THEFT,1503.43,IN_REVIEW,False
10240,3691,2328,2024-12-05 10:18:53.000000,THEFT,6557.61,APPROVED,False
10241,2150,3195,2026-01-13 02:01:55.000000,VANDALISM,17730.22,REJECTED,False
10242,4764,3588,2024-07-01 07:05:14.000000,COLLISION,10437.59,APPROVED,False
10243,2710,2637,2026-01-02 18:43:30.000000,FLOOD,16465.21,REJECTED,False
10244,3681,82,2026-03-12 00:18:07.000000,THEFT,7330.9,REJECTED,False
10245,2049,4125,2025-08-06 09:56:27.000000,COLLISION,18853.92,APPROVED,True
10246,1098,4033,2025-12-19 00:58:23.000000,VANDALISM,279.45,APPROVED,False
10247,928,196,2024-12-13 23:38:56.000000,VANDALISM,15096.51,IN_REVIEW,False
10248,4237,3304,2025-09-22 17:16:04.000000,FLOOD,8414.2,CLOSED,False
10249,3314,2918,2025-06-05 20:03:12.000000,FIRE,4244.24,REJECTED,False
10250,3708,2930,2024-11-13 05:05:24.000000,FLOOD,9750.94,CLOSED,False
10251,351,3130,2025-02-21 00:57:24.000000,GLASS_DAMAGE,889.46,OPEN,False
10252,3978,1201,2025-11-07 01:32:00.000000,GLASS_DAMAGE,4086.88,CLOSED,False
10253,225,322,2025-03-14 19:11:39.000000,THEFT,14523.71,OPEN,False
10254,1788,3503,2025-09-24 12:58:27.000000,VANDALISM,16998.04,OPEN,False
10255,1390,2044,2025-01-17 21:16:39.000000,FLOOD,17576.24,CLOSED,False
10256,3350,2222,2026-02-11 10:18:21.000000,GLASS_DAMAGE,23272.97,REJECTED,True
10257,2370,3482,2024-06-23 11:54:12.000000,FLOOD,5727.58,APPROVED,False
10258,4080,1504,2025-01-28 04:46:27.000000,FIRE,17515.97,APPROVED,False
10259,1950,1062,2025-04-13 13:30:15.000000,FIRE,15819.09,IN_REVIEW,False
10260,3186,1523,2024-06-21 09:20:17.000000,THEFT,19825.57,IN_REVIEW,True
10261,1896,3097,2025-02-18 13:14:31.000000,FIRE,14757.92,CLOSED,False
10262,4593,1534,2024-08-15 02:07:34.000000,THEFT,1972.36,REJECTED,False
10263,1657,1639,2024-05-15 08:33:46.000000,COLLISION,8012.11,CLOSED,False
10264,2970,507,2025-07-23 10:43:00.000000,FIRE,18400.59,REJECTED,True
10265,2837,286,2025-03-07 19:09:30.000000,FIRE,9654.38,CLOSED,False
10266,47,2975,2025-10-06 20:48:51.000000,VANDALISM,11236.32,IN_REVIEW,False
10267,1004,3702,2025-09-27 10:37:26.000000,VANDALISM,4101.3,OPEN,False
10268,1345,220,2024-12-17 15:12:27.000000,FLOOD,6836.41,CLOSED,False
10269,517,3217,2025-03-06 12:01:33.000000,COLLISION,15717.3,OPEN,False
10270,6,1173,2026-03-17 02:11:49.000000,FIRE,14516.89,REJECTED,False
10271,2348,401,2026-05-06 12:46:57.000000,VANDALISM,14265.19,OPEN,False
10272,2405,3733,2024-08-01 18:32:40.000000,VANDALISM,7588.98,APPROVED,False
10273,1093,2196,2024-12-20 11:51:40.000000,GLASS_DAMAGE,17994.1,IN_REVIEW,False
10274,1308,1925,2025-11-27 10:36:45.000000,VANDALISM,8037.33,CLOSED,False
10275,824,3585,2024-11-19 13:19:24.000000,FLOOD,22380.8,REJECTED,True
10276,2985,2648,2025-10-18 00:20:46.000000,VANDALISM,14870.28,IN_REVIEW,False
10277,3399,223,2024-05-28 14:29:53.000000,FLOOD,5334.71,CLOSED,False
10278,4326,4152,2025-04-19 12:29:04.000000,COLLISION,13946.16,CLOSED,False
10279,2157,1409,2025-07-03 10:25:52.000000,GLASS_DAMAGE,15455.45,CLOSED,False
10280,4338,2038,2024-05-21 07:09:08.000000,COLLISION,2725.59,IN_REVIEW,False
10281,4370,3604,2024-11-19 09:03:10.000000,FIRE,20017.77,CLOSED,True
10282,3227,2404,2025-09-27 05:47:09.000000,COLLISION,19358.64,IN_REVIEW,True
10283,2517,3978,2026-03-04 10:18:00.000000,THEFT,16665.97,OPEN,False
10284,2728,2330,2026-02-17 21:59:06.000000,GLASS_DAMAGE,4490.23,IN_REVIEW,False
10285,655,3811,2025-11-16 18:31:39.000000,FLOOD,21613.55,OPEN,True
10286,4012,1986,2025-10-31 08:18:52.000000,FIRE,12783.96,REJECTED,False
10287,2641,2727,2024-09-27 18:28:34.000000,THEFT,18105.14,OPEN,True
10288,2910,3510,2025-10-07 14:31:28.000000,FIRE,5368.22,REJECTED,False
10289,3343,1777,2026-01-24 00:28:13.000000,GLASS_DAMAGE,14635.07,APPROVED,False
10290,3102,1931,2025-01-13 01:22:02.000000,FLOOD,5548.48,OPEN,False
10291,1403,1083,2025-11-09 15:47:31.000000,GLASS_DAMAGE,20058.48,CLOSED,True
10292,4759,2989,2026-03-16 06:22:45.000000,FLOOD,9992.75,OPEN,False
10293,3476,777,2025-07-07 22:01:34.000000,FIRE,9473.53,REJECTED,False
10294,353,2978,2024-10-05 12:53:36.000000,FLOOD,22186.64,IN_REVIEW,True
10295,3867,2312,2025-05-17 21:25:29.000000,FLOOD,21421.19,APPROVED,True
10296,683,108,2025-07-16 10:30:34.000000,GLASS_DAMAGE,21632.31,OPEN,True
10297,194,375,2026-04-07 08:28:08.000000,VANDALISM,10197.35,OPEN,False
10298,2552,4027,2026-03-18 11:57:21.000000,VANDALISM,6693.43,IN_REVIEW,False
10299,152,1027,2025-04-07 04:24:55.000000,GLASS_DAMAGE,15858.38,IN_REVIEW,False
10300,2558,1454,2025-10-04 03:00:42.000000,FLOOD,11701.92,CLOSED,False
10301,1047,1231,2024-05-13 19:43:00.000000,GLASS_DAMAGE,18153.52,APPROVED,True
10302,4130,3951,2026-05-05 22:40:35.000000,VANDALISM,8617.43,CLOSED,False
10303,2136,632,2025-02-27 06:01:41.000000,VANDALISM,20222.79,CLOSED,True
10304,3611,675,2025-01-07 02:22:07.000000,FLOOD,23002.92,IN_REVIEW,True
10305,3302,606,2025-08-15 23:11:17.000000,COLLISION,18818.49,OPEN,True
10306,1683,3009,2024-09-10 14:18:35.000000,FLOOD,1512.92,REJECTED,False
10307,2895,2233,2026-04-23 20:00:44.000000,GLASS_DAMAGE,4971.22,APPROVED,False
10308,4323,86,2025-09-03 01:16:02.000000,VANDALISM,11021.71,REJECTED,False
10309,2986,1237,2025-07-16 22:18:37.000000,GLASS_DAMAGE,16695.01,OPEN,False
10310,3443,568,2025-12-30 04:59:16.000000,THEFT,2198.82,OPEN,False
10311,2980,4144,2025-11-10 00:42:47.000000,THEFT,3263.32,IN_REVIEW,False
10312,551,2597,2024-05-31 06:41:24.000000,FLOOD,4431.06,CLOSED,False
10313,1395,2459,2025-10-18 06:16:49.000000,VANDALISM,23685.67,APPROVED,True
10314,4794,2864,2024-08-30 00:14:45.000000,FLOOD,3675.41,OPEN,False
10315,2883,3617,2026-03-04 13:56:39.000000,FLOOD,10559.99,IN_REVIEW,False
10316,1762,2721,2025-01-21 18:00:36.000000,FIRE,1179.99,IN_REVIEW,False
10317,553,2050,2025-04-10 05:53:47.000000,THEFT,11579.17,APPROVED,False
10318,2510,859,2024-11-13 21:39:48.000000,COLLISION,19819.82,OPEN,True
10319,4051,2132,2024-08-07 03:29:25.000000,GLASS_DAMAGE,24294.26,CLOSED,True
10320,2589,3967,2025-12-29 08:23:11.000000,COLLISION,727.02,CLOSED,False
10321,4110,1622,2025-04-14 04:17:32.000000,GLASS_DAMAGE,7900.25,APPROVED,False
10322,4115,403,2025-03-08 15:45:43.000000,COLLISION,23991.16,IN_REVIEW,True
10323,3072,3739,2025-06-10 23:11:03.000000,FLOOD,6034.57,CLOSED,False
10324,524,530,2024-05-26 16:19:30.000000,COLLISION,3185.1,IN_REVIEW,False
10325,1930,1068,2026-02-21 11:17:53.000000,GLASS_DAMAGE,254.98,CLOSED,False
10326,3670,3744,2024-10-06 12:13:02.000000,GLASS_DAMAGE,19926.46,CLOSED,True
10327,3235,3247,2025-11-17 14:15:44.000000,FIRE,3869.79,APPROVED,False
10328,3899,325,2024-05-13 18:17:58.000000,THEFT,10158.55,OPEN,False
10329,893,2327,2025-06-10 01:20:29.000000,GLASS_DAMAGE,13266.64,REJECTED,False
10330,1344,3743,2025-06-20 15:53:16.000000,GLASS_DAMAGE,7147.06,OPEN,False
10331,4539,2967,2025-03-27 06:46:27.000000,VANDALISM,13458.82,IN_REVIEW,False
10332,3694,3471,2025-11-04 06:55:11.000000,FIRE,4739.3,CLOSED,False
10333,2213,2027,2026-03-22 01:08:40.000000,GLASS_DAMAGE,8863.97,CLOSED,False
10334,1775,2794,2026-03-18 00:20:25.000000,FIRE,4578.03,REJECTED,False
10335,932,1248,2026-05-07 06:08:21.000000,FLOOD,4260.26,REJECTED,False
10336,449,2118,2026-04-08 20:35:08.000000,FLOOD,13038.82,REJECTED,False
10337,1095,4160,2024-12-22 22:52:55.000000,THEFT,16472.19,APPROVED,False
10338,1595,1746,2025-07-21 07:58:35.000000,COLLISION,20957.65,IN_REVIEW,True
10339,2278,3119,2024-12-25 06:52:02.000000,COLLISION,12507.21,REJECTED,False
10340,1869,2695,2025-11-21 18:28:56.000000,VANDALISM,17882.65,IN_REVIEW,False
10341,789,2792,2025-11-22 14:49:14.000000,THEFT,23567.63,CLOSED,True
10342,2450,2308,2025-03-19 07:00:34.000000,GLASS_DAMAGE,22409.5,REJECTED,True
10343,3998,742,2026-03-09 23:39:45.000000,FLOOD,13624.46,REJECTED,False
10344,2537,1109,2025-07-23 09:20:39.000000,THEFT,8746.03,IN_REVIEW,False
10345,1567,257,2025-11-02 18:26:47.000000,GLASS_DAMAGE,6074.89,IN_REVIEW,False
10346,4040,1387,2024-06-16 06:33:07.000000,THEFT,17052.31,REJECTED,False
10347,2920,3650,2024-08-04 17:53:11.000000,THEFT,18980.33,OPEN,True
10348,4421,984,2024-09-25 11:44:24.000000,VANDALISM,6922.29,CLOSED,False
10349,1128,2719,2024-10-21 06:18:07.000000,GLASS_DAMAGE,5076.26,IN_REVIEW,False
10350,3799,985,2026-02-20 12:28:33.000000,GLASS_DAMAGE,3695.66,APPROVED,False
10351,2026,3886,2024-05-29 10:47:28.000000,THEFT,10288.51,OPEN,False
10352,1145,2940,2026-01-07 15:46:00.000000,THEFT,16819.41,REJECTED,False
10353,3874,2730,2025-10-05 08:55:16.000000,THEFT,8819.12,IN_REVIEW,False
10354,3921,427,2026-01-11 17:22:48.000000,COLLISION,8363.46,OPEN,False
10355,1586,1040,2024-07-18 11:13:47.000000,VANDALISM,3779.94,REJECTED,False
10356,1695,1670,2025-12-03 03:17:48.000000,FIRE,19827.35,REJECTED,True
10357,1795,2332,2024-05-21 17:43:15.000000,COLLISION,1370.35,IN_REVIEW,False
10358,54,3281,2025-08-02 12:46:13.000000,COLLISION,14482.6,OPEN,False
10359,3918,2904,2026-04-01 05:34:02.000000,COLLISION,17656.46,OPEN,False
10360,2438,3418,2025-09-14 01:27:07.000000,THEFT,11544.17,APPROVED,False
10361,4018,3725,2025-03-11 13:15:02.000000,FLOOD,16198.46,IN_REVIEW,False
10362,3721,227,2024-07-27 03:11:03.000000,GLASS_DAMAGE,15453.68,IN_REVIEW,False
10363,4018,1805,2025-09-27 00:32:55.000000,VANDALISM,13917.52,OPEN,False
10364,3631,707,2026-04-17 13:03:36.000000,GLASS_DAMAGE,1093.79,IN_REVIEW,False
10365,3622,1550,2024-11-07 11:12:40.000000,THEFT,20577.47,IN_REVIEW,True
10366,2163,2051,2026-04-18 03:03:13.000000,GLASS_DAMAGE,18107.96,IN_REVIEW,True
10367,1765,685,2024-10-30 04:57:32.000000,GLASS_DAMAGE,22763.07,APPROVED,True
10368,1405,923,2024-10-24 02:56:18.000000,GLASS_DAMAGE,20493.94,OPEN,True
10369,1455,3038,2025-09-24 09:12:19.000000,GLASS_DAMAGE,22573.68,CLOSED,True
10370,4488,3618,2024-10-29 20:38:17.000000,COLLISION,7248.37,APPROVED,False
10371,793,3538,2025-09-05 17:03:31.000000,GLASS_DAMAGE,13991.22,APPROVED,False
10372,3260,2394,2025-07-19 03:15:42.000000,FLOOD,12527.15,IN_REVIEW,False
10373,1307,862,2025-12-06 14:32:32.000000,THEFT,5995.71,IN_REVIEW,False
10374,175,4010,2024-08-26 20:23:30.000000,FIRE,21916.38,REJECTED,True
10375,4631,1553,2024-11-27 04:35:31.000000,FLOOD,8306.07,APPROVED,False
10376,2715,4008,2026-01-31 06:33:51.000000,GLASS_DAMAGE,6340.59,REJECTED,False
10377,2349,2449,2025-06-03 18:22:24.000000,FIRE,21413.84,CLOSED,True
10378,3106,3493,2024-08-14 22:12:19.000000,GLASS_DAMAGE,17006.14,CLOSED,False
10379,379,3452,2024-11-02 16:17:30.000000,COLLISION,24290.21,OPEN,True
10380,2777,3199,2024-05-14 06:03:22.000000,GLASS_DAMAGE,12978.42,APPROVED,False
10381,706,1922,2026-03-10 05:30:29.000000,COLLISION,21200.08,IN_REVIEW,True
10382,4355,1367,2025-06-14 10:23:02.000000,FIRE,8207.63,IN_REVIEW,False
10383,4186,3938,2024-12-30 02:40:50.000000,GLASS_DAMAGE,14498.25,REJECTED,False
10384,638,1111,2024-12-30 17:27:12.000000,FIRE,11217.82,REJECTED,False
10385,2248,1735,2025-06-18 03:32:43.000000,VANDALISM,23295.99,APPROVED,True
10386,1432,2953,2025-05-29 11:10:46.000000,COLLISION,21498.85,APPROVED,True
10387,1450,3871,2025-03-08 21:53:00.000000,FIRE,10766.74,REJECTED,False
10388,3357,3588,2025-08-29 21:21:28.000000,FLOOD,5476.58,OPEN,False
10389,3431,3324,2024-08-31 12:50:47.000000,FLOOD,22955.43,REJECTED,True
10390,1793,3409,2026-03-18 06:06:27.000000,FIRE,2870.0,APPROVED,False
10391,34,3439,2024-10-29 09:12:43.000000,FIRE,14815.67,APPROVED,False
10392,327,492,2024-10-06 23:23:09.000000,VANDALISM,4063.64,IN_REVIEW,False
10393,3021,3039,2025-01-15 22:03:59.000000,FIRE,7436.12,CLOSED,False
10394,271,3184,2025-04-29 07:36:56.000000,COLLISION,24681.38,IN_REVIEW,True
10395,3685,3225,2025-08-18 20:49:20.000000,VANDALISM,13316.93,CLOSED,False
10396,1233,494,2025-05-23 02:00:48.000000,FLOOD,11724.62,CLOSED,False
10397,4649,3907,2025-12-15 12:00:46.000000,GLASS_DAMAGE,24554.03,APPROVED,True
10398,2325,387,2025-06-10 00:26:10.000000,GLASS_DAMAGE,1843.95,REJECTED,False
10399,149,2727,2025-04-30 16:29:30.000000,GLASS_DAMAGE,10933.03,CLOSED,False
10400,1384,255,2024-11-03 18:39:30.000000,FIRE,17726.2,REJECTED,False
10401,2841,901,2025-08-11 11:05:58.000000,THEFT,19857.25,CLOSED,True
10402,3579,3465,2024-05-19 14:16:24.000000,GLASS_DAMAGE,3087.9,REJECTED,False
10403,645,2016,2024-10-12 14:26:26.000000,FLOOD,12239.05,OPEN,False
10404,2037,4172,2025-08-28 21:47:58.000000,VANDALISM,17850.74,APPROVED,False
10405,3682,1251,2025-06-08 09:59:26.000000,VANDALISM,16450.22,APPROVED,False
10406,3039,1636,2024-09-01 08:34:41.000000,THEFT,21700.32,REJECTED,True
10407,4218,275,2025-08-09 05:53:42.000000,COLLISION,14720.65,IN_REVIEW,False
10408,4315,1392,2026-02-02 01:23:33.000000,FIRE,10307.71,IN_REVIEW,False
10409,674,2210,2026-03-09 09:28:27.000000,THEFT,11437.67,APPROVED,False
10410,1552,1367,2025-05-14 12:51:53.000000,GLASS_DAMAGE,10733.13,OPEN,False
10411,4788,3588,2024-06-05 07:18:41.000000,FIRE,20879.18,REJECTED,True
10412,2347,2381,2026-04-18 21:33:51.000000,FLOOD,9475.74,IN_REVIEW,False
10413,2633,3303,2026-01-19 17:44:22.000000,COLLISION,11731.51,REJECTED,False
10414,1604,1637,2026-02-23 23:04:21.000000,THEFT,13440.42,REJECTED,False
10415,3431,374,2025-08-17 15:29:44.000000,THEFT,21506.83,APPROVED,True
10416,3012,4078,2025-11-03 01:42:22.000000,COLLISION,3230.71,APPROVED,False
10417,3115,1146,2026-04-02 23:24:19.000000,GLASS_DAMAGE,5150.93,IN_REVIEW,False
10418,3022,2612,2026-03-01 19:14:17.000000,VANDALISM,4418.22,OPEN,False
10419,878,384,2025-09-12 14:40:40.000000,FLOOD,17340.52,OPEN,False
10420,3765,3855,2025-05-18 10:45:27.000000,VANDALISM,9196.5,IN_REVIEW,False
10421,1894,3855,2025-05-21 06:59:19.000000,THEFT,6144.22,IN_REVIEW,False
10422,2078,2235,2026-03-13 09:55:32.000000,FLOOD,22272.23,OPEN,True
10423,4288,531,2025-12-23 11:01:32.000000,FIRE,1071.1,REJECTED,False
10424,2555,326,2025-12-22 00:39:34.000000,VANDALISM,5374.39,OPEN,False
10425,1386,2342,2024-09-29 20:59:47.000000,FIRE,12850.49,IN_REVIEW,False
10426,1201,196,2025-06-21 10:10:08.000000,COLLISION,14234.45,CLOSED,False
10427,936,1292,2025-11-02 13:19:34.000000,FLOOD,18529.23,REJECTED,True
10428,4416,878,2024-11-07 17:03:16.000000,GLASS_DAMAGE,21468.46,IN_REVIEW,True
10429,618,911,2024-08-23 16:29:30.000000,FIRE,10149.55,CLOSED,False
10430,4287,852,2025-12-31 02:54:15.000000,GLASS_DAMAGE,15739.38,IN_REVIEW,False
10431,414,2090,2024-05-17 00:04:24.000000,VANDALISM,20643.61,APPROVED,True
10432,3615,3673,2025-11-26 08:04:27.000000,VANDALISM,865.71,IN_REVIEW,False
10433,2737,3975,2025-12-08 06:01:41.000000,COLLISION,23647.14,REJECTED,True
10434,829,3252,2025-05-19 02:47:02.000000,COLLISION,15765.86,APPROVED,False
10435,2117,3865,2024-06-08 04:53:22.000000,THEFT,14445.48,OPEN,False
10436,3841,2765,2025-07-17 04:19:53.000000,FLOOD,10821.75,REJECTED,False
10437,2306,1779,2025-07-27 22:39:22.000000,VANDALISM,2317.78,APPROVED,False
10438,3724,1095,2025-05-14 14:38:48.000000,THEFT,4108.57,REJECTED,False
10439,246,2261,2024-12-01 21:32:01.000000,FIRE,19556.47,CLOSED,True
10440,2431,1691,2025-02-03 18:17:35.000000,THEFT,10764.95,IN_REVIEW,False
10441,3700,442,2025-07-22 05:46:17.000000,THEFT,18895.1,CLOSED,True
10442,3158,3603,2025-10-04 15:29:50.000000,GLASS_DAMAGE,11729.86,CLOSED,False
10443,2020,1200,2025-10-01 02:25:14.000000,COLLISION,6757.71,OPEN,False
10444,4128,1414,2025-03-10 19:14:16.000000,COLLISION,6629.19,REJECTED,False
10445,1321,1727,2024-09-15 07:32:00.000000,GLASS_DAMAGE,21690.66,APPROVED,True
10446,807,2455,2025-09-11 17:43:13.000000,THEFT,21588.05,REJECTED,True
10447,3993,392,2024-08-30 00:34:00.000000,GLASS_DAMAGE,22487.43,REJECTED,True
10448,448,1895,2025-12-04 05:07:40.000000,GLASS_DAMAGE,1774.02,CLOSED,False
10449,3988,3089,2024-11-04 08:19:26.000000,FIRE,7075.22,IN_REVIEW,False
10450,2952,2650,2024-06-02 20:30:49.000000,COLLISION,2461.11,REJECTED,False
10451,2870,2230,2025-05-27 03:48:16.000000,GLASS_DAMAGE,2728.77,REJECTED,False
10452,1402,1830,2025-08-14 01:48:51.000000,FLOOD,17169.84,APPROVED,False
10453,2244,2251,2024-07-16 23:45:51.000000,GLASS_DAMAGE,2724.46,OPEN,False
10454,3990,3496,2024-12-03 23:37:34.000000,VANDALISM,18067.58,CLOSED,True
10455,1469,3850,2025-12-10 20:04:53.000000,THEFT,19942.48,CLOSED,True
10456,1589,3829,2025-10-20 21:52:36.000000,GLASS_DAMAGE,20234.04,IN_REVIEW,True
10457,222,2414,2025-04-11 01:41:20.000000,FLOOD,21778.35,REJECTED,True
10458,1009,2658,2024-06-30 01:16:14.000000,THEFT,1560.9,IN_REVIEW,False
10459,3880,490,2026-03-16 13:54:55.000000,FLOOD,8002.63,OPEN,False
10460,1069,3118,2025-04-03 08:57:54.000000,GLASS_DAMAGE,18517.49,IN_REVIEW,True
10461,2853,1707,2026-03-15 08:01:41.000000,FIRE,14943.26,APPROVED,False
10462,1143,686,2026-02-22 13:54:27.000000,FLOOD,16034.3,OPEN,False
10463,967,778,2025-11-10 19:30:02.000000,THEFT,11278.79,APPROVED,False
10464,3735,58,2025-11-29 07:38:54.000000,FLOOD,17680.49,OPEN,False
10465,3784,576,2025-03-02 07:54:22.000000,THEFT,16182.28,REJECTED,False
10466,2396,3476,2025-02-05 08:43:02.000000,FLOOD,9687.21,APPROVED,False
10467,1098,2158,2025-03-13 11:38:10.000000,COLLISION,20029.22,REJECTED,True
10468,250,2982,2025-02-11 23:11:31.000000,VANDALISM,12381.94,APPROVED,False
10469,2198,2789,2026-03-10 13:46:53.000000,GLASS_DAMAGE,3041.86,IN_REVIEW,False
10470,1418,813,2025-01-17 09:18:12.000000,GLASS_DAMAGE,15310.37,IN_REVIEW,False
10471,2350,2376,2025-01-12 07:48:42.000000,GLASS_DAMAGE,22831.97,OPEN,True
10472,747,2875,2025-06-05 09:23:54.000000,COLLISION,7273.2,IN_REVIEW,False
10473,4140,2964,2025-07-16 06:49:12.000000,FIRE,21885.43,CLOSED,True
10474,3705,1270,2025-02-10 23:53:46.000000,COLLISION,21344.59,CLOSED,True
10475,2510,790,2024-05-26 05:36:02.000000,GLASS_DAMAGE,16078.65,CLOSED,False
10476,1143,1855,2024-11-19 00:31:34.000000,COLLISION,5038.23,IN_REVIEW,False
10477,4035,1407,2026-02-08 16:18:54.000000,VANDALISM,496.37,OPEN,False
10478,2977,2277,2025-04-11 16:26:58.000000,THEFT,8037.7,REJECTED,False
10479,4727,3048,2025-07-14 23:20:18.000000,VANDALISM,5316.18,REJECTED,False
10480,1998,1023,2024-09-16 04:25:57.000000,VANDALISM,10959.73,APPROVED,False
10481,1284,1742,2026-03-25 15:58:35.000000,FLOOD,3177.14,OPEN,False
10482,822,2309,2024-08-19 01:42:08.000000,THEFT,21908.15,CLOSED,True
10483,1449,3400,2026-02-28 07:23:07.000000,THEFT,8070.86,IN_REVIEW,False
10484,4397,893,2024-08-16 13:58:20.000000,FLOOD,11132.2,REJECTED,False
10485,3806,3674,2024-11-13 11:10:50.000000,FIRE,13928.72,CLOSED,False
10486,2406,195,2026-01-20 20:31:10.000000,FLOOD,19441.54,REJECTED,True
10487,3047,1005,2025-10-20 16:59:02.000000,VANDALISM,21684.14,REJECTED,True
10488,3250,95,2024-08-08 20:05:06.000000,THEFT,3137.37,IN_REVIEW,False
10489,4540,226,2025-08-06 16:35:50.000000,THEFT,1510.63,CLOSED,False
10490,4225,1538,2026-04-24 19:33:12.000000,THEFT,14672.83,CLOSED,False
10491,4305,1641,2024-08-29 23:58:17.000000,VANDALISM,1938.2,REJECTED,False
10492,2737,3801,2025-12-21 07:22:23.000000,VANDALISM,11987.74,IN_REVIEW,False
10493,2390,310,2026-01-08 12:11:46.000000,COLLISION,23153.66,IN_REVIEW,True
10494,2495,207,2026-04-07 07:50:45.000000,GLASS_DAMAGE,8649.17,APPROVED,False
10495,1130,2109,2024-09-23 08:01:58.000000,GLASS_DAMAGE,20668.42,APPROVED,True
10496,3257,2321,2024-10-18 23:09:43.000000,FIRE,4388.75,IN_REVIEW,False
10497,1722,2014,2025-04-14 02:19:42.000000,FIRE,12967.28,REJECTED,False
10498,2020,2146,2025-02-17 08:18:22.000000,VANDALISM,21359.74,OPEN,True
10499,404,2053,2024-12-15 17:55:00.000000,GLASS_DAMAGE,17553.83,OPEN,False
10500,454,1287,2025-09-11 23:21:17.000000,COLLISION,11177.81,CLOSED,False
10501,350,3370,2024-07-13 23:19:24.000000,GLASS_DAMAGE,24761.16,CLOSED,True
10502,1003,3267,2025-02-08 22:59:51.000000,COLLISION,8398.1,CLOSED,False
10503,3696,242,2025-01-13 09:15:19.000000,GLASS_DAMAGE,1575.53,CLOSED,False
10504,4125,1167,2025-08-25 17:01:59.000000,COLLISION,15752.39,REJECTED,False
10505,4751,2786,2025-03-07 11:21:44.000000,THEFT,4732.5,CLOSED,False
10506,2042,240,2025-06-22 03:27:34.000000,COLLISION,18971.51,APPROVED,True
10507,1769,1308,2025-09-13 17:42:10.000000,GLASS_DAMAGE,22109.21,IN_REVIEW,True
10508,113,161,2025-04-09 22:38:14.000000,GLASS_DAMAGE,11577.42,OPEN,False
10509,4322,1840,2025-09-11 23:32:24.000000,GLASS_DAMAGE,23278.75,OPEN,True
10510,2512,879,2025-03-28 02:00:59.000000,VANDALISM,3982.39,OPEN,False
10511,2470,3836,2025-10-31 21:01:35.000000,FIRE,21091.81,REJECTED,True
10512,3830,1579,2025-01-17 20:24:27.000000,VANDALISM,1054.05,OPEN,False
10513,1446,4192,2025-10-29 14:56:37.000000,GLASS_DAMAGE,12534.74,APPROVED,False
10514,2732,3227,2024-08-15 04:46:52.000000,FLOOD,8209.89,OPEN,False
10515,2262,1815,2025-07-16 01:44:06.000000,COLLISION,19269.89,APPROVED,True
10516,2179,2764,2024-05-21 10:12:20.000000,THEFT,917.79,REJECTED,False
10517,1746,1406,2026-04-02 03:15:47.000000,FLOOD,2869.8,APPROVED,False
10518,561,2746,2024-07-19 04:26:05.000000,FIRE,4364.31,OPEN,False
10519,250,3307,2026-01-16 03:14:52.000000,VANDALISM,7812.34,CLOSED,False
10520,760,1526,2025-11-29 13:41:56.000000,GLASS_DAMAGE,21082.31,IN_REVIEW,True
10521,3363,3984,2026-02-09 00:15:25.000000,FIRE,12606.85,CLOSED,False
10522,2431,715,2024-10-29 15:36:36.000000,THEFT,20169.64,IN_REVIEW,True
10523,1063,1301,2024-12-14 15:48:11.000000,COLLISION,20650.41,OPEN,True
10524,1097,3683,2025-03-18 11:23:39.000000,FIRE,19270.38,OPEN,True
10525,1523,864,2025-11-19 08:45:30.000000,GLASS_DAMAGE,5101.69,OPEN,False
10526,2440,2084,2025-07-15 02:42:41.000000,VANDALISM,5346.11,REJECTED,False
10527,1668,1443,2025-03-27 06:50:30.000000,COLLISION,5326.67,APPROVED,False
10528,2550,2446,2025-02-15 21:17:58.000000,FIRE,23916.65,APPROVED,True
10529,4780,7,2026-03-09 08:37:05.000000,VANDALISM,23836.5,REJECTED,True
10530,1180,695,2025-08-24 20:58:38.000000,THEFT,7843.24,REJECTED,False
10531,2858,4081,2026-04-26 12:33:30.000000,FIRE,21967.93,OPEN,True
10532,1730,2831,2025-02-11 16:01:57.000000,GLASS_DAMAGE,8374.07,REJECTED,False
10533,3969,2745,2024-11-16 07:24:51.000000,GLASS_DAMAGE,769.48,CLOSED,False
10534,2794,3827,2025-11-06 05:05:55.000000,FLOOD,12744.74,REJECTED,False
10535,4087,1033,2025-04-11 15:25:29.000000,THEFT,17052.73,APPROVED,False
10536,3354,239,2025-10-12 03:53:17.000000,COLLISION,24837.97,REJECTED,True
10537,1429,820,2025-08-16 14:52:31.000000,THEFT,14709.57,APPROVED,False
10538,3273,1005,2024-10-26 11:49:23.000000,VANDALISM,7277.12,APPROVED,False
10539,3432,465,2024-06-13 04:41:26.000000,GLASS_DAMAGE,13705.63,OPEN,False
10540,984,1023,2025-12-13 15:18:32.000000,THEFT,24125.85,REJECTED,True
10541,3919,1008,2025-08-13 17:43:45.000000,FLOOD,3574.69,CLOSED,False
10542,3771,3726,2024-11-23 21:01:05.000000,GLASS_DAMAGE,14213.43,OPEN,False
10543,909,4095,2024-08-11 07:50:06.000000,FIRE,23783.46,CLOSED,True
10544,1793,1991,2024-07-25 05:03:36.000000,GLASS_DAMAGE,17546.07,APPROVED,False
10545,692,3243,2026-01-06 02:34:41.000000,COLLISION,24348.61,APPROVED,True
10546,4699,690,2026-01-26 11:55:54.000000,THEFT,22866.62,APPROVED,True
10547,1319,3915,2024-11-13 11:58:57.000000,VANDALISM,20288.9,OPEN,True
10548,4135,1465,2025-10-19 09:45:19.000000,VANDALISM,12141.99,APPROVED,False
10549,1915,1274,2024-11-30 09:56:23.000000,VANDALISM,1501.58,APPROVED,False
10550,1985,2186,2025-03-19 15:33:30.000000,COLLISION,1902.01,REJECTED,False
10551,297,2678,2025-01-06 14:17:43.000000,FLOOD,18481.92,IN_REVIEW,True
10552,4586,4115,2025-10-05 03:32:07.000000,FIRE,7176.01,CLOSED,False
10553,3198,3071,2025-06-24 10:03:26.000000,FIRE,20362.45,IN_REVIEW,True
10554,49,1781,2025-11-13 12:21:44.000000,COLLISION,24537.16,IN_REVIEW,True
10555,1142,2438,2025-12-23 10:18:18.000000,FLOOD,21719.78,REJECTED,True
10556,1071,606,2025-01-27 06:56:24.000000,THEFT,9052.12,CLOSED,False
10557,114,1033,2024-07-28 14:05:06.000000,FLOOD,4830.57,OPEN,False
10558,61,3216,2025-10-04 05:22:48.000000,THEFT,8765.99,APPROVED,False
10559,2254,3505,2025-06-16 01:26:25.000000,FIRE,7497.33,CLOSED,False
10560,2225,495,2024-09-14 05:02:15.000000,THEFT,1702.75,APPROVED,False
10561,4792,1177,2025-07-05 08:53:16.000000,FLOOD,24731.89,REJECTED,True
10562,4191,3480,2025-03-25 10:56:22.000000,THEFT,12815.91,IN_REVIEW,False
10563,2640,325,2024-06-14 01:01:18.000000,GLASS_DAMAGE,18387.79,REJECTED,True
10564,2376,3726,2024-07-11 14:24:46.000000,FIRE,19443.93,OPEN,True
10565,1434,733,2024-06-23 08:28:57.000000,VANDALISM,12522.21,CLOSED,False
10566,2238,3569,2025-10-29 04:10:39.000000,VANDALISM,21387.23,IN_REVIEW,True
10567,3822,3541,2026-01-18 02:17:14.000000,FLOOD,24970.12,CLOSED,True
10568,1760,1753,2026-03-14 15:02:07.000000,FLOOD,6900.96,CLOSED,False
10569,1827,231,2024-10-14 23:17:35.000000,COLLISION,5102.32,APPROVED,False
10570,545,4144,2024-08-12 20:35:40.000000,FLOOD,3746.42,APPROVED,False
10571,1287,2268,2024-05-21 00:11:03.000000,THEFT,3454.75,IN_REVIEW,False
10572,3786,1598,2026-03-23 00:35:54.000000,FLOOD,13161.84,APPROVED,False
10573,888,469,2025-10-22 06:25:33.000000,FLOOD,11792.52,REJECTED,False
10574,1630,2754,2025-11-30 22:43:29.000000,COLLISION,15990.55,REJECTED,False
10575,1141,1031,2024-07-12 02:29:09.000000,FIRE,20693.35,OPEN,True
10576,4311,142,2025-09-21 20:23:25.000000,VANDALISM,4866.39,IN_REVIEW,False
10577,1534,1025,2025-03-29 09:02:40.000000,VANDALISM,21142.25,OPEN,True
10578,4182,303,2024-11-29 04:17:36.000000,GLASS_DAMAGE,8147.63,CLOSED,False
10579,1802,3448,2025-12-05 01:38:49.000000,FLOOD,6721.35,IN_REVIEW,False
10580,3985,1663,2025-09-12 11:39:38.000000,FLOOD,11255.89,CLOSED,False
10581,4679,1970,2025-08-12 05:16:05.000000,VANDALISM,12574.23,REJECTED,False
10582,2872,3407,2025-09-04 13:46:59.000000,THEFT,24228.14,OPEN,True
10583,2244,2168,2025-02-20 23:11:04.000000,THEFT,19511.31,IN_REVIEW,True
10584,1090,648,2024-08-16 16:01:57.000000,COLLISION,3340.55,APPROVED,False
10585,2765,3771,2025-09-08 22:13:37.000000,THEFT,7543.01,IN_REVIEW,False
10586,2469,3931,2025-11-10 15:30:11.000000,FIRE,11402.12,REJECTED,False
10587,2775,36,2024-12-10 14:16:05.000000,THEFT,11065.4,APPROVED,False
10588,2291,3334,2025-10-21 19:18:57.000000,COLLISION,18796.64,IN_REVIEW,True
10589,651,2830,2025-12-12 13:21:59.000000,COLLISION,3596.65,IN_REVIEW,False
10590,92,3038,2024-10-01 14:00:30.000000,COLLISION,13549.8,IN_REVIEW,False
10591,3023,2236,2026-04-26 09:00:11.000000,FIRE,12119.83,CLOSED,False
10592,3621,1423,2025-08-13 12:45:41.000000,GLASS_DAMAGE,18103.24,OPEN,True
10593,1150,340,2025-04-02 13:37:42.000000,VANDALISM,19938.87,IN_REVIEW,True
10594,1098,2122,2025-08-18 04:23:41.000000,FLOOD,12482.73,REJECTED,False
10595,3435,591,2025-12-22 05:41:02.000000,FLOOD,3076.81,CLOSED,False
10596,900,2110,2024-07-22 00:46:52.000000,FIRE,4939.2,OPEN,False
10597,4041,790,2024-08-01 08:17:41.000000,FLOOD,14972.75,OPEN,False
10598,4504,729,2025-06-06 06:09:35.000000,COLLISION,8674.04,IN_REVIEW,False
10599,151,1358,2025-09-28 22:32:16.000000,VANDALISM,9054.14,IN_REVIEW,False
10600,2843,4096,2024-11-30 07:58:36.000000,VANDALISM,20123.62,APPROVED,True
10601,3791,1091,2026-04-02 12:29:23.000000,FLOOD,20686.15,OPEN,True
10602,1950,197,2026-02-19 12:56:03.000000,FLOOD,2475.9,CLOSED,False
10603,1331,4049,2025-06-27 22:20:20.000000,VANDALISM,13388.89,IN_REVIEW,False
10604,3851,3466,2024-12-09 06:18:07.000000,THEFT,19511.16,OPEN,True
10605,2511,2855,2024-09-24 21:20:22.000000,COLLISION,16406.6,CLOSED,False
10606,304,2035,2026-03-05 17:32:24.000000,COLLISION,20511.45,CLOSED,True
10607,1427,447,2025-02-14 11:29:57.000000,THEFT,11108.01,IN_REVIEW,False
10608,4095,35,2026-05-07 05:51:06.000000,GLASS_DAMAGE,21088.62,OPEN,True
10609,3231,802,2025-08-04 08:14:53.000000,VANDALISM,11445.57,APPROVED,False
10610,4348,3381,2024-06-25 23:24:12.000000,GLASS_DAMAGE,13068.07,APPROVED,False
10611,4146,3484,2024-11-12 16:00:43.000000,COLLISION,13774.68,REJECTED,False
10612,660,1542,2026-04-01 21:55:10.000000,VANDALISM,1869.26,OPEN,False
10613,801,1149,2025-11-01 00:12:00.000000,COLLISION,5054.91,REJECTED,False
10614,228,2222,2024-08-27 12:35:25.000000,THEFT,7138.64,APPROVED,False
10615,268,1889,2025-10-09 01:00:52.000000,FLOOD,17786.64,REJECTED,False
10616,1957,3199,2025-04-08 15:32:20.000000,FIRE,18356.18,IN_REVIEW,True
10617,1016,402,2024-12-05 15:18:42.000000,FLOOD,16280.18,APPROVED,False
10618,4089,1513,2025-06-13 12:41:06.000000,GLASS_DAMAGE,14457.87,APPROVED,False
10619,2940,1988,2025-06-24 00:07:05.000000,FIRE,23840.59,REJECTED,True
10620,1682,2415,2024-07-22 12:41:28.000000,FIRE,15986.65,OPEN,False
10621,2762,1555,2026-04-02 01:27:38.000000,COLLISION,15932.09,REJECTED,False
10622,1491,3930,2026-01-02 00:42:58.000000,FIRE,9708.86,REJECTED,False
10623,1946,176,2026-04-07 19:01:54.000000,FLOOD,6930.38,CLOSED,False
10624,3423,1690,2026-02-16 14:30:50.000000,VANDALISM,20602.38,REJECTED,True
10625,687,133,2024-11-16 06:42:21.000000,VANDALISM,24516.71,REJECTED,True
10626,579,1380,2024-10-12 06:36:29.000000,COLLISION,16379.2,CLOSED,False
10627,2660,347,2025-11-25 21:21:23.000000,FIRE,20663.69,IN_REVIEW,True
10628,3622,774,2025-08-01 15:28:14.000000,VANDALISM,548.72,REJECTED,False
10629,1906,39,2024-11-16 19:21:54.000000,FIRE,9203.27,OPEN,False
10630,4652,3796,2026-01-09 02:24:10.000000,FLOOD,14204.24,REJECTED,False
10631,1328,2141,2024-12-27 10:08:38.000000,GLASS_DAMAGE,24611.73,OPEN,True
10632,1761,1488,2026-05-08 07:59:35.000000,GLASS_DAMAGE,14900.83,APPROVED,False
10633,25,3151,2024-08-26 17:55:10.000000,COLLISION,22743.98,IN_REVIEW,True
10634,4674,96,2025-06-25 10:24:34.000000,COLLISION,16039.88,APPROVED,False
10635,4590,787,2025-10-08 13:16:55.000000,THEFT,11507.77,IN_REVIEW,False
10636,2456,1370,2024-07-20 12:34:52.000000,FLOOD,13235.35,CLOSED,False
10637,2162,2909,2026-05-04 03:43:16.000000,COLLISION,16050.76,OPEN,False
10638,2619,3970,2025-04-25 06:00:30.000000,FIRE,24760.94,REJECTED,True
10639,2612,1204,2026-01-04 18:09:46.000000,THEFT,1772.89,IN_REVIEW,False
10640,4213,3988,2026-01-24 22:18:28.000000,THEFT,1342.17,APPROVED,False
10641,4674,4105,2024-08-31 09:59:23.000000,FIRE,7928.47,APPROVED,False
10642,4024,3490,2024-08-26 02:28:33.000000,THEFT,5408.54,CLOSED,False
10643,2096,2503,2025-03-07 12:46:49.000000,COLLISION,20081.8,OPEN,True
10644,2227,529,2026-04-27 05:03:35.000000,GLASS_DAMAGE,7658.17,IN_REVIEW,False
10645,2726,1470,2024-10-08 02:37:41.000000,GLASS_DAMAGE,4153.27,OPEN,False
10646,856,329,2024-12-01 21:05:15.000000,FIRE,7732.18,IN_REVIEW,False
10647,3258,3788,2025-01-31 16:27:57.000000,GLASS_DAMAGE,12955.26,OPEN,False
10648,227,2177,2024-11-19 13:59:31.000000,GLASS_DAMAGE,604.4,IN_REVIEW,False
10649,1115,2872,2025-04-08 07:21:06.000000,FIRE,12712.96,REJECTED,False
10650,664,4190,2024-06-02 06:36:49.000000,GLASS_DAMAGE,9989.82,REJECTED,False
10651,2964,3439,2024-07-24 12:37:25.000000,THEFT,23926.73,APPROVED,True
10652,1679,2863,2025-08-21 19:02:08.000000,FIRE,23718.7,IN_REVIEW,True
10653,3180,4161,2025-09-12 18:01:49.000000,FLOOD,14740.8,APPROVED,False
10654,2940,2014,2025-03-22 07:43:06.000000,FLOOD,24020.26,IN_REVIEW,True
10655,2883,246,2024-07-01 23:52:30.000000,FLOOD,24061.87,IN_REVIEW,True
10656,2991,4199,2024-07-13 17:38:33.000000,VANDALISM,8179.12,IN_REVIEW,False
10657,2713,782,2024-09-12 12:48:16.000000,FLOOD,19132.48,CLOSED,True
10658,112,1708,2024-06-12 15:05:06.000000,COLLISION,10850.55,CLOSED,False
10659,1961,4171,2024-08-29 05:12:46.000000,THEFT,9184.36,CLOSED,False
10660,4380,3502,2025-03-11 04:34:07.000000,GLASS_DAMAGE,6382.03,CLOSED,False
10661,3587,1508,2024-05-31 01:54:46.000000,FLOOD,18985.61,REJECTED,True
10662,2036,138,2024-12-23 03:18:32.000000,FLOOD,1602.74,APPROVED,False
10663,896,4165,2025-06-04 00:49:21.000000,FLOOD,18650.31,IN_REVIEW,True
10664,4688,2852,2025-06-29 05:29:29.000000,COLLISION,9147.67,APPROVED,False
10665,3230,3767,2024-06-08 12:49:17.000000,VANDALISM,7616.44,OPEN,False
10666,3202,1777,2024-10-08 13:47:04.000000,FLOOD,7318.59,APPROVED,False
10667,3245,4063,2025-05-28 04:30:56.000000,FLOOD,9139.3,APPROVED,False
10668,1124,751,2025-09-18 18:33:16.000000,THEFT,4592.26,CLOSED,False
10669,18,2310,2024-12-15 15:56:56.000000,FLOOD,19468.87,OPEN,True
10670,4482,481,2025-07-08 22:41:19.000000,VANDALISM,17200.29,OPEN,False
10671,407,1503,2024-10-10 14:23:34.000000,FLOOD,15579.31,CLOSED,False
10672,2419,3257,2024-06-16 11:56:25.000000,FIRE,2580.27,REJECTED,False
10673,4583,2150,2025-10-19 19:30:02.000000,GLASS_DAMAGE,6937.36,IN_REVIEW,False
10674,1695,123,2025-12-24 20:32:28.000000,COLLISION,12274.46,REJECTED,False
10675,1808,1724,2026-04-08 01:59:08.000000,COLLISION,316.64,REJECTED,False
10676,356,988,2024-07-15 23:43:08.000000,COLLISION,21610.51,IN_REVIEW,True
10677,413,2300,2026-03-26 18:06:15.000000,FLOOD,1534.55,APPROVED,False
10678,1554,2241,2024-08-25 13:16:22.000000,COLLISION,19138.0,OPEN,True
10679,2186,1930,2024-08-20 21:06:06.000000,COLLISION,5532.64,OPEN,False
10680,1380,1601,2025-01-16 16:52:47.000000,THEFT,17925.22,REJECTED,False
10681,3118,4156,2025-02-22 16:43:31.000000,THEFT,9060.91,CLOSED,False
10682,1376,3542,2024-07-14 07:31:49.000000,GLASS_DAMAGE,862.38,APPROVED,False
10683,1174,2192,2024-06-02 00:07:13.000000,FLOOD,2989.2,CLOSED,False
10684,2488,973,2026-05-05 05:02:23.000000,THEFT,18033.87,APPROVED,True
10685,713,999,2025-11-20 23:01:34.000000,VANDALISM,12625.89,APPROVED,False
10686,407,1471,2024-08-24 23:23:27.000000,GLASS_DAMAGE,12967.92,IN_REVIEW,False
10687,3974,1362,2025-05-07 08:54:04.000000,GLASS_DAMAGE,20231.72,IN_REVIEW,True
10688,4030,1583,2025-05-13 08:58:21.000000,THEFT,6902.34,OPEN,False
10689,4250,1985,2026-03-07 20:37:20.000000,FLOOD,5710.61,CLOSED,False
10690,530,2210,2024-12-03 07:57:13.000000,VANDALISM,4135.82,REJECTED,False
10691,1120,893,2025-02-11 12:19:36.000000,THEFT,12735.53,REJECTED,False
10692,198,71,2024-06-25 10:23:43.000000,COLLISION,12111.12,CLOSED,False
10693,3121,1108,2025-08-21 08:53:01.000000,VANDALISM,23813.3,CLOSED,True
10694,448,2696,2025-03-01 23:06:26.000000,GLASS_DAMAGE,22504.54,CLOSED,True
10695,4137,3000,2024-10-12 19:57:51.000000,VANDALISM,10685.79,APPROVED,False
10696,3901,1619,2025-04-02 00:39:22.000000,FIRE,12797.21,IN_REVIEW,False
10697,3395,3902,2024-11-13 15:54:36.000000,COLLISION,9728.68,OPEN,False
10698,4754,2445,2026-03-08 12:16:39.000000,VANDALISM,13597.42,REJECTED,False
10699,3363,2521,2026-03-02 13:13:29.000000,THEFT,3402.4,REJECTED,False
10700,849,1077,2024-09-28 20:35:13.000000,GLASS_DAMAGE,9924.33,OPEN,False
10701,2744,3349,2024-06-28 23:11:22.000000,THEFT,21179.15,APPROVED,True
10702,1805,2304,2024-10-14 03:21:25.000000,FIRE,20845.91,OPEN,True
10703,1341,2412,2025-12-14 05:38:00.000000,THEFT,1925.64,CLOSED,False
10704,3467,635,2025-02-13 17:24:21.000000,VANDALISM,22570.67,IN_REVIEW,True
10705,40,1723,2025-10-31 16:00:11.000000,GLASS_DAMAGE,22078.14,REJECTED,True
10706,2742,1716,2024-12-31 10:09:13.000000,FIRE,4676.83,IN_REVIEW,False
10707,235,16,2025-10-01 18:27:50.000000,COLLISION,2128.0,OPEN,False
10708,1062,4058,2026-02-03 00:19:54.000000,FLOOD,10336.72,IN_REVIEW,False
10709,2462,1586,2025-12-26 22:14:16.000000,THEFT,21205.42,CLOSED,True
10710,287,3187,2024-08-26 08:40:34.000000,VANDALISM,20139.89,APPROVED,True
10711,533,818,2025-11-03 04:46:43.000000,COLLISION,19250.72,REJECTED,True
10712,4543,911,2026-02-01 13:42:39.000000,VANDALISM,13951.51,IN_REVIEW,False
10713,4447,1881,2025-06-13 14:18:32.000000,COLLISION,19644.01,OPEN,True
10714,4299,2619,2024-12-25 15:15:34.000000,GLASS_DAMAGE,19431.87,REJECTED,True
10715,2867,1019,2024-10-24 05:28:22.000000,FIRE,8823.84,APPROVED,False
10716,3452,969,2024-12-31 19:52:07.000000,GLASS_DAMAGE,12195.04,APPROVED,False
10717,836,549,2025-10-05 14:16:45.000000,FIRE,16109.27,OPEN,False
10718,1853,3441,2026-04-21 06:50:19.000000,FLOOD,22278.61,REJECTED,True
10719,4161,2726,2025-12-15 06:10:47.000000,FIRE,11642.9,APPROVED,False
10720,1382,1261,2025-05-22 12:19:23.000000,COLLISION,21876.49,OPEN,True
10721,1927,3507,2024-05-30 21:50:48.000000,FLOOD,19195.12,CLOSED,True
10722,1357,1282,2025-04-08 15:49:06.000000,THEFT,278.74,IN_REVIEW,False
10723,3170,2556,2025-07-19 08:20:59.000000,VANDALISM,4006.18,APPROVED,False
10724,4223,919,2025-02-26 10:05:58.000000,VANDALISM,18769.01,IN_REVIEW,True
10725,3481,1118,2024-11-19 01:43:29.000000,FLOOD,17030.0,CLOSED,False
10726,2001,703,2025-03-11 19:34:46.000000,VANDALISM,20725.67,IN_REVIEW,True
10727,435,1518,2024-09-16 07:59:01.000000,VANDALISM,12326.7,IN_REVIEW,False
10728,3830,1051,2024-06-29 18:42:48.000000,FIRE,24841.19,OPEN,True
10729,2201,566,2025-04-15 22:00:43.000000,FLOOD,18530.07,REJECTED,True
10730,837,3651,2025-06-21 20:45:02.000000,VANDALISM,17122.63,APPROVED,False
10731,4431,2185,2024-06-30 08:37:35.000000,THEFT,13523.88,IN_REVIEW,False
10732,2219,1346,2026-04-11 02:29:04.000000,COLLISION,518.06,IN_REVIEW,False
10733,2365,1042,2024-09-19 11:32:03.000000,FLOOD,21571.05,CLOSED,True
10734,2611,3771,2025-07-09 16:25:20.000000,COLLISION,11480.87,APPROVED,False
10735,1028,1498,2025-03-08 11:19:22.000000,THEFT,18790.98,OPEN,True
10736,4091,1729,2026-01-16 10:41:35.000000,COLLISION,8806.5,APPROVED,False
10737,1505,276,2024-07-25 00:16:24.000000,FLOOD,14573.21,CLOSED,False
10738,1165,3757,2025-10-23 05:32:17.000000,GLASS_DAMAGE,2385.25,REJECTED,False
10739,3884,4077,2024-10-06 19:45:53.000000,VANDALISM,14030.27,CLOSED,False
10740,3475,1958,2026-01-31 21:49:17.000000,COLLISION,15568.88,IN_REVIEW,False
10741,206,2213,2024-07-15 20:58:23.000000,COLLISION,19793.49,REJECTED,True
10742,4262,2850,2026-03-05 09:43:54.000000,FIRE,9868.13,APPROVED,False
10743,3252,3017,2024-11-05 00:18:42.000000,COLLISION,5545.45,OPEN,False
10744,4676,921,2025-05-21 08:15:50.000000,COLLISION,4857.44,APPROVED,False
10745,4463,939,2026-03-05 10:00:15.000000,FIRE,13007.43,OPEN,False
10746,424,1751,2024-07-04 13:29:37.000000,COLLISION,19339.32,OPEN,True
10747,855,1435,2025-07-22 17:13:26.000000,GLASS_DAMAGE,24046.02,IN_REVIEW,True
10748,3946,1911,2025-02-16 21:36:00.000000,FLOOD,9094.22,CLOSED,False
10749,866,1342,2025-02-24 08:32:58.000000,THEFT,22299.6,REJECTED,True
10750,3152,1626,2025-02-20 15:15:55.000000,COLLISION,9019.15,REJECTED,False
10751,238,2364,2025-02-15 09:41:39.000000,FIRE,23806.06,OPEN,True
10752,3737,3068,2026-01-19 23:14:03.000000,COLLISION,23252.78,IN_REVIEW,True
10753,2550,2681,2025-11-30 04:41:18.000000,GLASS_DAMAGE,24325.92,IN_REVIEW,True
10754,1496,2088,2024-08-22 15:20:56.000000,FLOOD,12002.71,APPROVED,False
10755,2381,3809,2025-08-15 08:26:20.000000,FLOOD,5932.51,CLOSED,False
10756,587,2212,2025-07-09 09:34:42.000000,COLLISION,18053.67,CLOSED,True
10757,1844,1945,2024-05-27 04:19:49.000000,VANDALISM,8990.03,CLOSED,False
10758,3689,218,2024-07-17 03:34:06.000000,COLLISION,15976.19,APPROVED,False
10759,1558,274,2024-10-11 04:28:46.000000,FIRE,24033.55,REJECTED,True
10760,2966,3642,2025-12-18 09:51:24.000000,THEFT,17501.67,CLOSED,False
10761,3470,2171,2024-08-15 23:21:20.000000,VANDALISM,7293.96,OPEN,False
10762,195,3426,2024-09-23 01:37:54.000000,FIRE,4757.16,IN_REVIEW,False
10763,3336,869,2025-08-27 06:30:17.000000,FLOOD,2500.27,IN_REVIEW,False
10764,4103,4048,2024-07-18 00:51:42.000000,FIRE,24948.24,APPROVED,True
10765,3227,821,2026-04-03 14:46:08.000000,FIRE,20836.37,OPEN,True
10766,2194,2418,2025-12-22 23:06:40.000000,THEFT,868.33,APPROVED,False
10767,3105,2059,2025-12-21 22:40:23.000000,THEFT,10224.19,OPEN,False
10768,3652,315,2025-01-18 22:16:59.000000,GLASS_DAMAGE,19710.95,APPROVED,True
10769,741,1020,2025-05-01 16:45:42.000000,FLOOD,21271.24,REJECTED,True
10770,2304,4089,2024-05-24 04:18:57.000000,GLASS_DAMAGE,23034.28,CLOSED,True
10771,3032,1366,2025-01-30 02:51:59.000000,GLASS_DAMAGE,3030.99,APPROVED,False
10772,4361,2219,2025-10-01 18:13:47.000000,THEFT,23462.66,CLOSED,True
10773,2018,760,2026-03-17 12:56:31.000000,THEFT,17164.45,IN_REVIEW,False
10774,1413,977,2025-12-04 12:06:17.000000,FIRE,21763.03,IN_REVIEW,True
10775,2393,303,2025-08-26 15:50:20.000000,VANDALISM,8150.72,CLOSED,False
10776,380,385,2025-02-10 16:47:38.000000,GLASS_DAMAGE,9802.17,IN_REVIEW,False
10777,25,1461,2025-07-13 21:23:57.000000,THEFT,18624.01,APPROVED,True
10778,4098,3774,2024-08-16 09:02:11.000000,FLOOD,21910.2,REJECTED,True
10779,4296,4189,2026-03-23 23:48:55.000000,FLOOD,7871.91,CLOSED,False
10780,4286,3224,2024-09-09 15:31:03.000000,VANDALISM,8149.1,APPROVED,False
10781,792,798,2024-07-03 01:17:16.000000,GLASS_DAMAGE,20514.6,REJECTED,True
10782,4648,2794,2025-06-15 06:58:11.000000,FIRE,9474.8,OPEN,False
10783,1080,1977,2025-06-28 10:18:21.000000,THEFT,5460.21,REJECTED,False
10784,1748,988,2025-08-13 13:58:25.000000,VANDALISM,22238.55,REJECTED,True
10785,3918,3646,2024-05-12 12:43:57.000000,VANDALISM,21443.75,CLOSED,True
10786,1809,795,2025-09-01 21:35:16.000000,COLLISION,14267.28,APPROVED,False
10787,933,806,2024-11-05 11:43:56.000000,GLASS_DAMAGE,2670.65,REJECTED,False
10788,4756,2928,2024-06-16 17:07:01.000000,GLASS_DAMAGE,15770.66,REJECTED,False
10789,4648,177,2025-05-12 09:34:57.000000,FLOOD,5269.67,CLOSED,False
10790,1606,2515,2026-01-01 07:26:13.000000,FLOOD,19168.31,APPROVED,True
10791,2081,3947,2025-08-14 06:55:21.000000,THEFT,21814.75,REJECTED,True
10792,4344,469,2025-06-13 23:37:16.000000,FIRE,12124.47,CLOSED,False
10793,645,1828,2024-09-12 09:18:26.000000,COLLISION,10557.56,APPROVED,False
10794,1773,2003,2024-09-08 17:18:55.000000,FLOOD,24142.69,IN_REVIEW,True
10795,648,359,2024-06-13 16:47:47.000000,GLASS_DAMAGE,12248.55,IN_REVIEW,False
10796,3203,352,2025-09-18 01:16:45.000000,FLOOD,4143.43,OPEN,False
10797,77,62,2024-09-30 10:25:04.000000,FIRE,13321.22,APPROVED,False
10798,1903,1445,2025-09-02 23:10:29.000000,FIRE,18842.5,APPROVED,True
10799,4532,3135,2024-09-19 02:47:44.000000,COLLISION,7822.84,OPEN,False
10800,4007,1803,2025-04-19 16:45:09.000000,COLLISION,12361.03,OPEN,False
10801,4509,877,2025-03-25 09:43:21.000000,GLASS_DAMAGE,3901.29,APPROVED,False
10802,3936,2535,2026-02-22 10:02:52.000000,COLLISION,13937.42,IN_REVIEW,False
10803,3447,1774,2024-10-24 11:12:38.000000,FIRE,16318.01,CLOSED,False
10804,3830,2631,2026-03-22 10:48:24.000000,GLASS_DAMAGE,13762.82,CLOSED,False
10805,226,761,2025-12-28 08:07:46.000000,THEFT,20370.48,APPROVED,True
10806,3889,2650,2024-11-14 20:23:07.000000,FLOOD,11238.12,OPEN,False
10807,1189,2407,2025-07-29 01:33:17.000000,COLLISION,10408.12,CLOSED,False
10808,2149,2815,2025-04-02 21:37:33.000000,FLOOD,19441.65,REJECTED,True
10809,2197,3055,2026-03-18 05:00:17.000000,FIRE,1834.04,APPROVED,False
10810,3150,1851,2025-09-08 20:12:38.000000,THEFT,20962.7,IN_REVIEW,True
10811,949,3461,2024-08-23 08:04:28.000000,COLLISION,19228.96,REJECTED,True
10812,2876,2911,2024-12-23 16:54:12.000000,FIRE,9432.07,OPEN,False
10813,786,1993,2026-01-02 14:15:43.000000,FIRE,4902.67,CLOSED,False
10814,585,2915,2024-09-15 10:01:23.000000,FLOOD,9267.1,OPEN,False
10815,4332,2505,2025-01-05 20:26:44.000000,THEFT,13380.87,IN_REVIEW,False
10816,409,174,2025-09-01 12:54:04.000000,FLOOD,8048.75,IN_REVIEW,False
10817,2286,3578,2026-04-03 19:33:16.000000,FLOOD,17277.29,OPEN,False
10818,1393,777,2025-05-18 13:15:34.000000,COLLISION,6525.69,IN_REVIEW,False
10819,867,2679,2024-08-22 09:41:19.000000,FLOOD,14318.56,CLOSED,False
10820,210,2909,2025-01-19 21:57:30.000000,COLLISION,21643.71,REJECTED,True
10821,2600,1466,2024-09-19 17:05:16.000000,FLOOD,8560.11,REJECTED,False
10822,145,3137,2025-02-13 14:59:31.000000,THEFT,21004.28,APPROVED,True
10823,4334,805,2026-02-11 15:54:47.000000,FLOOD,10003.25,REJECTED,False
10824,4470,834,2025-11-18 02:55:48.000000,FIRE,17053.2,APPROVED,False
10825,509,586,2025-11-13 01:08:45.000000,VANDALISM,2781.74,OPEN,False
10826,2413,3711,2024-09-03 02:38:38.000000,FLOOD,14326.46,CLOSED,False
10827,2258,4088,2026-04-23 04:22:55.000000,GLASS_DAMAGE,22715.7,OPEN,True
10828,4011,2494,2024-09-22 20:01:26.000000,VANDALISM,1609.93,CLOSED,False
10829,4367,4071,2025-01-17 00:03:20.000000,COLLISION,6752.39,IN_REVIEW,False
10830,1970,1358,2025-03-31 05:40:34.000000,COLLISION,23717.78,IN_REVIEW,True
10831,4483,3366,2024-12-12 13:36:07.000000,GLASS_DAMAGE,2541.48,CLOSED,False
10832,2919,2562,2025-03-28 06:31:54.000000,FIRE,14543.96,APPROVED,False
10833,2830,3556,2025-11-15 17:42:58.000000,VANDALISM,21164.22,IN_REVIEW,True
10834,2936,2197,2024-12-28 17:12:54.000000,VANDALISM,15103.33,REJECTED,False
10835,2996,1036,2025-03-09 11:41:31.000000,THEFT,12716.88,APPROVED,False
10836,3655,1942,2025-10-03 16:28:41.000000,FLOOD,14836.52,APPROVED,False
10837,4047,3066,2024-07-29 04:20:20.000000,GLASS_DAMAGE,17759.6,OPEN,False
10838,3112,1248,2024-08-02 02:54:13.000000,GLASS_DAMAGE,20541.69,IN_REVIEW,True
10839,4583,1321,2026-03-12 01:36:50.000000,FIRE,7792.21,REJECTED,False
10840,376,2454,2025-07-12 07:54:42.000000,COLLISION,12442.17,CLOSED,False
10841,3390,2654,2025-09-23 00:06:07.000000,FLOOD,7780.47,OPEN,False
10842,3833,1570,2025-11-27 02:43:26.000000,COLLISION,23082.38,REJECTED,True
10843,534,3787,2025-03-11 10:44:40.000000,COLLISION,18006.59,APPROVED,True
10844,645,2001,2025-06-30 21:49:17.000000,FLOOD,10953.86,CLOSED,False
10845,4108,1038,2024-07-14 13:08:09.000000,GLASS_DAMAGE,18223.04,IN_REVIEW,True
10846,3627,1093,2024-08-25 09:03:39.000000,VANDALISM,23340.17,IN_REVIEW,True
10847,2423,2172,2025-06-20 21:56:44.000000,FLOOD,8355.17,APPROVED,False
10848,3948,3726,2024-12-22 17:14:28.000000,COLLISION,11317.27,CLOSED,False
10849,1451,283,2025-06-06 04:53:29.000000,FIRE,14092.59,APPROVED,False
10850,340,3023,2025-11-03 22:16:44.000000,THEFT,22120.89,REJECTED,True
10851,3040,1428,2025-05-21 05:15:06.000000,GLASS_DAMAGE,22194.69,APPROVED,True
10852,437,2218,2024-07-01 10:03:05.000000,FLOOD,21817.74,REJECTED,True
10853,394,2765,2025-08-08 15:42:12.000000,FIRE,15560.48,CLOSED,False
10854,1799,1731,2025-09-15 03:16:23.000000,VANDALISM,10094.41,APPROVED,False
10855,1916,2711,2025-12-20 19:26:51.000000,VANDALISM,16577.95,IN_REVIEW,False
10856,88,3247,2025-07-18 00:11:25.000000,FLOOD,9835.99,IN_REVIEW,False
10857,1296,1997,2025-12-06 13:59:37.000000,COLLISION,5148.52,REJECTED,False
10858,1118,625,2025-01-26 04:42:42.000000,GLASS_DAMAGE,537.2,OPEN,False
10859,1270,752,2024-08-10 13:43:54.000000,FIRE,20234.04,IN_REVIEW,True
10860,119,2914,2024-08-06 09:39:01.000000,FLOOD,18719.43,OPEN,True
10861,3498,1028,2024-08-05 05:02:06.000000,FLOOD,16125.54,APPROVED,False
10862,2672,2944,2025-09-29 22:28:54.000000,FIRE,19274.21,REJECTED,True
10863,4612,1322,2024-09-29 18:03:16.000000,FLOOD,22615.5,IN_REVIEW,True
10864,1329,365,2025-06-06 14:56:51.000000,GLASS_DAMAGE,16446.87,APPROVED,False
10865,1709,567,2024-12-20 17:26:41.000000,FLOOD,17293.04,CLOSED,False
10866,622,1511,2026-02-28 10:11:47.000000,THEFT,14293.34,REJECTED,False
10867,3162,1022,2026-04-08 01:05:29.000000,GLASS_DAMAGE,15823.21,APPROVED,False
10868,4552,4035,2025-06-06 16:50:05.000000,THEFT,14705.78,APPROVED,False
10869,4489,161,2026-02-01 00:35:27.000000,GLASS_DAMAGE,12265.97,OPEN,False
10870,2342,3790,2025-11-24 18:07:59.000000,FIRE,23206.85,REJECTED,True
10871,1551,2141,2025-01-06 01:53:05.000000,COLLISION,5226.05,CLOSED,False
10872,3878,3776,2025-07-07 11:39:29.000000,THEFT,2299.94,CLOSED,False
10873,348,23,2024-07-11 03:01:29.000000,COLLISION,1425.94,APPROVED,False
10874,730,723,2024-05-28 13:38:47.000000,COLLISION,16951.04,CLOSED,False
10875,2893,1535,2024-11-06 14:08:58.000000,FIRE,16657.93,CLOSED,False
10876,2544,2520,2026-01-19 10:30:01.000000,FIRE,12331.83,REJECTED,False
10877,3387,1042,2026-01-08 22:23:52.000000,FIRE,20421.67,OPEN,True
10878,3905,1909,2025-07-14 12:53:07.000000,VANDALISM,23912.66,APPROVED,True
10879,3719,2328,2024-11-10 08:14:39.000000,FLOOD,480.54,IN_REVIEW,False
10880,4023,2373,2024-06-13 21:59:48.000000,GLASS_DAMAGE,12019.29,REJECTED,False
10881,4309,2368,2024-05-27 16:05:17.000000,GLASS_DAMAGE,9806.88,APPROVED,False
10882,1334,443,2024-12-07 12:31:30.000000,COLLISION,24237.16,CLOSED,True
10883,2839,2706,2024-09-04 05:35:20.000000,VANDALISM,9572.62,APPROVED,False
10884,3320,233,2025-11-14 18:21:31.000000,COLLISION,18891.67,CLOSED,True
10885,4716,3265,2025-08-28 18:28:02.000000,FIRE,22081.73,IN_REVIEW,True
10886,3108,3559,2025-01-28 22:43:52.000000,THEFT,21163.51,CLOSED,True
10887,4591,2687,2025-12-13 08:46:23.000000,THEFT,8859.56,CLOSED,False
10888,2093,3340,2025-04-20 18:09:53.000000,VANDALISM,5537.38,REJECTED,False
10889,2385,912,2024-07-23 21:38:31.000000,FLOOD,784.24,APPROVED,False
10890,2353,1040,2024-09-02 07:22:21.000000,FIRE,4970.39,IN_REVIEW,False
10891,3888,937,2024-05-13 10:33:09.000000,FLOOD,7778.17,CLOSED,False
10892,2967,3045,2024-05-23 06:16:26.000000,VANDALISM,17929.77,APPROVED,False
10893,4609,2963,2026-03-25 06:48:58.000000,VANDALISM,5928.42,CLOSED,False
10894,4203,2060,2025-10-09 03:11:18.000000,FLOOD,16830.87,OPEN,False
10895,4505,3120,2024-12-10 16:26:21.000000,COLLISION,18717.82,OPEN,True
10896,1908,649,2025-11-19 21:46:51.000000,FIRE,8843.5,REJECTED,False
10897,161,2413,2024-08-28 21:59:26.000000,GLASS_DAMAGE,24953.43,OPEN,True
10898,3235,7,2025-02-23 23:23:36.000000,GLASS_DAMAGE,19053.81,APPROVED,True
10899,4408,2492,2025-04-22 16:49:14.000000,THEFT,24023.71,APPROVED,True
10900,1271,1665,2025-07-23 21:36:07.000000,FLOOD,4609.25,CLOSED,False
10901,2774,2571,2024-10-18 06:09:36.000000,FIRE,14119.7,CLOSED,False
10902,4123,3698,2025-05-15 03:24:40.000000,COLLISION,23256.06,OPEN,True
10903,1151,2615,2024-11-29 12:25:10.000000,COLLISION,24289.49,APPROVED,True
10904,1574,711,2025-05-25 15:47:26.000000,GLASS_DAMAGE,17078.55,IN_REVIEW,False
10905,3757,3487,2026-04-30 18:56:06.000000,FLOOD,18682.38,APPROVED,True
10906,3740,1097,2025-12-30 15:22:31.000000,FIRE,20454.63,OPEN,True
10907,74,3068,2026-01-27 15:04:33.000000,VANDALISM,2441.62,REJECTED,False
10908,2193,2696,2024-09-16 20:15:27.000000,THEFT,20673.1,REJECTED,True
10909,3348,3200,2025-04-26 22:14:53.000000,GLASS_DAMAGE,24085.68,OPEN,True
10910,950,1624,2026-04-03 03:16:41.000000,FIRE,7016.07,IN_REVIEW,False
10911,67,1661,2025-05-07 01:13:03.000000,FIRE,19431.64,IN_REVIEW,True
10912,2959,835,2025-05-13 18:18:31.000000,VANDALISM,20283.22,REJECTED,True
10913,2226,859,2025-01-27 12:54:13.000000,FIRE,17023.49,REJECTED,False
10914,787,618,2024-10-19 20:23:26.000000,FLOOD,16443.49,OPEN,False
10915,4304,3313,2025-07-16 13:36:14.000000,VANDALISM,15035.43,APPROVED,False
10916,2354,3953,2025-01-03 13:40:06.000000,FIRE,14950.0,IN_REVIEW,False
10917,4292,757,2024-06-29 14:26:14.000000,GLASS_DAMAGE,3317.72,REJECTED,False
10918,440,3695,2024-09-11 23:14:55.000000,FLOOD,3453.59,IN_REVIEW,False
10919,4390,3269,2025-06-15 07:23:03.000000,FLOOD,23472.06,REJECTED,True
10920,2121,2165,2025-11-23 05:48:05.000000,FIRE,3103.95,IN_REVIEW,False
10921,2031,458,2026-03-20 03:43:07.000000,FLOOD,17906.75,APPROVED,False
10922,3034,1744,2024-09-05 14:20:20.000000,GLASS_DAMAGE,10534.05,IN_REVIEW,False
10923,570,2579,2025-03-14 16:00:15.000000,COLLISION,14625.51,APPROVED,False
10924,3209,2377,2024-10-03 06:10:06.000000,THEFT,15600.14,APPROVED,False
10925,2436,3285,2025-06-21 04:14:08.000000,THEFT,19882.48,CLOSED,True
10926,1420,1848,2024-12-13 06:12:02.000000,FLOOD,3537.11,OPEN,False
10927,4787,369,2026-01-05 03:26:01.000000,THEFT,15614.5,CLOSED,False
10928,1172,1369,2024-12-12 13:59:10.000000,VANDALISM,7696.22,IN_REVIEW,False
10929,3615,754,2024-06-10 01:53:08.000000,THEFT,7474.48,OPEN,False
10930,4482,3263,2024-09-07 14:59:28.000000,THEFT,21284.36,CLOSED,True
10931,841,3776,2025-09-25 23:59:06.000000,COLLISION,14911.72,CLOSED,False
10932,4767,2257,2026-01-25 16:58:54.000000,GLASS_DAMAGE,21297.94,CLOSED,True
10933,348,3047,2025-02-26 01:55:34.000000,VANDALISM,16763.88,IN_REVIEW,False
10934,660,83,2024-06-26 21:18:20.000000,COLLISION,15695.31,IN_REVIEW,False
10935,2401,1145,2025-05-05 05:27:57.000000,VANDALISM,6000.95,APPROVED,False
10936,1234,2219,2025-09-03 00:07:34.000000,VANDALISM,6175.24,OPEN,False
10937,2619,2672,2025-08-01 10:27:06.000000,THEFT,9741.69,CLOSED,False
10938,2678,3277,2024-07-14 22:02:47.000000,VANDALISM,14475.0,REJECTED,False
10939,2479,986,2024-06-02 22:16:42.000000,VANDALISM,14087.05,CLOSED,False
10940,3318,1964,2024-11-28 10:25:21.000000,FIRE,8647.75,APPROVED,False
10941,447,469,2024-05-15 13:49:39.000000,GLASS_DAMAGE,8618.85,APPROVED,False
10942,269,1194,2024-09-11 16:47:14.000000,VANDALISM,21772.56,OPEN,True
10943,2729,3915,2024-07-25 12:18:41.000000,FLOOD,13378.03,OPEN,False
10944,59,2022,2026-02-06 19:58:32.000000,FIRE,19842.59,CLOSED,True
10945,2019,3264,2025-02-28 03:42:23.000000,THEFT,10590.27,APPROVED,False
10946,3002,2972,2026-04-12 08:33:21.000000,GLASS_DAMAGE,12744.38,REJECTED,False
10947,3411,3660,2025-01-07 12:54:26.000000,COLLISION,6371.45,OPEN,False
10948,4347,1872,2024-12-10 17:58:29.000000,VANDALISM,21149.77,APPROVED,True
10949,1531,544,2025-12-16 08:59:59.000000,COLLISION,7149.13,REJECTED,False
10950,1702,1848,2025-02-11 03:56:13.000000,FLOOD,643.46,APPROVED,False
10951,2276,3725,2025-12-12 10:08:53.000000,FIRE,11249.32,APPROVED,False
10952,3544,599,2024-09-28 13:22:49.000000,GLASS_DAMAGE,3091.26,APPROVED,False
10953,3452,363,2025-06-25 04:32:06.000000,COLLISION,16254.0,OPEN,False
10954,3021,819,2026-01-17 05:32:00.000000,FLOOD,24779.82,OPEN,True
10955,1269,3201,2024-09-05 13:57:32.000000,COLLISION,9881.89,APPROVED,False
10956,723,2714,2025-02-20 19:12:15.000000,GLASS_DAMAGE,18620.26,OPEN,True
10957,125,980,2025-06-13 12:26:01.000000,COLLISION,9357.93,CLOSED,False
10958,2123,913,2025-09-22 15:19:20.000000,THEFT,23207.83,APPROVED,True
10959,2339,817,2025-03-15 11:38:19.000000,COLLISION,12917.48,OPEN,False
10960,2797,163,2026-04-23 23:13:11.000000,THEFT,16460.56,CLOSED,False
10961,1411,1047,2025-08-02 11:07:01.000000,VANDALISM,3694.33,CLOSED,False
10962,1083,2162,2025-03-13 02:32:37.000000,FIRE,1224.83,IN_REVIEW,False
10963,1332,213,2024-08-08 22:11:30.000000,COLLISION,17342.92,OPEN,False
10964,691,1577,2025-01-15 17:57:32.000000,FIRE,21680.1,IN_REVIEW,True
10965,4714,2820,2025-12-19 14:47:17.000000,THEFT,23718.5,APPROVED,True
10966,4555,3653,2024-07-31 13:25:38.000000,THEFT,10143.72,IN_REVIEW,False
10967,3068,514,2025-06-19 13:58:33.000000,VANDALISM,11840.17,IN_REVIEW,False
10968,2964,3648,2025-03-30 10:51:54.000000,THEFT,20979.36,OPEN,True
10969,4716,1848,2024-10-06 13:39:57.000000,FIRE,17460.08,REJECTED,False
10970,643,3382,2024-08-09 09:28:57.000000,COLLISION,16343.19,IN_REVIEW,False
10971,2997,1796,2025-11-13 18:38:56.000000,GLASS_DAMAGE,18685.29,APPROVED,True
10972,3362,4126,2026-02-11 06:20:59.000000,THEFT,10707.06,APPROVED,False
10973,3343,2700,2024-10-24 19:09:51.000000,THEFT,8547.6,CLOSED,False
10974,887,3908,2024-08-24 14:22:40.000000,FIRE,12067.31,APPROVED,False
10975,3356,749,2026-03-27 04:31:20.000000,FLOOD,17940.18,APPROVED,False
10976,687,1160,2025-07-15 18:54:09.000000,VANDALISM,21309.65,REJECTED,True
10977,464,3619,2024-12-03 19:04:00.000000,VANDALISM,1654.62,REJECTED,False
10978,3974,2077,2025-02-28 00:51:30.000000,THEFT,1398.8,IN_REVIEW,False
10979,547,1448,2024-11-01 19:25:06.000000,GLASS_DAMAGE,21032.26,APPROVED,True
10980,4175,3395,2025-06-01 06:45:43.000000,GLASS_DAMAGE,17674.92,CLOSED,False
10981,1945,3603,2025-09-28 05:11:37.000000,FIRE,2400.89,CLOSED,False
10982,2465,1890,2025-04-27 01:12:20.000000,FLOOD,22445.74,APPROVED,True
10983,3651,1805,2024-05-15 20:05:15.000000,THEFT,8923.79,OPEN,False
10984,4083,3015,2025-01-25 09:55:57.000000,GLASS_DAMAGE,6378.03,CLOSED,False
10985,2309,91,2025-11-26 21:26:20.000000,VANDALISM,10512.35,APPROVED,False
10986,3946,1164,2026-05-10 16:19:03.000000,GLASS_DAMAGE,3726.64,APPROVED,False
10987,3316,3413,2026-01-21 04:20:09.000000,THEFT,11872.0,REJECTED,False
10988,3549,1231,2024-10-27 07:48:26.000000,COLLISION,17211.88,IN_REVIEW,False
10989,1618,3751,2025-05-07 11:21:46.000000,COLLISION,2736.87,APPROVED,False
10990,522,1076,2026-03-17 20:56:20.000000,GLASS_DAMAGE,17806.74,CLOSED,False
10991,1364,2233,2025-12-27 11:03:50.000000,VANDALISM,1220.11,APPROVED,False
10992,3672,1443,2025-12-26 03:43:57.000000,VANDALISM,11877.2,OPEN,False
10993,2522,4177,2025-04-08 19:11:55.000000,GLASS_DAMAGE,941.42,OPEN,False
10994,3501,3892,2025-07-25 09:19:46.000000,THEFT,4504.93,APPROVED,False
10995,3147,202,2025-01-12 13:26:03.000000,FLOOD,3445.78,APPROVED,False
10996,2376,3421,2025-05-15 09:48:14.000000,GLASS_DAMAGE,21898.61,OPEN,True
10997,2443,2601,2024-07-17 22:06:26.000000,GLASS_DAMAGE,4426.43,REJECTED,False
10998,1154,696,2024-06-19 08:15:20.000000,GLASS_DAMAGE,4320.93,REJECTED,False
10999,3566,82,2026-01-24 14:49:56.000000,FLOOD,13086.69,CLOSED,False
11000,4062,3205,2024-08-23 18:26:08.000000,FLOOD,23310.73,CLOSED,True
11001,2329,3945,2025-05-17 17:13:23.000000,GLASS_DAMAGE,2895.3,APPROVED,False
11002,4289,3336,2025-09-02 23:35:58.000000,COLLISION,23783.16,IN_REVIEW,True
11003,4125,267,2025-03-23 14:21:39.000000,GLASS_DAMAGE,2241.29,CLOSED,False
11004,4184,1339,2025-09-05 01:59:11.000000,FLOOD,8497.18,IN_REVIEW,False
11005,1115,3292,2025-01-05 05:01:50.000000,FLOOD,20742.68,IN_REVIEW,True
11006,3025,3304,2024-06-06 06:08:08.000000,THEFT,4846.59,OPEN,False
11007,3017,691,2024-07-26 11:59:54.000000,THEFT,21625.22,OPEN,True
11008,4740,1819,2025-05-06 04:54:31.000000,COLLISION,21846.68,REJECTED,True
11009,966,1827,2024-10-23 06:49:50.000000,FLOOD,16244.76,OPEN,False
11010,3900,1693,2025-10-31 16:41:16.000000,VANDALISM,10490.82,REJECTED,False
11011,3557,1999,2026-02-21 22:24:55.000000,FLOOD,5855.28,CLOSED,False
11012,3172,2584,2025-11-30 19:27:55.000000,COLLISION,18204.49,REJECTED,True
11013,3348,2485,2025-01-09 07:03:08.000000,COLLISION,4948.84,CLOSED,False
11014,4677,2468,2026-03-27 17:12:37.000000,VANDALISM,6674.34,CLOSED,False
11015,4233,3493,2024-07-06 20:11:16.000000,COLLISION,16622.43,OPEN,False
11016,281,2223,2026-04-19 11:26:16.000000,VANDALISM,7220.64,IN_REVIEW,False
11017,2915,1080,2025-04-28 13:51:27.000000,THEFT,21792.64,IN_REVIEW,True
11018,578,949,2025-06-14 19:34:58.000000,FLOOD,2699.73,OPEN,False
11019,2647,1696,2024-07-25 08:00:53.000000,THEFT,19807.12,REJECTED,True
11020,3579,2394,2025-12-10 12:49:12.000000,GLASS_DAMAGE,22667.54,APPROVED,True
11021,1874,3700,2024-07-22 10:16:26.000000,FIRE,12614.1,IN_REVIEW,False
11022,1880,3793,2026-02-28 12:28:36.000000,FLOOD,7588.99,OPEN,False
11023,2951,1279,2024-06-16 15:20:08.000000,FLOOD,13942.65,OPEN,False
11024,1021,3704,2024-08-19 14:47:29.000000,GLASS_DAMAGE,14021.99,REJECTED,False
11025,1187,2912,2024-09-21 08:37:54.000000,FIRE,12173.03,OPEN,False
11026,1881,2232,2026-02-07 03:16:57.000000,GLASS_DAMAGE,15130.73,IN_REVIEW,False
11027,4474,268,2025-11-12 07:30:52.000000,FLOOD,11461.74,REJECTED,False
11028,2877,1105,2025-02-18 11:40:42.000000,COLLISION,7583.32,APPROVED,False
11029,1822,3671,2025-12-17 06:30:56.000000,FLOOD,8995.06,APPROVED,False
11030,2342,1138,2024-11-06 03:07:32.000000,THEFT,5675.54,APPROVED,False
11031,4446,1448,2024-08-01 05:56:18.000000,THEFT,14700.29,IN_REVIEW,False
11032,2963,2186,2026-04-30 06:36:17.000000,THEFT,5197.89,OPEN,False
11033,373,2008,2025-02-19 13:06:46.000000,THEFT,21508.96,OPEN,True
11034,3143,2364,2025-07-04 14:07:47.000000,VANDALISM,9851.51,APPROVED,False
11035,2963,1592,2026-04-27 08:20:21.000000,GLASS_DAMAGE,10523.33,IN_REVIEW,False
11036,3121,3651,2025-09-24 22:25:23.000000,THEFT,2372.25,OPEN,False
11037,1916,2957,2024-12-22 12:07:20.000000,GLASS_DAMAGE,3264.04,APPROVED,False
11038,4314,4193,2024-11-14 13:55:38.000000,GLASS_DAMAGE,10578.09,IN_REVIEW,False
11039,30,596,2024-11-23 08:42:44.000000,FLOOD,12265.33,REJECTED,False
11040,1430,1735,2026-03-01 22:22:26.000000,FLOOD,10892.49,APPROVED,False
11041,1719,3160,2025-03-12 13:25:56.000000,FLOOD,22704.73,CLOSED,True
11042,353,4078,2026-04-04 04:35:04.000000,FIRE,2288.89,REJECTED,False
11043,2824,2644,2025-11-23 07:00:09.000000,VANDALISM,4198.28,IN_REVIEW,False
11044,3028,1759,2025-02-10 22:19:37.000000,THEFT,16728.32,OPEN,False
11045,2456,772,2026-02-27 22:24:26.000000,THEFT,13571.74,APPROVED,False
11046,2959,1200,2025-07-14 01:15:00.000000,GLASS_DAMAGE,1025.4,REJECTED,False
11047,4607,2964,2024-06-25 19:59:37.000000,VANDALISM,4445.28,CLOSED,False
11048,971,2323,2026-05-02 17:18:38.000000,VANDALISM,16446.7,CLOSED,False
11049,1957,3036,2024-09-10 15:45:10.000000,VANDALISM,21286.23,REJECTED,True
11050,4401,3337,2025-06-25 02:32:17.000000,COLLISION,15614.7,APPROVED,False
11051,1746,945,2026-04-24 20:45:32.000000,FIRE,6836.96,OPEN,False
11052,1463,813,2025-02-23 19:14:17.000000,THEFT,10496.17,IN_REVIEW,False
11053,1262,2986,2025-11-18 22:02:22.000000,THEFT,7661.59,IN_REVIEW,False
11054,2898,1113,2024-07-18 08:18:29.000000,VANDALISM,1915.81,APPROVED,False
11055,2194,2582,2024-12-19 21:31:38.000000,GLASS_DAMAGE,5601.64,OPEN,False
11056,3624,2879,2024-12-08 10:40:26.000000,THEFT,13515.64,REJECTED,False
11057,4179,2137,2024-06-22 16:38:05.000000,THEFT,5216.71,APPROVED,False
11058,2824,3382,2025-04-17 20:44:56.000000,FLOOD,211.87,IN_REVIEW,False
11059,3694,4148,2024-07-25 17:39:16.000000,FLOOD,6614.03,IN_REVIEW,False
11060,3125,2915,2024-06-14 16:33:58.000000,FIRE,11202.65,APPROVED,False
11061,3484,2382,2025-04-05 12:29:24.000000,THEFT,1037.04,REJECTED,False
11062,3587,1148,2025-10-30 04:34:20.000000,FLOOD,13684.77,IN_REVIEW,False
11063,1651,825,2025-06-02 02:49:27.000000,GLASS_DAMAGE,14301.5,APPROVED,False
11064,187,1534,2025-10-15 23:05:30.000000,VANDALISM,24074.01,REJECTED,True
11065,4637,83,2026-01-13 10:30:08.000000,THEFT,2325.75,APPROVED,False
11066,2964,1256,2025-10-15 13:38:29.000000,FLOOD,701.13,REJECTED,False
11067,728,346,2026-03-13 17:54:40.000000,VANDALISM,4216.99,APPROVED,False
11068,2491,1053,2026-02-09 12:25:18.000000,COLLISION,3698.22,IN_REVIEW,False
11069,3822,2595,2025-06-08 20:00:25.000000,THEFT,15088.42,APPROVED,False
11070,2214,3668,2024-07-19 12:16:23.000000,FLOOD,20625.57,REJECTED,True
11071,4262,1320,2025-07-13 06:40:54.000000,THEFT,13818.36,OPEN,False
11072,1296,987,2024-07-02 04:04:32.000000,THEFT,22957.34,REJECTED,True
11073,639,3065,2025-11-28 20:31:50.000000,THEFT,20458.68,OPEN,True
11074,4175,3532,2025-11-05 17:15:29.000000,THEFT,18650.62,REJECTED,True
11075,2008,3161,2025-06-09 22:37:44.000000,FIRE,17400.04,APPROVED,False
11076,1077,1614,2025-02-24 07:10:51.000000,VANDALISM,5939.33,IN_REVIEW,False
11077,3171,365,2024-07-23 04:37:06.000000,VANDALISM,1313.12,IN_REVIEW,False
11078,4077,2989,2025-10-31 10:18:06.000000,THEFT,6928.76,APPROVED,False
11079,2701,2506,2025-11-11 20:51:19.000000,COLLISION,2431.81,CLOSED,False
11080,3462,3420,2026-01-24 10:52:44.000000,FIRE,12650.84,IN_REVIEW,False
11081,505,1442,2025-01-07 14:08:47.000000,FIRE,5792.23,OPEN,False
11082,121,1709,2025-07-22 09:07:44.000000,THEFT,16564.77,REJECTED,False
11083,4120,2988,2026-04-13 07:27:25.000000,VANDALISM,6371.93,CLOSED,False
11084,4550,1237,2026-04-29 01:28:27.000000,FLOOD,24184.29,IN_REVIEW,True
11085,3468,242,2026-03-25 06:21:02.000000,FLOOD,3740.46,REJECTED,False
11086,3559,3107,2025-08-25 09:15:08.000000,VANDALISM,4846.63,OPEN,False
11087,3926,3187,2025-06-01 14:22:45.000000,FIRE,8785.15,IN_REVIEW,False
11088,916,2151,2026-03-05 01:44:12.000000,COLLISION,10038.37,OPEN,False
11089,3245,3628,2026-02-18 01:50:40.000000,THEFT,9878.05,CLOSED,False
11090,3602,1528,2025-01-06 20:49:09.000000,FLOOD,5813.58,REJECTED,False
11091,2273,3498,2026-04-08 13:06:31.000000,COLLISION,12064.63,CLOSED,False
11092,3175,3525,2025-01-01 20:15:36.000000,THEFT,2420.88,OPEN,False
11093,1826,2035,2026-01-12 00:35:21.000000,FLOOD,1976.43,REJECTED,False
11094,1095,2636,2026-01-16 20:03:43.000000,VANDALISM,8076.18,APPROVED,False
11095,503,271,2025-12-30 05:59:33.000000,VANDALISM,14596.8,APPROVED,False
11096,4045,3880,2024-07-24 15:35:02.000000,COLLISION,23129.77,IN_REVIEW,True
11097,4284,3668,2025-08-06 23:03:27.000000,THEFT,2642.86,OPEN,False
11098,4647,768,2026-02-02 04:06:51.000000,GLASS_DAMAGE,19346.4,REJECTED,True
11099,2365,1582,2025-10-18 15:25:55.000000,FIRE,19332.91,IN_REVIEW,True
11100,688,391,2024-08-21 09:12:45.000000,THEFT,4351.64,REJECTED,False
11101,4326,2401,2024-10-07 23:09:47.000000,FIRE,7662.98,APPROVED,False
11102,1967,3248,2025-08-31 07:38:25.000000,VANDALISM,9523.75,CLOSED,False
11103,1025,1407,2025-01-10 22:10:44.000000,THEFT,11924.45,IN_REVIEW,False
11104,3202,1747,2025-08-11 14:47:55.000000,VANDALISM,4012.87,REJECTED,False
11105,4292,320,2025-12-06 07:27:48.000000,GLASS_DAMAGE,11544.39,APPROVED,False
11106,665,1116,2024-12-29 12:48:26.000000,FLOOD,8956.53,CLOSED,False
11107,906,1832,2026-02-04 09:05:14.000000,GLASS_DAMAGE,9746.52,CLOSED,False
11108,1395,2057,2026-04-22 12:26:46.000000,THEFT,18087.77,CLOSED,True
11109,4277,2272,2025-10-27 10:42:55.000000,VANDALISM,10439.01,CLOSED,False
11110,4771,1923,2024-10-01 23:08:29.000000,FLOOD,18078.96,IN_REVIEW,True
11111,1125,1822,2025-06-26 13:09:25.000000,GLASS_DAMAGE,20853.36,REJECTED,True
11112,1188,4072,2025-02-18 08:25:05.000000,COLLISION,1476.06,OPEN,False
11113,4414,3758,2025-12-01 13:47:04.000000,COLLISION,1164.73,APPROVED,False
11114,3524,2137,2024-09-19 14:34:11.000000,GLASS_DAMAGE,14789.18,APPROVED,False
11115,579,3781,2024-07-26 19:16:10.000000,FIRE,7379.39,IN_REVIEW,False
11116,2836,205,2025-08-05 16:54:50.000000,GLASS_DAMAGE,1294.78,REJECTED,False
11117,3426,3178,2025-06-29 11:48:10.000000,FIRE,6625.22,CLOSED,False
11118,3036,1494,2025-07-21 15:44:55.000000,VANDALISM,19884.69,CLOSED,True
11119,3123,4098,2024-10-04 23:07:41.000000,GLASS_DAMAGE,5190.87,IN_REVIEW,False
11120,3289,2236,2025-11-10 20:32:27.000000,FIRE,6803.13,IN_REVIEW,False
11121,4501,2288,2025-06-24 08:38:50.000000,COLLISION,18207.68,REJECTED,True
11122,2224,943,2024-07-28 13:59:16.000000,VANDALISM,9693.47,IN_REVIEW,False
11123,2934,224,2025-04-13 03:05:45.000000,FIRE,23362.74,APPROVED,True
11124,4544,1733,2025-08-20 19:56:04.000000,THEFT,347.15,CLOSED,False
11125,4206,69,2026-02-15 19:49:26.000000,GLASS_DAMAGE,13444.51,OPEN,False
11126,2379,557,2025-01-12 05:58:54.000000,VANDALISM,516.94,IN_REVIEW,False
11127,395,3462,2026-04-29 10:06:23.000000,COLLISION,11212.96,APPROVED,False
11128,2458,518,2024-07-03 17:41:03.000000,GLASS_DAMAGE,17638.09,IN_REVIEW,False
11129,1506,2894,2024-10-22 02:15:44.000000,VANDALISM,4585.28,REJECTED,False
11130,1362,3474,2025-01-18 02:36:51.000000,THEFT,13583.03,APPROVED,False
11131,30,358,2026-02-05 20:08:40.000000,GLASS_DAMAGE,5023.53,APPROVED,False
11132,1704,376,2026-01-12 08:28:26.000000,GLASS_DAMAGE,4512.6,IN_REVIEW,False
11133,2651,1663,2024-12-23 09:48:42.000000,COLLISION,10062.81,IN_REVIEW,False
11134,1405,1259,2025-09-14 18:57:16.000000,VANDALISM,21425.55,APPROVED,True
11135,1448,3777,2025-11-30 09:54:09.000000,GLASS_DAMAGE,17210.76,CLOSED,False
11136,3990,823,2024-11-17 00:16:14.000000,GLASS_DAMAGE,15645.16,APPROVED,False
11137,3313,4020,2025-12-13 16:06:07.000000,COLLISION,9757.3,CLOSED,False
11138,3759,383,2024-09-16 14:05:12.000000,THEFT,20637.29,IN_REVIEW,True
11139,1665,3755,2025-07-24 21:24:40.000000,COLLISION,17071.11,APPROVED,False
11140,2729,3549,2025-09-08 21:57:19.000000,THEFT,14009.12,REJECTED,False
11141,1463,4025,2024-10-06 21:34:25.000000,COLLISION,17410.71,IN_REVIEW,False
11142,729,2640,2025-12-20 23:46:09.000000,GLASS_DAMAGE,12584.38,CLOSED,False
11143,3437,3101,2025-06-19 10:39:35.000000,FIRE,5969.45,CLOSED,False
11144,3217,2952,2025-10-17 10:29:22.000000,FLOOD,18857.65,REJECTED,True
11145,1684,3808,2025-11-03 01:34:38.000000,FLOOD,12238.66,IN_REVIEW,False
11146,3834,874,2026-04-14 08:47:56.000000,GLASS_DAMAGE,21127.07,APPROVED,True
11147,1002,4164,2025-03-08 08:27:19.000000,COLLISION,17066.35,OPEN,False
11148,2187,4156,2025-05-14 02:02:29.000000,FIRE,5705.21,CLOSED,False
11149,1201,663,2024-12-23 01:34:17.000000,FIRE,23220.45,REJECTED,True
11150,4198,1114,2024-09-02 11:48:14.000000,FIRE,17826.39,REJECTED,False
11151,191,3320,2026-04-11 00:34:20.000000,FIRE,14879.67,CLOSED,False
11152,331,655,2024-07-02 16:22:19.000000,COLLISION,16363.07,IN_REVIEW,False
11153,2190,708,2025-04-04 01:28:53.000000,FLOOD,22682.49,IN_REVIEW,True
11154,1662,118,2024-05-21 12:15:48.000000,FIRE,1606.96,CLOSED,False
11155,4012,2618,2025-04-08 20:39:02.000000,THEFT,8154.62,APPROVED,False
11156,3406,3771,2025-05-13 07:13:15.000000,FLOOD,22109.62,OPEN,True
11157,4295,655,2025-11-06 12:15:14.000000,FIRE,3621.71,OPEN,False
11158,1143,4116,2025-09-21 19:26:58.000000,FIRE,23170.33,APPROVED,True
11159,3644,1486,2025-03-24 17:00:47.000000,GLASS_DAMAGE,19495.37,CLOSED,True
11160,1408,3204,2025-07-13 08:03:34.000000,FIRE,17621.27,CLOSED,False
11161,3013,4139,2024-12-29 08:53:29.000000,GLASS_DAMAGE,252.15,CLOSED,False
11162,4487,1462,2024-05-30 23:45:08.000000,FIRE,11961.26,APPROVED,False
11163,355,3964,2025-12-24 07:36:57.000000,VANDALISM,8267.1,IN_REVIEW,False
11164,4421,755,2025-02-16 01:22:03.000000,GLASS_DAMAGE,4405.47,IN_REVIEW,False
11165,1791,2607,2026-02-13 11:19:56.000000,FLOOD,641.85,IN_REVIEW,False
11166,961,162,2026-04-13 01:09:46.000000,GLASS_DAMAGE,12697.45,OPEN,False
11167,3090,805,2026-01-16 21:03:40.000000,VANDALISM,7238.09,REJECTED,False
11168,377,2182,2026-01-28 00:02:23.000000,THEFT,19924.82,CLOSED,True
11169,1608,4158,2024-06-27 10:30:04.000000,VANDALISM,15516.72,CLOSED,False
11170,782,2385,2025-03-29 11:33:32.000000,FLOOD,3749.14,REJECTED,False
11171,797,2886,2025-11-04 19:06:32.000000,COLLISION,1954.47,CLOSED,False
11172,3147,3852,2024-07-22 02:53:58.000000,GLASS_DAMAGE,12490.92,CLOSED,False
11173,1739,3844,2025-10-06 17:56:48.000000,FIRE,19789.9,IN_REVIEW,True
11174,1957,3682,2026-01-17 01:00:04.000000,COLLISION,9480.62,IN_REVIEW,False
11175,54,1663,2024-07-26 10:58:17.000000,COLLISION,21986.98,APPROVED,True
11176,20,3638,2025-11-08 07:37:43.000000,THEFT,4032.14,CLOSED,False
11177,619,2648,2025-11-16 21:09:55.000000,COLLISION,1477.22,OPEN,False
11178,3241,885,2025-06-29 23:55:25.000000,FLOOD,22534.02,APPROVED,True
11179,2424,3763,2025-05-25 16:17:27.000000,THEFT,15389.64,REJECTED,False
11180,4145,1755,2025-05-31 06:40:05.000000,COLLISION,3821.12,CLOSED,False
11181,2998,1318,2024-09-13 05:07:48.000000,COLLISION,23479.77,APPROVED,True
11182,4399,3311,2025-08-28 11:34:59.000000,VANDALISM,17200.22,OPEN,False
11183,276,3270,2025-05-15 23:54:42.000000,COLLISION,11916.32,IN_REVIEW,False
11184,324,2901,2025-08-05 14:11:03.000000,THEFT,4122.84,OPEN,False
11185,3160,4195,2024-08-26 05:32:03.000000,THEFT,1752.63,CLOSED,False
11186,1577,1995,2025-07-23 10:29:40.000000,FIRE,14824.86,IN_REVIEW,False
11187,3024,630,2024-08-19 13:39:03.000000,VANDALISM,16205.46,APPROVED,False
11188,1994,2719,2024-07-18 07:54:42.000000,FIRE,10382.72,APPROVED,False
11189,4285,1820,2024-08-22 19:03:16.000000,GLASS_DAMAGE,7465.87,IN_REVIEW,False
11190,4722,139,2025-09-21 20:06:13.000000,COLLISION,17415.82,REJECTED,False
11191,482,4046,2025-01-09 16:09:17.000000,GLASS_DAMAGE,7091.71,IN_REVIEW,False
11192,616,2581,2025-10-08 18:37:14.000000,THEFT,4281.04,IN_REVIEW,False
11193,572,2238,2024-12-14 01:35:38.000000,FIRE,23054.3,IN_REVIEW,True
11194,4537,4063,2024-06-22 15:53:48.000000,GLASS_DAMAGE,19191.37,IN_REVIEW,True
11195,790,3330,2025-03-04 08:59:34.000000,FIRE,6426.09,REJECTED,False
11196,2281,1721,2024-06-29 23:08:29.000000,VANDALISM,23025.06,REJECTED,True
11197,4235,4142,2025-02-18 16:03:27.000000,COLLISION,24901.96,CLOSED,True
11198,2539,904,2025-06-03 07:51:47.000000,COLLISION,7966.17,REJECTED,False
11199,2542,890,2026-03-09 05:53:32.000000,FIRE,10319.48,APPROVED,False
11200,1318,3605,2025-08-16 23:44:38.000000,FIRE,20224.89,IN_REVIEW,True
11201,3001,1248,2024-10-19 22:26:59.000000,FLOOD,18623.31,IN_REVIEW,True
11202,4326,2031,2025-11-22 19:03:02.000000,VANDALISM,13297.28,APPROVED,False
11203,3271,2633,2025-05-01 06:27:46.000000,THEFT,22794.35,REJECTED,True
11204,2062,838,2024-12-02 19:53:16.000000,COLLISION,22508.12,IN_REVIEW,True
11205,512,2394,2026-03-29 18:11:50.000000,GLASS_DAMAGE,18880.87,IN_REVIEW,True
11206,957,1191,2025-08-15 05:56:45.000000,FIRE,19927.43,OPEN,True
11207,3023,313,2025-11-16 04:51:55.000000,THEFT,5137.56,REJECTED,False
11208,3515,4144,2024-05-25 20:13:07.000000,GLASS_DAMAGE,7702.75,REJECTED,False
11209,30,1678,2024-11-19 19:05:36.000000,VANDALISM,11650.32,CLOSED,False
11210,839,2106,2024-07-10 12:23:23.000000,VANDALISM,7301.85,CLOSED,False
11211,2860,515,2025-04-28 17:35:40.000000,GLASS_DAMAGE,9261.98,APPROVED,False
11212,1638,3344,2025-10-03 05:50:12.000000,GLASS_DAMAGE,22602.55,OPEN,True
11213,1809,3761,2024-09-20 03:28:51.000000,FIRE,23869.36,REJECTED,True
11214,1221,3216,2026-01-16 02:17:29.000000,FLOOD,16328.86,CLOSED,False
11215,412,3219,2025-07-25 09:44:38.000000,FIRE,1501.51,IN_REVIEW,False
11216,3849,159,2025-12-03 19:34:51.000000,COLLISION,24205.51,REJECTED,True
11217,303,2663,2025-09-01 20:41:06.000000,GLASS_DAMAGE,16565.6,REJECTED,False
11218,4166,2515,2025-03-30 16:22:43.000000,FLOOD,19059.59,CLOSED,True
11219,1228,1157,2025-01-22 04:18:28.000000,COLLISION,13675.42,CLOSED,False
11220,1786,1224,2025-03-08 20:32:47.000000,GLASS_DAMAGE,18379.96,IN_REVIEW,True
11221,1144,2772,2025-12-31 00:02:21.000000,FLOOD,9394.2,APPROVED,False
11222,287,162,2025-08-29 21:36:33.000000,COLLISION,3259.04,REJECTED,False
11223,3865,3301,2026-02-05 12:37:37.000000,COLLISION,21319.62,APPROVED,True
11224,3198,1784,2024-11-17 19:39:28.000000,GLASS_DAMAGE,10933.88,IN_REVIEW,False
11225,1148,2429,2024-10-22 00:32:52.000000,FIRE,3234.79,OPEN,False
11226,4514,393,2024-05-29 22:58:25.000000,COLLISION,10275.33,IN_REVIEW,False
11227,273,2901,2024-05-15 03:31:22.000000,VANDALISM,4215.8,APPROVED,False
11228,2920,822,2024-12-30 19:11:51.000000,THEFT,10475.42,OPEN,False
11229,2807,2702,2025-07-21 14:25:31.000000,FIRE,202.61,OPEN,False
11230,633,1151,2024-08-01 20:14:31.000000,THEFT,22986.67,OPEN,True
11231,564,97,2026-01-10 21:08:22.000000,THEFT,472.14,CLOSED,False
11232,4679,74,2024-08-10 14:08:19.000000,FLOOD,8566.13,CLOSED,False
11233,1582,762,2024-06-09 20:00:15.000000,FLOOD,14671.28,IN_REVIEW,False
11234,2037,832,2026-02-27 23:39:03.000000,FLOOD,13180.58,APPROVED,False
11235,2980,2732,2024-12-03 14:17:49.000000,VANDALISM,10202.23,APPROVED,False
11236,2767,3898,2025-06-07 09:30:00.000000,COLLISION,9561.57,REJECTED,False
11237,2205,3157,2025-08-10 02:36:44.000000,GLASS_DAMAGE,24750.22,OPEN,True
11238,3018,2392,2025-01-07 11:32:02.000000,THEFT,12296.19,APPROVED,False
11239,1299,982,2026-03-14 21:02:16.000000,FIRE,18279.12,OPEN,True
11240,4652,1285,2025-08-18 18:31:42.000000,THEFT,21668.7,CLOSED,True
11241,4249,2445,2026-03-17 04:00:36.000000,VANDALISM,5935.44,CLOSED,False
11242,2937,2502,2025-02-28 23:41:26.000000,FLOOD,14209.96,IN_REVIEW,False
11243,4475,3152,2024-08-31 10:53:52.000000,THEFT,24002.19,OPEN,True
11244,2495,3494,2025-07-17 11:44:59.000000,FLOOD,8466.76,REJECTED,False
11245,2455,2666,2025-05-19 16:33:57.000000,VANDALISM,23438.35,CLOSED,True
11246,4472,3582,2026-01-13 05:18:56.000000,FIRE,23925.05,APPROVED,True
11247,1085,1087,2024-09-26 22:54:08.000000,FLOOD,3492.15,CLOSED,False
11248,919,215,2025-03-24 03:10:46.000000,GLASS_DAMAGE,19375.54,CLOSED,True
11249,2627,697,2025-10-01 14:30:55.000000,VANDALISM,14998.22,IN_REVIEW,False
11250,1099,2968,2025-07-18 12:37:45.000000,COLLISION,18584.49,OPEN,True
11251,3194,3297,2025-12-17 16:09:43.000000,THEFT,7183.35,REJECTED,False
11252,3970,3801,2025-03-27 22:07:39.000000,VANDALISM,8569.61,CLOSED,False
11253,4481,2856,2026-05-08 01:31:00.000000,VANDALISM,14349.88,REJECTED,False
11254,3783,3194,2025-02-16 08:23:42.000000,GLASS_DAMAGE,300.69,APPROVED,False
11255,2730,3856,2024-12-12 07:39:33.000000,FIRE,13552.29,OPEN,False
11256,2984,1888,2025-08-18 07:37:43.000000,VANDALISM,22138.82,IN_REVIEW,True
11257,771,266,2025-10-03 16:44:40.000000,VANDALISM,12927.25,IN_REVIEW,False
11258,4726,2194,2025-03-29 10:44:34.000000,GLASS_DAMAGE,2297.85,OPEN,False
11259,1261,3937,2024-06-05 15:51:38.000000,FIRE,15054.91,CLOSED,False
11260,4689,2389,2025-01-02 22:16:21.000000,THEFT,19690.91,APPROVED,True
11261,4082,842,2024-09-01 18:08:24.000000,COLLISION,23213.72,REJECTED,True
11262,4226,3631,2025-08-31 08:42:24.000000,VANDALISM,10346.28,REJECTED,False
11263,1221,3939,2024-11-17 05:30:32.000000,GLASS_DAMAGE,13231.68,IN_REVIEW,False
11264,554,2554,2025-12-22 21:54:23.000000,COLLISION,5586.68,IN_REVIEW,False
11265,524,2614,2026-01-11 09:17:38.000000,FLOOD,13542.91,REJECTED,False
11266,1282,1463,2025-05-29 20:51:33.000000,GLASS_DAMAGE,3770.24,APPROVED,False
11267,4570,3527,2024-07-24 09:36:14.000000,FIRE,1690.87,REJECTED,False
11268,3450,728,2026-04-24 23:04:38.000000,GLASS_DAMAGE,20673.79,OPEN,True
11269,4657,163,2025-08-30 00:41:54.000000,THEFT,19564.1,IN_REVIEW,True
11270,3806,768,2025-04-05 06:49:46.000000,THEFT,10490.12,APPROVED,False
11271,195,3703,2025-11-18 07:36:50.000000,FLOOD,11882.58,REJECTED,False
11272,1082,479,2024-12-28 01:09:45.000000,COLLISION,8622.47,IN_REVIEW,False
11273,1773,3228,2025-01-05 21:39:39.000000,THEFT,21985.01,IN_REVIEW,True
11274,1117,2138,2025-10-21 03:10:03.000000,FIRE,19933.43,IN_REVIEW,True
11275,3965,603,2025-06-03 14:48:04.000000,GLASS_DAMAGE,19328.74,IN_REVIEW,True
11276,1218,2360,2025-08-21 13:39:41.000000,GLASS_DAMAGE,8103.21,OPEN,False
11277,2717,2903,2026-01-28 19:13:36.000000,GLASS_DAMAGE,5526.67,CLOSED,False
11278,2651,1767,2025-10-13 11:36:48.000000,FLOOD,20257.43,IN_REVIEW,True
11279,368,2679,2025-01-13 08:33:22.000000,FLOOD,1743.28,IN_REVIEW,False
11280,2951,264,2025-07-14 04:28:44.000000,FIRE,10451.95,CLOSED,False
11281,3973,733,2024-10-14 17:19:51.000000,THEFT,16515.14,REJECTED,False
11282,3548,4107,2024-12-07 21:15:00.000000,THEFT,4575.38,REJECTED,False
11283,3661,1464,2025-04-30 11:15:22.000000,VANDALISM,23475.94,CLOSED,True
11284,4172,736,2025-07-11 22:26:59.000000,THEFT,2296.37,APPROVED,False
11285,2329,3087,2025-08-24 22:42:32.000000,VANDALISM,22874.3,CLOSED,True
11286,2053,4080,2026-01-09 01:23:46.000000,FLOOD,21076.06,REJECTED,True
11287,211,3257,2025-06-19 16:12:48.000000,COLLISION,13060.32,APPROVED,False
11288,4647,4180,2025-08-07 19:46:23.000000,COLLISION,15513.2,OPEN,False
11289,2681,768,2025-01-28 17:35:54.000000,COLLISION,15358.28,CLOSED,False
11290,2002,2340,2025-08-19 11:24:16.000000,FIRE,506.71,IN_REVIEW,False
11291,2770,1045,2024-06-11 07:26:00.000000,COLLISION,5113.41,CLOSED,False
11292,3579,2000,2025-08-06 09:02:12.000000,FLOOD,509.13,OPEN,False
11293,3382,4052,2025-10-26 14:12:47.000000,FIRE,23597.14,CLOSED,True
11294,2225,2938,2024-06-30 06:15:20.000000,GLASS_DAMAGE,1471.52,IN_REVIEW,False
11295,2838,2004,2024-09-23 12:44:54.000000,COLLISION,559.42,OPEN,False
11296,2861,1008,2024-10-30 17:40:31.000000,THEFT,6162.38,CLOSED,False
11297,1248,3569,2024-12-08 10:43:25.000000,FIRE,20943.47,CLOSED,True
11298,2602,2809,2024-11-11 04:54:32.000000,GLASS_DAMAGE,8522.87,IN_REVIEW,False
11299,2446,2190,2025-04-25 10:30:49.000000,VANDALISM,14225.99,APPROVED,False
11300,1869,2594,2025-01-16 17:25:21.000000,FLOOD,2770.73,CLOSED,False
11301,28,2705,2024-10-07 16:30:58.000000,VANDALISM,19063.79,CLOSED,True
11302,29,130,2025-12-05 18:31:49.000000,VANDALISM,3835.69,REJECTED,False
11303,2010,2420,2025-07-01 21:41:00.000000,FLOOD,817.71,REJECTED,False
11304,3802,749,2025-10-22 08:19:54.000000,GLASS_DAMAGE,3007.38,IN_REVIEW,False
11305,1258,1658,2025-09-07 07:36:12.000000,FIRE,14655.74,REJECTED,False
11306,219,2541,2025-06-09 19:36:16.000000,FLOOD,6751.28,IN_REVIEW,False
11307,1126,100,2025-12-20 21:14:15.000000,GLASS_DAMAGE,13801.8,REJECTED,False
11308,51,3558,2025-02-06 08:22:18.000000,FLOOD,6000.86,CLOSED,False
11309,4581,1540,2024-07-01 22:31:50.000000,COLLISION,7044.96,IN_REVIEW,False
11310,4038,1056,2024-09-18 03:11:44.000000,GLASS_DAMAGE,6697.41,IN_REVIEW,False
11311,1364,2697,2025-09-03 14:22:32.000000,GLASS_DAMAGE,13077.55,CLOSED,False
11312,1256,2376,2025-03-16 19:00:54.000000,THEFT,17791.06,OPEN,False
11313,3680,3982,2025-03-03 08:30:26.000000,COLLISION,4968.41,REJECTED,False
11314,2361,2596,2024-12-01 09:15:58.000000,COLLISION,10192.62,APPROVED,False
11315,2007,3424,2024-09-05 19:58:08.000000,FLOOD,5415.99,OPEN,False
11316,4737,2775,2025-11-12 16:27:41.000000,FLOOD,8246.51,OPEN,False
11317,2938,1789,2024-07-27 16:49:49.000000,COLLISION,17967.64,CLOSED,False
11318,4375,2694,2025-12-09 23:15:47.000000,COLLISION,23965.26,IN_REVIEW,True
11319,3719,2336,2024-12-23 00:25:17.000000,FLOOD,2149.34,REJECTED,False
11320,4087,321,2025-01-22 20:10:16.000000,FIRE,9266.74,IN_REVIEW,False
11321,3331,1318,2026-05-09 02:15:28.000000,GLASS_DAMAGE,4096.52,CLOSED,False
11322,1476,3021,2025-09-15 12:41:59.000000,THEFT,11152.83,REJECTED,False
11323,2514,4132,2025-08-11 10:34:39.000000,FLOOD,24888.72,APPROVED,True
11324,1422,2991,2025-01-25 09:33:50.000000,VANDALISM,19122.36,IN_REVIEW,True
11325,3100,567,2026-01-05 05:19:03.000000,VANDALISM,3369.02,REJECTED,False
11326,4099,795,2025-05-18 14:33:49.000000,THEFT,2636.62,OPEN,False
11327,2203,1391,2024-09-25 00:51:06.000000,THEFT,2510.11,CLOSED,False
11328,2271,3744,2025-10-14 14:35:06.000000,COLLISION,24195.05,OPEN,True
11329,522,1518,2026-04-03 01:00:15.000000,VANDALISM,9181.13,CLOSED,False
11330,921,886,2024-12-25 14:18:00.000000,THEFT,24322.58,IN_REVIEW,True
11331,862,2566,2024-08-17 00:30:23.000000,GLASS_DAMAGE,21281.21,IN_REVIEW,True
11332,4764,923,2025-03-18 04:37:50.000000,FIRE,24317.28,REJECTED,True
11333,4073,3509,2024-06-20 19:27:42.000000,VANDALISM,8313.86,IN_REVIEW,False
11334,1039,3683,2024-09-19 16:37:55.000000,VANDALISM,2413.08,REJECTED,False
11335,1817,4119,2025-04-05 03:59:01.000000,FLOOD,23063.77,OPEN,True
11336,4236,857,2025-10-23 10:15:36.000000,COLLISION,19116.91,CLOSED,True
11337,4729,3219,2026-01-20 01:38:03.000000,GLASS_DAMAGE,20339.32,IN_REVIEW,True
11338,1087,1132,2025-10-10 15:38:45.000000,VANDALISM,386.21,REJECTED,False
11339,932,2979,2026-04-05 19:27:23.000000,GLASS_DAMAGE,16839.24,CLOSED,False
11340,2688,4200,2024-12-26 04:41:35.000000,COLLISION,7402.63,OPEN,False
11341,2738,3133,2025-03-28 23:52:55.000000,COLLISION,1507.05,IN_REVIEW,False
11342,1458,2798,2025-07-06 20:30:13.000000,THEFT,14287.38,OPEN,False
11343,4248,365,2024-12-23 17:46:42.000000,COLLISION,19163.07,APPROVED,True
11344,3546,2057,2024-05-18 14:00:40.000000,FLOOD,20685.72,REJECTED,True
11345,4045,2419,2025-05-06 10:25:26.000000,GLASS_DAMAGE,723.3,IN_REVIEW,False
11346,3397,852,2025-04-04 14:24:32.000000,VANDALISM,5368.91,REJECTED,False
11347,4210,3961,2024-06-27 18:22:35.000000,FLOOD,11766.63,IN_REVIEW,False
11348,4004,3092,2026-03-15 18:55:58.000000,THEFT,8492.94,IN_REVIEW,False
11349,2833,79,2025-02-13 08:58:57.000000,FLOOD,17281.15,APPROVED,False
11350,1395,1598,2025-12-23 18:11:32.000000,FIRE,6921.89,CLOSED,False
11351,394,1437,2025-03-31 17:38:54.000000,COLLISION,7513.54,IN_REVIEW,False
11352,2930,2925,2025-10-22 09:11:48.000000,THEFT,22036.22,IN_REVIEW,True
11353,4682,94,2024-12-27 06:33:57.000000,VANDALISM,6311.38,CLOSED,False
11354,211,1042,2024-09-01 21:41:41.000000,GLASS_DAMAGE,17857.92,CLOSED,False
11355,1000,1121,2026-03-23 20:37:09.000000,FLOOD,18349.96,APPROVED,True
11356,3222,2206,2024-08-22 18:05:27.000000,THEFT,17254.38,CLOSED,False
11357,3432,1707,2025-10-19 05:26:32.000000,FIRE,14531.15,APPROVED,False
11358,2732,3654,2025-05-10 07:53:35.000000,COLLISION,21921.07,CLOSED,True
11359,727,1235,2025-09-30 19:30:39.000000,GLASS_DAMAGE,1139.9,OPEN,False
11360,4100,2662,2025-09-23 13:43:31.000000,COLLISION,19489.59,REJECTED,True
11361,1249,16,2024-07-01 14:03:13.000000,FIRE,19441.75,REJECTED,True
11362,616,2535,2026-04-07 14:20:12.000000,COLLISION,5372.07,REJECTED,False
11363,503,3411,2026-04-30 12:49:23.000000,THEFT,18020.7,REJECTED,True
11364,3975,1704,2026-04-22 13:42:16.000000,VANDALISM,20614.91,OPEN,True
11365,4064,1593,2026-04-09 18:35:01.000000,VANDALISM,21872.15,OPEN,True
11366,561,2736,2026-03-09 17:47:33.000000,THEFT,18939.58,APPROVED,True
11367,3232,1715,2026-02-05 20:07:41.000000,GLASS_DAMAGE,16389.09,APPROVED,False
11368,4432,3981,2025-12-14 15:50:38.000000,FIRE,13809.31,OPEN,False
11369,4163,769,2025-09-02 23:09:31.000000,GLASS_DAMAGE,2910.74,IN_REVIEW,False
11370,1048,2328,2025-05-12 15:56:01.000000,FLOOD,8188.67,REJECTED,False
11371,3763,3211,2025-11-22 00:55:38.000000,FLOOD,17488.19,REJECTED,False
11372,4602,1572,2024-06-20 23:02:30.000000,FLOOD,16426.42,CLOSED,False
11373,4764,3150,2025-05-02 20:17:38.000000,VANDALISM,16987.99,OPEN,False
11374,4745,1311,2025-04-18 22:07:47.000000,FLOOD,9510.93,REJECTED,False
11375,3471,4010,2024-11-01 14:19:08.000000,COLLISION,24538.59,IN_REVIEW,True
11376,4145,346,2024-09-03 09:13:05.000000,THEFT,7549.81,IN_REVIEW,False
11377,2619,1739,2025-10-08 00:14:18.000000,COLLISION,522.05,REJECTED,False
11378,1937,3304,2024-06-26 08:01:17.000000,GLASS_DAMAGE,16018.71,IN_REVIEW,False
11379,2089,4135,2026-03-26 07:31:24.000000,VANDALISM,15880.64,REJECTED,False
11380,1978,2783,2024-06-21 09:56:21.000000,GLASS_DAMAGE,2541.75,REJECTED,False
11381,4351,984,2026-01-14 06:16:32.000000,FLOOD,16353.89,REJECTED,False
11382,2418,2351,2025-07-05 18:20:49.000000,FIRE,9314.36,CLOSED,False
11383,2491,141,2025-06-28 08:31:41.000000,FLOOD,17838.63,REJECTED,False
11384,2436,376,2026-01-15 04:46:41.000000,VANDALISM,24024.99,IN_REVIEW,True
11385,2435,3972,2025-11-06 03:36:10.000000,FIRE,10965.23,REJECTED,False
11386,4773,3898,2024-05-24 08:31:09.000000,FLOOD,3169.25,REJECTED,False
11387,1279,527,2026-04-03 20:20:57.000000,FLOOD,15066.59,IN_REVIEW,False
11388,585,2075,2024-08-26 21:54:55.000000,COLLISION,19441.96,OPEN,True
11389,742,1717,2024-07-22 04:55:21.000000,GLASS_DAMAGE,15087.08,IN_REVIEW,False
11390,3206,3772,2025-07-17 04:36:34.000000,FLOOD,10310.58,CLOSED,False
11391,3773,2257,2024-12-22 22:33:16.000000,FIRE,14531.8,IN_REVIEW,False
11392,2784,1368,2026-04-18 19:03:02.000000,FIRE,8978.16,IN_REVIEW,False
11393,3461,1717,2025-09-23 14:38:25.000000,GLASS_DAMAGE,11070.66,OPEN,False
11394,991,1327,2025-08-26 07:01:29.000000,THEFT,9483.26,APPROVED,False
11395,169,1859,2026-03-16 01:23:17.000000,FIRE,7314.59,APPROVED,False
11396,1310,2803,2025-03-31 05:48:49.000000,THEFT,13833.93,CLOSED,False
11397,638,2884,2025-12-16 15:16:20.000000,FIRE,20484.09,APPROVED,True
11398,975,1292,2025-05-15 03:23:38.000000,COLLISION,8666.02,OPEN,False
11399,2492,3596,2025-09-12 15:49:05.000000,COLLISION,24537.28,REJECTED,True
11400,3348,2747,2024-10-21 15:52:16.000000,GLASS_DAMAGE,9671.27,CLOSED,False
11401,3125,2268,2024-11-19 04:16:33.000000,THEFT,18195.63,CLOSED,True
11402,2258,343,2025-08-17 20:07:02.000000,GLASS_DAMAGE,688.11,CLOSED,False
11403,2363,3339,2024-06-07 05:41:37.000000,FIRE,21435.25,APPROVED,True
11404,3918,895,2024-07-04 13:37:51.000000,THEFT,12196.29,IN_REVIEW,False
11405,4670,3793,2025-05-26 17:00:06.000000,GLASS_DAMAGE,4008.41,REJECTED,False
11406,2112,3222,2026-02-06 21:37:12.000000,GLASS_DAMAGE,6697.28,OPEN,False
11407,3000,1171,2025-10-25 19:28:48.000000,COLLISION,6156.19,IN_REVIEW,False
11408,736,2763,2025-01-02 12:04:13.000000,COLLISION,14525.42,IN_REVIEW,False
11409,2808,2415,2026-04-10 18:10:36.000000,FLOOD,4898.96,IN_REVIEW,False
11410,4384,1267,2025-11-29 06:49:54.000000,THEFT,1897.77,IN_REVIEW,False
11411,1137,2518,2024-07-13 04:50:55.000000,GLASS_DAMAGE,11798.85,OPEN,False
11412,1081,1273,2026-03-23 19:20:51.000000,THEFT,15932.24,REJECTED,False
11413,335,1763,2025-09-28 02:27:39.000000,COLLISION,8732.3,REJECTED,False
11414,877,1416,2024-10-19 06:11:23.000000,THEFT,21291.28,REJECTED,True
11415,4463,1601,2025-08-28 08:28:24.000000,GLASS_DAMAGE,2508.5,IN_REVIEW,False
11416,787,3703,2025-08-13 08:28:54.000000,FLOOD,2976.85,CLOSED,False
11417,2699,1240,2025-04-16 14:05:05.000000,THEFT,17899.13,REJECTED,False
11418,1519,2246,2025-12-24 06:42:10.000000,COLLISION,14763.76,CLOSED,False
11419,4184,818,2024-12-07 01:34:51.000000,THEFT,6560.33,CLOSED,False
11420,4612,669,2025-08-07 07:05:50.000000,FLOOD,6844.9,APPROVED,False
11421,2811,1545,2024-08-03 01:39:49.000000,THEFT,12781.71,REJECTED,False
11422,2953,3108,2025-01-18 19:22:56.000000,THEFT,8780.27,CLOSED,False
11423,3648,4198,2025-07-18 11:29:35.000000,VANDALISM,20595.66,OPEN,True
11424,1581,3860,2024-05-29 19:26:54.000000,FIRE,22497.11,APPROVED,True
11425,4388,770,2024-09-13 23:01:55.000000,COLLISION,19672.76,REJECTED,True
11426,3355,3739,2026-02-11 04:41:15.000000,FIRE,8602.46,APPROVED,False
11427,1584,421,2026-04-04 22:14:36.000000,GLASS_DAMAGE,7685.83,OPEN,False
11428,2928,439,2025-12-30 05:42:14.000000,FIRE,23306.5,APPROVED,True
11429,4667,1755,2024-11-19 22:22:38.000000,COLLISION,1662.32,REJECTED,False
11430,1491,3133,2024-09-10 16:08:18.000000,THEFT,11009.3,OPEN,False
11431,3056,939,2024-05-31 10:29:25.000000,FIRE,16494.62,IN_REVIEW,False
11432,4628,709,2025-08-10 02:10:51.000000,THEFT,1166.41,IN_REVIEW,False
11433,1657,3086,2025-12-20 22:30:43.000000,THEFT,14692.83,IN_REVIEW,False
11434,246,723,2025-07-23 14:04:35.000000,COLLISION,13129.34,OPEN,False
11435,1379,1232,2026-01-10 03:43:30.000000,THEFT,15139.01,IN_REVIEW,False
11436,4548,3997,2025-01-28 09:15:33.000000,GLASS_DAMAGE,6321.36,CLOSED,False
11437,1738,514,2024-07-30 20:48:31.000000,FLOOD,6745.88,REJECTED,False
11438,3776,757,2025-09-24 07:31:28.000000,VANDALISM,22585.64,IN_REVIEW,True
11439,2647,3633,2025-03-16 23:35:45.000000,GLASS_DAMAGE,15479.03,OPEN,False
11440,2907,440,2025-10-01 14:38:23.000000,COLLISION,15103.25,REJECTED,False
11441,3494,4030,2025-04-08 08:26:29.000000,FIRE,10967.27,APPROVED,False
11442,441,2834,2024-07-11 09:59:38.000000,THEFT,24629.63,CLOSED,True
11443,4295,3565,2026-04-28 19:46:31.000000,COLLISION,4167.16,APPROVED,False
11444,4119,1975,2025-10-13 23:33:20.000000,FLOOD,13473.25,IN_REVIEW,False
11445,3017,1773,2025-08-11 20:00:56.000000,GLASS_DAMAGE,4840.84,CLOSED,False
11446,4632,542,2025-04-30 15:35:36.000000,FLOOD,23784.9,IN_REVIEW,True
11447,737,241,2025-12-17 03:38:37.000000,THEFT,833.6,REJECTED,False
11448,1205,2395,2026-02-26 10:08:36.000000,FIRE,7696.83,CLOSED,False
11449,4615,3217,2025-06-13 21:20:35.000000,FIRE,7847.6,OPEN,False
11450,106,1651,2024-09-19 09:26:18.000000,COLLISION,9275.53,OPEN,False
11451,3777,1070,2026-01-06 06:32:52.000000,COLLISION,11374.8,CLOSED,False
11452,3776,2321,2025-04-04 17:05:05.000000,VANDALISM,17945.9,REJECTED,False
11453,3918,3408,2025-01-01 16:34:10.000000,FIRE,18599.66,REJECTED,True
11454,4566,1200,2025-02-11 22:49:11.000000,GLASS_DAMAGE,3839.29,APPROVED,False
11455,266,3132,2025-04-20 05:48:57.000000,GLASS_DAMAGE,2687.05,OPEN,False
11456,3015,1700,2025-11-12 14:08:10.000000,FIRE,4096.52,OPEN,False
11457,3409,2214,2026-03-22 11:05:23.000000,FLOOD,13435.57,CLOSED,False
11458,266,1062,2025-03-29 21:35:58.000000,GLASS_DAMAGE,14151.45,OPEN,False
11459,740,1620,2025-09-26 15:23:15.000000,VANDALISM,13313.98,REJECTED,False
11460,576,1304,2026-05-08 22:27:12.000000,GLASS_DAMAGE,14377.38,CLOSED,False
11461,2661,27,2025-01-31 23:01:22.000000,FIRE,5567.04,CLOSED,False
11462,405,2924,2024-09-28 03:25:26.000000,VANDALISM,22393.31,OPEN,True
11463,3264,3608,2025-04-11 03:58:54.000000,GLASS_DAMAGE,2417.68,APPROVED,False
11464,3477,176,2025-11-25 14:54:09.000000,FLOOD,15477.54,OPEN,False
11465,4486,550,2025-01-06 07:18:51.000000,COLLISION,12491.01,APPROVED,False
11466,4379,3092,2026-04-04 10:10:59.000000,VANDALISM,7705.23,REJECTED,False
11467,3455,3896,2025-06-19 00:26:28.000000,GLASS_DAMAGE,7195.31,REJECTED,False
11468,192,1560,2025-09-02 02:41:16.000000,GLASS_DAMAGE,23923.9,APPROVED,True
11469,1014,161,2025-03-25 15:34:03.000000,FLOOD,24426.52,IN_REVIEW,True
11470,421,3786,2026-02-26 23:37:46.000000,THEFT,7306.99,CLOSED,False
11471,4175,3761,2024-08-14 18:30:31.000000,THEFT,20332.67,IN_REVIEW,True
11472,3843,4197,2026-03-16 15:03:18.000000,FLOOD,16993.46,REJECTED,False
11473,4718,2679,2026-05-11 21:51:41.000000,GLASS_DAMAGE,20483.72,IN_REVIEW,True
11474,1104,559,2025-01-22 18:23:25.000000,COLLISION,23401.91,APPROVED,True
11475,2659,3149,2024-08-26 07:53:24.000000,VANDALISM,15387.14,CLOSED,False
11476,326,3996,2025-11-23 03:45:58.000000,VANDALISM,12960.22,REJECTED,False
11477,2368,2965,2025-11-11 00:56:21.000000,FIRE,7022.21,OPEN,False
11478,3206,2867,2025-07-23 10:55:00.000000,FIRE,8587.26,OPEN,False
11479,4628,3170,2026-04-16 10:23:35.000000,COLLISION,15015.71,APPROVED,False
11480,4783,788,2025-10-16 16:19:33.000000,GLASS_DAMAGE,17532.16,REJECTED,False
11481,3787,1621,2026-03-16 03:31:39.000000,FLOOD,20482.69,APPROVED,True
11482,1116,32,2024-06-30 10:51:10.000000,FLOOD,13933.93,REJECTED,False
11483,1652,2461,2024-12-30 04:07:57.000000,FLOOD,17522.23,OPEN,False
11484,4224,355,2025-08-27 03:29:40.000000,THEFT,4767.84,CLOSED,False
11485,2549,3793,2025-03-18 13:28:46.000000,FLOOD,12200.59,IN_REVIEW,False
11486,749,1038,2026-03-10 00:52:05.000000,THEFT,17543.03,OPEN,False
11487,3129,3340,2025-10-26 18:52:55.000000,COLLISION,18998.77,APPROVED,True
11488,4138,3803,2025-08-03 08:08:16.000000,VANDALISM,9930.33,IN_REVIEW,False
11489,3104,1930,2026-02-28 00:09:41.000000,COLLISION,20526.8,REJECTED,True
11490,2534,768,2026-02-10 09:39:44.000000,FIRE,2539.14,CLOSED,False
11491,708,1057,2025-05-03 06:26:48.000000,THEFT,8501.77,CLOSED,False
11492,3698,3764,2024-11-10 19:51:52.000000,VANDALISM,22635.96,IN_REVIEW,True
11493,3687,585,2024-06-03 01:58:43.000000,VANDALISM,3928.66,REJECTED,False
11494,4525,2718,2026-04-25 07:45:28.000000,THEFT,6786.85,REJECTED,False
11495,2598,2084,2024-08-21 06:26:56.000000,THEFT,16259.63,OPEN,False
11496,4132,3250,2024-06-05 15:20:04.000000,THEFT,5127.06,OPEN,False
11497,3496,1895,2024-08-28 01:30:01.000000,FIRE,24984.11,REJECTED,True
11498,4567,1510,2024-11-24 03:19:11.000000,FIRE,7729.79,IN_REVIEW,False
11499,2697,1189,2025-07-18 14:31:36.000000,VANDALISM,17290.36,CLOSED,False
11500,3988,743,2025-06-15 15:08:24.000000,FLOOD,22384.88,APPROVED,True
11501,2332,67,2025-08-04 09:41:52.000000,FIRE,15291.27,OPEN,False
11502,2431,2206,2025-07-18 22:32:54.000000,COLLISION,22246.13,CLOSED,True
11503,521,682,2025-03-08 14:07:48.000000,VANDALISM,675.74,OPEN,False
11504,464,4011,2025-10-03 06:46:35.000000,FIRE,11804.63,CLOSED,False
11505,284,1193,2025-11-09 07:35:27.000000,VANDALISM,18510.84,REJECTED,True
11506,3374,3794,2024-05-12 03:51:25.000000,THEFT,13709.69,CLOSED,False
11507,1937,3791,2025-01-05 20:13:02.000000,FLOOD,7742.5,CLOSED,False
11508,1824,464,2024-10-30 03:24:04.000000,FIRE,6070.89,OPEN,False
11509,1752,3284,2024-11-06 15:14:37.000000,COLLISION,8758.54,CLOSED,False
11510,1330,2375,2025-08-22 02:03:56.000000,COLLISION,6081.5,IN_REVIEW,False
11511,1836,554,2026-04-23 05:28:31.000000,VANDALISM,17475.16,APPROVED,False
11512,713,2240,2026-05-08 11:11:07.000000,GLASS_DAMAGE,15244.71,APPROVED,False
11513,3253,484,2024-10-21 09:22:22.000000,COLLISION,16607.0,APPROVED,False
11514,3112,1563,2024-06-16 18:18:37.000000,VANDALISM,19995.42,CLOSED,True
11515,278,2177,2026-04-22 21:00:20.000000,COLLISION,2556.87,CLOSED,False
11516,3374,1293,2025-09-02 21:01:42.000000,GLASS_DAMAGE,3115.23,CLOSED,False
11517,1024,1023,2024-09-25 00:06:29.000000,FLOOD,4028.49,CLOSED,False
11518,1315,554,2026-03-09 09:32:15.000000,VANDALISM,11656.03,CLOSED,False
11519,3396,2272,2024-09-07 00:14:25.000000,VANDALISM,744.81,IN_REVIEW,False
11520,3810,141,2026-02-04 23:07:49.000000,COLLISION,20075.34,IN_REVIEW,True
11521,728,961,2024-09-01 22:34:23.000000,FIRE,14723.11,CLOSED,False
11522,4366,3282,2025-08-11 08:01:10.000000,COLLISION,6034.51,CLOSED,False
11523,660,3106,2025-03-24 14:19:41.000000,FLOOD,12989.48,IN_REVIEW,False
11524,2421,3527,2025-01-01 06:44:02.000000,FIRE,17228.21,OPEN,False
11525,4347,94,2024-06-04 05:32:24.000000,GLASS_DAMAGE,22183.07,REJECTED,True
11526,4517,1685,2025-08-18 12:20:51.000000,GLASS_DAMAGE,13838.27,OPEN,False
11527,1926,1244,2025-08-26 05:44:58.000000,COLLISION,9526.05,APPROVED,False
11528,730,1103,2026-04-23 15:57:00.000000,VANDALISM,6540.48,APPROVED,False
11529,2885,331,2026-02-09 07:53:02.000000,GLASS_DAMAGE,24863.4,IN_REVIEW,True
11530,2865,3910,2026-03-19 04:41:39.000000,COLLISION,5817.21,APPROVED,False
11531,4164,3354,2025-12-24 23:47:40.000000,COLLISION,22844.82,APPROVED,True
11532,2491,2352,2024-07-18 23:21:52.000000,VANDALISM,21484.98,REJECTED,True
11533,4265,1724,2026-05-05 16:04:15.000000,FIRE,1315.04,APPROVED,False
11534,3475,3684,2024-07-19 22:07:50.000000,THEFT,1275.32,REJECTED,False
11535,942,3069,2024-12-22 05:13:25.000000,FLOOD,15691.82,APPROVED,False
11536,319,2126,2024-12-19 02:10:50.000000,GLASS_DAMAGE,7135.59,CLOSED,False
11537,1367,2392,2025-07-06 20:57:55.000000,THEFT,2820.39,IN_REVIEW,False
11538,719,1999,2025-01-02 07:09:28.000000,FIRE,9114.54,IN_REVIEW,False
11539,3787,496,2024-05-23 01:17:13.000000,FLOOD,11968.16,REJECTED,False
11540,2545,3033,2024-06-09 16:24:06.000000,VANDALISM,19993.09,IN_REVIEW,True
11541,2733,3964,2025-04-30 03:14:58.000000,VANDALISM,9460.84,APPROVED,False
11542,1413,3668,2024-09-25 00:25:20.000000,VANDALISM,7468.18,CLOSED,False
11543,4622,2725,2024-08-30 21:35:12.000000,VANDALISM,14334.86,CLOSED,False
11544,3880,3956,2025-02-13 07:56:36.000000,FLOOD,19280.38,IN_REVIEW,True
11545,3749,715,2024-12-06 10:46:24.000000,VANDALISM,10881.04,APPROVED,False
11546,4214,3510,2024-08-02 07:51:03.000000,FIRE,13938.56,APPROVED,False
11547,3723,1314,2025-03-11 17:30:09.000000,GLASS_DAMAGE,21860.05,APPROVED,True
11548,2304,1631,2025-12-17 16:50:31.000000,FIRE,787.9,IN_REVIEW,False
11549,388,2227,2025-05-20 15:05:42.000000,FLOOD,24275.84,CLOSED,True
11550,4266,3684,2025-09-07 01:54:59.000000,GLASS_DAMAGE,21822.52,OPEN,True
11551,812,2879,2024-08-14 09:30:22.000000,FLOOD,14966.88,REJECTED,False
11552,2989,2640,2025-02-08 12:24:53.000000,THEFT,14517.78,OPEN,False
11553,608,3890,2025-12-01 09:35:07.000000,THEFT,22457.16,IN_REVIEW,True
11554,3478,3705,2025-11-15 18:07:36.000000,COLLISION,16367.18,OPEN,False
11555,4587,2662,2024-11-26 21:28:36.000000,FLOOD,16556.2,APPROVED,False
11556,671,2534,2024-12-27 22:18:04.000000,THEFT,3864.61,REJECTED,False
11557,1619,653,2026-04-03 18:06:43.000000,VANDALISM,5749.04,APPROVED,False
11558,3330,3685,2024-12-02 21:18:37.000000,VANDALISM,16519.29,CLOSED,False
11559,566,3833,2024-06-19 05:34:11.000000,VANDALISM,22655.98,OPEN,True
11560,767,1153,2026-01-27 18:27:55.000000,FLOOD,11355.91,OPEN,False
11561,410,3035,2026-04-22 10:44:54.000000,GLASS_DAMAGE,5362.06,REJECTED,False
11562,702,1440,2025-04-03 09:38:30.000000,GLASS_DAMAGE,18984.37,REJECTED,True
11563,3322,1786,2025-12-16 12:06:49.000000,FLOOD,14727.76,REJECTED,False
11564,730,261,2024-11-10 01:32:55.000000,FIRE,209.18,APPROVED,False
11565,755,679,2025-03-16 17:17:17.000000,GLASS_DAMAGE,22315.54,REJECTED,True
11566,1763,2840,2025-12-19 16:45:36.000000,GLASS_DAMAGE,2548.04,IN_REVIEW,False
11567,3002,3751,2024-11-13 01:39:38.000000,THEFT,6460.85,CLOSED,False
11568,3253,3609,2025-12-06 00:09:38.000000,VANDALISM,22490.26,IN_REVIEW,True
11569,1496,3419,2025-07-28 00:18:50.000000,VANDALISM,3231.61,IN_REVIEW,False
11570,4084,3745,2025-04-04 21:29:59.000000,GLASS_DAMAGE,8484.69,IN_REVIEW,False
11571,3420,653,2025-10-21 13:34:15.000000,VANDALISM,10810.9,IN_REVIEW,False
11572,905,247,2024-06-12 15:29:58.000000,THEFT,10273.08,APPROVED,False
11573,1568,2877,2024-07-04 15:02:30.000000,COLLISION,17693.91,REJECTED,False
11574,320,3429,2025-12-21 03:25:54.000000,COLLISION,9573.68,APPROVED,False
11575,1124,1811,2024-12-19 01:47:10.000000,GLASS_DAMAGE,14019.29,CLOSED,False
11576,2327,829,2025-08-08 05:17:01.000000,THEFT,11221.67,CLOSED,False
11577,545,409,2026-02-03 18:11:24.000000,THEFT,17156.5,OPEN,False
11578,2879,3297,2025-12-01 05:00:16.000000,FLOOD,9097.28,OPEN,False
11579,234,2797,2025-02-23 20:29:54.000000,GLASS_DAMAGE,20985.83,REJECTED,True
11580,16,2492,2025-12-26 03:38:22.000000,THEFT,21820.64,IN_REVIEW,True
11581,1300,2798,2024-09-27 22:55:23.000000,THEFT,3932.64,CLOSED,False
11582,3196,1103,2024-12-28 21:57:35.000000,COLLISION,10191.11,IN_REVIEW,False
11583,3623,411,2025-01-20 10:12:43.000000,FIRE,14987.32,REJECTED,False
11584,4076,585,2024-10-16 03:22:06.000000,FLOOD,10478.77,CLOSED,False
11585,918,1337,2025-09-16 14:37:42.000000,FLOOD,8552.34,REJECTED,False
11586,1028,3453,2025-08-26 08:31:57.000000,FLOOD,5793.74,APPROVED,False
11587,1278,2563,2025-05-02 03:52:49.000000,FLOOD,2132.48,REJECTED,False
11588,3319,472,2026-02-14 12:30:14.000000,VANDALISM,20576.67,APPROVED,True
11589,3793,3120,2025-10-04 11:54:16.000000,GLASS_DAMAGE,4184.9,CLOSED,False
11590,863,2103,2025-01-12 05:35:18.000000,GLASS_DAMAGE,17713.1,APPROVED,False
11591,1781,3524,2024-11-16 00:22:21.000000,THEFT,24988.84,REJECTED,True
11592,4113,1194,2025-10-16 20:04:42.000000,FIRE,3460.05,CLOSED,False
11593,3272,2153,2025-12-09 15:57:41.000000,FLOOD,23397.19,IN_REVIEW,True
11594,41,2208,2025-03-14 03:52:14.000000,VANDALISM,748.46,APPROVED,False
11595,1109,3689,2024-08-19 17:01:30.000000,COLLISION,9116.43,APPROVED,False
11596,2086,195,2025-10-28 20:48:53.000000,COLLISION,15678.69,OPEN,False
11597,1228,1264,2025-03-08 03:38:38.000000,VANDALISM,20571.69,OPEN,True
11598,4108,3699,2025-12-27 16:45:52.000000,VANDALISM,14994.75,CLOSED,False
11599,4368,95,2024-12-28 19:50:56.000000,COLLISION,4764.56,CLOSED,False
11600,2800,423,2025-06-16 13:34:18.000000,THEFT,7367.61,REJECTED,False
11601,376,2791,2025-01-12 19:24:38.000000,FLOOD,6791.16,CLOSED,False
11602,3354,3546,2024-07-20 01:54:09.000000,VANDALISM,5672.16,IN_REVIEW,False
11603,2286,614,2025-09-29 08:06:17.000000,VANDALISM,13098.98,REJECTED,False
11604,1863,523,2025-12-22 15:36:09.000000,FIRE,17481.84,IN_REVIEW,False
11605,266,1981,2025-03-21 19:00:15.000000,COLLISION,21914.19,REJECTED,True
11606,2668,1705,2026-04-01 15:46:40.000000,GLASS_DAMAGE,6542.32,APPROVED,False
11607,3173,1289,2026-04-27 01:56:12.000000,COLLISION,3611.23,OPEN,False
11608,851,3982,2024-08-01 06:29:06.000000,VANDALISM,6446.19,APPROVED,False
11609,4541,968,2026-03-26 17:02:10.000000,THEFT,14497.81,REJECTED,False
11610,2033,2357,2026-01-09 16:19:23.000000,GLASS_DAMAGE,992.92,CLOSED,False
11611,1654,2448,2025-05-18 23:13:00.000000,THEFT,6439.77,APPROVED,False
11612,4589,2498,2025-07-22 08:12:50.000000,COLLISION,12483.5,IN_REVIEW,False
11613,3803,4077,2024-11-24 17:32:19.000000,FLOOD,2108.73,APPROVED,False
11614,1401,355,2025-02-02 13:54:36.000000,VANDALISM,22715.72,APPROVED,True
11615,2815,23,2025-05-29 02:50:48.000000,FIRE,11881.17,APPROVED,False
11616,2949,3152,2026-04-13 15:41:02.000000,GLASS_DAMAGE,17650.99,OPEN,False
11617,289,2566,2025-04-08 18:12:15.000000,GLASS_DAMAGE,7280.22,REJECTED,False
11618,3671,1065,2025-02-07 11:26:03.000000,GLASS_DAMAGE,20835.95,REJECTED,True
11619,4672,3049,2025-07-16 20:43:01.000000,COLLISION,3845.43,IN_REVIEW,False
11620,2541,1266,2024-05-29 05:58:56.000000,VANDALISM,17886.8,IN_REVIEW,False
11621,1054,1307,2025-02-05 02:52:18.000000,FIRE,13066.34,IN_REVIEW,False
11622,1907,4170,2024-06-21 00:51:31.000000,GLASS_DAMAGE,14557.55,APPROVED,False
11623,1,3625,2025-03-01 23:48:09.000000,FIRE,13480.85,IN_REVIEW,False
11624,589,2459,2025-11-16 10:08:21.000000,THEFT,21875.0,OPEN,True
11625,4066,495,2025-12-26 14:19:44.000000,FLOOD,2183.57,CLOSED,False
11626,4305,4093,2024-11-04 21:21:27.000000,GLASS_DAMAGE,10174.09,REJECTED,False
11627,2480,585,2025-10-31 21:46:12.000000,THEFT,23123.47,IN_REVIEW,True
11628,2574,3290,2024-10-12 21:11:25.000000,THEFT,1166.42,CLOSED,False
11629,1955,2450,2025-03-29 18:35:39.000000,FIRE,24157.9,REJECTED,True
11630,1805,2821,2024-06-12 07:58:13.000000,FLOOD,16825.49,OPEN,False
11631,1817,3677,2025-01-26 10:03:29.000000,GLASS_DAMAGE,13365.18,CLOSED,False
11632,3200,1532,2025-05-18 14:06:24.000000,THEFT,1052.59,IN_REVIEW,False
11633,125,1786,2026-03-31 19:49:34.000000,THEFT,1469.26,CLOSED,False
11634,886,839,2025-10-02 10:54:42.000000,THEFT,24096.63,IN_REVIEW,True
11635,3081,34,2026-02-09 13:28:52.000000,COLLISION,18245.71,CLOSED,True
11636,113,1160,2025-10-19 22:26:21.000000,THEFT,9021.6,IN_REVIEW,False
11637,530,172,2025-01-19 06:22:00.000000,VANDALISM,20938.85,CLOSED,True
11638,490,2627,2025-04-04 06:36:20.000000,GLASS_DAMAGE,23442.56,REJECTED,True
11639,1894,2144,2025-11-07 08:12:29.000000,THEFT,11560.66,APPROVED,False
11640,3684,2899,2024-07-15 03:17:41.000000,GLASS_DAMAGE,304.22,APPROVED,False
11641,2682,1648,2025-02-04 15:31:56.000000,FIRE,3063.53,REJECTED,False
11642,3389,811,2024-09-10 01:31:12.000000,FIRE,8172.37,APPROVED,False
11643,2268,956,2025-03-25 07:44:49.000000,GLASS_DAMAGE,14394.78,APPROVED,False
11644,3250,4167,2024-11-07 21:36:34.000000,FIRE,17711.24,APPROVED,False
11645,4381,2157,2025-02-10 01:47:44.000000,THEFT,4052.23,CLOSED,False
11646,4185,2441,2026-03-14 12:09:14.000000,VANDALISM,671.72,OPEN,False
11647,298,989,2025-09-04 04:09:12.000000,COLLISION,4585.9,REJECTED,False
11648,3834,3434,2024-05-20 11:22:59.000000,VANDALISM,8290.39,IN_REVIEW,False
11649,3180,1478,2025-05-28 22:51:58.000000,COLLISION,16914.34,APPROVED,False
11650,983,2734,2024-12-27 12:56:10.000000,COLLISION,22027.14,APPROVED,True
11651,1473,3201,2025-02-09 00:26:02.000000,FLOOD,18420.37,OPEN,True
11652,886,2480,2025-10-17 00:29:17.000000,VANDALISM,19044.39,IN_REVIEW,True
11653,2799,3215,2025-06-19 05:14:35.000000,GLASS_DAMAGE,9965.46,REJECTED,False
11654,2142,1733,2025-09-28 16:08:11.000000,FIRE,4558.64,OPEN,False
11655,536,2278,2024-05-13 20:00:32.000000,VANDALISM,6482.14,CLOSED,False
11656,1133,1357,2024-08-02 16:53:01.000000,GLASS_DAMAGE,5766.2,APPROVED,False
11657,2299,1824,2026-04-09 12:22:37.000000,FIRE,13851.62,CLOSED,False
11658,1592,2739,2026-02-06 19:43:30.000000,THEFT,8738.49,REJECTED,False
11659,1764,2966,2024-08-19 07:54:44.000000,THEFT,16339.33,CLOSED,False
11660,804,1205,2025-10-17 17:37:24.000000,GLASS_DAMAGE,13988.13,CLOSED,False
11661,3760,2640,2026-01-02 16:15:58.000000,GLASS_DAMAGE,6561.1,REJECTED,False
11662,677,986,2024-12-13 02:37:28.000000,FIRE,8601.13,REJECTED,False
11663,4288,2187,2024-05-21 03:33:26.000000,COLLISION,6203.09,OPEN,False
11664,2386,4101,2024-08-29 18:30:40.000000,VANDALISM,6506.62,IN_REVIEW,False
11665,1014,602,2024-06-22 11:37:13.000000,FIRE,19473.02,IN_REVIEW,True
11666,366,3989,2025-10-10 07:25:08.000000,FIRE,9749.93,REJECTED,False
11667,3421,526,2025-05-17 15:08:01.000000,FLOOD,22864.03,IN_REVIEW,True
11668,4241,3113,2024-08-18 18:49:37.000000,VANDALISM,21342.42,IN_REVIEW,True
11669,4800,1973,2024-11-11 22:18:41.000000,FLOOD,19863.37,OPEN,True
11670,4257,2548,2024-06-08 08:24:10.000000,FIRE,5930.94,CLOSED,False
11671,4730,1371,2025-04-02 23:57:19.000000,VANDALISM,24810.23,CLOSED,True
11672,42,1503,2024-07-01 02:11:15.000000,THEFT,18726.64,OPEN,True
11673,3530,2503,2025-02-19 03:29:25.000000,THEFT,9242.31,CLOSED,False
11674,4349,3439,2026-01-09 06:17:54.000000,THEFT,9003.9,APPROVED,False
11675,2578,1211,2025-03-31 15:10:39.000000,FLOOD,16077.36,REJECTED,False
11676,626,4169,2024-12-31 10:59:39.000000,FLOOD,17906.49,REJECTED,False
11677,1,298,2025-04-03 14:05:56.000000,VANDALISM,5842.71,IN_REVIEW,False
11678,4455,3970,2025-04-19 03:37:12.000000,VANDALISM,11183.08,OPEN,False
11679,2874,3412,2025-05-20 20:46:45.000000,FLOOD,19846.33,APPROVED,True
11680,3318,1954,2024-09-17 23:06:51.000000,COLLISION,5106.61,CLOSED,False
11681,664,3469,2025-12-12 07:39:43.000000,FIRE,14617.75,REJECTED,False
11682,2882,2742,2025-07-15 06:00:03.000000,THEFT,17093.51,REJECTED,False
11683,1091,807,2024-11-14 23:17:08.000000,FIRE,1263.32,IN_REVIEW,False
11684,878,3488,2025-10-02 04:00:59.000000,THEFT,19762.19,APPROVED,True
11685,3416,334,2025-02-28 09:52:05.000000,FLOOD,8093.2,IN_REVIEW,False
11686,4711,387,2025-01-07 06:29:28.000000,THEFT,13443.72,OPEN,False
11687,2316,1011,2025-07-05 23:24:53.000000,COLLISION,13862.24,CLOSED,False
11688,2489,3085,2026-03-16 01:22:22.000000,FIRE,21847.46,OPEN,True
11689,257,2819,2025-02-08 09:19:52.000000,FLOOD,15351.26,OPEN,False
11690,2995,1358,2025-11-23 15:24:56.000000,VANDALISM,9857.54,CLOSED,False
11691,4207,1294,2025-10-09 02:06:35.000000,THEFT,6377.39,CLOSED,False
11692,2322,4064,2026-03-09 21:32:18.000000,THEFT,11318.8,OPEN,False
11693,1312,1583,2025-07-16 17:28:20.000000,COLLISION,12142.92,CLOSED,False
11694,2261,1599,2026-04-02 02:57:24.000000,VANDALISM,14251.63,APPROVED,False
11695,403,334,2025-05-25 06:37:48.000000,COLLISION,7603.94,REJECTED,False
11696,3712,1524,2024-12-09 11:59:28.000000,THEFT,22546.09,OPEN,True
11697,2418,1169,2025-04-29 01:21:28.000000,COLLISION,16090.76,REJECTED,False
11698,4056,267,2025-08-24 09:39:55.000000,VANDALISM,2755.01,APPROVED,False
11699,3754,3035,2024-11-21 20:25:11.000000,COLLISION,11983.67,CLOSED,False
11700,2431,315,2024-09-19 20:41:14.000000,GLASS_DAMAGE,13702.35,OPEN,False
11701,220,1620,2025-04-29 11:28:45.000000,VANDALISM,22800.0,IN_REVIEW,True
11702,852,1804,2024-12-19 05:44:29.000000,COLLISION,7110.47,REJECTED,False
11703,75,2275,2025-07-25 02:29:39.000000,FLOOD,9191.15,CLOSED,False
11704,2430,3066,2024-10-17 21:10:34.000000,FLOOD,9027.87,OPEN,False
11705,345,4135,2025-10-26 20:31:30.000000,THEFT,2516.21,REJECTED,False
11706,3681,1351,2026-03-14 00:32:57.000000,VANDALISM,23710.23,CLOSED,True
11707,4436,3203,2025-03-18 05:30:53.000000,COLLISION,3533.5,IN_REVIEW,False
11708,443,414,2026-02-20 04:30:28.000000,COLLISION,4111.26,IN_REVIEW,False
11709,3474,1128,2025-05-06 11:59:21.000000,FLOOD,24532.06,APPROVED,True
11710,2706,2377,2026-02-04 22:20:17.000000,VANDALISM,20302.72,IN_REVIEW,True
11711,53,2468,2025-01-11 06:18:15.000000,GLASS_DAMAGE,15362.19,REJECTED,False
11712,285,1744,2025-04-09 21:15:15.000000,FIRE,1144.19,OPEN,False
11713,3881,1090,2026-03-19 09:37:56.000000,FLOOD,13547.22,APPROVED,False
11714,4244,2171,2026-01-08 14:55:27.000000,THEFT,16972.94,REJECTED,False
11715,3746,1139,2025-06-10 11:10:22.000000,THEFT,1234.6,IN_REVIEW,False
11716,1081,868,2026-04-14 09:46:51.000000,GLASS_DAMAGE,21951.03,CLOSED,True
11717,1086,2203,2025-02-15 09:48:57.000000,THEFT,10260.12,REJECTED,False
11718,349,691,2026-04-03 05:14:46.000000,GLASS_DAMAGE,5547.45,REJECTED,False
11719,4754,1468,2024-05-16 22:15:22.000000,COLLISION,18358.34,APPROVED,True
11720,15,3401,2024-08-03 09:33:53.000000,GLASS_DAMAGE,11948.67,IN_REVIEW,False
11721,3266,3136,2026-02-08 17:36:58.000000,FLOOD,6770.75,REJECTED,False
11722,4756,1251,2025-10-13 06:35:36.000000,VANDALISM,6440.58,REJECTED,False
11723,4650,2683,2026-04-13 14:31:15.000000,VANDALISM,24641.37,CLOSED,True
11724,839,2288,2025-01-14 16:16:52.000000,VANDALISM,19780.84,OPEN,True
11725,3833,3064,2024-08-17 15:41:49.000000,VANDALISM,22738.53,REJECTED,True
11726,322,144,2025-05-05 02:11:13.000000,FLOOD,11203.18,APPROVED,False
11727,3173,437,2024-12-07 03:59:58.000000,FLOOD,18365.99,REJECTED,True
11728,2130,347,2025-01-16 08:42:18.000000,FIRE,22239.09,APPROVED,True
11729,193,670,2025-09-11 17:34:43.000000,THEFT,20238.78,IN_REVIEW,True
11730,3017,1195,2025-02-01 05:48:47.000000,COLLISION,20967.85,CLOSED,True
11731,4268,2918,2025-05-19 21:25:03.000000,VANDALISM,9863.41,REJECTED,False
11732,2771,3703,2025-09-18 15:02:45.000000,VANDALISM,20378.46,CLOSED,True
11733,2795,324,2025-09-05 05:19:21.000000,FIRE,12870.94,APPROVED,False
11734,2677,1501,2025-09-01 12:31:37.000000,THEFT,18782.03,CLOSED,True
11735,4264,4072,2025-05-04 08:15:05.000000,FLOOD,20052.12,APPROVED,True
11736,1054,3199,2025-02-13 07:59:34.000000,VANDALISM,21240.04,IN_REVIEW,True
11737,3882,3945,2026-02-16 07:35:19.000000,FLOOD,24990.53,REJECTED,True
11738,4588,3437,2026-02-20 23:47:46.000000,GLASS_DAMAGE,18686.34,CLOSED,True
11739,1539,1522,2025-12-18 07:36:13.000000,THEFT,14948.99,REJECTED,False
11740,783,836,2025-09-06 19:23:21.000000,FIRE,14673.14,REJECTED,False
11741,1098,3315,2026-01-12 19:56:24.000000,FIRE,2289.33,OPEN,False
11742,446,499,2025-09-20 17:17:40.000000,THEFT,10389.3,IN_REVIEW,False
11743,1628,2532,2025-09-29 09:24:16.000000,FIRE,20146.2,REJECTED,True
11744,3049,441,2026-01-21 14:43:29.000000,VANDALISM,2129.07,REJECTED,False
11745,3356,618,2025-12-01 14:32:01.000000,FLOOD,21504.1,CLOSED,True
11746,1228,3941,2025-06-21 02:54:56.000000,FIRE,21510.41,REJECTED,True
11747,2973,986,2025-11-20 04:39:34.000000,FIRE,15445.59,IN_REVIEW,False
11748,3692,59,2025-05-16 10:20:36.000000,FIRE,8177.29,OPEN,False
11749,1049,2118,2025-07-03 03:58:57.000000,THEFT,20597.15,APPROVED,True
11750,227,746,2024-08-12 02:29:27.000000,FIRE,17518.47,CLOSED,False
11751,1430,1731,2026-01-23 22:30:54.000000,VANDALISM,6769.33,REJECTED,False
11752,2485,157,2025-07-08 10:19:50.000000,VANDALISM,3567.84,REJECTED,False
11753,2892,2450,2026-02-26 05:44:59.000000,GLASS_DAMAGE,8214.18,REJECTED,False
11754,2968,2320,2024-12-16 23:35:15.000000,VANDALISM,19372.15,REJECTED,True
11755,1688,3498,2024-10-17 04:43:37.000000,FIRE,24083.69,IN_REVIEW,True
11756,2057,631,2024-10-04 00:14:51.000000,FLOOD,12513.45,CLOSED,False
11757,726,2428,2025-03-01 08:50:42.000000,COLLISION,21676.69,IN_REVIEW,True
11758,2013,2414,2024-12-27 16:42:20.000000,COLLISION,6676.39,APPROVED,False
11759,3373,3898,2025-06-10 17:58:54.000000,GLASS_DAMAGE,20571.13,OPEN,True
11760,932,226,2025-10-27 10:10:31.000000,THEFT,4249.39,REJECTED,False
11761,3701,437,2025-09-04 07:06:51.000000,COLLISION,12661.6,IN_REVIEW,False
11762,1439,2991,2025-09-14 13:34:11.000000,FLOOD,8451.02,REJECTED,False
11763,310,3852,2025-03-19 10:21:58.000000,GLASS_DAMAGE,19662.4,APPROVED,True
11764,2649,713,2024-05-22 11:40:39.000000,VANDALISM,5714.2,IN_REVIEW,False
11765,3676,667,2025-08-10 22:27:54.000000,THEFT,6230.95,OPEN,False
11766,1874,3653,2024-06-30 12:56:56.000000,GLASS_DAMAGE,12794.91,CLOSED,False
11767,2714,2203,2025-01-29 20:43:22.000000,FLOOD,4387.87,OPEN,False
11768,3630,3864,2025-12-25 01:38:39.000000,THEFT,3498.29,CLOSED,False
11769,666,2748,2025-12-16 08:35:06.000000,FLOOD,2812.82,IN_REVIEW,False
11770,3334,3899,2025-07-05 07:02:20.000000,GLASS_DAMAGE,7252.23,REJECTED,False
11771,3169,950,2024-07-22 16:25:28.000000,FIRE,24946.64,CLOSED,True
11772,76,2789,2024-11-14 01:12:36.000000,FIRE,23207.52,CLOSED,True
11773,1447,2434,2025-08-05 10:09:00.000000,GLASS_DAMAGE,17490.26,REJECTED,False
11774,157,2980,2024-10-04 03:01:31.000000,FLOOD,1488.05,OPEN,False
11775,3520,1727,2025-11-30 00:26:49.000000,COLLISION,8319.08,IN_REVIEW,False
11776,2408,1202,2025-12-01 04:52:41.000000,FLOOD,3443.32,OPEN,False
11777,323,1522,2025-05-28 17:35:04.000000,COLLISION,3569.95,REJECTED,False
11778,1509,3728,2024-11-04 16:55:51.000000,FIRE,9450.23,REJECTED,False
11779,710,1564,2025-07-06 12:18:32.000000,FIRE,18217.53,IN_REVIEW,True
11780,2924,1454,2025-08-24 00:04:55.000000,FLOOD,7730.57,REJECTED,False
11781,807,490,2025-02-13 06:10:54.000000,FLOOD,24161.52,IN_REVIEW,True
11782,759,1157,2025-07-16 20:01:23.000000,GLASS_DAMAGE,9874.37,APPROVED,False
11783,246,2241,2024-07-28 11:27:43.000000,FLOOD,11847.97,IN_REVIEW,False
11784,3249,3364,2026-01-09 15:08:11.000000,COLLISION,12667.28,OPEN,False
11785,3384,1719,2024-12-13 12:10:39.000000,FLOOD,16124.45,OPEN,False
11786,809,542,2025-07-07 15:01:43.000000,COLLISION,14635.55,REJECTED,False
11787,370,3950,2025-02-20 15:03:23.000000,GLASS_DAMAGE,1363.49,REJECTED,False
11788,1442,2143,2025-09-04 03:24:38.000000,GLASS_DAMAGE,4260.69,OPEN,False
11789,1891,3722,2025-03-12 16:43:31.000000,COLLISION,16633.74,APPROVED,False
11790,3657,3104,2026-03-11 12:14:39.000000,FLOOD,2427.39,APPROVED,False
11791,150,1275,2026-02-05 01:15:56.000000,FLOOD,9802.5,REJECTED,False
11792,31,3047,2024-07-26 02:21:49.000000,GLASS_DAMAGE,1309.17,OPEN,False
11793,4527,1133,2024-09-30 03:09:37.000000,FLOOD,21310.07,OPEN,True
11794,2317,2197,2024-10-17 18:53:23.000000,THEFT,5864.35,APPROVED,False
11795,3433,2471,2025-01-09 06:33:18.000000,THEFT,20891.06,IN_REVIEW,True
11796,900,1219,2026-04-10 03:11:26.000000,COLLISION,22911.87,CLOSED,True
11797,4029,1086,2024-10-10 14:55:28.000000,COLLISION,5291.19,CLOSED,False
11798,4686,2401,2025-02-24 00:37:59.000000,FIRE,24980.7,IN_REVIEW,True
11799,1776,4060,2025-07-09 14:03:50.000000,VANDALISM,8017.78,APPROVED,False
11800,1261,4129,2025-01-16 18:35:34.000000,THEFT,8985.38,REJECTED,False
11801,1610,1750,2026-04-03 10:46:25.000000,FIRE,6616.67,OPEN,False
11802,4436,2284,2025-10-15 19:45:36.000000,FLOOD,23593.2,CLOSED,True
11803,2169,2106,2025-05-08 02:32:53.000000,COLLISION,24649.1,IN_REVIEW,True
11804,391,1990,2025-01-03 06:42:18.000000,GLASS_DAMAGE,7751.72,IN_REVIEW,False
11805,66,3415,2025-09-10 13:35:49.000000,THEFT,12149.97,CLOSED,False
11806,1700,1620,2025-07-06 21:35:34.000000,THEFT,24280.31,IN_REVIEW,True
11807,4287,1628,2024-12-27 00:00:12.000000,VANDALISM,19904.98,CLOSED,True
11808,1786,1955,2026-03-24 15:50:29.000000,GLASS_DAMAGE,22411.21,OPEN,True
11809,2353,64,2025-06-09 04:37:58.000000,FIRE,22402.49,OPEN,True
11810,1478,829,2025-09-05 12:43:34.000000,FLOOD,7627.15,IN_REVIEW,False
11811,175,3933,2024-11-07 20:13:13.000000,VANDALISM,15242.07,REJECTED,False
11812,2713,559,2024-08-19 13:30:57.000000,THEFT,8313.69,IN_REVIEW,False
11813,4763,1794,2025-04-05 08:48:51.000000,GLASS_DAMAGE,17861.69,REJECTED,False
11814,1739,3273,2025-06-06 09:07:20.000000,COLLISION,8175.21,IN_REVIEW,False
11815,4108,1262,2024-06-02 10:06:06.000000,FLOOD,1490.53,IN_REVIEW,False
11816,2190,2859,2026-05-11 00:16:49.000000,GLASS_DAMAGE,21237.9,CLOSED,True
11817,3094,3874,2026-03-17 17:08:58.000000,GLASS_DAMAGE,11097.21,OPEN,False
11818,218,3186,2025-06-05 13:46:18.000000,FIRE,6392.14,OPEN,False
11819,3441,3437,2024-10-18 08:30:42.000000,THEFT,10944.22,IN_REVIEW,False
11820,518,1560,2025-01-31 23:55:27.000000,GLASS_DAMAGE,21989.3,CLOSED,True
11821,2651,2294,2025-03-05 08:46:09.000000,VANDALISM,3965.14,REJECTED,False
11822,470,218,2026-03-30 00:05:46.000000,VANDALISM,7808.44,REJECTED,False
11823,682,2022,2025-10-01 20:08:22.000000,COLLISION,10548.1,IN_REVIEW,False
11824,4314,1446,2026-02-05 20:26:02.000000,GLASS_DAMAGE,12462.5,OPEN,False
11825,3357,2530,2024-08-02 00:57:13.000000,GLASS_DAMAGE,20254.24,APPROVED,True
11826,4171,625,2024-11-13 11:58:08.000000,GLASS_DAMAGE,17121.47,OPEN,False
11827,1621,1076,2025-08-13 08:50:01.000000,THEFT,2379.81,REJECTED,False
11828,3054,584,2025-07-20 01:42:12.000000,GLASS_DAMAGE,6314.99,APPROVED,False
11829,3295,1192,2025-10-03 15:00:58.000000,VANDALISM,4945.79,APPROVED,False
11830,3137,2768,2025-07-07 10:32:11.000000,GLASS_DAMAGE,16413.57,REJECTED,False
11831,1632,3662,2024-07-31 01:32:39.000000,FIRE,19705.39,IN_REVIEW,True
11832,1534,2733,2025-07-25 00:04:38.000000,COLLISION,18599.33,IN_REVIEW,True
11833,1245,3926,2026-03-23 11:10:52.000000,GLASS_DAMAGE,13533.77,APPROVED,False
11834,2083,131,2025-06-02 02:44:37.000000,FIRE,6892.37,APPROVED,False
11835,4089,2501,2024-05-29 20:54:06.000000,THEFT,4400.52,REJECTED,False
11836,2803,3768,2025-09-08 15:45:45.000000,GLASS_DAMAGE,18277.87,OPEN,True
11837,3180,1059,2024-08-21 06:07:54.000000,VANDALISM,13219.86,OPEN,False
11838,3431,1345,2024-08-03 08:53:50.000000,FIRE,23594.3,IN_REVIEW,True
11839,2189,3970,2024-10-02 19:12:19.000000,THEFT,4612.95,CLOSED,False
11840,4556,995,2025-01-04 16:11:35.000000,FIRE,6901.73,REJECTED,False
11841,2841,2120,2024-07-11 21:22:22.000000,FLOOD,8072.66,IN_REVIEW,False
11842,4402,2061,2024-09-20 20:07:02.000000,THEFT,6185.06,REJECTED,False
11843,3081,197,2025-09-05 21:35:04.000000,VANDALISM,15873.26,IN_REVIEW,False
11844,3584,2288,2026-03-06 23:53:42.000000,COLLISION,7480.2,CLOSED,False
11845,2666,2607,2024-08-06 18:07:24.000000,COLLISION,24339.56,APPROVED,True
11846,3215,758,2025-05-31 20:43:41.000000,COLLISION,3657.59,REJECTED,False
11847,1296,506,2026-04-02 13:49:33.000000,GLASS_DAMAGE,19528.29,APPROVED,True
11848,342,4124,2025-05-19 12:06:12.000000,FLOOD,22084.87,REJECTED,True
11849,462,655,2025-12-30 23:37:36.000000,FLOOD,20571.93,REJECTED,True
11850,1254,1896,2025-04-24 11:10:18.000000,COLLISION,7526.19,OPEN,False
11851,4552,52,2024-08-28 00:35:53.000000,GLASS_DAMAGE,1989.89,CLOSED,False
11852,4542,921,2025-12-23 01:30:59.000000,FLOOD,16345.68,IN_REVIEW,False
11853,825,3074,2025-10-28 17:11:49.000000,FIRE,11667.33,IN_REVIEW,False
11854,4261,3689,2025-10-10 03:06:14.000000,VANDALISM,11753.81,CLOSED,False
11855,2024,2851,2024-09-14 10:18:58.000000,THEFT,5830.93,OPEN,False
11856,1303,1750,2025-05-31 09:33:07.000000,COLLISION,21675.55,APPROVED,True
11857,4606,3908,2026-03-20 06:00:24.000000,THEFT,15304.73,IN_REVIEW,False
11858,3991,562,2024-11-11 18:30:56.000000,FIRE,16654.95,APPROVED,False
11859,2648,1252,2025-08-31 10:54:10.000000,FIRE,12696.93,CLOSED,False
11860,2620,2992,2026-01-21 02:28:43.000000,COLLISION,23582.31,IN_REVIEW,True
11861,2659,1082,2024-11-04 07:57:10.000000,COLLISION,11903.26,APPROVED,False
11862,1851,2124,2024-06-24 12:50:31.000000,GLASS_DAMAGE,24629.18,APPROVED,True
11863,1832,2648,2025-05-26 23:11:17.000000,FLOOD,11041.26,IN_REVIEW,False
11864,3044,4055,2025-07-14 10:03:32.000000,VANDALISM,17922.93,IN_REVIEW,False
11865,2509,1081,2025-10-17 06:37:03.000000,GLASS_DAMAGE,8268.32,CLOSED,False
11866,55,2361,2024-05-21 14:34:53.000000,COLLISION,10244.6,IN_REVIEW,False
11867,3649,4159,2024-07-09 09:35:09.000000,COLLISION,20958.01,OPEN,True
11868,1056,1682,2026-04-21 22:01:48.000000,THEFT,2936.25,OPEN,False
11869,420,4184,2026-04-28 02:52:41.000000,COLLISION,17635.0,REJECTED,False
11870,3267,1419,2026-03-30 21:53:48.000000,THEFT,23905.2,REJECTED,True
11871,2315,2338,2024-11-13 20:57:52.000000,VANDALISM,16268.57,OPEN,False
11872,3961,779,2024-11-05 21:12:46.000000,GLASS_DAMAGE,17172.88,CLOSED,False
11873,1112,2774,2024-10-25 00:01:49.000000,FIRE,6405.23,CLOSED,False
11874,2505,3060,2024-07-06 07:43:14.000000,THEFT,12347.01,REJECTED,False
11875,2725,1334,2025-05-20 20:25:18.000000,VANDALISM,7150.79,CLOSED,False
11876,1253,3645,2024-11-06 16:56:45.000000,FLOOD,24425.27,IN_REVIEW,True
11877,2865,2508,2024-09-02 13:36:48.000000,COLLISION,1573.61,CLOSED,False
11878,2718,1231,2026-01-06 23:18:36.000000,FLOOD,9954.6,OPEN,False
11879,1355,707,2026-02-19 15:36:58.000000,FLOOD,1327.46,OPEN,False
11880,3197,3352,2025-05-29 07:17:54.000000,GLASS_DAMAGE,9460.1,IN_REVIEW,False
11881,3954,1627,2026-03-31 03:42:20.000000,GLASS_DAMAGE,20938.76,APPROVED,True
11882,4422,3983,2026-04-09 03:44:28.000000,FLOOD,2252.73,IN_REVIEW,False
11883,3008,534,2026-01-25 01:52:26.000000,VANDALISM,6830.19,REJECTED,False
11884,3447,3080,2026-03-05 05:58:35.000000,FLOOD,22096.97,IN_REVIEW,True
11885,1308,4077,2025-10-09 08:46:03.000000,FLOOD,18511.86,CLOSED,True
11886,4781,1825,2026-04-29 07:39:22.000000,FLOOD,23417.91,CLOSED,True
11887,496,2550,2024-12-15 19:03:04.000000,THEFT,13778.23,CLOSED,False
11888,1457,3227,2024-09-08 06:10:42.000000,GLASS_DAMAGE,684.33,APPROVED,False
11889,2906,3001,2024-09-12 03:06:45.000000,COLLISION,24112.35,CLOSED,True
11890,4442,2260,2025-11-13 05:48:05.000000,FIRE,17481.92,APPROVED,False
11891,1196,991,2024-10-03 16:24:01.000000,FIRE,19639.34,CLOSED,True
11892,3477,544,2026-05-05 02:41:31.000000,FLOOD,4141.56,CLOSED,False
11893,796,3008,2025-09-13 14:28:27.000000,GLASS_DAMAGE,22837.56,OPEN,True
11894,1959,3136,2025-11-12 05:14:01.000000,FLOOD,7934.58,REJECTED,False
11895,2432,2654,2024-06-09 01:23:27.000000,FLOOD,5983.7,IN_REVIEW,False
11896,1022,2259,2025-08-07 00:53:39.000000,GLASS_DAMAGE,18013.46,IN_REVIEW,True
11897,1755,200,2024-11-14 16:11:53.000000,THEFT,8845.91,IN_REVIEW,False
11898,3522,1831,2026-04-09 12:20:08.000000,GLASS_DAMAGE,16400.08,OPEN,False
11899,4251,988,2026-04-11 06:28:00.000000,FLOOD,14519.67,APPROVED,False
11900,3147,1510,2025-07-01 16:57:48.000000,THEFT,18721.4,APPROVED,True
11901,3449,95,2024-07-04 10:04:35.000000,GLASS_DAMAGE,14933.12,IN_REVIEW,False
11902,3382,456,2025-07-18 12:25:02.000000,THEFT,6673.5,OPEN,False
11903,4097,1769,2025-04-18 17:56:27.000000,COLLISION,13276.92,IN_REVIEW,False
11904,1536,3943,2024-09-23 15:08:22.000000,COLLISION,19798.33,CLOSED,True
11905,3249,358,2024-08-20 21:54:10.000000,COLLISION,2338.04,IN_REVIEW,False
11906,4644,3269,2024-10-22 00:57:23.000000,FLOOD,12917.04,OPEN,False
11907,3682,1669,2025-11-15 17:32:14.000000,GLASS_DAMAGE,20207.82,CLOSED,True
11908,2624,1481,2026-01-30 23:09:00.000000,GLASS_DAMAGE,20373.54,OPEN,True
11909,136,2823,2026-04-10 23:34:20.000000,COLLISION,5051.78,CLOSED,False
11910,1791,2116,2025-10-30 05:57:27.000000,COLLISION,21468.37,CLOSED,True
11911,2588,1822,2024-09-25 03:21:16.000000,FIRE,14692.43,REJECTED,False
11912,2877,1238,2025-02-15 22:28:08.000000,FIRE,16813.82,REJECTED,False
11913,1086,2256,2024-05-31 17:28:32.000000,COLLISION,14432.27,CLOSED,False
11914,4108,1267,2026-02-24 13:21:24.000000,VANDALISM,6183.07,OPEN,False
11915,439,3028,2025-09-12 11:02:15.000000,FIRE,3545.69,IN_REVIEW,False
11916,2821,3241,2025-11-17 21:51:13.000000,GLASS_DAMAGE,18337.48,IN_REVIEW,True
11917,3378,2132,2024-06-19 00:39:36.000000,GLASS_DAMAGE,6965.55,CLOSED,False
11918,3917,2726,2024-09-25 00:06:52.000000,THEFT,4808.63,OPEN,False
11919,3665,867,2026-03-05 05:38:16.000000,GLASS_DAMAGE,3418.39,APPROVED,False
11920,466,4002,2025-10-26 23:27:20.000000,VANDALISM,22928.09,OPEN,True
11921,786,3259,2025-01-26 18:19:44.000000,FIRE,11943.86,REJECTED,False
11922,1873,1416,2025-01-01 09:52:34.000000,COLLISION,2881.95,OPEN,False
11923,3137,1217,2025-11-20 21:11:22.000000,THEFT,2153.46,OPEN,False
11924,2555,645,2024-08-01 18:17:29.000000,FLOOD,22156.0,IN_REVIEW,True
11925,3602,299,2025-04-24 07:49:15.000000,GLASS_DAMAGE,2716.88,OPEN,False
11926,3971,966,2026-03-14 01:21:54.000000,THEFT,11446.06,REJECTED,False
11927,2124,3462,2025-06-11 08:59:07.000000,FLOOD,2061.45,APPROVED,False
11928,1219,191,2026-03-16 10:57:25.000000,FLOOD,6414.82,IN_REVIEW,False
11929,2844,3372,2025-08-08 07:26:37.000000,GLASS_DAMAGE,24945.89,IN_REVIEW,True
11930,517,1380,2026-02-28 05:05:39.000000,GLASS_DAMAGE,2608.02,OPEN,False
11931,1923,2082,2025-12-08 21:04:24.000000,COLLISION,22148.83,APPROVED,True
11932,4159,2559,2026-01-21 21:41:01.000000,THEFT,17163.4,APPROVED,False
11933,3647,565,2024-09-13 11:00:17.000000,THEFT,22096.73,IN_REVIEW,True
11934,2541,1644,2026-01-27 19:46:38.000000,THEFT,20071.59,APPROVED,True
11935,2067,576,2024-12-13 12:54:32.000000,VANDALISM,19528.93,REJECTED,True
11936,4198,1428,2026-03-19 08:04:28.000000,FLOOD,20871.59,IN_REVIEW,True
11937,4469,3962,2024-11-28 01:39:49.000000,FLOOD,14799.55,APPROVED,False
11938,1322,816,2025-08-16 00:00:59.000000,COLLISION,2547.68,CLOSED,False
11939,2508,1875,2025-09-05 22:14:45.000000,FIRE,7170.51,CLOSED,False
11940,1708,1961,2025-05-19 03:00:37.000000,GLASS_DAMAGE,5330.65,APPROVED,False
11941,4004,948,2024-11-07 01:11:35.000000,THEFT,9379.42,OPEN,False
11942,3287,618,2026-01-09 20:27:49.000000,VANDALISM,3959.53,CLOSED,False
11943,2234,765,2024-09-11 21:40:59.000000,GLASS_DAMAGE,18522.45,IN_REVIEW,True
11944,2256,1036,2024-11-02 01:20:25.000000,FLOOD,16077.49,CLOSED,False
11945,4018,3685,2025-09-22 21:41:27.000000,GLASS_DAMAGE,1426.29,CLOSED,False
11946,3340,1647,2024-09-07 20:08:57.000000,THEFT,15943.16,CLOSED,False
11947,2197,198,2024-05-27 19:55:51.000000,FLOOD,22752.94,APPROVED,True
11948,3281,3610,2026-04-26 12:43:46.000000,GLASS_DAMAGE,430.0,IN_REVIEW,False
11949,2989,281,2025-12-25 10:13:06.000000,VANDALISM,495.28,APPROVED,False
11950,274,3348,2024-07-11 02:37:20.000000,FIRE,2907.79,REJECTED,False
11951,2879,149,2024-08-18 23:25:30.000000,GLASS_DAMAGE,13676.7,APPROVED,False
11952,2962,4138,2025-11-19 02:28:26.000000,GLASS_DAMAGE,9972.36,REJECTED,False
11953,2920,251,2025-06-17 19:01:36.000000,VANDALISM,4004.3,CLOSED,False
11954,1759,2857,2025-03-17 10:38:16.000000,FLOOD,5152.31,CLOSED,False
11955,2376,2743,2024-11-06 06:09:10.000000,VANDALISM,1002.65,REJECTED,False
11956,2358,3928,2024-12-14 08:55:36.000000,COLLISION,20633.72,CLOSED,True
11957,4559,4075,2024-09-20 23:11:15.000000,FIRE,17590.3,CLOSED,False
11958,3120,1013,2026-05-09 00:02:17.000000,GLASS_DAMAGE,11398.21,OPEN,False
11959,1629,3149,2026-02-10 02:21:24.000000,FIRE,18557.98,IN_REVIEW,True
11960,3049,500,2025-06-03 19:52:35.000000,FIRE,24158.94,REJECTED,True
11961,2853,1530,2024-08-29 16:21:45.000000,THEFT,20432.68,IN_REVIEW,True
11962,1658,3202,2024-09-04 09:13:10.000000,COLLISION,23611.17,IN_REVIEW,True
11963,1013,522,2026-05-08 16:37:42.000000,GLASS_DAMAGE,21296.15,CLOSED,True
11964,2189,3292,2025-02-13 21:15:20.000000,FIRE,11287.52,APPROVED,False
11965,969,154,2025-08-18 21:54:44.000000,FLOOD,18303.72,APPROVED,True
11966,336,872,2024-05-17 23:49:31.000000,THEFT,4574.7,OPEN,False
11967,779,1231,2024-08-18 01:40:30.000000,FLOOD,19382.21,IN_REVIEW,True
11968,2508,1951,2024-11-05 05:54:19.000000,GLASS_DAMAGE,12535.89,CLOSED,False
11969,239,313,2025-11-08 12:16:02.000000,GLASS_DAMAGE,7060.42,APPROVED,False
11970,455,1220,2024-08-14 21:26:23.000000,VANDALISM,4039.04,REJECTED,False
11971,1868,2828,2025-06-10 20:37:58.000000,FIRE,22422.25,REJECTED,True
11972,3755,2189,2026-02-28 07:16:53.000000,FLOOD,19097.26,IN_REVIEW,True
11973,1550,94,2025-04-25 22:19:17.000000,THEFT,5014.22,IN_REVIEW,False
11974,1243,806,2025-12-21 19:17:33.000000,COLLISION,17807.98,OPEN,False
11975,1806,2159,2024-08-04 10:12:15.000000,THEFT,5218.88,CLOSED,False
11976,1226,2817,2026-01-23 23:37:24.000000,VANDALISM,1453.86,REJECTED,False
11977,3327,1132,2025-04-01 04:08:16.000000,VANDALISM,5201.85,OPEN,False
11978,882,1346,2024-06-26 07:41:22.000000,COLLISION,2794.22,APPROVED,False
11979,3330,1543,2026-03-25 10:43:30.000000,FIRE,19440.75,OPEN,True
11980,2457,465,2024-09-28 06:29:24.000000,FLOOD,14661.01,APPROVED,False
11981,230,756,2025-06-15 20:49:37.000000,VANDALISM,763.29,IN_REVIEW,False
11982,2950,364,2026-03-13 03:27:37.000000,COLLISION,290.08,CLOSED,False
11983,2900,2236,2025-06-20 11:50:34.000000,VANDALISM,2897.61,IN_REVIEW,False
11984,3260,1961,2024-10-10 15:54:02.000000,VANDALISM,7511.84,IN_REVIEW,False
11985,1941,3000,2025-05-27 08:59:30.000000,GLASS_DAMAGE,22858.16,IN_REVIEW,True
11986,3828,3904,2025-07-04 02:48:18.000000,THEFT,17698.41,IN_REVIEW,False
11987,2975,3998,2025-08-13 18:51:11.000000,THEFT,17124.68,OPEN,False
11988,1164,1765,2026-03-09 06:19:08.000000,FIRE,4484.18,CLOSED,False
11989,1220,4077,2026-04-23 01:28:05.000000,VANDALISM,9195.53,CLOSED,False
11990,470,1277,2024-08-14 23:24:58.000000,FIRE,9930.25,IN_REVIEW,False
11991,4059,676,2025-08-17 09:00:28.000000,THEFT,2193.04,CLOSED,False
11992,1573,726,2026-01-30 18:50:41.000000,VANDALISM,22217.74,REJECTED,True
11993,855,3320,2025-11-23 16:22:56.000000,THEFT,13525.45,CLOSED,False
11994,2303,1487,2026-02-15 04:26:56.000000,FLOOD,5613.89,IN_REVIEW,False
11995,3482,2592,2026-05-10 08:01:46.000000,FLOOD,17286.1,REJECTED,False
11996,3891,2554,2025-01-15 03:57:56.000000,THEFT,11243.14,REJECTED,False
11997,805,1352,2025-08-24 03:54:04.000000,FIRE,10028.08,CLOSED,False
11998,652,3917,2025-09-10 02:24:54.000000,GLASS_DAMAGE,11163.84,REJECTED,False
11999,2186,1070,2025-05-18 21:21:14.000000,FIRE,21663.54,OPEN,True
12000,3299,2886,2025-10-19 23:04:17.000000,FIRE,19173.36,CLOSED,True
12001,10,25,2026-05-12 14:53:35.181916,COLLISION,24000.0,IN_REVIEW,True
12002,10,25,2026-05-09 14:53:35.181927,COLLISION,24000.0,IN_REVIEW,True
12003,10,25,2026-05-06 14:53:35.181932,COLLISION,24000.0,IN_REVIEW,True
12004,10,25,2026-05-03 14:53:35.181934,COLLISION,24000.0,IN_REVIEW,True
12005,10,25,2026-04-30 14:53:35.181936,COLLISION,24000.0,IN_REVIEW,True
