customer_id,full_name,email,phone,city,registration_date
1,Héctor Ibáñez,morajose@example.org,+56 73 340 7119,Teno,2026-05-08
2,Matías Ulises Aguilar Bustos,becerrapaulo@example.com,+56 2 2330 4517,San Pablo,2021-09-18
3,Víctor Luciano Sepúlveda-Arias Villalobos,eduardo39@example.org,+56 2 3344 9013,San Carlos,2024-12-12
4,Julián Rozas Escobar,marcelamartinez@example.org,+56 9 4436 6659,Independencia,2021-12-25
5,Maximiliano Orrego,freddy31@example.org,+56 600 400 260,Isla  de Pascua,2024-11-03
6,Berta Olga Bustos Allendes,hadasme@example.net,+56 2 2227 6214,Romeral,2024-05-19
7,Eduardo Brian Lagos Martínez,alejandra30@example.net,+56 800 451 931,Concepción,2025-02-17
8,Giuliana Giovanna Aguilar Almonacid,faundezcarolina@example.org,+56 2 3539 2351,La Unión,2023-07-10
9,Jonathan Braulio Espinoza León,bernardotoloza@example.com,+56 64 246 7369,El Tabo,2025-07-12
10,José Valdés Correa,rramirez@example.org,+56 2 2764 7595,La Ligua,2022-01-24
11,Trinidad Hermosilla Muñoz,mmorales@example.org,+56 57 337 6607,Renaico,2022-12-29
12,Jorge Briceño,pobletemaria@example.com,+56 2 2886 0003,Pichilemu,2025-01-22
13,Roger Muñoz Quezada,victor82@example.org,+56 2 2433 0015,El Quisco,2024-03-22
14,Karina Noelia Carvajal Villarroel,castilloana@example.org,+56 57 216 0526,Cabildo,2024-11-28
15,Israel Castro Romero,qbustamante@example.org,+56 800 216 430,Maule,2022-10-15
16,José Leandro Rodríguez Ríos,lunapaula@example.com,+56 2 2400 0176,Purranque,2025-08-11
17,Vicente Yeison Díaz Carrasco,valladaresroxana@example.org,+56 51 362 8271,Dalcahue,2021-07-06
18,Felipe Leonardo Rocha Sandoval,felipecanales@example.com,+56 2 3958 2094,Hualpén,2022-08-15
19,Flora Elsa Sánchez Arias,perezfrancisco@example.com,+56 2 3543 9033,Illapel,2024-10-05
20,Stephanie Isabel Ramírez Bustos,zepedaamanda@example.net,+56 35 274 4177,General Lagos,2025-12-01
21,Leslie Olga Velásquez Godoy,floresbenjamin@example.org,+56 61 240 0161,Huechuraba,2021-12-09
22,Javiera Peña,sebastianvillarroel@example.net,+56 2 3252 8815,Viña del Mar,2026-02-24
23,Erwin Domingo Herrera Pino,ksoto@example.net,+56 2 3677 5054,Ñiquén,2025-06-14
24,Patricio Ruz Martínez,agustina28@example.org,+56 9 9973 3425,Vallenar,2021-09-29
25,Marie Aguilar,fleiva@example.org,+56 42 248 9422,Queilén,2023-12-22
26,Daisy González Olmedo,angela84@example.org,+56 2 2617 3093,Río Ibáñez,2023-06-05
27,Agustina Roa Quintana,espinozafrancisco@example.com,+56 67 286 2498,Vicuña,2021-06-12
28,César Jara González,demian21@example.org,+56 600 602 241,Canela,2024-09-23
29,Mayra Carla Díaz Montecino,sergiorivas@example.net,+56 55 329 3230,Río Negro,2024-07-26
30,Jaime Luis Venegas Soto,vramirez@example.com,+56 9 6376 7641,Mulchén,2024-10-16
31,Elena Mireya Pérez Jara,juana34@example.net,+56 32 395 2072,Ovalle,2025-06-02
32,Marcia María Gallardo Bruna,alejandrinamunoz@example.com,+56 2 3328 5058,San Nicolás,2025-08-25
33,John Rojas,rleal@example.org,+56 2 2652 4238,Río Negro,2024-09-26
34,Rosa Gabriela Garrido Espinoza,iescobar@example.net,+56 33 388 7551,Pelarco,2023-02-01
35,Angelina Ramírez Inostroza,juanaaguila@example.com,+56 53 254 8995,Hualqui,2023-09-15
36,Juan Belmar,zsalinas@example.org,+56 9 7918 1092,San Fernando,2024-11-01
37,Mariana Rita Riffo Espinoza,tolozacarlos@example.com,+56 63 397 5587,Cochrane,2025-09-03
38,Patricia Katia Osses Zamora,gonzalezbelen@example.org,+56 73 361 6723,Pica,2026-05-05
39,Isabel Palacios,katalinavalenzuela@example.com,+56 43 386 4881,Machalí,2023-09-02
40,Rodrigo Julio Sandoval Acuña,joaquin48@example.org,+56 9 2177 6829,Ancud,2023-07-18
41,Elizabeth Méndez,margarita68@example.net,+56 71 398 7665,Traiguén,2025-03-14
42,Renato Mario Chávez Cisternas,gvilches@example.org,+56 2 3418 7119,Padre Hurtado,2023-02-19
43,Vanessa Durán,joselyn57@example.org,+56 2 2489 4427,Tiltil,2022-08-15
44,Arturo Tomás González Riveros,ana15@example.org,+56 71 295 9643,Retiro,2022-12-25
45,María Fernanda Correa Urbina,asierra@example.net,+56 2 3523 3053,Ollagüe,2025-04-01
46,María Donoso,maria65@example.org,+56 9 9458 5882,Algarrobo,2023-02-18
47,Carolina Sofía Cid Guerrero,sotoolivia@example.org,+56 2 2860 2578,Chépica,2023-05-05
48,Rolando Martín Aedo Soto,caroclaudia@example.net,+56 55 321 2785,Copiapó,2023-08-18
49,Valentina Lara Mora,perezramon@example.org,+56 800 886 481,Temuco,2025-06-17
50,Elsa Torres Ramírez,yesenia46@example.net,+56 9 7673 8584,Corral,2023-05-17
51,Susana Paula Gaete Salas,johanapereira@example.org,+56 58 255 6255,Valparaíso,2021-06-05
52,Mathias Francisco Villegas Saavedra,katherinebustos@example.com,+56 9 6647 2088,Independencia,2022-11-01
53,Patricia Brígida Mancilla Rojas,sanchezluisa@example.org,+56 2 3509 8131,Quilleco,2025-10-17
54,Tomás Manuel Álvarez Salas,auroracastillo@example.org,+56 2 2473 6507,Pumanque,2023-03-20
55,María Francisca Allende Montecinos,ilabra@example.org,+56 9 7759 4077,Hualpén,2021-06-25
56,Rosa Paula Jiménez Vega,esteban28@example.net,+56 2 3513 0501,Puchuncaví,2025-01-01
57,Juan Arteaga-Alarcón Rojas,loretofigueroa@example.com,+56 2 3516 9536,Molina,2026-02-25
58,Benjamín Fabián Herrera Pozo,alarconpablo@example.org,+56 71 296 9085,Isla  de Pascua,2022-01-31
59,Uberlinda Gladys Ruiz Caro,hernandezconstanza@example.com,+56 64 215 8258,San Fabián,2026-02-12
60,María Martina Durán Monsalve,bahamondescarlos@example.com,+56 67 223 1023,Pelarco,2021-07-08
61,Edison Rodríguez Ceballos,mabelzarate@example.net,+56 800 899 448,Paredones,2024-01-12
62,Rosa Carolina Contreras Gutiérrez,mariatorres@example.org,+56 2 2710 4258,La Pintana,2023-12-06
63,Ignacio Hugo Pino Rubio,pilarcastro@example.com,+56 2 3211 8686,María Pinto,2022-12-03
64,David Roberto Álvarez Ormeño,cmorales@example.org,+56 2 2287 1024,San Esteban,2023-11-16
65,Cristóbal Gustavo Cea Olivares,marcela55@example.com,+56 2 2724 0398,Calle Larga,2021-10-11
66,Aarón Solís Mellado,constanzadominguez@example.net,+56 9 2293 4132,Huasco,2023-06-11
67,Elsa Jennifer Contreras Herrera,antonio08@example.net,+56 58 311 3739,Antártica,2024-07-17
68,Roberto Rojas López,gpino@example.com,+56 2 3278 6962,Caldera,2024-12-16
69,Luis Williams Molina Loyola,marcelapinto@example.com,+56 58 217 4085,Lolol,2022-04-11
70,María Andrea Rubio Maldonado,james94@example.com,+56 61 268 5002,Palena,2025-01-04
71,Alex García Vargas,rvalencia@example.com,+56 67 278 3822,Curacaví,2025-04-13
72,Jean Alex Ávila Bustamante,josevasquez@example.net,+56 44 378 1998,Zapallar,2023-08-04
73,Francisco Vicencio Guajardo,garridosara@example.net,+56 800 469 595,La Unión,2024-12-21
74,Matías Valenzuela García,felipetorres@example.net,+56 57 218 6431,Vicuña,2025-06-27
75,Victoria Gabriela Ramírez Mendoza,clararodriguez@example.org,+56 2 2279 6441,Coinco,2025-02-05
76,Soledad Gajardo Barra,trios@example.net,+56 71 223 5389,María Elena,2022-01-16
77,Juan Gonzalo Ibarra Salas,binostroza@example.net,+56 800 786 783,Osorno,2022-01-19
78,Bladimir Francisco Retamal Sepúlveda,iponce@example.com,+56 800 515 037,Palena,2023-11-08
79,Patricio Carlos Pizarro Machuca,manuelibarra@example.org,+56 2 3483 2624,Quirihue,2024-03-10
80,Tatiana Cid Uribe,alexjimenez@example.org,+56 600 792 613,Los Andes,2024-03-14
81,Graciela Morales Zúñiga,zpoblete@example.net,+56 600 544 079,Timaukel,2022-10-23
82,Romina Constanza Valdés Bravo,qdiaz@example.org,+56 2 2569 2043,Recoleta,2025-08-05
83,Baltazar Pérez,medinasabina@example.net,+56 2 2439 2174,Treguaco,2022-11-06
84,Luis Bastián Agurto Mardones,mariacordova@example.com,+56 52 286 0801,Río Hurtado,2023-01-28
85,Miguel William Soto Candia,lorenabriceno@example.org,+56 2 3528 8981,Río Hurtado,2025-04-20
86,Felipe Manuel Valdés Sepúlveda,paulinagonzalez@example.org,+56 9 3519 2708,Juan Fernández,2022-12-31
87,Yocelyn Verónica Castro Canales,ursula81@example.com,+56 2 2300 9198,Hualpén,2025-07-01
88,Aníbal Vásquez,jgarcia@example.org,+56 9 7120 8102,La Serena,2022-06-14
89,José Luis Saavedra Campos,evelinhernandez@example.net,+56 44 289 7659,Ránquil,2025-09-19
90,Vicente Fredy Díaz Vera,paulina87@example.net,+56 64 290 8752,Máfil,2023-03-29
91,Samuel José Valdivia Osorio,lopezjuan@example.net,+56 9 4636 6189,Ancud,2025-07-10
92,Marcelo Silva Cid,uquinones@example.org,+56 9 8387 6759,Combarbalá,2023-08-11
93,Katalina Salazar,tobarjuana@example.org,+56 600 641 861,Isla  de Pascua,2024-01-26
94,Gregorio González,tguerrero@example.org,+56 2 2614 5132,San Ignacio,2026-03-09
95,Miriam Isabella Carrillo Ortiz,sepulvedamaria@example.org,+56 32 283 4915,Codegua,2022-09-27
96,John Castro Salinas,bguerra@example.net,+56 55 236 5537,Teno,2026-04-23
97,Martín Christian Silva Cavieres,mondacamaria@example.com,+56 800 107 774,San Bernardo,2024-11-03
98,Marco Pablo Bruna Vargas,monserrat85@example.com,+56 55 329 6250,Recoleta,2022-10-08
99,Rodrigo Aguilera Silva,valentinaherrera@example.com,+56 9 5719 8744,San Rosendo,2023-01-01
100,Fernanda Leslie Soto Soto,rlobos@example.com,+56 75 375 2268,Casablanca,2021-10-01
101,Camila Burgos Gajardo,tomasalegria@example.org,+56 9 8399 6789,Calama,2023-03-02
102,Osvaldo Pavez Manríquez,cristopher04@example.com,+56 53 237 0693,Alto Hospicio,2025-01-22
103,Patricio Alberto Aravena Rivas,moises93@example.net,+56 63 285 3985,Pirque,2026-05-08
104,Rosa González Valdivia,oburgos@example.com,+56 2 3977 4170,Sierra Gorda,2023-03-31
105,María Valdebenito-Bustos González,sandovalcecilia@example.com,+56 2 3141 0734,Calera,2023-10-28
106,Juan Rojas Ramírez,danielrosales@example.org,+56 44 213 3144,Contulmo,2023-02-03
107,Carmen Patricia Rojas Arancibia,nelson22@example.net,+56 2 2515 2541,La Serena,2021-11-02
108,Gaspar Rubén León Meza,yohan29@example.net,+56 2 3751 5268,Calera de Tango,2023-09-07
109,Margarita Constanza Acuña López,martineznelson@example.com,+56 2 3476 4736,Perquenco,2023-02-22
110,Fernando Alejandro Donoso Soto,agonzalez@example.org,+56 9 6140 8506,San Felipe,2021-08-07
111,Manuel Luis Cortés Saavedra,jsoto@example.net,+56 9 8604 3306,Paredones,2024-06-17
112,Benjamín Rodrigo Torres Vargas,tomasvenegas@example.com,+56 32 389 2786,La Granja,2026-04-10
113,Osvaldo Varas Hernández,sandra32@example.com,+56 9 6466 3294,Graneros,2024-10-02
114,Maritza Díaz-Carmona Palma,rodrigo67@example.net,+56 58 273 4925,Laguna Blanca,2021-10-27
115,Matías Ignacio Maldonado Hernández,vtroncoso@example.net,+56 600 969 183,Algarrobo,2022-12-27
116,Juan Troncoso,gonzalezmateo@example.com,+56 45 283 1629,Osorno,2025-03-11
117,Berta María Ojeda Parra,zorrego@example.net,+56 800 236 724,Chañaral,2025-06-23
118,Javier Gustavo Ovalle Miranda,guzmanlidia@example.com,+56 600 747 313,Coinco,2023-07-19
119,Marcela Pérez Carrera,miguel06@example.net,+56 2 3419 2635,Olivar,2022-04-25
120,Michel Gabriel Cerda Castro,gonzalopoblete@example.com,+56 2 3227 8861,Corral,2025-04-18
121,Gino Bahamondes Urzúa,porellana@example.com,+56 2 3991 0996,San Rafael,2026-02-10
122,Carlos Mardones Cifuentes,xbarriga@example.org,+56 9 7373 2201,Curacaví,2022-04-20
123,Ariela Luna León,moralesbernardita@example.net,+56 600 732 590,Tirúa,2023-12-13
124,Giovanna Carolina Véliz Pérez,elianguajardo@example.com,+56 2 3320 7163,Illapel,2023-02-13
125,Patricio Oscar Zúñiga Casanova,ivanurbina@example.org,+56 2 3410 0915,Casablanca,2023-02-13
126,Claudio Valencia,ytroncoso@example.net,+56 2 3203 8155,Vilcún,2024-09-15
127,Gabriela Magaly Suárez Sanhueza,rosatapia@example.org,+56 57 351 0017,Loncoche,2024-10-14
128,Jeannette Camila Vega Montes,xsoto@example.org,+56 2 2865 0013,Quilleco,2023-08-26
129,Catalina Ana Luna González,godoyguillermo@example.net,+56 800 319 646,Huechuraba,2023-07-26
130,Nancy Elsa Delgado Pizarro,olivaresrene@example.org,+56 64 247 9390,La Reina,2021-07-04
131,Ana Paola Aburto Aguayo,antoniojimenez@example.net,+56 43 325 1180,Puerto Montt,2021-07-23
132,Fernanda Vivanco San Martín,iduran@example.com,+56 52 265 9597,Collipulli,2023-02-10
133,Luis Santos Salas Quiroz,mariahermosilla@example.net,+56 600 876 667,San Rosendo,2022-09-13
134,Claudia Jessica Belmar De La Fuente,igonzalez@example.com,+56 2 2160 8002,Panguipulli,2022-08-24
135,Miguel Osorio,diegovargas@example.com,+56 9 9352 0330,Yerbas Buenas,2024-06-30
136,Jeniffer Isolina Osorio Silva,blancomiriam@example.org,+56 800 939 577,Carahue,2022-08-20
137,Michael Rodrigo Parada Marín,gonzalezcristobal@example.net,+56 800 749 612,Recoleta,2022-04-09
138,Judith Elizabeth Villanueva Vásquez,zsobarzo@example.org,+56 73 223 6533,Quirihue,2025-03-22
139,Joel Rafael Cárcamo Ramírez,wcastro@example.org,+56 2 2240 0521,Teodoro Schmidt,2023-12-03
140,Alicia Teresa Cuevas Veas,hernan40@example.net,+56 52 256 1368,Río Verde,2023-12-01
141,Virginia Carmen Maldonado Herrera,arellanomarcela@example.net,+56 9 8740 1408,Los Vilos,2024-05-26
142,Agustina Suazo Herrera,hplaza@example.net,+56 9 5750 6799,Colina,2025-02-07
143,Bernarda Silva,pamelazuniga@example.org,+56 800 626 845,Huasco,2023-03-29
144,Max Mardones González,lucianorocha@example.org,+56 9 4842 4798,Peñaflor,2022-02-19
145,Gonzalo Thomas San Martín Maldonado,vferreira@example.com,+56 65 351 5662,Mostazal,2026-04-19
146,Tamara Palma Pozo,dominguezyohana@example.net,+56 2 2969 6310,Curaco de Vélez,2024-08-09
147,Hugo Zavala Farías,alicia66@example.net,+56 53 388 5944,Coltauco,2023-08-18
148,Rodrigo Vicente Flores Monsalve,fmedina@example.com,+56 2 2190 6911,San Juan de la Costa,2024-08-26
149,Florencia Cecilia Melo Zárate,nancy63@example.net,+56 9 5536 2139,Freirina,2022-07-05
150,Teresa Ramírez Rojas,fernandacorrea@example.net,+56 2 2458 9899,Portezuelo,2025-11-26
151,Rony Durán Espinoza,joaquinburgos@example.com,+56 2 2157 2066,Algarrobo,2022-02-02
152,Rosa Rodríguez,dbarrientos@example.org,+56 75 313 3469,Cabrero,2026-04-03
153,Karen Eliana Bastías García,maria58@example.net,+56 9 6781 1321,Olmué,2022-05-28
154,Cesar José Plaza Pavez,jerezjohana@example.org,+56 2 3319 9738,Pedro Aguirre Cerda,2022-07-22
155,Jean Paredes Allendes,karen14@example.com,+56 2 3980 7555,Pemuco,2021-12-24
156,Javier Guzmán Pozo,santibanezpatricia@example.net,+56 72 230 6926,Constitución,2025-12-22
157,Rosa Gladys Ruiz Alfaro,seguranoelia@example.org,+56 2 3944 1496,Pirque,2022-03-11
158,Alexandra Anahí Rocha Tapia,juancavieres@example.org,+56 53 270 9983,Alto del Carmen,2025-05-04
159,María Loreto Carrera Poblete,felipe46@example.net,+56 2 2813 7517,Guaitecas,2024-12-29
160,Ana Campos González,velosopatricio@example.org,+56 9 4735 2144,Camiña,2022-11-04
161,Pedro Carrasco Sáez,vleon@example.org,+56 800 401 803,Longaví,2024-02-29
162,Anahí Noemí Rivera Labra,rodrigo21@example.net,+56 64 339 1718,Pucón,2025-09-06
163,Sandro Alex Mella Jara,anitaescobar@example.com,+56 800 902 618,Lo Prado,2025-06-03
164,Hernán Vásquez,san-martinvicente@example.com,+56 800 545 800,Tiltil,2023-05-19
165,María Claudia Oyarzo Ortega,luzvillarroel@example.org,+56 33 290 2433,Conchalí,2024-11-29
166,Mariana Bobadilla Ojeda,oquintanilla@example.com,+56 55 218 5805,Limache,2021-06-20
167,Luisa Paola San Martín Vargas,guillermo11@example.org,+56 800 706 750,Los Álamos,2023-04-10
168,Manuel Joaquín Méndez Espinoza,rmiranda@example.net,+56 2 3946 5587,Rengo,2021-09-22
169,Sonia Clementina Briones Barrientos,maria41@example.org,+56 600 330 360,Coinco,2021-07-01
170,Juan Luis López Oliva,fuentealbamartin@example.net,+56 2 3356 5859,Curaco de Vélez,2022-12-16
171,Luis Ángel Valencia Castillo,mirandamartina@example.org,+56 2 3650 8612,El Quisco,2022-10-29
172,Iván Mark Ponce Gallegos,vicenteherrera@example.com,+56 800 659 664,San Antonio,2024-02-26
173,Nancy Pérez Miranda,romeroantonia@example.net,+56 72 389 3202,Llanquihue,2021-06-24
174,David Peñaloza,rcartes@example.net,+56 58 215 3656,Alto Hospicio,2024-01-30
175,María Contreras Peña,ruby75@example.net,+56 2 3407 4028,Isla  de Pascua,2024-08-23
176,Herminia Francisca Araya Sierra,cespedesalicia@example.org,+56 9 8969 3353,Traiguén,2022-10-21
177,María Rivas Godoy,arayabastian@example.com,+56 2 3515 1952,Tucapel,2025-11-10
178,Benjamín Cristian Astudillo Rivas,camposmaria@example.org,+56 32 285 6739,Quellón,2024-07-05
179,José Contreras Opazo,francisco70@example.org,+56 2 2680 2498,Cauquenes,2023-02-08
180,Enrique Parra-Álvarez,dbarrientos@example.com,+56 33 351 9814,Cabo de Hornos,2026-04-14
181,Diego Quintana Vidal,moralesfacundo@example.org,+56 2 3148 8844,Mariquina,2025-09-20
182,Margarita Jiménez Flores,umansilla@example.net,+56 42 353 2010,Temuco,2022-05-27
183,Fabián José Vega Meza,aravenaeliana@example.org,+56 2 3942 7848,Calera de Tango,2025-05-09
184,Roberto González,xjorquera@example.org,+56 2 3307 6860,Viña del Mar,2024-07-07
185,Gonzalo Díaz Maldonado,jeancontreras@example.net,+56 9 5946 8481,Traiguén,2021-08-09
186,Erwin Sepúlveda Calderón,marinerasmo@example.com,+56 42 236 2874,Negrete,2025-09-14
187,Víctor Lazcano Urra,canalesjose@example.org,+56 75 219 7772,San José de Maipo,2024-05-28
188,Martina Alvarado,jacqueline48@example.net,+56 73 257 3935,Diego de Almagro,2023-10-19
189,Isolina Osses Cortés,guillermo56@example.org,+56 600 193 515,Tiltil,2025-01-08
190,Iris Quezada,rosa19@example.com,+56 9 6419 7086,Pichilemu,2025-10-19
191,José Edgar Valenzuela Soto,amartinez@example.org,+56 34 347 2533,Osorno,2024-03-17
192,Ana Guillermina Norambuena Gómez,danielbarria@example.net,+56 34 342 1685,Rancagua,2026-04-11
193,Magaly Molina Castro,anastasia56@example.org,+56 58 379 0071,Doñihue,2024-04-14
194,María Macarena Espinoza Barrientos,therrera@example.net,+56 32 232 1318,Cartagena,2022-01-15
195,Virginia Georgina Miranda Pizarro,riosjohana@example.com,+56 600 357 982,Nogales,2022-06-03
196,Alicia Julieta Monsalve Olea,fperez@example.org,+56 33 389 5779,Sagrada Familia,2024-07-06
197,Marcela Fernández,josefina75@example.com,+56 2 3331 5840,Requínoa,2024-04-30
198,Pablo Luis Vargas Cortés,javierrivera@example.org,+56 53 288 6792,Llanquihue,2022-07-05
199,Mario Ramírez,zaburto@example.org,+56 43 327 4209,Cunco,2022-08-17
200,Maite Navarro,luisescobar@example.net,+56 9 8393 1267,Florida,2024-02-20
201,Mateo Mario Chandía Marchant,gonzalezfrancisca@example.org,+56 9 8544 7466,Pemuco,2023-04-03
202,José Cordero,maximiliano34@example.com,+56 600 652 129,Ovalle,2025-12-26
203,Silvia Jorquera,maria18@example.org,+56 2 2299 4236,Santo Domingo,2021-05-21
204,Eliana Melo,caceresrosa@example.com,+56 600 618 824,Nogales,2023-05-01
205,Eliana Lilian Cruces González,yeison22@example.net,+56 9 3271 0996,Quilleco,2024-03-11
206,Yesica Peña,maria86@example.com,+56 2 3629 8660,San Bernardo,2023-04-30
207,Josefa Alondra López Sandoval,violeta16@example.com,+56 2 2279 4730,San Ramón,2021-09-26
208,Daniela Marta González Andrade,marcelovidal@example.org,+56 72 345 9443,Toltén,2023-09-14
209,Gabriela Parra,aburtoisidora@example.com,+56 9 3326 6935,Coquimbo,2025-05-17
210,Nicol Orellana Torres,garridocristobal@example.net,+56 2 2432 0670,La Ligua,2026-04-28
211,Cristóbal Morales Cárcamo,washingtonzamora@example.org,+56 2 2707 6016,Malloa,2021-07-17
212,Rodrigo Lucas Pereira Robles,jgodoy@example.net,+56 52 329 7905,Cochamó,2026-04-14
213,Thomas Pedro Lucero Vivanco,kbriones@example.org,+56 52 383 3368,Villa Alegre,2026-04-10
214,Bruno Gabriel Belmar Berríos,kmorales@example.org,+56 75 367 5695,Coelemu,2025-06-20
215,Santino Pizarro,arayaromina@example.net,+56 600 345 697,San Nicolás,2025-03-22
216,Sebastián Aguirre,laguilar@example.org,+56 34 367 5575,Valdivia,2024-05-29
217,Sofía Padilla,mariovalenzuela@example.net,+56 2 3978 3126,Renaico,2024-01-18
218,Sandra Rosario Guerra Yáñez,jorqueramaria@example.net,+56 800 458 671,Traiguén,2022-07-03
219,Mónica Martina Segura Inostroza,josue67@example.org,+56 51 354 9731,Panquehue,2025-05-10
220,Sergio José Díaz Bustos,icontreras@example.org,+56 9 6939 5905,Papudo,2025-01-18
221,Cristóbal Eduardo Cubillos Díaz,cguzman@example.com,+56 67 343 7237,Concepción,2022-04-11
222,Gustavo Carlos Navarro Abarca,manuela38@example.net,+56 52 360 3128,Limache,2022-02-22
223,Trinidad Hernández,pascal07@example.org,+56 33 290 4718,Chiguayante,2022-06-09
224,Colomba María Cortés Garcés,alejandro53@example.org,+56 42 246 6293,Villarrica,2026-02-06
225,María Espinoza Zúñiga,tcorvalan@example.net,+56 2 2692 5574,Saavedra,2022-08-14
226,Alejandro Rojas,otobar@example.com,+56 9 5512 2440,Rengo,2022-08-30
227,Fabián Torres Arancibia,rosajaramillo@example.com,+56 2 2479 5174,Santiago,2026-02-19
228,Berta Ortega,xgonzalez@example.org,+56 2 2460 2563,Pumanque,2023-10-09
229,Camilo García Núñez,tmunoz@example.com,+56 2 2113 1851,San Joaquín,2023-01-16
230,Sebastián Valentín Hermosilla Herrera,pgomez@example.com,+56 2 3467 1637,Negrete,2025-08-17
231,Juan Romero Hormazábal,sanchezkatherine@example.net,+56 58 327 9524,Pitrufquén,2022-02-25
232,Cintia Meza,astrid72@example.org,+56 9 9383 6698,Rengo,2023-06-13
233,Fidel Matías Tello Correa,tgarcia@example.com,+56 43 292 9519,Lo Espejo,2022-07-11
234,Margarita Sofía Espinoza González,monica28@example.com,+56 2 2139 5568,Quilaco,2026-02-10
235,Karina Uribe,maria35@example.com,+56 63 212 4408,Vitacura,2023-11-10
236,Tomás Pedro Santana Silva,cesaroyarzun@example.com,+56 2 3491 6984,San Rosendo,2025-05-19
237,Dominga Ximena Miranda Rojo,catherinealiaga@example.com,+56 41 334 7715,Hualaihué,2025-08-11
238,Olga Medina Zúñiga,hernandezraul@example.com,+56 2 3245 7538,El Quisco,2024-06-08
239,José Fernando Torres Sánchez,carlospinto@example.net,+56 2 3413 2987,Timaukel,2022-10-17
240,Flora Matilde Vergara Apablaza,mario74@example.net,+56 52 370 6634,Talcahuano,2022-06-29
241,Thomas Barraza Sandoval,mirta47@example.org,+56 58 381 2694,Quirihue,2022-05-17
242,Bárbara Rodríguez,marcela40@example.org,+56 34 347 9102,San Pedro,2021-07-01
243,Romina Constanza Calderón Gutiérrez,williams73@example.com,+56 52 249 6691,Teno,2023-08-14
244,Edison Espinosa Ruiz,magurto@example.com,+56 9 3860 5787,San Joaquín,2022-04-25
245,Leticia Soto Galdames,cristinarojas@example.org,+56 600 561 929,Cauquenes,2022-04-26
246,Catalina Cortés Cortés,hojeda@example.net,+56 9 9965 8323,Río Hurtado,2022-03-25
247,María Matilda Pino González,jose72@example.net,+56 9 9539 7394,Freirina,2023-06-10
248,Carlos Juan Machuca Gallegos,anavelasquez@example.com,+56 600 234 693,Villarrica,2026-02-07
249,Robinson Álvarez,gonzalezdelia@example.com,+56 2 2495 0757,Tocopilla,2024-11-28
250,Marcos Hernández,tdiaz@example.com,+56 55 249 7863,San Pedro de la Paz,2024-05-17
251,Ramon Javier López Parra,parrarayen@example.net,+56 2 3740 1540,Maule,2022-11-29
252,Martín Silva,benjamin16@example.org,+56 2 3854 5847,El Bosque,2023-07-08
253,Sara Ana Espinoza Ortiz,agomez@example.net,+56 600 496 612,Rengo,2023-09-12
254,Mateo Carlos Castillo Salas,qvargas@example.net,+56 58 399 8185,Lota,2021-07-31
255,Claudio Bravo Espinoza,josecabezas@example.net,+56 2 3387 0660,Coinco,2022-11-27
256,Gonzalo Sergio Contreras Cornejo,martinsandoval@example.org,+56 53 298 9916,El Quisco,2024-02-10
257,Miguel Durán Romero,marcos81@example.org,+56 2 2348 5279,Recoleta,2025-10-01
258,Roberto Sanhueza Andrade,lopezmaria@example.net,+56 58 325 4235,Panquehue,2022-06-13
259,Juan Héctor Valdebenito Poblete,lidia21@example.com,+56 2 2511 9160,Florida,2024-06-03
260,Wilson Catalán Flores,vmunoz@example.net,+56 600 166 081,Río Claro,2025-08-17
261,Sergio Román Montenegro González,fparra@example.com,+56 2 3871 0448,Santa María,2023-03-07
262,Rocío Magdalena Rodríguez Henríquez,miguel47@example.com,+56 9 3290 4073,Talcahuano,2025-12-14
263,Luciana Figueroa Bustamante,elisacartes@example.com,+56 32 382 2165,Calera,2025-05-08
264,Gerald Diego Osorio González,hugo77@example.org,+56 57 341 0886,Ránquil,2021-07-11
265,Amy Ávila,angela57@example.net,+56 2 3918 7420,Salamanca,2024-03-13
266,Reinaldo Jerson Zepeda Sepúlveda,yescobar@example.org,+56 2 3284 4606,Paine,2024-12-18
267,Giovanni Valdivia,chenriquez@example.net,+56 9 7447 1759,Chile Chico,2021-08-03
268,Sergio Marcos González Martinez,hernandezjaime@example.net,+56 64 372 3773,Quillón,2021-10-01
269,Joaquín Julio Mendoza González,miguel76@example.org,+56 58 271 6451,Saavedra,2021-06-07
270,Carol Javiera Ramos Silva,wpavez@example.net,+56 2 2207 1416,Vichuquén,2021-06-14
271,Paula Rosa Allendes Peñaloza,egarcia@example.net,+56 67 336 2597,Peralillo,2024-07-07
272,Rosa Margarita Soto Montecinos,aravenalaura@example.com,+56 9 3399 0911,Colina,2024-10-15
273,Ana Torres Parra,contrerasbayron@example.com,+56 45 324 6772,La Higuera,2025-01-01
274,Gladys Daniela Oyarce Lagos,villarroelmisael@example.net,+56 2 3672 6994,Queilén,2025-06-23
275,Karla Francisca Calderón Concha,manuel88@example.net,+56 9 9954 3448,Cobquecura,2023-06-20
276,Javiera Torres,lmiranda@example.org,+56 2 3984 2717,Collipulli,2025-12-27
277,Maribel Navarro,mercedesreyes@example.com,+56 800 982 612,Pemuco,2022-08-30
278,Luciano Oscar Cortés Morales,henriquezramon@example.org,+56 9 2505 3690,Curepto,2023-02-06
279,Erwin Nelson Santander González,albornozpatricio@example.net,+56 61 311 9464,Linares,2025-07-21
280,Ángel Claudio Muñoz Villegas,daniel96@example.org,+56 73 311 6018,Pelarco,2021-12-08
281,Karla Carla Muñoz Riquelme,cvalenzuela@example.net,+56 800 421 096,Los Sauces,2026-02-17
282,Esteban Moisés Avendaño Valdebenito,nsuarez@example.org,+56 9 3728 8882,Queilén,2025-10-30
283,Claudio Martínez Morales,lagosjaviera@example.org,+56 800 467 901,Frutillar,2022-07-14
284,Monserrat Alvarado Merino,edson06@example.org,+56 800 446 562,Huechuraba,2022-12-30
285,Vicente Alfredo Palma Mendoza,bastian17@example.com,+56 800 194 388,Independencia,2024-04-29
286,Sergio Roger Saldivia Meza,constanza65@example.com,+56 2 3459 3479,Canela,2022-09-19
287,María Marisol Garrido Sandoval,juanferrada@example.net,+56 2 3924 3383,Puerto Octay,2022-07-07
288,Elsa Melanie Quiroz Hernández,faltamirano@example.net,+56 65 224 4755,Ninhue,2022-11-03
289,Gabriel John Bugueño Moya,parraana@example.net,+56 2 2457 2132,Hijuelas,2025-12-18
290,Alex Muñoz Chávez,alvaro25@example.com,+56 800 806 080,Chañaral,2024-05-19
291,María Morales Olguín,pacevedo@example.com,+56 600 818 305,Olmué,2023-12-31
292,Javier Martínez-Parra Lobos,carlos66@example.com,+56 9 5728 5582,Coelemu,2025-07-19
293,Helena María Pinilla Flores,franco41@example.net,+56 9 8114 9271,Concepción,2022-01-02
294,Jorge Campos Farías,ogarcia@example.net,+56 51 237 8565,Zapallar,2026-01-03
295,Luis Simón Ramírez Ulloa,leonardo30@example.org,+56 2 3188 2529,Buin,2023-12-14
296,Juan Luis Faúndez Muñoz,maria45@example.com,+56 800 298 244,Conchalí,2021-10-14
297,Ana Laura Rojas Rodríguez,carmela65@example.org,+56 73 356 7070,Lampa,2021-07-10
298,Ximena Florencia Acuña Norambuena,riveraruben@example.com,+56 64 318 5862,Quinchao,2021-08-10
299,Carolina Bárbara López Vejar,elizabeth75@example.com,+56 800 200 438,Chanco,2021-11-18
300,René Mario Osses Henríquez,marcos98@example.org,+56 2 3428 1868,La Pintana,2023-09-13
301,Noemí Elba Valenzuela Jara,jaime34@example.org,+56 2 3251 1700,Villa Alemana,2026-01-01
302,Marlene Iris Molina Aguilera,ecandia@example.org,+56 9 6237 4343,Petorca,2022-04-29
303,Patricia Verónica Cruz Cordero,juancid@example.com,+56 2 2594 2241,Calera de Tango,2021-09-19
304,Josefa Constanza Vega Cárcamo,herreramaria@example.org,+56 800 370 244,Vichuquén,2023-01-28
305,Trinidad Collao Sánchez,ernesto07@example.net,+56 9 9282 2678,Las Cabras,2022-08-24
306,Anaís Hernández,ruzmaximiliano@example.net,+56 600 594 391,Maullín,2023-06-06
307,María Martina Muñoz Garrido,nievesmiranda@example.com,+56 45 228 4853,Mostazal,2025-02-27
308,Francisco Nelson Cruz Sánchez,lguerrero@example.net,+56 41 272 9464,El Carmen,2023-01-25
309,Helena Amada Cid Collao,antonellaramirez@example.org,+56 800 389 960,San Clemente,2024-11-02
310,Yocelyn Candia,brionescristian@example.org,+56 600 295 060,Empedrado,2025-12-20
311,Patricia Juana Álvarez Jara,stephanie14@example.com,+56 2 3909 7344,El Bosque,2023-07-02
312,Vania Palma Becerra,emiliavelasquez@example.net,+56 800 354 214,Negrete,2022-10-13
313,Patricia Soto,tparedes@example.com,+56 800 271 559,Paillaco,2025-10-17
314,José Rebolledo Hermosilla,diazines@example.com,+56 2 3713 5463,Laja,2024-09-13
315,Leandro Felipe Cuevas Gajardo,josevaldivia@example.org,+56 2 3755 5157,Olmué,2026-02-23
316,María Elgueta Cuevas,astudillovicente@example.com,+56 2 3699 4825,Laja,2025-05-07
317,Jorge Carrasco Díaz,molinasebastian@example.org,+56 9 9748 9261,Alhué,2023-03-17
318,Marina Ana Sepúlveda Lara,andreszuniga@example.net,+56 55 321 0164,Chile Chico,2025-03-15
319,Carolina López,elizabethperalta@example.com,+56 44 372 9843,Santo Domingo,2025-01-07
320,Andrés Márquez Muñoz,danielhernandez@example.org,+56 51 219 5430,Santo Domingo,2022-11-23
321,María Denise Valencia San Martín,mariaelgueta@example.org,+56 2 2288 6246,Los Muermos,2025-02-08
322,María Teresa Muñoz Lara,rosa76@example.org,+56 800 716 712,Futaleufú,2025-08-29
323,José Felipe Vergara Arteaga,carlosvargas@example.net,+56 2 2641 1120,Hualañé,2023-05-08
324,Bárbara Reyes,luisbarra@example.net,+56 9 6925 6398,Pencahue,2023-04-29
325,Natalia Leslie Rodríguez Mena,joselopez@example.net,+56 2 2289 1160,Coinco,2022-11-22
326,Hilda Flor Quintanilla Vásquez,hernandezteresa@example.net,+56 2 3714 0944,Saavedra,2023-09-20
327,Francisco Sebastián González Figueroa,guillermotorres@example.net,+56 61 229 4115,Requínoa,2025-02-26
328,Álvaro Vicente García Albornoz,belmarpatricio@example.net,+56 58 265 0477,Purranque,2023-03-12
329,Isaac Joaquín Espinoza Muñoz,jesusbecerra@example.org,+56 52 364 4710,La Pintana,2021-09-17
330,Florencia Mariana Rubilar Tapia,josesalinas@example.org,+56 2 2767 3961,Recoleta,2024-08-06
331,William Castro Astorga,laraana@example.org,+56 58 332 5243,San Miguel,2021-07-31
332,Camila Genoveva Abarca Díaz,patriciaaguilar@example.com,+56 2 3876 4701,Ninhue,2022-06-30
333,Erick Francisco Castillo Godoy,astorgamarcos@example.com,+56 64 326 6379,San Pedro de Atacama,2021-08-16
334,Maribel Rodríguez-Gómez,mariariveros@example.org,+56 34 335 3445,Curaco de Vélez,2022-11-09
335,Claudia Castro-Méndez Muñoz,mariapulgar@example.org,+56 42 268 0449,Quirihue,2022-04-29
336,José Gamboa Molina,diazricardo@example.org,+56 9 3687 9485,Villa Alemana,2022-11-13
337,Marcela María Soto Donoso,svargas@example.org,+56 64 350 5784,San José de Maipo,2022-08-25
338,Damaris Ignacia Aguilera Ramírez,bmunoz@example.com,+56 2 2128 4833,Penco,2023-11-22
339,Arturo Luis Arriagada Santana,jose27@example.com,+56 2 2164 0260,Quillota,2024-08-22
340,Felipe Jorge Castro Gutiérrez,yvicencio@example.org,+56 2 2440 8008,Juan Fernández,2022-02-03
341,Hernán Mariano Flores Guerra,juanvenegas@example.org,+56 2 3235 3547,Paredones,2026-04-06
342,Heraldo Iván Zúñiga Aburto,bastiasjose@example.com,+56 64 247 1427,Coronel,2021-11-25
343,Edith Navarro,qsandoval@example.org,+56 2 3205 9507,Independencia,2023-06-26
344,María Denisse Fuentes Prado,yseguel@example.org,+56 2 3152 9543,Valdivia,2025-07-15
345,Daniela Romina González Santander,jbahamonde@example.net,+56 2 2824 7498,Florida,2024-07-09
346,Martina Mercedes Álvarez Contreras,isabelcarrasco@example.com,+56 600 319 323,Casablanca,2023-03-20
347,Pía Rosa Parada Rodríguez,johannaruiz@example.org,+56 2 3870 0260,Lago Verde,2023-12-31
348,Adriana Claudia Droguett Barra,isalgado@example.net,+56 600 824 273,Palmilla,2024-04-19
349,Isabel Anahí Silva Cerda,helenalarcon@example.org,+56 600 669 364,Frutillar,2024-10-22
350,Ámbar Angélica Reyes Ahumada,rebolledoluis@example.com,+56 800 321 023,Bulnes,2023-03-27
351,Ashley Navarrete,mondacagladys@example.com,+56 2 2189 5067,General Lagos,2022-12-26
352,Pamela Ávila Rodríguez,pastenmonserrat@example.net,+56 800 659 611,Ninhue,2024-04-25
353,Ana Laura Salazar Abarca,alexandra64@example.com,+56 9 4158 7662,Los Álamos,2025-10-03
354,María Rosa Vega Santos,miguelcortes@example.org,+56 2 2886 9608,Coelemu,2021-07-13
355,María Florencia Escobar Encina,maria34@example.org,+56 800 450 461,Curanilahue,2024-08-02
356,Tomás Ibarra,leonardomunoz@example.com,+56 9 9235 6615,Codegua,2025-10-31
357,Cristian Pedro Pinto Olivares,cveloso@example.com,+56 600 332 789,Navidad,2022-09-02
358,Yoselin Tiare Vega García,sandravillar@example.com,+56 9 6435 5861,Cabrero,2024-02-18
359,Olga Isabel Gutiérrez Cifuentes,floresmaria@example.net,+56 73 221 8060,Santa Cruz,2025-07-08
360,Ana Catalina Garrido Ahumada,martin83@example.org,+56 34 280 9725,Combarbalá,2024-09-05
361,Evelyn Espinoza,montoyapablo@example.org,+56 2 3516 0589,Curanilahue,2024-05-31
362,Rodrigo Donoso Toro,palaciosjuan@example.org,+56 2 3383 9464,Villarrica,2022-06-12
363,María Jessica López Ortega,anais75@example.net,+56 2 3697 0817,Curaco de Vélez,2026-03-28
364,Manuel Arturo Encina Cárdenas,jazmin94@example.com,+56 2 2327 1752,Puchuncaví,2024-08-13
365,Elisabeth Vásquez Méndez,juanramirez@example.net,+56 41 346 2747,Santiago,2025-10-13
366,Sofía Constanza Valdés Neira,wfernandez@example.net,+56 67 322 7225,San José de Maipo,2023-01-12
367,Beatriz Contreras-Benavides Garrido,zaraneda@example.org,+56 9 4478 1877,Portezuelo,2022-06-20
368,Ana Corvalán Gatica,xespinoza@example.net,+56 9 5516 5818,Loncoche,2022-06-20
369,Raúl Araneda,rafael50@example.com,+56 9 3712 8058,Lanco,2025-12-10
370,Juan Ramírez,josecardenas@example.net,+56 2 2828 0817,Puqueldón,2022-04-23
371,Celinda Pascale San Martín Cerda,eescobar@example.com,+56 55 370 7726,Chanco,2021-07-05
372,Anaís Georgina Henríquez-Mora Flores,fariaseduardo@example.net,+56 800 158 252,Vitacura,2023-08-24
373,Josefa Aurelia Olguín Santander,vidalmarta@example.org,+56 600 738 547,La Florida,2021-08-23
374,Valentina Muñoz Poblete,teresa42@example.com,+56 9 5292 2941,San Clemente,2024-05-31
375,María Claudia Melo Rojas,edinson50@example.com,+56 2 3428 0885,Coelemu,2024-12-01
376,Valentina Maura Navarro Godoy,mendozaluis@example.net,+56 63 359 3942,San Bernardo,2021-11-30
377,Scarlett Pinilla,jaradaniel@example.org,+56 2 3265 5840,Quemchi,2021-07-23
378,Daniel Gabriel Donoso Cortés,paulogarcia@example.net,+56 72 213 7231,Marchihue,2023-12-12
379,Jaime Renato Medina Sanhueza,marinconstanza@example.net,+56 2 2772 9790,Chépica,2023-09-21
380,Mabel González,america27@example.org,+56 51 277 1939,Pitrufquén,2023-09-23
381,Erica Galaz Saavedra,cristian57@example.com,+56 600 273 594,Monte Patria,2024-08-22
382,Silvia Hernández,elsa47@example.org,+56 2 2885 6855,Cerrillos,2026-01-01
383,Carlos Silva,gaeteamalia@example.net,+56 51 363 7698,San Pablo,2023-07-31
384,Krishna Rojas,maria43@example.net,+56 72 239 7645,Nueva Imperial,2025-03-25
385,Fernanda Lobos,hectorherrera@example.com,+56 800 576 161,El Carmen,2023-02-05
386,Víctor Julio Echeverría Romero,marta42@example.org,+56 2 3930 8966,Talca,2022-08-01
387,Doris Claudia Vargas Jara,hortega@example.org,+56 2 3324 1472,Cabo de Hornos,2023-02-15
388,Mario Maturana Verdugo,yneira@example.org,+56 2 2573 6610,Hualaihué,2024-05-24
389,Olga Pérez Valdebenito,cristian65@example.com,+56 42 315 2543,Freire,2022-10-21
390,Diego Ruiz Álvarez,anafaundez@example.com,+56 800 494 295,Antofagasta,2021-11-13
391,Elizabeth Lorena Figueroa Valenzuela,ncampos@example.org,+56 35 322 9150,La Florida,2025-11-04
392,Isabel Cristina Muñoz Zúñiga,uribevirginia@example.org,+56 2 2662 4444,O'Higgins,2023-02-16
393,Pablo López,qsalas@example.net,+56 2 2967 8100,Quinchao,2022-06-20
394,Javiera Villalobos Navarro,lrobles@example.com,+56 9 3727 9446,Calera de Tango,2021-05-18
395,Maximiliano Jean Moraga Correa,fabiola24@example.org,+56 600 150 758,Freirina,2023-06-13
396,Nahuel Diego Almonacid Ramírez,hernandezvalentina@example.net,+56 57 289 3988,Lumaco,2024-07-21
397,Juan Jerez Agüero,lucianocabezas@example.org,+56 9 5837 2312,Rengo,2026-02-20
398,Carol Silvia Astudillo Torres,hectorgalaz@example.net,+56 800 838 671,Canela,2023-12-28
399,Rigoberto Oyarzún,martinhernandez@example.org,+56 65 393 0506,Salamanca,2023-09-15
400,Jocelyn Avendaño Díaz,gonzalezfranco@example.net,+56 9 2186 5072,La Higuera,2021-05-28
401,Valentina Sandra Cáceres Espinoza,phernandez@example.org,+56 2 2311 1482,San Javier,2023-06-25
402,Irene Milena Orellana Ahumada,san-martinjavier@example.com,+56 52 296 1836,San Ramón,2025-06-24
403,Jairo Manuel Gómez García,arielgonzalez@example.org,+56 2 2411 2261,Curicó,2025-01-17
404,Emelina Sofía Cortés Navarro,agustinalagos@example.com,+56 72 382 1912,Fresia,2022-12-15
405,Atilio Álvarez Barraza,carvajalsebastian@example.org,+56 67 370 3651,Peñaflor,2024-12-11
406,Humberto Diego Vargas Vergara,franklinsanhueza@example.net,+56 9 9378 3302,Ollagüe,2026-02-20
407,Ramón Cristóbal Sanhueza Opazo,catalinasaez@example.net,+56 35 323 5359,Renca,2024-11-26
408,Ignacio Cristóbal Aguilar Ruiz,lindamartinez@example.org,+56 52 289 6271,Tirúa,2023-07-07
409,Miguel Ibarra,rafaelabustos@example.org,+56 9 8482 6110,Chimbarongo,2023-09-01
410,Teresa Fernández,maria69@example.com,+56 9 4132 5413,Tucapel,2021-09-05
411,Anaís Agustina Contreras Hernández,alfredo96@example.net,+56 41 210 1960,Santa Juana,2024-09-01
412,Ignacia Moyano,gladysbustos@example.org,+56 600 976 786,Putre,2022-07-07
413,Paulette Miriam Aguilera Domínguez,martinezsofia@example.net,+56 2 2902 8230,Penco,2024-09-14
414,Lucas Angulo,nancy18@example.net,+56 75 252 7703,Puerto Montt,2025-11-05
415,Mauricio Alonso Véliz Páez,iduarte@example.org,+56 2 3206 2021,Chanco,2023-08-20
416,Ramón Eduardo González Castro,pablo19@example.org,+56 35 258 1369,Peumo,2024-08-23
417,Máximo Víctor Salas Ulloa,hquezada@example.com,+56 51 246 9969,Estación Central,2025-10-20
418,Nelson Manuel Oliva Ortega,oparada@example.net,+56 2 2185 4726,Victoria,2023-04-30
419,Benjamín Vergara,pbarrientos@example.net,+56 800 234 829,Santa Cruz,2025-08-09
420,Luisa Figueroa Martínez,oscar95@example.net,+56 33 278 3557,Las Condes,2025-03-17
421,Leontina Sara Acevedo Castillo,elizabeth58@example.com,+56 57 235 4348,Toltén,2021-09-21
422,Víctor González Arias,albornozhumberto@example.com,+56 9 7778 8397,San Pablo,2024-03-04
423,Valentín Ariel Riffo Osorio,riveraclaudia@example.net,+56 55 321 4881,Tomé,2026-02-03
424,Jessica Marisol Romero Martínez,juan51@example.net,+56 33 254 1477,Laja,2022-12-08
425,Paula Carrera,nunezluciana@example.net,+56 61 343 5397,Toltén,2022-10-30
426,Sonia Adriana Ortiz Becerra,zdiaz@example.net,+56 2 2496 3021,Parral,2023-03-03
427,Luis Jorge González Vargas,benjamin52@example.org,+56 800 295 049,Pozo Almonte,2026-05-04
428,Víctor Pinilla,jelgueta@example.com,+56 9 5220 6040,Panquehue,2026-05-03
429,Gabriel Opazo Donoso,wtorres@example.net,+56 73 253 6587,Pemuco,2026-03-11
430,María Alegría Peña,valeria67@example.org,+56 2 2564 8571,Copiapó,2024-03-24
431,Bryan Martínez,johanna01@example.com,+56 800 148 664,Putre,2025-04-24
432,Gustavo César Choque Chandía,reyesjuana@example.org,+56 9 6895 3619,Traiguén,2023-04-25
433,Martha Claudia Díaz Loyola,lalvarado@example.org,+56 2 2897 4305,Pedro Aguirre Cerda,2022-04-08
434,Gonzalo Durán Gutiérrez,jarajuan@example.com,+56 45 232 5923,Quillota,2022-07-19
435,Carlos Eulogio Vera Villagra,victorzepeda@example.org,+56 41 357 3837,Ercilla,2022-06-30
436,Carlos Pablo Vásquez Duarte,nelsonpaz@example.org,+56 9 8508 4742,Traiguén,2025-10-28
437,Anahí Salinas Valladares,garenas@example.com,+56 2 2832 8164,San Rafael,2024-09-27
438,Christopher Marcelo Yáñez Jara,teresa53@example.com,+56 600 689 332,Lautaro,2023-08-05
439,Claudio Erick Guerra Suárez,qibarra@example.org,+56 42 394 6320,Constitución,2024-10-02
440,Domingo Lucas Gallardo Canales,pedrovalladares@example.org,+56 9 9801 1092,Paredones,2025-05-24
441,Patricia Cortés Baeza,molinamaria@example.net,+56 600 723 405,Longaví,2026-01-15
442,Bernardita Juana Olea Silva,laura32@example.net,+56 72 318 7993,Maule,2022-11-13
443,Ángela Pamela Arias Figueroa,natalia83@example.com,+56 2 2693 1586,Curanilahue,2024-11-17
444,Jaime Díaz-Sepúlveda,anahi50@example.org,+56 9 2419 6802,Arica,2023-09-23
445,María Ana Campos Hidalgo,xmancilla@example.org,+56 800 499 096,Padre Las Casas,2022-10-20
446,Alejandro Sergio Cisternas Díaz,dayana22@example.net,+56 2 2644 2307,Toltén,2021-12-22
447,Carolina Quiroga,luiscelis@example.org,+56 43 251 6197,Calera de Tango,2023-11-25
448,Bárbara López Riquelme,vergarabenito@example.com,+56 52 213 6236,Alto del Carmen,2024-10-14
449,Gerardo Marcelo Pardo Castillo,luisavasquez@example.org,+56 2 2652 5465,Navidad,2023-12-22
450,Mario Claudio Romero Jara,wvillagran@example.com,+56 43 223 1827,Saavedra,2023-08-13
451,Benjamín Torres Henríquez,gonzalocastro@example.org,+56 2 2961 5781,Puente Alto,2022-09-03
452,Carlos Sierra,ncarrasco@example.org,+56 2 3783 0673,Curacaví,2022-03-13
453,Luz Priscila Ruiz Ramírez,calvarez@example.org,+56 34 271 1204,Licantén,2024-10-11
454,José Eithan Donoso Valencia,galleguillosluciana@example.com,+56 2 3625 8722,Mejillones,2026-03-28
455,Marisol Angelina Bustos Núñez,florindaquinteros@example.com,+56 61 290 0915,Pozo Almonte,2022-01-13
456,Bárbara Luisa Oyarzo González,qflores@example.org,+56 72 233 0668,San Ignacio,2023-05-02
457,Sabina Sofía Navarro Durán,santiago51@example.com,+56 600 506 744,Chaitén,2023-01-06
458,Juan Pablo González Oyarzún,eramirez@example.org,+56 45 384 3480,Puente Alto,2021-07-11
459,María López Meza,pburgos@example.org,+56 32 276 6477,Tomé,2023-01-09
460,Gerardo Vera Vásquez,jaimealvarado@example.net,+56 2 3660 7137,Calbuco,2025-01-23
461,Cristofer Patricio Rodríguez Reyes,haranda@example.org,+56 9 8878 1118,Peñaflor,2023-04-11
462,Lourdes Mariana Santibáñez Soto,sergio31@example.net,+56 53 346 5167,Antártica,2025-03-10
463,Carolina Magdalena Paredes Moraga,rodriguezfrancisco@example.net,+56 600 526 100,Caldera,2023-11-24
464,Víctor Andrés Zapata Delgado,carla57@example.com,+56 9 5579 4802,Sierra Gorda,2025-10-01
465,Maximiliano Diego Madrid Flores,zsegovia@example.org,+56 800 792 968,Carahue,2022-01-22
466,Claudia Verónica Cancino Valenzuela,gcepeda@example.com,+56 9 9740 0514,Putre,2025-07-14
467,Marta Vásquez Manríquez,palmaemma@example.net,+56 33 315 0966,Aisén,2025-09-16
468,Mercedes Camila González Álvarez,aquinteros@example.com,+56 2 3133 2029,Curacaví,2026-02-23
469,José Luis Palma Gutiérrez,itapia@example.net,+56 800 548 921,Cunco,2024-10-05
470,Pedro Fernando Rojas Jara,lfernandez@example.net,+56 2 3851 9152,Quellón,2023-08-20
471,Marina Fernanda Castillo Pérez,guillermo59@example.net,+56 71 334 9686,Concón,2024-06-19
472,Mario Sebastián Fuentes Navarro,cuevaspamela@example.com,+56 42 261 6531,Lautaro,2022-03-20
473,Hilda Susana Sierra Arancibia,fgalleguillos@example.org,+56 2 3408 3289,San Fernando,2021-12-23
474,Norma María Figueroa Araya,mcortes@example.com,+56 800 176 121,Cauquenes,2022-07-23
475,Bárbara Chávez,xsalamanca@example.com,+56 2 2151 4662,Lota,2024-08-12
476,Marcia Parra Henríquez,rogeliopineda@example.com,+56 2 3147 0883,Coihueco,2024-04-01
477,Isabella Josefa Aránguiz González,npacheco@example.net,+56 58 314 8872,Puerto Montt,2025-05-03
478,Miguel Yerko Toro Poblete,wacevedo@example.com,+56 2 2602 1440,Coltauco,2024-08-02
479,Simón Contreras Verdugo,margarita70@example.org,+56 9 4145 5356,Colchane,2023-09-28
480,Luis Salazar Soto,pablo48@example.net,+56 65 371 5791,Llanquihue,2022-05-06
481,Susana Antonia Contreras Valenzuela,xpasten@example.org,+56 55 338 7900,Puyehue,2024-05-02
482,Johann Emiliano Meléndez Rodríguez,luisa99@example.com,+56 9 4517 6044,Pudahuel,2023-01-12
483,Luis Rojas,maria42@example.org,+56 9 9308 7818,Peñaflor,2023-10-22
484,Esteban Araya Carrasco,kzapata@example.org,+56 2 3531 0002,Perquenco,2022-05-30
485,Katherin Antonia Zepeda Marín,vergarajazmin@example.net,+56 67 217 1482,San Vicente,2023-03-04
486,Rafael Jonathan González Vásquez,molinaedgar@example.net,+56 2 3778 7967,Calama,2025-12-13
487,Agustina María Álvarez Reyes,maria72@example.net,+56 63 391 9278,Coihaique,2023-11-08
488,Ana María Aguilar Valdebenito,asierra@example.net,+56 800 206 126,San Joaquín,2023-02-19
489,Hernán Fernández,natalia79@example.com,+56 43 243 5435,Los Vilos,2025-10-04
490,Maricel Salazar Retamal,evasquez@example.net,+56 2 3651 2636,Máfil,2023-05-11
491,Matilda Chacón,florenciofuentes@example.org,+56 33 237 3727,Ñiquén,2022-01-26
492,Cecilia Cifuentes Aburto,manuel12@example.org,+56 43 340 4917,Nogales,2025-05-09
493,Natalia Alvarado,umartinez@example.org,+56 9 8823 2988,Linares,2023-06-12
494,Domingo Diego Ruiz Cerda,ulloacarlos@example.com,+56 61 378 0970,Molina,2025-10-19
495,Carolina Virginia Bravo Cea,eloisaacevedo@example.org,+56 600 186 154,Talca,2024-02-22
496,María Laura Barahona Videla,alexander58@example.org,+56 9 3804 9074,Lo Prado,2022-04-28
497,Juan Héctor Salas Hernández,camilatapia@example.org,+56 2 2777 5471,Tortel,2025-09-06
498,María Valencia Ríos,xrivera@example.org,+56 800 785 049,San Ignacio,2024-03-22
499,Katherine Manríquez Poblete,monserratsegura@example.org,+56 44 396 3541,San Pedro de la Paz,2025-03-04
500,Héctor Juan Sánchez Ramírez,maria06@example.net,+56 600 618 631,Isla  de Pascua,2025-05-01
501,Ana Karen Valenzuela González,roberto79@example.net,+56 53 387 1349,Temuco,2025-10-21
502,Patricia Andrea Maldonado Fuentealba,sandra03@example.org,+56 51 370 5657,Alhué,2024-12-02
503,Laura Sofía Aravena Rodríguez,damian06@example.net,+56 9 3456 5106,Futrono,2024-06-01
504,Alejandrina María Vilches Mena,mireyacortes@example.org,+56 2 3133 1682,San Nicolás,2024-10-27
505,José Edison Arancibia Martínez,alex87@example.com,+56 800 610 321,San Pablo,2025-02-11
506,Martín Lazo,vzamorano@example.net,+56 2 3121 5661,Melipilla,2025-06-15
507,Catalina Fresia San Martín Cabezas,angelicamunoz@example.net,+56 2 3285 4017,Frutillar,2022-05-17
508,Sebastián Francisco Vásquez Vásquez,ignacia41@example.com,+56 600 778 353,Hualqui,2023-06-27
509,Catalina Hernández Cisterna,astudilloana@example.net,+56 45 241 5924,Renca,2021-11-07
510,Aarón Rocha,jose09@example.net,+56 9 7929 1998,Huasco,2024-01-10
511,Héctor Torres,mariana44@example.org,+56 600 254 514,La Reina,2022-01-06
512,Marta Antonia Alarcón Ayala,cristiangonzalez@example.net,+56 9 6998 6101,Frutillar,2026-03-20
513,María Videla,mireya18@example.com,+56 2 3272 0047,Cochamó,2025-03-17
514,Martina Anaís Correa Osses,mariacarmona@example.org,+56 2 2772 3743,Curanilahue,2022-07-30
515,Simon Torres-Acevedo Parra,lgalleguillos@example.com,+56 800 810 553,Puerto Varas,2024-04-03
516,Oriana López,patricia78@example.net,+56 2 3269 1215,Quilicura,2026-01-06
517,José Gutiérrez,reyescatalina@example.net,+56 2 2315 3758,Chillán,2022-01-05
518,Leonardo Ignacio Bascuñán Gajardo,gonzalo02@example.com,+56 9 2531 2368,Yerbas Buenas,2023-11-26
519,Gilda Suárez Quinteros,vflores@example.org,+56 2 2222 4594,Padre Hurtado,2024-11-04
520,Ariel Waldo Fernández Pinto,dylannunez@example.org,+56 9 6808 9710,Nogales,2025-07-19
521,Martín Héctor Ríos Rojo,denisevenegas@example.com,+56 600 956 510,Lautaro,2025-04-24
522,Lukas Jaime Parada Acevedo,franciscoalbornoz@example.com,+56 800 749 130,Purranque,2025-12-04
523,Ana Fuenzalida Farías,navarrobrigida@example.net,+56 9 5154 8139,La Unión,2026-01-02
524,Benjamín Pablo Vidal Ramírez,anahi49@example.org,+56 600 198 441,Saavedra,2024-06-25
525,Gabriel Meza Belmar,benjaminzavala@example.org,+56 9 4339 2062,Lago Ranco,2022-02-08
526,Enzo Jaramillo Alfaro,fuentesgabriel@example.com,+56 600 825 954,Natales,2023-01-24
527,Elizabeth Gloria Cortés Ulloa,castilloluis@example.com,+56 9 3642 1400,Vallenar,2023-11-09
528,Paula Arancibia,alfonso26@example.net,+56 2 3636 1564,Ránquil,2021-10-14
529,Rómulo Ramón Toledo Bustos,jorge95@example.org,+56 41 248 4270,San Fernando,2021-08-01
530,Pedro Ortiz Medina,alonsomena@example.org,+56 44 390 2276,Pica,2023-03-15
531,María Elena Guevara Quintanilla,elizabeth64@example.net,+56 600 776 636,San Nicolás,2025-04-18
532,Patricia Isabel Herrera Ahumada,santiagofuentes@example.net,+56 600 193 986,Quilleco,2024-12-31
533,Inés Aída Pastén Vargas,arturomontero@example.com,+56 2 3453 3903,San Pedro,2023-01-21
534,Rodolfo Hernández,chidalgo@example.net,+56 34 311 1972,O'Higgins,2021-08-01
535,Ana Ámbar Opazo Figueroa,villanuevajaime@example.com,+56 9 9215 0149,Calbuco,2025-12-26
536,Sergio Urrutia,marco47@example.com,+56 800 935 241,Timaukel,2025-06-17
537,Victoria Saldías Núñez,christofer40@example.org,+56 2 3501 2089,Hualpén,2025-05-05
538,Cecilia Cortés,rochaluis@example.com,+56 9 2328 7261,Ovalle,2022-07-06
539,Roberto Felipe Cabrera Aguilar,leon30@example.com,+56 2 3674 3815,General Lagos,2023-06-26
540,Isidora Paola Rivera Castillo,munozanahi@example.org,+56 600 624 919,Pica,2023-05-10
541,Emilia Ana Saavedra Riquelme,hildamartinez@example.org,+56 2 3416 0305,Colina,2021-05-26
542,Alexander Alain Araya Madariaga,nalarcon@example.net,+56 61 266 0323,Freirina,2021-12-02
543,Roberto Christofer Rodríguez Romero,nancyrodriguez@example.org,+56 800 576 931,La Cruz,2021-11-16
544,Marcos Diego Bahamonde Valenzuela,imorales@example.net,+56 9 2888 9085,Licantén,2025-01-16
545,Mario Villarroel Mansilla,irma23@example.net,+56 600 151 121,Sagrada Familia,2025-07-01
546,Yenny Carmen Montoya Villegas,qrodriguez@example.net,+56 52 395 7270,Pica,2023-03-19
547,Francisca América Bobadilla Silva,qgarcia@example.net,+56 2 2259 0200,San Rafael,2024-10-12
548,Ana Valeria Jara Faúndez,munoznelly@example.net,+56 2 3885 1199,La Higuera,2024-06-14
549,Mauricio Fuentes Rivas,rosaacevedo@example.com,+56 42 278 1942,Paine,2024-06-24
550,Angélica Lobos,jocelyngonzalez@example.org,+56 2 2915 8325,Dalcahue,2025-03-18
551,Constanza Rosa Gutiérrez Baez,lvalenzuela@example.org,+56 2 2567 9530,Lo Prado,2021-09-16
552,María Jara Rojas,gerardo62@example.com,+56 2 2714 5829,Maullín,2024-04-22
553,Raquel Morales-González,qgalvez@example.net,+56 600 617 785,Illapel,2024-07-19
554,Claudio Segundo Quezada Angulo,plazaosvaldo@example.com,+56 65 215 1307,Puente Alto,2025-02-27
555,César Vásquez González,xlagos@example.org,+56 2 2281 8092,Quinchao,2024-09-05
556,Natacha Rivas Román,pablocavieres@example.org,+56 2 2592 9731,Recoleta,2023-06-24
557,Susana Leonor Méndez Zapata,nleon@example.net,+56 2 2596 9936,Andacollo,2023-10-20
558,Jean Mena Rojas,nelly40@example.com,+56 9 8306 6868,Quemchi,2022-03-19
559,María Valenzuela,leonjuan@example.com,+56 35 258 9716,Canela,2022-11-24
560,Juan Aguayo Torres,robertobrito@example.net,+56 2 2771 4573,Pozo Almonte,2024-10-25
561,Jorge Sebastián Palacios Maldonado,correaanthony@example.net,+56 9 2653 5726,San Vicente,2025-07-18
562,Héctor Flores-Romero,genesisfredes@example.com,+56 9 9465 8090,Queilén,2024-06-10
563,Beatriz María Bustos Ávila,mirandaolga@example.net,+56 2 2206 8869,Empedrado,2026-02-23
564,Vicente Felipe Leal-Rojas Flores,ramirezana@example.org,+56 2 2378 6063,Perquenco,2023-12-28
565,Nicol Vidal Pérez,jgutierrez@example.net,+56 600 859 231,Talca,2022-02-16
566,Ximena Yasmín Vargas Cruz,cruzisabel@example.com,+56 600 633 307,Los Muermos,2025-03-16
567,Alba María Martínez San Martín,constanzasantander@example.net,+56 44 333 0734,Casablanca,2026-01-03
568,Isabella Díaz Alvarez,qrodriguez@example.com,+56 58 263 2264,Huasco,2025-06-21
569,Eugenio Meneses,gonzalorojas@example.net,+56 44 385 6002,Cartagena,2024-02-06
570,Isidora Jessica Cortés Rodríguez,luis69@example.com,+56 2 3116 0704,Rengo,2024-11-13
571,Miguel Juan Ortiz Palacios,victorgarrido@example.org,+56 600 365 781,María Pinto,2023-07-23
572,Moisés Pérez,ygatica@example.net,+56 2 2483 4778,Putaendo,2026-03-11
573,Gladys Julieta Silva-San Martín Serrano,osseshilda@example.com,+56 9 7835 4045,El Carmen,2023-01-26
574,Anahí Regina Vásquez Meza,silvia14@example.com,+56 58 216 5323,Puqueldón,2026-03-11
575,Diego Sergio Valderrama Rojas,camposjose@example.com,+56 600 818 093,San Nicolás,2025-10-22
576,Víctor José Lagos Saavedra,uribeluis@example.org,+56 2 2486 4670,Calera de Tango,2026-02-06
577,Elizabeth María Arellano Contreras,barahonacarmela@example.net,+56 800 834 923,Florida,2022-04-18
578,Luis Carlos González Pino,gloriaespinoza@example.com,+56 2 2637 2125,O'Higgins,2026-01-07
579,Cecilia Medina,icontreras@example.net,+56 61 316 2118,Los Ángeles,2021-05-30
580,Camila Norma Valenzuela Maturana,armando68@example.net,+56 2 3864 4938,Los Muermos,2025-01-10
581,Daniela Ramírez,natividad35@example.com,+56 9 6440 1908,Parral,2021-12-01
582,Karla Carla Carrillo Alvarado,galvezmaria@example.com,+56 2 2707 6078,Pozo Almonte,2026-05-11
583,Pía Paola Cárdenas Mardones,eflores@example.org,+56 71 222 0867,La Unión,2025-04-17
584,Miguel Pardo Ramírez,jaimeaguilar@example.net,+56 600 468 752,Pelarco,2023-09-12
585,Camila Angélica Valdés Ramírez,guillermohernandez@example.org,+56 9 3717 8878,Lolol,2026-04-27
586,Teresa Leonor Gallardo Arias,qmorales@example.com,+56 57 366 5887,Victoria,2022-07-11
587,Tamara Sonia Valdés Rojas,alejandrolagos@example.org,+56 44 262 5425,Antofagasta,2024-06-22
588,Aldo Sebastián Vera Mendoza,juan38@example.net,+56 45 339 5656,Puerto Octay,2022-04-19
589,Evelyn Araya,sanhuezacarlos@example.com,+56 2 2704 8976,Tortel,2021-09-19
590,Daniel Pablo Carrasco Molina,blanca89@example.com,+56 51 382 0056,Negrete,2025-07-18
591,Josefina Ana Martinez Torres,rosa23@example.net,+56 2 3645 1359,San Vicente,2022-04-17
592,Claudio Ruperto Toro Silva,jose45@example.net,+56 9 2408 7759,Juan Fernández,2024-04-26
593,Karina Lorenza Aguirre Salazar,franco92@example.com,+56 2 2797 3059,Vitacura,2024-01-12
594,Joaquín Díaz Carvajal,msaavedra@example.com,+56 2 2627 8992,Nacimiento,2024-08-07
595,Sofía Correa,olgagomez@example.net,+56 2 3161 6253,Molina,2023-01-05
596,Pedro Orellana,martinezoliver@example.org,+56 55 393 0660,Lampa,2021-07-12
597,Claudia Serrano Carrasco,patricia44@example.org,+56 35 243 7304,Pemuco,2024-06-10
598,Jorge José Contreras Rubio,floresmarjorie@example.org,+56 2 3855 8343,Cerrillos,2023-04-08
599,Félix Pedro Martínez Romero,luis27@example.org,+56 9 2769 8526,Antártica,2023-08-20
600,Yesenia Norma Mella Ramírez,munozmarisol@example.net,+56 2 3556 8211,Rengo,2022-05-10
601,Jorge Ortega,nperez@example.org,+56 2 3136 5318,Calama,2022-08-11
602,Patricio Garrido,isidorapereira@example.com,+56 9 5977 7186,Pencahue,2022-08-17
603,Emily Valentina Ulloa Lagos,munozricardo@example.org,+56 2 2544 2278,Cochamó,2023-01-17
604,Adriana Jessica Elgueta Pérez,isaac67@example.net,+56 2 2240 8387,Nacimiento,2026-05-01
605,Ana Ximena Guerra Molina,eduardo37@example.org,+56 2 3552 4680,Algarrobo,2023-10-22
606,Delfín Héctor Leiva Morales,javier80@example.com,+56 72 241 6440,Coihueco,2024-06-19
607,Benjamín Aarón Rivera Jara,andres80@example.com,+56 9 2484 4486,Retiro,2026-04-09
608,José Jaime Vargas Cárdenas,ibaeza@example.net,+56 2 2933 7222,Algarrobo,2023-10-30
609,María Fuentes,bustamantevalentina@example.org,+56 45 381 0670,San José de Maipo,2022-07-14
610,Scarlett Neira Rodríguez,angelmarquez@example.com,+56 64 370 8165,Rengo,2025-01-05
611,Ignacio Salinas Rojas,rromero@example.net,+56 800 341 907,Portezuelo,2025-07-29
612,Álvaro Toledo Arancibia,cristian00@example.org,+56 800 435 616,Chañaral,2021-10-30
613,Claudio Samir García Poblete,tomas45@example.net,+56 2 3680 3574,Carahue,2022-01-28
614,Grace Lorca Henríquez,wpasten@example.net,+56 2 2237 8932,Calama,2023-07-21
615,Cecilia Yessenia Fernández Iturra,delia10@example.org,+56 55 383 9881,Timaukel,2025-10-23
616,Raquel Mariana Jara Vera,gustavo33@example.net,+56 9 3555 3940,Ollagüe,2025-05-13
617,Juan Fuentes,marcobravo@example.net,+56 34 252 3959,Peñalolén,2025-07-30
618,José Castro Fuenzalida,sergio10@example.com,+56 2 3278 6033,Pirque,2023-12-28
619,Iván Michael Maldonado Araya,patricioherrera@example.org,+56 2 3828 0307,Catemu,2026-01-20
620,Ignacia Viveros Lazo,eduardo20@example.com,+56 9 2180 3772,San Pedro de la Paz,2021-05-13
621,María Lorena Farías Gajardo,alfarosylvia@example.org,+56 71 370 1732,El Tabo,2022-02-03
622,Byron Cabello Díaz,isidora03@example.com,+56 800 162 408,La Higuera,2024-11-30
623,Enrique Luis Segovia Barra,luzrojas@example.net,+56 2 2707 8488,Río Bueno,2023-11-05
624,Bárbara Zárate Celis,christian63@example.org,+56 600 179 971,Curarrehue,2023-03-29
625,Victoria Anaís Fernández Vera,leonardo66@example.com,+56 600 377 731,Río Claro,2023-01-25
626,Javier Byron Contreras León,bjara@example.com,+56 43 345 1593,Antofagasta,2025-05-15
627,Daniela Blanca Rodríguez Silva,america70@example.com,+56 9 3283 8707,Maule,2021-05-29
628,Julio Juan González Barrientos,ptapia@example.com,+56 2 2737 0385,Macul,2023-10-17
629,Barbara Isabel Arcos Serrano,bparedes@example.net,+56 41 337 5330,Lanco,2021-05-27
630,Sonia Alejandrina Álvarez Villagrán,martina84@example.net,+56 9 7531 1807,Hualañé,2023-07-23
631,Priscila Jacqueline Bascuñán Meneses,garciahilda@example.com,+56 2 3517 4633,O'Higgins,2025-09-25
632,Matías Sergio Durán Quiroz,isidora77@example.com,+56 600 589 105,Olmué,2024-05-18
633,María Marcela Vejar Yáñez,maria13@example.net,+56 800 115 343,San Esteban,2026-05-01
634,Marisol Ruth Acevedo Pérez,cristianleal@example.net,+56 55 324 2055,Puerto Montt,2025-05-11
635,Gloria Díaz Contreras,erick85@example.net,+56 2 2223 7104,Bulnes,2024-02-05
636,Macarena Yanina Barría Araya,danielbarraza@example.net,+56 2 2980 8193,Independencia,2024-08-01
637,Maximiliano Oscar González Leiva,padillachristopher@example.com,+56 44 260 5257,Puchuncaví,2024-07-01
638,Yolanda Merino Agüero,gabrielamartinez@example.org,+56 800 259 712,Curepto,2023-01-29
639,Victoria María Acuña Guzmán,dsalazar@example.net,+56 9 7947 3696,Diego de Almagro,2025-01-19
640,Danilo Fica Díaz,qolate@example.org,+56 2 2371 1373,Cañete,2022-06-09
641,Gisselle Gutiérrez Díaz,juancornejo@example.org,+56 58 343 4681,Quillón,2023-11-05
642,Daniel Araya Palma,elizabethortiz@example.net,+56 9 6405 4477,Quellón,2023-10-18
643,Víctor Olave,sebastianarce@example.com,+56 600 796 348,Curacaví,2021-06-02
644,Juan Carrasco,earanguiz@example.net,+56 2 3372 6341,Cabildo,2025-08-04
645,Norma Mariana Muñoz Saldivia,javieraravena@example.org,+56 64 395 7100,Quinta de Tilcoco,2022-01-27
646,Cristian Sebastián Villarroel Herrera,cordovagerson@example.net,+56 53 232 0192,Santo Domingo,2023-12-29
647,Karen Camila García Gallardo,blancaparedes@example.org,+56 9 8771 2836,Los Ángeles,2026-03-23
648,Margarita Jacqueline Vásquez Cisternas,elizabethsegura@example.com,+56 2 2355 5939,Vicuña,2023-02-26
649,Gabriel Ciro Maldonado Aros,kmiranda@example.com,+56 600 657 779,Lota,2023-05-21
650,Elcira Karen Olave Mansilla,cloyola@example.net,+56 2 2690 1747,Santa Cruz,2025-08-23
651,Francisca Hermosilla Jaramillo,matiaszuniga@example.org,+56 34 215 6206,Quilpué,2022-06-23
652,José Bastián Miranda Peña,bascunancristian@example.org,+56 43 350 3386,Romeral,2023-10-10
653,Renato Lazcano Rocha,santiagolobos@example.org,+56 600 853 471,Pichilemu,2022-06-27
654,Luis Carlos Araya Reyes,hernandezsonia@example.org,+56 73 277 3542,Quilicura,2022-11-20
655,Juan Aguayo Donoso,hugo87@example.net,+56 9 4873 0096,Petorca,2025-06-24
656,Martina González,silvianunez@example.com,+56 2 3626 7995,Taltal,2023-07-26
657,Cecilia Martínez Osorio,riverosjaime@example.com,+56 2 3319 3292,Gorbea,2022-05-04
658,Javiera Vásquez,lorenasandoval@example.net,+56 51 274 9468,Loncoche,2024-05-13
659,José Fernando Henríquez Silva,hosorio@example.org,+56 9 9146 1528,Los Vilos,2026-02-05
660,Martin Iturra Cisterna,camilo70@example.org,+56 53 229 4176,La Higuera,2024-05-22
661,Paola Fernanda Henríquez Lizana,ndiaz@example.com,+56 55 283 9082,Ercilla,2025-04-15
662,Nicole Maura Urrutia Villagra,ynavarro@example.net,+56 63 362 0477,Ollagüe,2024-02-07
663,Bárbara Nicole Campos Rosales,valdiviafernando@example.com,+56 2 3882 4496,Zapallar,2022-08-07
664,Amanda Ángela Rodríguez Muñoz,pescobar@example.org,+56 64 258 6737,Yerbas Buenas,2025-01-17
665,Verónica Valentina Contreras Navarro,oorellana@example.org,+56 2 2673 1626,Macul,2025-04-02
666,Jaime Torres González,richard77@example.com,+56 2 2195 6571,Paine,2022-10-02
667,Constanza Giselle Reyes Tobar,renefarias@example.org,+56 800 245 977,La Cruz,2022-10-15
668,Rubén Bastián Astete Norambuena,gcarrillo@example.org,+56 9 6301 7683,Hualqui,2023-06-27
669,Valentina Marcela Vargas Moraga,francisca62@example.net,+56 2 2395 3134,Peñaflor,2024-04-17
670,Joseph Cancino Gajardo,silvio24@example.com,+56 9 7983 4290,Lo Barnechea,2022-09-21
671,Karla Garrido Concha,maria53@example.org,+56 2 3213 3007,San Pedro de la Paz,2023-04-10
672,Norma María Moreno Hurtado,ogarrido@example.com,+56 9 7853 2773,Hualqui,2023-12-31
673,Gloria Mercado Plaza,lealluis@example.com,+56 43 399 2779,Litueche,2021-10-07
674,Carlos Sergio Guerra Contreras,halvarez@example.org,+56 44 249 3769,Cobquecura,2021-10-14
675,Jorge Carrasco Ponce,imunoz@example.net,+56 9 7454 7784,Coihaique,2023-09-01
676,José Joaquín Olmedo Castillo,munozmaria@example.com,+56 2 2841 0648,Paillaco,2024-02-20
677,María González Rivas,santiago12@example.net,+56 9 3922 0394,San Nicolás,2023-09-06
678,Sebastián Francisco Figueroa Carrillo,alejandrodiaz@example.org,+56 2 2449 3449,San Carlos,2025-08-02
679,Pascual Luis Araneda Armijo,delgadojorge@example.org,+56 64 328 3978,Cobquecura,2024-07-10
680,José León Escobar Garrido,gustavosuarez@example.org,+56 44 341 1207,Coquimbo,2024-10-10
681,Ingrid Santana Jiménez,rafaelorellana@example.com,+56 9 7423 6404,Mariquina,2024-02-25
682,Paula Oyarce Silva,denissefierro@example.com,+56 2 2243 2106,Alto del Carmen,2022-11-07
683,Jaime Leandro Bórquez Guzmán,pizarrojudith@example.com,+56 44 274 7255,San Fabián,2022-07-08
684,Rodrigo Manuel Pizarro Vilches,roxana32@example.net,+56 2 3118 3394,Parral,2024-01-31
685,Sergio Leal Moreno,wromero@example.com,+56 58 283 9380,Loncoche,2021-11-18
686,Paula Carol Arancibia Burgos,hcepeda@example.org,+56 2 3199 6086,María Pinto,2021-10-10
687,Josefa Jenny Fuentes Hernández,plazafelix@example.net,+56 44 352 3875,María Pinto,2024-06-22
688,Arnoldo Jesus Pastén Aros,hquezada@example.org,+56 600 706 814,Camarones,2023-06-02
689,Cristina Villegas,julio78@example.org,+56 9 6854 9110,Tierra Amarilla,2024-06-05
690,Felipe Marco Velásquez Salamanca,leonardo26@example.com,+56 43 293 2136,Curacautín,2021-12-26
691,Julieta Luzmira Cisternas Ulloa,hbarrera@example.com,+56 2 2140 2802,Pirque,2025-07-01
692,Joaquín José Díaz Núñez,pzamora@example.net,+56 2 2588 9983,Retiro,2022-02-20
693,Matilda Rojas,richard12@example.com,+56 2 2377 6205,Guaitecas,2021-06-14
694,Paulina Muñoz Abarca,fredysepulveda@example.com,+56 35 270 7652,Alhué,2023-03-23
695,Aurelia Ramos Mejías,victoriabravo@example.com,+56 2 3202 6201,Calle Larga,2024-06-18
696,Paulina Colomba Peralta Zepeda,dgonzalez@example.com,+56 2 2545 8392,Lo Prado,2022-03-05
697,Kevin Espinoza Sáez,ianalarcon@example.com,+56 2 2246 8668,Llanquihue,2021-05-28
698,Eduardo Gómez Santibáñez,rodrigohernandez@example.org,+56 61 334 5629,Pichilemu,2021-08-16
699,Luis Ramírez,guevarakatia@example.org,+56 800 972 275,Río Ibáñez,2022-09-01
700,Fabiola Ignacia Ortega Cortés,jorgemoraga@example.net,+56 2 2362 9028,Chonchi,2021-12-03
701,Segundo Cifuentes,orellanaclemente@example.org,+56 2 2933 4380,Tiltil,2024-07-14
702,Inés Reyes,cuevaskarla@example.org,+56 57 368 3350,Buin,2022-08-20
703,Carla Gloria Torres Godoy,kcarvajal@example.com,+56 9 5642 8910,La Serena,2025-12-27
704,Manuel Vergara,pconcha@example.org,+56 600 687 825,Coihueco,2024-06-04
705,Sergio Christian Palma Henríquez,sepulvedaricardo@example.org,+56 9 7245 7463,Carahue,2025-07-16
706,Carla Ponce,gcabrera@example.net,+56 65 368 5819,Huara,2021-11-14
707,Ciro Oscar Andrade Fuentes,joaquin40@example.com,+56 2 2340 4673,Vallenar,2021-11-21
708,Marcelo Francisco Lagos Álvarez,leonorlopez@example.com,+56 2 2459 7533,Vitacura,2023-11-11
709,Luis Osorio-Vásquez Barrios,jmatus@example.net,+56 2 3840 0913,Chonchi,2024-02-16
710,Juan Arnoldo Muñoz Soto,iduran@example.net,+56 2 2747 8618,Paredones,2022-01-17
711,Claudia Albornoz Aguilera,franciscoalarcon@example.net,+56 800 798 935,Ollagüe,2023-05-13
712,Francisco Salazar,soniadonoso@example.com,+56 65 228 7016,Vicuña,2023-07-13
713,Macarena Gómez Bustos,rpizarro@example.org,+56 800 522 848,Antártica,2024-01-16
714,Germán Cortés Rojas,mauriciocampos@example.net,+56 58 311 4330,Doñihue,2022-05-23
715,Amparo Contreras Hernández,yanezmaximiliano@example.org,+56 2 3730 9574,San Fabián,2025-11-01
716,Juan Jonathan Lara Muñoz,vegaluz@example.net,+56 2 3763 4491,Castro,2025-04-04
717,Diego Miguel Ramírez Galleguillos,margaritaponce@example.net,+56 2 2740 5354,Galvarino,2024-02-03
718,Teresa Cortés Sepúlveda,santiagocastro@example.com,+56 63 399 0966,Valparaíso,2022-01-01
719,Karla Acevedo Figueroa,pgonzalez@example.com,+56 34 252 9715,Graneros,2022-07-05
720,Damaris Delgado Arias,cristian26@example.com,+56 2 2417 5734,Monte Patria,2023-12-16
721,Narciso Marcelo González Gómez,daniloquinteros@example.net,+56 65 347 5171,San Carlos,2024-04-08
722,Ana García Cárdenas,clementeopazo@example.com,+56 57 388 0196,Quilleco,2021-05-11
723,Cristóbal Burgos,uvergara@example.net,+56 9 7869 0095,Río Verde,2022-02-10
724,Catalina Salinas Moreno,benjamin74@example.com,+56 32 375 4670,Chañaral,2022-09-06
725,Jaime José Escobar Valdivia,isidora31@example.com,+56 2 2150 8640,Renca,2024-11-09
726,Daniel Gaspar Cáceres Castillo,vegacarlos@example.net,+56 600 371 836,Corral,2025-10-26
727,Daniela Garay Hermosilla,avendanofernanda@example.com,+56 63 214 0739,Corral,2025-05-11
728,Carlos José López Carvajal,carmenaliaga@example.org,+56 9 5952 9725,Quillota,2022-06-27
729,Pedro Eduardo Durán Álvarez,marcela06@example.com,+56 9 5851 8314,Puerto Octay,2022-01-19
730,Oscar Alessandro Fuentes González,pavezjacqueline@example.net,+56 64 227 6479,Maule,2022-06-27
731,Fernanda Amelia Seguel Herrera,mariojimenez@example.net,+56 2 3796 6902,Alhué,2022-08-26
732,Pascale Romina Melo Delgado,christopher63@example.net,+56 9 6132 3410,Río Negro,2021-07-01
733,Carlos Castillo,gonzalezerika@example.net,+56 44 233 2769,Isla  de Pascua,2023-02-09
734,Marcelo Luis Rivas Rodríguez,mariajara@example.com,+56 800 748 041,San Fernando,2026-02-07
735,Humberto Segovia,ramirezclaudio@example.org,+56 63 365 0747,Lago Ranco,2026-02-06
736,Anahí Camila Contreras Aravena,mondacavictor@example.com,+56 2 2708 4967,El Bosque,2023-11-17
737,Sergio José Arce Varas,fuentessantino@example.com,+56 2 2855 0222,Maipú,2023-08-15
738,Manuel Droguett,solarbenjamin@example.com,+56 2 3580 0325,Renaico,2025-10-15
739,Ricardo Barriga Muñoz,julio10@example.org,+56 9 2861 1293,Penco,2022-05-22
740,Douglas Ruz,mariaquiroz@example.net,+56 42 273 1793,Quillota,2023-12-29
741,Pablo Morales Navarro,ugomez@example.com,+56 600 636 261,San Vicente,2025-11-08
742,Clara Celeste Valencia Muñoz,nbarros@example.net,+56 67 295 8405,Las Cabras,2025-12-30
743,Cristóbal Carreño Rivas,fsilva@example.net,+56 2 3409 9425,Marchihue,2023-03-22
744,Irene Pamela Valenzuela Aedo,gloriajara@example.net,+56 600 956 685,Cabo de Hornos,2026-01-18
745,Mario Ramos Casanova,clarasalinas@example.net,+56 9 2972 5741,Vicuña,2023-11-30
746,Humberto Peter Chávez Bastías,valdebenitooscar@example.com,+56 2 2582 2376,Vilcún,2023-12-06
747,Luzmira Sofía Salinas Espinoza,wfarias@example.com,+56 800 809 969,Los Sauces,2022-01-14
748,Víctor Alexis Martínez Naranjo,dojeda@example.org,+56 32 374 2929,Gorbea,2024-02-11
749,Felipe Damián González Díaz,zsepulveda@example.org,+56 2 2503 6913,Molina,2021-07-04
750,José Edward Díaz Cornejo,qalvarez@example.org,+56 2 2397 3372,San Felipe,2022-12-25
751,Mónica Quiroz González,elenamoraga@example.com,+56 9 3263 6537,Chimbarongo,2023-05-11
752,Ismael Guillermo Orellana Pacheco,matiasbarra@example.net,+56 2 3780 6160,Codegua,2022-04-03
753,Magaly Ximena Villalobos Vásquez,maria16@example.com,+56 600 397 606,Penco,2023-01-24
754,Fabrizio Duarte-Valenzuela,gonzalezlorenza@example.org,+56 2 3996 1401,Santa Cruz,2023-06-19
755,Brayan Miguel Pizarro Saavedra,gonzalezpatricio@example.org,+56 2 3279 7201,Mostazal,2023-06-22
756,Isabella Gabriela Contreras Gallardo,maritza20@example.com,+56 2 3105 3614,Peralillo,2021-08-03
757,Edmundo Luciano Herrera González,felipemartinez@example.net,+56 73 270 3272,San Felipe,2021-05-21
758,Marco Beltrán Pavez,monserratgomez@example.org,+56 800 600 659,San Pedro,2021-08-09
759,Constanza María Órdenes Lizama,reyessoledad@example.org,+56 2 2108 7267,Nogales,2026-01-29
760,Laura María Hernández Albornoz,jquezada@example.org,+56 2 3265 8087,San Fernando,2024-01-20
761,Fernando Marco Apablaza Castillo,paulofuentes@example.org,+56 2 2208 5197,Colchane,2025-12-29
762,Leonel Ahumada-Díaz Flores,guillermocofre@example.com,+56 9 8108 2307,San Joaquín,2022-09-24
763,Vilma Karen Figueroa Belmar,franciscaaraya@example.net,+56 600 102 744,San Carlos,2022-03-20
764,Darwin Escobar Castro,patricia31@example.com,+56 9 6783 0265,Vitacura,2023-05-22
765,Belarmino Tomás Quiroz Rodríguez,imendoza@example.net,+56 800 241 852,Lolol,2024-10-15
766,Paulina Regina Urbina Márquez,esperanza35@example.org,+56 34 331 5562,Hualaihué,2023-08-13
767,Irma Norma Troncoso Pino,juan80@example.net,+56 55 363 2247,Ercilla,2023-07-12
768,Alicia Florencia Carvajal Soto,pamela79@example.com,+56 600 477 551,Cerrillos,2025-10-10
769,Pedro José Romero Sánchez,ramosadolfo@example.com,+56 52 399 9416,Los Álamos,2026-03-05
770,Sara Catalina Venegas Paredes,paredesmaria@example.net,+56 2 3706 0639,Portezuelo,2021-12-16
771,Cecilia María Guerra Soto,evelyn78@example.com,+56 64 373 2286,Pencahue,2024-08-23
772,Segundo Renato Bustamante González,privas@example.com,+56 9 4394 5920,Papudo,2022-05-20
773,Samuel Richard Ulloa Garrido,jvicencio@example.com,+56 2 3253 5386,Tiltil,2021-05-16
774,Mireya Tamara San Martín Aracena,moralesromina@example.com,+56 35 289 1442,Maipú,2025-04-21
775,Juana Varas Loyola,alfredoguzman@example.net,+56 72 316 5856,Pedro Aguirre Cerda,2026-05-04
776,Sonia Contreras-Hormazábal,carolina73@example.org,+56 600 946 283,Vilcún,2024-07-05
777,Lorena Álvarez,yperez@example.net,+56 9 6519 4836,Purén,2021-07-24
778,Nadia Lorena Mora Figueroa,barriakarina@example.com,+56 2 3397 3832,San Rafael,2022-02-02
779,Margarita Aguilera,claudia80@example.org,+56 2 2674 6133,Renca,2024-11-16
780,Manuel Sebastián Guerra García,salazarmaria@example.org,+56 32 356 1213,Camarones,2024-08-12
781,Natalia Vásquez López,javierasilva@example.org,+56 44 337 0257,Curaco de Vélez,2023-09-16
782,Amanda Fernanda Quijada Fernández,rodriguezesther@example.com,+56 2 2824 6825,Pencahue,2021-09-30
783,Ignacia Velásquez Hernández,sotogiovanna@example.org,+56 9 8961 9893,Los Ángeles,2022-12-16
784,Javiera Angélica Lara López,constanza89@example.org,+56 600 454 221,Colchane,2023-11-11
785,Antonella Marcela Alarcón Troncoso,mvalencia@example.net,+56 2 2976 4255,Castro,2023-05-25
786,Ámbar Alejandra Espinoza Parra,marcos78@example.net,+56 67 354 3792,Empedrado,2023-12-08
787,Roberto González Espinoza,cristiancontreras@example.com,+56 2 2865 0820,Pitrufquén,2024-08-02
788,Álvaro Medina Castillo,jeanolivares@example.net,+56 65 375 7007,Yumbel,2024-04-24
789,Vicente Romero,kperez@example.net,+56 2 3718 9238,Ñiquén,2022-09-22
790,Florencia Torres Quezada,wflores@example.org,+56 42 341 9021,Peumo,2021-08-11
791,Juana Rosa Baez Medina,soyarzun@example.com,+56 2 2353 9680,Nogales,2026-03-27
792,Juan Carrasco,claudio56@example.net,+56 800 292 451,Antuco,2024-02-01
793,Eduardo Juan Sánchez Acuña,ogonzalez@example.com,+56 9 6797 7596,Tocopilla,2025-03-29
794,Héctor José Leiva Zurita,elsaaranda@example.com,+56 2 3569 7642,Coinco,2024-05-19
795,Cristóbal Zacarías Godoy Sepúlveda,jsalgado@example.org,+56 2 2328 7946,Recoleta,2025-12-01
796,Juan Jorge Leiva Morán,valdebenitoedgardo@example.com,+56 2 3397 2509,Quintero,2025-12-04
797,Angelina Edith Domínguez Cortés,kquispe@example.net,+56 71 254 1256,Frutillar,2024-12-09
798,Matías Maximiliano Rojas Silva,manuela90@example.org,+56 2 3430 4232,Queilén,2022-12-07
799,Matilda Meza,giovannimartinez@example.org,+56 2 3597 2136,La Pintana,2023-12-18
800,Patricio Custodio Muñoz Salinas,ianalvarez@example.net,+56 9 2148 8279,Natales,2024-04-21
801,Isabel Amanda Carreño Vilches,salvarez@example.org,+56 600 627 546,Tortel,2022-04-11
802,Ana Muñoz Escalona,roblesjuan@example.org,+56 9 2117 1642,Coinco,2023-11-10
803,José Patricio Pérez Matus,benjaminvega@example.org,+56 43 315 2446,San Ramón,2022-03-17
804,Juan Osorio,alfredoperez@example.net,+56 75 368 1098,Illapel,2022-09-13
805,Marjorie Bustamante,vcardenas@example.net,+56 2 3615 8035,María Elena,2023-11-18
806,Carlos Patricio Villarroel Cortés,eloisavaldebenito@example.com,+56 2 3343 0951,Melipilla,2026-03-28
807,Leslie Vega,barahonasofia@example.org,+56 57 219 1187,Colina,2023-03-11
808,Arturo Figueroa Núñez,maria20@example.org,+56 67 232 0696,Ránquil,2024-07-04
809,Manuel Michael Romero Albornoz,fortiz@example.net,+56 2 3313 0894,Colina,2021-10-30
810,Rosa Torres-López Araya,dagobertovalenzuela@example.org,+56 2 2332 7714,Puente Alto,2023-08-03
811,María Marianela Rodríguez Carrasco,luz70@example.net,+56 35 240 9636,Penco,2024-04-13
812,Rafael Jorge Berríos Valdés,margarita32@example.org,+56 33 295 0371,Pumanque,2021-06-15
813,Gustavo Sandoval De La Fuente,faundezivan@example.net,+56 44 275 9471,Lebu,2024-10-26
814,Lorena Marcela Prieto Chacón,qcruz@example.net,+56 2 3766 5672,Hijuelas,2022-06-29
815,José Gerardo Romero Montoya,veronica39@example.org,+56 9 8126 3169,Quinta Normal,2023-07-26
816,Jacob Díaz,urbinafrancesca@example.org,+56 43 369 8660,Cochamó,2025-11-23
817,María Esther Briceño Rojas,storo@example.net,+56 2 3343 9404,Yungay,2025-08-11
818,Margarita Sofía Flores Garcés,luzespinoza@example.net,+56 600 597 017,Los Sauces,2024-04-22
819,Juan López Cerda,htoledo@example.com,+56 2 2256 3620,Río Verde,2024-02-16
820,Ángela Josefa Tapia Carrasco,pedrotapia@example.org,+56 2 2259 6394,Chaitén,2022-08-16
821,Manuel Celis,reyesrosario@example.com,+56 73 229 4263,Lonquimay,2025-09-02
822,Luis Serrano Venegas,gbravo@example.org,+56 2 2919 4400,Pozo Almonte,2023-07-20
823,Jordán Cabezas González,iriffo@example.net,+56 9 3569 6349,Chiguayante,2026-03-24
824,Olga Cristina López González,santanderedward@example.com,+56 9 2478 8270,Villa Alemana,2023-09-13
825,Maricela Mónica Medina Rojo,pozotito@example.com,+56 2 2423 8191,San Carlos,2022-02-13
826,José Roberto Aguirre Ruz,luis36@example.com,+56 34 274 3922,Placilla,2022-07-18
827,Jorge Figueroa Bustamante,alexanderarias@example.org,+56 2 2324 4694,Doñihue,2023-06-10
828,María Salgado Hernández,carlos59@example.org,+56 71 316 0741,Coinco,2022-01-31
829,Oliver Barahona Palacios,pinomartina@example.net,+56 9 5580 2579,Río Verde,2025-01-23
830,Fabiola Isidora Álvarez Bahamonde,matias63@example.org,+56 9 8874 0782,Caldera,2024-11-21
831,Pedro Mauricio Zambrano Cáceres,afuenzalida@example.net,+56 35 259 6121,Lago Verde,2025-04-09
832,Luisa Gómez-Pérez,cflores@example.com,+56 2 2590 5085,Panquehue,2021-10-09
833,Pamela Acevedo,silvia23@example.com,+56 9 7633 0161,Lebu,2023-09-24
834,Diana Aranda Salazar,claudia68@example.org,+56 2 3234 5897,Renaico,2021-06-14
835,Santiago Soto,joseroman@example.net,+56 2 2701 0018,Hualaihué,2025-02-16
836,Juana Bahamonde Vera,carmenarriagada@example.net,+56 9 6104 1090,La Pintana,2023-05-23
837,Francisco Roberto Aránguiz Soto,quirogajeannette@example.com,+56 9 2236 5726,El Carmen,2022-12-27
838,Rosa Adriana Díaz Urbina,carrascofrancisco@example.com,+56 9 8490 8567,Buin,2022-03-05
839,Mario Caballero,trinidad17@example.com,+56 45 388 8443,Lago Ranco,2024-02-23
840,Gricelda Rosa Cartes Cortés,emonsalve@example.org,+56 2 3304 4733,Litueche,2023-01-04
841,Reinaldo Sandoval González,lucianogutierrez@example.net,+56 9 9269 1551,San José de Maipo,2023-12-08
842,Joaquín Ramírez,abdon96@example.com,+56 73 280 8968,Alto Hospicio,2023-09-25
843,María Gladys Durán Soto,molate@example.net,+56 73 329 8756,Cochamó,2025-01-18
844,Wilson Valenzuela Bruna,vgodoy@example.net,+56 2 2784 4261,Santa Bárbara,2021-09-07
845,Patricia Elisa Carvajal Acevedo,gloriacornejo@example.org,+56 600 334 638,Curacautín,2022-11-30
846,José Castillo Acevedo,anibalmartinez@example.org,+56 65 254 5736,Vitacura,2026-04-17
847,Héctor Suazo,gomezmaria@example.net,+56 73 311 0321,Punta Arenas,2022-06-24
848,María Rayén Pérez López,jflores@example.net,+56 9 2541 3845,Pudahuel,2023-04-14
849,Juana Olga Villalobos Fernández,priscillaosorio@example.net,+56 53 326 4775,San Fernando,2025-10-22
850,Pedro Tomás Muñoz Sepúlveda,sebastian19@example.com,+56 75 324 8763,Pozo Almonte,2023-07-24
851,Adolfo Rodríguez Ruiz,helensandoval@example.com,+56 800 337 003,Tirúa,2021-07-16
852,Pablo Miguel Castro Ramírez,ilopez@example.net,+56 2 2733 9529,Sagrada Familia,2025-09-17
853,Patricia María Galaz Rodríguez,juanrodriguez@example.net,+56 2 3920 1631,Rinconada,2021-12-17
854,Catalina Gilda Jiménez Troncoso,octavio99@example.org,+56 72 240 9696,Bulnes,2022-12-03
855,Carla Camila Roa Hidalgo,ivancaballero@example.net,+56 600 752 410,Río Ibáñez,2022-09-28
856,Héctor José Rojas Plaza,ocortes@example.net,+56 600 807 153,Valparaíso,2023-11-14
857,Antonio Ignacio Arteaga Vergara,jaimemella@example.org,+56 800 452 359,San Fernando,2022-11-06
858,Gonzalo Hernández,esalazar@example.net,+56 75 244 2104,Paillaco,2024-10-03
859,María Constanza Catalán Opazo,pizarromartin@example.org,+56 42 395 8535,Longaví,2023-06-03
860,Karen Carolina Galaz Muñoz,wgonzalez@example.net,+56 63 385 3552,Tiltil,2022-10-30
861,María Soledad Calderón Plaza,diegomorales@example.com,+56 9 6159 3843,Laja,2025-09-17
862,Eliana Martina Guzmán Díaz,salvador24@example.net,+56 2 3570 7659,Santa María,2025-06-01
863,Loreto Karen Silva González,ricardo72@example.com,+56 9 6614 8765,Río Verde,2023-05-17
864,Renato Carvajal Barahona,fcastillo@example.org,+56 600 294 958,Independencia,2021-08-27
865,Paulina Marisol Navarrete Astudillo,mirandajaviera@example.org,+56 2 3826 9962,Arauco,2025-11-07
866,Luis Aliro Barrios Ríos,guajardoabraham@example.com,+56 800 663 618,Los Vilos,2023-10-13
867,María Claudia Pino Lara,alicia24@example.com,+56 2 2222 7981,Puerto Octay,2023-06-19
868,Facundo Sergio Jara Quintana,sebastian01@example.com,+56 2 3796 4498,Graneros,2025-06-21
869,Ángel González,diazjulieta@example.org,+56 600 696 944,Rengo,2025-10-25
870,Catalina Catherine Parra Vargas,emilia00@example.net,+56 2 2574 0987,Portezuelo,2022-03-22
871,Víctor Pablo Vásquez Cubillos,ortegajosefina@example.org,+56 600 905 626,Pinto,2021-07-24
872,Estela Manríquez,carlosmardones@example.net,+56 800 413 392,Máfil,2022-01-01
873,Daniela Oyarzo-Arévalo Astudillo,eduardogutierrez@example.com,+56 65 227 3388,San Javier,2022-08-31
874,José Vásquez Donoso,ufarias@example.com,+56 600 729 576,Sierra Gorda,2023-06-21
875,Sebastián Alarcón,gladysmanriquez@example.org,+56 2 3674 9558,Florida,2023-11-12
876,Amada Yasmín Céspedes Vidal,aguirrejose@example.org,+56 43 388 1682,Quilaco,2025-08-27
877,Daisy Irma Sepúlveda Vásquez,danieladiaz@example.com,+56 51 326 8121,Temuco,2023-10-26
878,Felipe Andrade Quezada,mariavega@example.com,+56 63 267 9263,Pinto,2025-05-10
879,Ana Contreras,georgina67@example.net,+56 2 3619 9861,Río Bueno,2025-01-08
880,Juana Ponce Salas,sanhuezaernesto@example.org,+56 600 255 090,Paillaco,2022-02-22
881,Carolina Ema Muñoz Carrasco,yvargas@example.net,+56 35 228 2786,Hualaihué,2025-02-17
882,Mauricio Pablo Rubio Urrutia,oscarmendoza@example.net,+56 9 5916 0637,Lo Espejo,2025-07-11
883,Josue Luis Morales Inostroza,acontreras@example.net,+56 65 210 6063,Pirque,2024-10-04
884,Amanda Noelia Valdés Abarca,orellanacamila@example.org,+56 75 223 1677,Antártica,2023-10-10
885,Paz María Castillo Cárdenas,milena90@example.org,+56 73 244 1129,Sierra Gorda,2026-01-08
886,Jorge Guillermo Castro Aguilera,gabrielalazcano@example.net,+56 44 330 6449,Coquimbo,2022-01-22
887,Jaime Leal Muñoz,ivan08@example.net,+56 2 2502 2367,Nacimiento,2021-12-28
888,Thiago Vilches Correa,elizabeth90@example.net,+56 55 250 1594,Nacimiento,2023-03-14
889,Luis Carlos Varas Jara,usilva@example.com,+56 9 3673 4189,Paine,2021-05-31
890,Reynaldo Eduardo San Martín Montenegro,abarcagabriela@example.net,+56 2 2383 7971,El Quisco,2026-01-03
891,Maritza Garrido Contreras,ngonzalez@example.net,+56 2 3418 2065,Renca,2025-02-06
892,Michael Meléndez Mora,kleiva@example.org,+56 53 234 3085,Lo Barnechea,2024-03-05
893,Cesar Alejandro Pinto Villalobos,danielafuentes@example.org,+56 600 703 534,Monte Patria,2026-04-13
894,Irene Isabel Rebolledo Solar,gianfrancogonzalez@example.net,+56 2 2794 3610,Valdivia,2023-06-17
895,Diego Marco Cabrera Valderrama,alejandra44@example.org,+56 600 163 674,Estación Central,2025-09-26
896,José Contreras Marín,sanchezyolanda@example.net,+56 67 252 9596,Concepción,2024-12-28
897,Gustavo Iturra,jose28@example.org,+56 35 283 1170,Perquenco,2023-02-03
898,Eduardo Bahamonde Saavedra,riveralucas@example.org,+56 61 228 8206,La Reina,2021-12-27
899,Matilda Henríquez Escobar,mariagallegos@example.org,+56 9 3833 4026,Guaitecas,2024-03-12
900,Dominga Vega Valenzuela,isidoraherrera@example.net,+56 9 2576 8894,Isla  de Pascua,2024-02-15
901,María Carolina Rozas Martínez,ambar40@example.com,+56 2 3516 2158,San José de Maipo,2021-11-16
902,Pascual José Bustamante Tapia,saracifuentes@example.org,+56 61 219 3155,Los Muermos,2023-05-27
903,Isabel Guerrero Montero,pereirafelipe@example.org,+56 9 2464 3417,Castro,2023-12-13
904,Alexandra Apablaza Valencia,ruzyessenia@example.org,+56 800 641 337,Corral,2023-08-16
905,Carla Hilda Osorio Flores,antoniafuentes@example.net,+56 75 274 5045,Villa Alemana,2023-10-08
906,Marcia Aída Cruz Valdebenito,bmartinez@example.net,+56 52 392 9664,San Nicolás,2022-01-30
907,Carlos Aldo Miranda Rodríguez,prebolledo@example.net,+56 2 2988 9606,Olivar,2025-02-14
908,Pedro Jiménez,menesesjuan@example.net,+56 800 843 777,San Juan de la Costa,2025-09-14
909,Jean Palma Díaz,amayaaguirre@example.org,+56 33 396 8321,Pozo Almonte,2025-06-27
910,Manuel Quintanilla-Millán,manuelsandoval@example.com,+56 58 334 9490,Nancagua,2021-11-09
911,Raúl Carlos Romero Sánchez,veraana@example.com,+56 2 3767 4122,San Bernardo,2023-01-13
912,Yohana Madariaga Hidalgo,ialvarez@example.org,+56 2 2910 4597,Puerto Montt,2022-08-20
913,Beatriz Danae Álvarez Bórquez,yfuentealba@example.net,+56 2 2186 0055,Limache,2024-07-13
914,Claudia Bravo Maldonado,zlopez@example.com,+56 2 3161 9208,Vilcún,2025-09-06
915,Ema Claudia Rodríguez Flores,nsilva@example.org,+56 43 331 3666,Codegua,2023-04-24
916,Esteban García,gcortes@example.com,+56 800 974 707,Guaitecas,2025-04-24
917,Paola Escobar Carreño,zgonzalez@example.net,+56 43 250 9403,Recoleta,2025-10-27
918,Margarita Pereira,astorgaana@example.com,+56 600 920 401,La Estrella,2025-09-12
919,Diego Rodrigo Veloso Álvarez,pobletemartin@example.org,+56 9 9799 4448,El Tabo,2022-07-29
920,José Eliseo Villarroel Herrera,dmunoz@example.com,+56 2 2359 3853,Llaillay,2021-10-08
921,Juan Erwin Hurtado Silva,hbarrientos@example.net,+56 9 5954 6612,Pumanque,2023-12-10
922,Rosa Laura Martínez Águila,pablo62@example.net,+56 600 204 460,Quilaco,2023-01-12
923,Mónica López Vera,fernandomonsalve@example.net,+56 57 386 1498,Rauco,2024-12-08
924,Paola Teresa Villanueva Sánchez,yvasquez@example.net,+56 2 3118 1690,San Pedro de Atacama,2022-12-14
925,Pamela Ramírez Guerrero,usanhueza@example.com,+56 2 2727 4221,Recoleta,2022-07-02
926,Juana María Gutiérrez Díaz,benjaminfigueroa@example.org,+56 2 3614 7497,Chonchi,2023-06-24
927,José Francisco Becerra López,luisasaldias@example.org,+56 800 459 477,Puente Alto,2024-01-18
928,Yessenia Clara Espinoza Huerta,abarrios@example.com,+56 45 272 7048,Quellón,2024-03-14
929,Herminia González-Cisternas,andraderene@example.net,+56 2 3448 1998,Antofagasta,2025-12-27
930,Dagoberto Leiva Ortiz,isidoraguerra@example.net,+56 9 6404 3289,Calera de Tango,2023-07-29
931,María García González,miguelgutierrez@example.org,+56 2 3479 4929,Catemu,2022-06-06
932,Francisco Miranda,wcatalan@example.net,+56 44 275 4600,La Serena,2022-09-14
933,Milton Gabriel Rosas Aguilera,toroana@example.org,+56 65 355 1295,Vilcún,2023-10-03
934,Jacqueline Cecilia Reyes Roa,juansalas@example.org,+56 58 245 2299,Laguna Blanca,2024-01-11
935,Loreto Rocío Arévalo Manríquez,ugomez@example.net,+56 57 388 1748,Calera de Tango,2024-03-20
936,Emilio Bruno Campos Soto,valenzuelalucas@example.net,+56 2 2498 6196,Tirúa,2023-06-29
937,Nicole Daniela Silva López,andrescaceres@example.net,+56 73 379 4735,Copiapó,2024-04-19
938,Anahí Medina,eduardo09@example.net,+56 9 4782 5899,Limache,2024-10-07
939,Rodrigo Ramírez-Maturana Rodríguez,camila70@example.com,+56 9 8405 0850,Monte Patria,2022-10-19
940,Bayron Patricio Poblete Zúñiga,riverafelipe@example.com,+56 75 246 5426,Paredones,2026-02-21
941,Vicente Jean Fuentes García,william40@example.org,+56 9 6761 6453,Canela,2024-06-23
942,Carolina Solange Barría Carvajal,figueroayenny@example.com,+56 2 3775 0450,Quilicura,2025-12-02
943,Katherine Pamela Sáez Muñoz,javier19@example.com,+56 33 356 3407,Cañete,2025-11-14
944,Hernán Jimmy Arriagada Tapia,ucampos@example.com,+56 2 2975 5877,Loncoche,2025-11-23
945,Alan Daniel Velásquez Durán,brunacristopher@example.net,+56 2 2848 6118,Pichilemu,2023-11-28
946,Luisa Claudia Valderrama Cordero,doris08@example.org,+56 73 394 5978,Vitacura,2022-07-05
947,Verónica Katherine Figueroa Garcés,pbelmar@example.org,+56 9 7508 6150,Caldera,2025-10-11
948,María Josefa Fernández Hernández,claraaburto@example.net,+56 800 436 066,Isla de Maipo,2025-10-30
949,José Zúñiga Carvajal,gomezcarlos@example.net,+56 52 298 5969,Penco,2023-08-07
950,Carolina Martina Contreras Muñoz,glopez@example.com,+56 51 310 2384,Porvenir,2025-10-10
951,Kevin Arancibia Zúñiga,david22@example.org,+56 800 542 648,Hualañé,2022-03-03
952,Alejandro Sebastián Almonacid Garrido,diegoacevedo@example.com,+56 2 2424 5424,Salamanca,2024-11-05
953,Belén Blanca Peña López,fredysierra@example.com,+56 2 3230 3278,San Ramón,2024-09-28
954,Luis Cristian Mena Rojas,hsoto@example.net,+56 75 355 3653,Puyehue,2025-08-10
955,Gloria Arias Valderrama,stephanie62@example.org,+56 55 251 6203,Papudo,2023-10-25
956,Elba Paulette Muñoz-Villanueva Cuevas,zunigamaria@example.org,+56 9 4427 7671,María Pinto,2025-05-06
957,Leandro Dylan Salamanca Ponce,alvaradobernabe@example.com,+56 800 876 073,Paredones,2024-12-02
958,Henry Jara,julio01@example.com,+56 35 335 5533,San Felipe,2024-08-21
959,Alejandro Arce,vladimirburgos@example.org,+56 800 369 225,Ovalle,2025-10-25
960,Ana Camila Tobar Guzmán,alfarorichard@example.net,+56 2 2672 5500,Isla  de Pascua,2022-03-26
961,Máximo Guillermo Aguilera Reyes,saavedramaximiliano@example.net,+56 2 3579 4078,Chiguayante,2024-12-21
962,Zulema Samantha Toro Morales,ysanchez@example.net,+56 600 922 196,Futaleufú,2022-03-16
963,Elizabeth Maldonado Henríquez,jarce@example.org,+56 600 218 306,Algarrobo,2024-05-12
964,Vanessa Albornoz Catalán,ana29@example.net,+56 800 163 875,Purranque,2022-10-02
965,Álvaro Díaz,claudia55@example.org,+56 2 3338 8932,Quinta Normal,2021-05-27
966,Ariel Matías Esparza Hernández,ceciliaosorio@example.com,+56 600 348 526,Yungay,2023-09-13
967,Emma Corina Sánchez Garrido,vicente41@example.com,+56 2 2469 8159,Cochrane,2022-03-08
968,Edgard Riquelme Sepúlveda,cristobal77@example.net,+56 800 480 950,Isla  de Pascua,2023-01-30
969,Raúl Camilo Ruiz Flores,claudia13@example.com,+56 45 214 8908,Máfil,2026-02-05
970,Gladys Fuentes Vargas,juan36@example.com,+56 43 370 4593,Penco,2022-04-21
971,Sergio Castillo,acevedocecilia@example.net,+56 9 5600 7797,Tierra Amarilla,2023-03-07
972,Ángela Bravo González,wcorrea@example.org,+56 63 210 0916,El Quisco,2022-06-01
973,Elena Novoa Méndez,eduardo12@example.com,+56 9 2715 2142,Colina,2023-06-23
974,Juan Álvarez Estrada,sergiodiaz@example.net,+56 9 2229 4575,Pencahue,2024-06-27
975,Bárbara Roxana Vidal Ortega,vdiaz@example.com,+56 71 377 5621,La Cruz,2022-09-08
976,Bernardita Díaz Carvajal,claudiahenriquez@example.net,+56 51 345 7960,Angol,2022-11-05
977,César Bravo Jaque,jeanpardo@example.org,+56 2 2956 7306,Calle Larga,2026-01-24
978,Carolina Carmen Ojeda Alarcón,jflores@example.net,+56 9 6242 2014,Punitaqui,2024-09-19
979,Marco Cristóbal Rojas Millán,elias70@example.com,+56 2 2216 9257,Zapallar,2023-01-02
980,Catalina Daniela Roa Rojas,jasonriquelme@example.com,+56 2 2569 6886,Calama,2025-10-13
981,Luz Tamara Calderón Pastén,ignacia89@example.com,+56 75 234 6605,Quinchao,2025-05-17
982,Fernando Javier Moreno Figueroa,perezlaura@example.org,+56 9 4287 4161,Alto del Carmen,2022-10-23
983,Ada Sepúlveda,mariamartinez@example.net,+56 2 3458 5382,San Bernardo,2026-03-03
984,Erwin Cristian Vera Quintanilla,orellanapamela@example.com,+56 2 2246 4422,Huara,2021-08-27
985,Cristina Salinas,fernandezmaria@example.org,+56 2 2597 5938,La Estrella,2021-05-29
986,Vicente González Espinoza,prodriguez@example.org,+56 75 332 6471,San Pedro de Atacama,2023-08-15
987,María Stephanie Gutiérrez Fredes,mariafuenzalida@example.net,+56 2 2515 9056,Coquimbo,2022-07-24
988,Néstor Luis Lillo Morales,floressegundo@example.org,+56 2 3858 1329,Canela,2024-04-17
989,Misael Toro Hernández,adriana93@example.com,+56 2 3358 2316,Cerro Navia,2021-05-26
990,Carmen Sepúlveda,qsandoval@example.com,+56 9 3654 9815,Ránquil,2025-01-28
991,Juan Carlos Muñoz Leiva,isabella36@example.org,+56 2 2327 2936,Renca,2024-08-17
992,Rosa González Vergara,vdiaz@example.com,+56 2 2876 9679,Arica,2025-12-01
993,Miguel Bastián Campos Cuevas,marta86@example.net,+56 9 4505 5534,Nancagua,2026-01-30
994,Pedro Alejandro Rojas Saavedra,ldiaz@example.net,+56 9 9747 9420,Pichidegua,2022-09-15
995,Claudia Judith Campos Parra,amyibarra@example.net,+56 33 278 2678,Sagrada Familia,2023-06-04
996,Marjorie Romero Cerda,zavalapedro@example.net,+56 2 2145 4711,Cisnes,2023-06-11
997,Felipe Israel Palma Álvarez,marielagaldames@example.net,+56 9 8659 9653,Estación Central,2024-03-17
998,María Hernández Vargas,hnovoa@example.org,+56 9 5775 8332,Petorca,2025-07-30
999,Arturo Rubilar-Videla,fuentestania@example.com,+56 45 235 8144,Villarrica,2024-09-08
1000,Anahí Cortés Hidalgo,ecortes@example.com,+56 800 342 917,Arauco,2022-12-31
1001,Cristóbal Luis Vargas Vargas,ngonzalez@example.org,+56 2 2875 9814,Illapel,2023-11-26
1002,Luisa Antonia Zambrano Reyes,angelsalas@example.org,+56 34 398 6739,La Cruz,2024-11-14
1003,Ruth Morales Escobar,corteznelson@example.net,+56 800 228 939,Hualpén,2026-02-08
1004,Amanda Galleguillos,juan77@example.net,+56 9 7666 4363,Cabrero,2025-06-13
1005,Isidora Jacqueline Villegas Alvarado,jose68@example.net,+56 800 795 317,Penco,2024-07-14
1006,Verónica Deisy Durán González,otoledo@example.org,+56 800 234 978,Temuco,2024-05-27
1007,Tomás Vidal,davidcarvajal@example.org,+56 800 852 902,Torres del Paine,2021-12-21
1008,Beatriz Anastasia Contreras Collao,dania80@example.net,+56 42 329 5766,Punta Arenas,2024-10-07
1009,Mónica Camila Toro Catalán,jesuszambrano@example.net,+56 2 2823 4251,Huechuraba,2022-12-17
1010,Ricardo Bastián Leyton Valdebenito,guerramarisol@example.com,+56 2 2432 1162,Los Álamos,2024-11-04
1011,Javier Fuentes,mariadiaz@example.net,+56 2 3673 7615,San Javier,2025-08-10
1012,Rosa Silva-Lagos Alarcón,graciela11@example.org,+56 67 249 6836,San Fabián,2026-04-11
1013,Camila Baeza Castillo,rubilarclaudia@example.org,+56 64 217 9982,San Miguel,2025-05-08
1014,Silvana Sandra González Venegas,estebanfuentealba@example.net,+56 9 5880 3276,Peñaflor,2024-06-07
1015,Maite Aguilar,kherrera@example.com,+56 32 282 2336,Santa Bárbara,2021-12-09
1016,Matías Nelson Cárdenas González,isabelhernandez@example.org,+56 2 2767 8029,Arica,2023-05-26
1017,Alexander Lorenzo Álvarez Bustamante,moravictor@example.net,+56 71 331 6546,Marchihue,2021-12-16
1018,Margarita Erica Sepúlveda González,gonzalezluis@example.net,+56 63 352 2346,Freirina,2021-11-25
1019,Aarón Giovanni Ruiz Escobar,dgonzalez@example.net,+56 34 259 8587,San Clemente,2025-03-02
1020,Luis Pedro Ramírez Mora,franciscoopazo@example.org,+56 35 259 7332,Curepto,2022-08-31
1021,Catalina Claudia Neira Figueroa,mvergara@example.org,+56 2 3426 3926,Río Negro,2023-04-03
1022,Jorge Acevedo Vargas,gortega@example.net,+56 72 231 7956,General Lagos,2023-11-16
1023,Miriam Hilda Pérez Cancino,andreapizarro@example.net,+56 33 242 5790,Mariquina,2023-06-15
1024,Carlos Hugo Olave Molina,aguilarkevin@example.com,+56 600 305 543,Chañaral,2026-02-07
1025,Franco Alberto Cabezas Valenzuela,cardenasdaniela@example.org,+56 34 287 6684,Lota,2026-02-23
1026,Daniela Lidia Prieto Cárdenas,mariafredes@example.net,+56 800 376 929,Peumo,2024-01-16
1027,Lissette Evelyn Guzmán Muñoz,sofia82@example.net,+56 600 670 944,Lampa,2025-10-30
1028,Álvaro Vásquez Villa,vargasdiego@example.org,+56 32 264 1308,Santiago,2023-08-06
1029,Catalina Valenzuela Cifuentes,paulettecontreras@example.org,+56 51 240 0623,Carahue,2024-05-30
1030,Marianela Amanda Ortiz Araya,barrerajeannette@example.com,+56 2 2208 3342,Codegua,2024-07-29
1031,Luis Matamala Villarroel,valdebenitoscarlett@example.net,+56 53 338 0939,Algarrobo,2022-10-26
1032,Carolina Núñez-Ávila,kmolina@example.org,+56 800 831 519,Negrete,2022-05-02
1033,Leonardo Villalobos Molina,ricardo88@example.com,+56 2 2753 1394,San Joaquín,2024-01-11
1034,Elizabeth Loyola,matias17@example.org,+56 800 578 035,Quinta Normal,2023-10-06
1035,Romina Alice Lobos Sánchez,raquel98@example.net,+56 2 3340 8141,San Fernando,2022-04-21
1036,Diego González,kimberlybravo@example.net,+56 2 2813 6374,Chillán,2023-06-25
1037,Patricia Alicia Ahumada García,cperez@example.com,+56 33 372 0241,Pumanque,2024-06-12
1038,María Campos,lizanamireya@example.org,+56 75 342 0049,Los Álamos,2022-01-07
1039,Marcia Daniela Ojeda Valenzuela,pizarrofernanda@example.org,+56 2 2707 1198,Cauquenes,2021-05-23
1040,Alfredo Esteban Muñoz Jiménez,rojasbernardo@example.net,+56 2 3483 9433,San Vicente,2021-11-27
1041,Elba Sandoval-Valdebenito,mvidela@example.org,+56 600 481 684,Chañaral,2022-12-21
1042,Mariana Macarena Cabrera García,angel51@example.net,+56 75 388 9250,Río Ibáñez,2024-03-14
1043,Víctor Juan Figueroa Aguilera,cristian42@example.org,+56 52 237 5912,Angol,2023-01-22
1044,Roberto José Pérez Gaete,victor09@example.com,+56 9 4442 3044,Vicuña,2022-12-16
1045,Ingrid González,barrazaandrea@example.net,+56 2 3337 2241,Chillán Viejo,2021-11-11
1046,Manuel Mauricio Fuentes Carrasco,julio79@example.com,+56 9 8446 6220,Yumbel,2021-07-05
1047,Francisco Ricardo Acevedo-Cárdenas Miranda,jeannette69@example.net,+56 2 3327 4693,Laguna Blanca,2021-06-14
1048,Oscar Juan Cabezas Inostroza,mariana24@example.net,+56 600 816 062,Lampa,2023-08-31
1049,Jaime Javier Jaramillo Pereira,leonorvera@example.com,+56 41 367 7745,Antuco,2022-01-20
1050,Víctor Felipe Arancibia Alvear,alegriaevelyn@example.org,+56 2 2224 8720,Florida,2023-09-13
1051,Melanie Consuelo Araya Rubio,xrobles@example.org,+56 9 5126 0617,Puqueldón,2024-11-12
1052,Manuel Soto,perezsamuel@example.net,+56 600 552 192,Ñiquén,2025-10-01
1053,Manuel Jiménez,scortes@example.org,+56 42 358 2002,Cobquecura,2024-02-05
1054,Karina Matilda Poblete Hidalgo,cristianaguilar@example.net,+56 800 184 851,Padre Hurtado,2024-02-12
1055,James Sepúlveda Vásquez,macarena24@example.com,+56 9 9612 7106,Gorbea,2023-06-03
1056,Bernardino Villegas,pespinoza@example.com,+56 64 260 4699,Treguaco,2025-04-08
1057,Pablo Vicente Ávila Acevedo,victor04@example.net,+56 2 2589 4146,Navidad,2026-01-01
1058,Nicole Jeannette Burgos Barra,espinozaemilio@example.org,+56 57 287 3984,Buin,2022-07-06
1059,Facundo Gonzalo Guerra Ponce,gladysvasquez@example.net,+56 57 236 1117,Los Muermos,2026-03-27
1060,Elías Fuentes,dsalazar@example.com,+56 32 365 4418,Melipeuco,2022-12-15
1061,Gabriel Fernando Navarro Fernández,patricia87@example.net,+56 2 2761 5528,Romeral,2024-04-12
1062,Maricela González Alfaro,tapiajaime@example.org,+56 61 299 3227,Máfil,2024-08-22
1063,Antonella Hernández,zrodriguez@example.org,+56 2 3242 7740,Lampa,2023-03-05
1064,Isidora Soledad Mondaca Álvarez,dperalta@example.net,+56 800 725 664,San Pedro,2025-06-09
1065,Juan Javier Plaza Piña,bjimenez@example.com,+56 800 975 263,Carahue,2023-12-26
1066,Valentina Fernández Contreras,ztorres@example.net,+56 2 2274 4555,San Javier,2024-03-04
1067,Ángela Tania Ahumada Alvarez,tomas86@example.net,+56 600 511 338,Fresia,2021-11-30
1068,Mario Godoy Arancibia,salinasbenjamin@example.org,+56 9 5632 0347,Linares,2023-06-05
1069,Manuel César Muñoz Moncada,alfredodiaz@example.com,+56 2 2247 3357,Florida,2023-03-03
1070,Ximena Pavez Saldivia,luisaranguiz@example.net,+56 2 3166 6367,Villa Alemana,2025-02-26
1071,Diego Francisco Cruz González,ivonne25@example.com,+56 52 285 3604,Olivar,2024-08-30
1072,Bernardita Javiera Vásquez Chandía,claudioperez@example.net,+56 2 3333 8303,San Carlos,2023-07-05
1073,Alfonso Paredes Bravo,felipesandoval@example.com,+56 51 314 1915,Combarbalá,2022-11-19
1074,Cristian Rubén Cortés Zúñiga,hernandezfacundo@example.org,+56 2 3626 0227,Rauco,2023-10-03
1075,Javiera Ana Roa Castillo,angelgarrido@example.com,+56 2 3862 4204,Chépica,2023-01-21
1076,Joaquín Quiroz,segundo06@example.org,+56 71 254 1763,Ovalle,2025-01-04
1077,María Ibarra Ibáñez,nunezcarlos@example.org,+56 600 276 774,Calera,2022-03-22
1078,Michelle María Leiva Oyarzún,lmeza@example.com,+56 9 8261 2195,Santa Juana,2022-10-28
1079,Florentina Verónica Morales Sáez,dgaete@example.net,+56 600 803 968,Copiapó,2023-08-05
1080,Maite Soto Montoya,lfuenzalida@example.com,+56 72 349 1813,Llaillay,2022-01-09
1081,Emerson Ortega,dante06@example.org,+56 800 112 751,Río Verde,2023-03-12
1082,Manuel Francisco Moya Merino,fuentealbapatricia@example.org,+56 71 389 0413,Cañete,2023-09-17
1083,Yasna Nilda Castillo Pizarro,mariatoledo@example.com,+56 600 575 654,Nueva Imperial,2026-02-11
1084,Victoria Mariela Solís Farías,diego50@example.com,+56 2 2744 8420,San Fernando,2026-01-03
1085,Mauricio Guillermo Aguilera Cortés,consueloavendano@example.com,+56 9 7368 9585,Lago Verde,2021-08-31
1086,Eugenia Araya,luis52@example.org,+56 9 2841 6642,Portezuelo,2021-06-24
1087,Cristian Meza Aburto,santino54@example.net,+56 72 380 1297,Isla de Maipo,2024-04-22
1088,Carlos Varela Rivera,matiassaez@example.org,+56 9 7686 5964,Antártica,2022-05-10
1089,Fernanda Génesis Torres Vera,almonacidjuana@example.com,+56 2 3860 0562,Portezuelo,2026-01-18
1090,Pía Flor Martínez Venegas,moralesmanuel@example.net,+56 43 252 4617,Aisén,2025-04-14
1091,Pedro Jacob Chávez Acevedo,nsilva@example.com,+56 800 606 115,Talagante,2022-01-20
1092,Constanza Aravena Navarro,mariarodriguez@example.org,+56 2 2616 9863,La Ligua,2022-02-07
1093,Verónica Arriagada Peña,maria98@example.com,+56 35 366 9843,San Esteban,2023-11-04
1094,María Julia Velásquez Durán,belen11@example.com,+56 800 147 314,Estación Central,2025-07-14
1095,Berta Gilda Leiva Medina,inzunzasebastian@example.com,+56 600 294 206,Olivar,2026-05-02
1096,María Carla Miranda Navarro,plazacarolina@example.org,+56 52 332 2292,Cochamó,2022-12-30
1097,Alfredo Abarca Leiva,bustosfelipe@example.org,+56 2 2365 2311,Maullín,2024-01-13
1098,Viviana Rubilar,valentina29@example.org,+56 9 3674 2835,Puchuncaví,2024-01-15
1099,Félix Silva Durán,catherine65@example.com,+56 2 3371 1854,Freirina,2026-05-06
1100,María Francisca Carrasco Toledo,orlando12@example.org,+56 2 3715 8890,Ercilla,2021-07-13
1101,Karla Yáñez,adelabarria@example.com,+56 43 219 9839,San Pedro de Atacama,2024-05-14
1102,Eduardo Alexander Cerda Pérez,dflores@example.net,+56 2 3144 0533,Santa Cruz,2023-10-14
1103,Isidora Bastías Jara,elisa75@example.net,+56 9 7348 1529,Pelluhue,2025-07-14
1104,Roxana Muñoz Fernández,ltapia@example.org,+56 9 9481 5300,Linares,2026-04-04
1105,Iván José Valdebenito Pizarro,xsantana@example.org,+56 65 275 7082,San Vicente,2021-08-27
1106,Felipe Olivares Estay,mariaaranda@example.com,+56 2 2259 4020,Maullín,2023-04-14
1107,Johnny Rojas Ramírez,baezanelly@example.net,+56 61 389 4052,San Rafael,2024-05-02
1108,Micaela Marilyn Fuentes Toro,carolina45@example.com,+56 2 2424 5878,Empedrado,2024-07-01
1109,Rolando Cortés Maldonado,gloriasaavedra@example.org,+56 2 3459 8636,Camarones,2023-04-20
1110,Patricia Ida Morales Ulloa,rurzua@example.org,+56 800 615 729,Río Negro,2021-09-20
1111,Waldo Vidal-Vargas,encinafrancisco@example.net,+56 9 9203 7645,María Pinto,2024-12-26
1112,Patricia Denisse Valenzuela Rojas,mariagutierrez@example.org,+56 2 2645 1946,Nueva Imperial,2022-10-22
1113,Gonzalo González,ceciliaparraguez@example.org,+56 2 3515 6447,San Javier,2022-05-30
1114,Fernando Concha Orellana,sanchezmelissa@example.org,+56 800 191 302,Valparaíso,2022-01-14
1115,Waldo Muñoz Sánchez,wvalenzuela@example.org,+56 2 2123 9489,Putre,2025-11-12
1116,María Paz Vera,pinedarosa@example.com,+56 65 259 4063,Codegua,2025-02-23
1117,Patricia Yasna Norambuena Fuenzalida,jennifermarquez@example.com,+56 800 500 306,Ollagüe,2021-05-16
1118,Isabel Fernández Díaz,vgomez@example.com,+56 32 352 6806,San Vicente,2024-01-09
1119,Sofía Carrasco Burgos,arturo83@example.com,+56 64 384 7330,María Pinto,2026-01-26
1120,Carmen Roxana González Torres,munozernesto@example.org,+56 600 268 797,Lebu,2021-05-16
1121,Camila Carmen Araya Flores,mosorio@example.com,+56 9 6972 8192,Chillán Viejo,2025-03-31
1122,Nelly Rojas Rodríguez,hriquelme@example.org,+56 9 2626 5078,Ancud,2022-02-05
1123,Juana Viviana Zenteno Guzmán,tbravo@example.org,+56 55 234 3450,Cabo de Hornos,2022-10-06
1124,Sebastián Mauricio Navarrete Jara,tmunoz@example.com,+56 600 527 020,Portezuelo,2026-02-26
1125,Anahí Morales Acuña,sgonzalez@example.org,+56 2 3411 5388,San Antonio,2022-04-03
1126,Geraldine Carola Rojas Pacheco,gloria62@example.net,+56 9 5570 8621,Ollagüe,2022-10-25
1127,Mia Ximena Saldías Cárcamo,acunamarco@example.com,+56 43 238 6709,Casablanca,2023-07-27
1128,Carolina Montecino Retamal,garciaamerico@example.org,+56 64 349 1202,Providencia,2021-07-09
1129,María Garrido,enriquehernandez@example.net,+56 9 6508 6286,El Monte,2025-12-11
1130,Carmen Piña Hernández,franciscofernandez@example.org,+56 800 938 895,Ránquil,2024-09-17
1131,Víctor Roa,lucianomartinez@example.com,+56 600 899 453,Curaco de Vélez,2022-11-18
1132,Sara Patricia Garrido Astudillo,arayaguillermina@example.net,+56 800 632 563,Llanquihue,2021-10-08
1133,Rubén Orellana Acevedo,allendescarolina@example.com,+56 800 950 740,Corral,2021-12-29
1134,María Rodríguez Fica,monserrat43@example.org,+56 72 211 6487,Lo Barnechea,2026-03-16
1135,Gustavo Víctor Sepúlveda-Sánchez Godoy,kbravo@example.org,+56 800 730 442,Talagante,2023-11-08
1136,Francisca Yenny Castillo Medina,garridojavier@example.com,+56 2 2699 9662,Laja,2025-02-06
1137,Antonella Salazar Aguilera,mireya70@example.net,+56 67 298 6657,El Bosque,2025-12-10
1138,Oscar Edgardo Cabrera Guerrero,salgadomaria@example.org,+56 9 8400 3044,Puerto Varas,2021-10-26
1139,Paola María Gaete Vallejos,wilson63@example.com,+56 600 729 736,Penco,2024-06-17
1140,Héctor Gastón Arancibia Marín,acevedoarnoldo@example.net,+56 800 352 164,Chillán,2025-12-22
1141,Gabriela Bustamante Salazar,munozgladys@example.net,+56 2 3136 4459,Coinco,2022-03-10
1142,Dylan Julio Muñoz Flores,vicenteinostroza@example.net,+56 600 783 072,Río Verde,2022-07-27
1143,Guillermo Arancibia Roa,qvaldes@example.com,+56 2 3689 5401,Panquehue,2023-03-27
1144,Monserrat Anahí Arancibia López,oherrera@example.com,+56 2 3612 2818,Peñalolén,2025-02-20
1145,María Abarca,espinozajerman@example.com,+56 2 3717 9749,Toltén,2022-06-07
1146,Silvia Díaz,viviana86@example.org,+56 800 652 855,San Bernardo,2024-12-30
1147,Víctor Guzmán Segovia,castrowilliams@example.com,+56 9 9356 0653,Nueva Imperial,2024-01-18
1148,Julio Hernán Pereira Yáñez,carrascoolivia@example.org,+56 800 383 527,Taltal,2023-03-28
1149,Graciela Vergara,alvaradomaite@example.net,+56 9 7747 3517,San Ramón,2022-01-10
1150,René Rodrigo Esparza Aguilera,yanezcarlos@example.com,+56 2 3432 7855,Los Vilos,2025-06-18
1151,Daniela López,astudillorodrigo@example.com,+56 2 3462 2234,Pucón,2023-01-28
1152,Carolina Amanda Castillo Salazar,luis35@example.org,+56 2 2617 6609,Victoria,2025-05-16
1153,Isaac Cabello,robertovalenzuela@example.com,+56 2 3495 4986,La Florida,2025-06-16
1154,Cecilia Muñoz,contrerasclaudia@example.net,+56 2 2342 3869,Canela,2025-09-04
1155,Amaro Troncoso,jaimefigueroa@example.com,+56 44 266 4278,Chile Chico,2026-04-20
1156,María Rebeca Parra Barrera,clarisaburgos@example.net,+56 41 385 6350,Papudo,2024-02-11
1157,Marta Aguilera Araneda,otorres@example.org,+56 2 3550 1598,Tiltil,2023-03-04
1158,Víctor Cáceres Torres,maximocatalan@example.com,+56 58 331 3078,Las Cabras,2023-11-24
1159,Julia Fuentes,katherineangulo@example.net,+56 2 2267 7084,Pumanque,2024-06-16
1160,Rosa Ana González Sánchez,urrajuan@example.org,+56 51 329 9107,Peumo,2021-06-02
1161,Fabián Alan Álvarez Salazar,antoniosoto@example.org,+56 9 9143 5129,Catemu,2024-02-12
1162,Álvaro Juan Saldías Castillo,jose14@example.com,+56 2 3313 0571,Puerto Octay,2022-03-07
1163,María Consuelo Flores Agurto,fernando00@example.org,+56 2 3616 9509,San Pedro,2022-05-26
1164,Facundo Antonio Aguilera Molina,sacuna@example.com,+56 9 4951 5503,Perquenco,2025-08-05
1165,Alex Leoncio Álvarez Rodríguez,francisca94@example.net,+56 71 282 0585,Buin,2025-07-03
1166,Ángel Julián Sanhueza Alvarado,sfuentes@example.com,+56 2 2421 9389,Río Bueno,2024-04-20
1167,Patricia Pérez González,mariacalderon@example.com,+56 53 381 6801,Calama,2025-07-17
1168,Carolina Venegas Rodríguez,garancibia@example.com,+56 2 3684 9711,Graneros,2024-10-05
1169,María Zunilda Ramírez Ampuero,bianca16@example.net,+56 800 704 408,Pelarco,2022-03-16
1170,Ignacio Marchant,oscarmaturana@example.net,+56 9 4585 6168,El Monte,2021-06-23
1171,Laura Consuelo Vásquez Zúñiga,pamelachavez@example.com,+56 2 3671 6363,Monte Patria,2023-05-24
1172,Eduardo Avilés,ignacio95@example.org,+56 75 258 9870,Peñaflor,2022-08-19
1173,Ricardo Navarrete,rivasflorencia@example.net,+56 2 3563 5756,Frutillar,2023-10-22
1174,Josefa María Barra Montenegro,correamaria@example.com,+56 9 4937 6215,Tomé,2025-07-15
1175,Catherine Juana Toro Espinoza,hvillegas@example.net,+56 2 3901 1081,Molina,2023-11-09
1176,Julio Núñez Ramírez,susanarios@example.org,+56 2 3787 6479,Mulchén,2023-06-01
1177,Verónica Ramírez Cortés,alejandrinamartinez@example.org,+56 800 409 654,Fresia,2026-03-31
1178,Cristóbal Braulio Espinoza Salinas,rodrigoriquelme@example.com,+56 57 311 1977,Chaitén,2023-10-09
1179,Luis Francisco Cortés Gajardo,valdebenitoana@example.org,+56 600 971 029,Chillán,2024-03-29
1180,Ricardo Maximiliano Riquelme Valdebenito,patricia51@example.net,+56 2 2510 5652,La Pintana,2024-11-26
1181,Bruno Tomás Vargas Ramírez,corderoalex@example.com,+56 2 2603 1731,La Florida,2025-07-31
1182,Enrique Sergio Santana Aguilera,torresnicole@example.org,+56 2 2644 5474,Cochamó,2022-07-27
1183,Segundo Patricio Sandoval Parra,yinostroza@example.com,+56 2 2384 9396,Puente Alto,2022-03-24
1184,María Daniela Guerrero Herrera,brojas@example.org,+56 67 343 0430,Puerto Varas,2023-06-05
1185,Fernando Héctor Bustos Ruz,ssalgado@example.org,+56 9 7473 5975,Santa Bárbara,2024-10-01
1186,José Alarcón Muñoz,patriciosilva@example.com,+56 71 257 5919,Arauco,2023-11-07
1187,Alberto Luis Oyarzún Ojeda,juliangaray@example.net,+56 57 213 5004,Río Bueno,2024-11-08
1188,Juan Antonio Martínez Olmedo,alejandrotorres@example.org,+56 43 218 4620,La Serena,2021-07-31
1189,Luis Sergio Núñez-Oyarzún Ferreira,eduardo17@example.com,+56 2 2399 3847,Quemchi,2025-05-29
1190,Cristian Hugo Medina Navarrete,martacortes@example.com,+56 600 531 497,Lo Espejo,2025-05-23
1191,James Tomás Bastías Saldivia,andrea99@example.org,+56 67 360 6341,Dalcahue,2021-06-08
1192,Karen Constanza Gaete Valenzuela,paradafernando@example.com,+56 73 229 3577,Vitacura,2022-02-10
1193,Teresa Lagos,tzepeda@example.net,+56 9 7218 3506,Cobquecura,2022-08-24
1194,Mabel Vargas,christopher74@example.org,+56 2 3893 1912,Padre Las Casas,2024-06-01
1195,Sabina Eva Armijo González,florenciacontreras@example.net,+56 2 3719 4244,Yungay,2025-02-14
1196,Beatriz Morales González,carlos09@example.net,+56 2 2422 5585,Colchane,2023-02-02
1197,Cintia Constanza Lizama Díaz,jorgealmonacid@example.com,+56 9 7142 4237,San Felipe,2026-04-03
1198,José Raúl Rivas Muñoz,amparo11@example.com,+56 2 3418 6104,Palena,2021-10-06
1199,María Inzunza González,estebanmunoz@example.net,+56 2 3221 4856,Putre,2025-11-06
1200,Cristóbal Brayan Ibarra Mora,maria39@example.com,+56 44 253 7557,La Cruz,2022-12-11
1201,Yasna Claudia Sánchez Rodríguez,angelo46@example.net,+56 600 349 963,Los Sauces,2024-09-13
1202,Bryan David Moya-Rojas Pavez,luisaordenes@example.net,+56 53 390 7723,Calle Larga,2025-11-05
1203,Josue Máximo Cifuentes Valenzuela,gmendez@example.org,+56 44 363 5897,Porvenir,2025-12-20
1204,Marcos Vera Morales,garciaemilia@example.net,+56 61 235 5728,Guaitecas,2021-10-09
1205,Camilo Reyes,justo66@example.org,+56 2 2759 7450,Quirihue,2022-10-28
1206,Karen Oyarce Retamales,gonzalezfrancisco@example.com,+56 71 213 1922,Molina,2022-12-10
1207,Néstor Cristopher Chamorro Rubilar,gutierrezsebastian@example.org,+56 67 224 6237,Providencia,2025-04-23
1208,Luz Rosa Molina Díaz,felipe70@example.net,+56 64 296 7030,Quillota,2025-05-03
1209,Lorenzo González Díaz,tapiadomingo@example.org,+56 2 3651 6301,Colbún,2023-01-12
1210,Elcira Guzmán,jhon28@example.net,+56 45 269 9433,San Clemente,2022-07-05
1211,Sofía María Sanhueza González,victorsilva@example.org,+56 9 6323 7833,Cerrillos,2022-04-21
1212,Margarita Sepúlveda,olga37@example.com,+56 51 224 3201,Independencia,2023-03-29
1213,Javiera Villanueva,munozluz@example.org,+56 75 263 8685,Lo Barnechea,2023-09-01
1214,Filomena Campos Lazo,danieltorres@example.com,+56 800 718 203,Marchihue,2025-04-28
1215,Mia Salas,qvarela@example.com,+56 2 2727 9383,Curacaví,2024-03-02
1216,Magaly Patricia Inzunza López,luis97@example.net,+56 9 5222 8383,Puqueldón,2023-11-13
1217,Daniel Toro Reyes,pintoamaru@example.org,+56 800 756 778,Coihueco,2021-07-21
1218,Alicia Krishna Álvarez Navarrete,maria06@example.org,+56 9 6328 4857,Cabrero,2024-05-01
1219,José Ramos,maureiramarco@example.net,+56 61 337 0893,Maullín,2023-11-20
1220,Martín Heraldo Román Chamorro,icarvajal@example.com,+56 600 565 518,Colbún,2025-05-07
1221,Joaquín Valenzuela Vilches,zcifuentes@example.net,+56 43 286 5788,Bulnes,2025-06-18
1222,Karina Teresa Vásquez Burgos,omatamala@example.org,+56 73 313 9428,Cartagena,2024-05-21
1223,Luz Olate Díaz,tomaspavez@example.org,+56 2 3477 1664,General Lagos,2025-04-26
1224,Maite Viviana Castro Rojas,manuel79@example.net,+56 57 398 9285,Calama,2023-11-28
1225,Mario Retamal,alejandra54@example.com,+56 2 3534 8165,Quillón,2025-07-18
1226,Pedro Ramírez Miranda,pizarrofelipe@example.net,+56 32 330 7368,Padre Las Casas,2023-02-12
1227,Eduardo Valenzuela Aguilera,valentinaherrera@example.org,+56 35 340 0092,Quellón,2025-01-24
1228,Manuel Parra Silva,quispefelipe@example.org,+56 73 360 9043,Diego de Almagro,2022-04-25
1229,Benjamín Alexis Meza Valdés,ramirezemilio@example.org,+56 2 3877 0500,Antofagasta,2023-03-20
1230,Claudio Gajardo Toledo,dina96@example.org,+56 600 306 847,Curepto,2021-05-22
1231,José Miranda Álvarez,mariarodriguez@example.net,+56 2 2917 7141,San Bernardo,2024-11-25
1232,Ximena Moya,vegagerardo@example.org,+56 600 920 575,Cabrero,2025-02-11
1233,Jean Pinto Urbina,daniela23@example.org,+56 67 247 3045,Ollagüe,2024-03-08
1234,Nelly Leiva,franciscosantana@example.com,+56 65 321 0073,Pitrufquén,2025-03-21
1235,Paula Rodríguez,rpincheira@example.org,+56 2 3465 4141,Coltauco,2024-08-11
1236,Julieta Verónica González Guerrero,ysepulveda@example.com,+56 43 270 0680,Cauquenes,2026-04-12
1237,Abel Felipe Zúñiga Erices,leonor25@example.net,+56 32 293 2167,Villa Alegre,2023-11-11
1238,Margarita Ingrid Parra Sánchez,greyes@example.org,+56 35 287 7903,Talca,2023-08-01
1239,Esmeralda Martina Ortiz Albornoz,juanmaureira@example.com,+56 2 2708 3715,Laja,2025-06-27
1240,Claudia Molina Rojas,zvaldivia@example.net,+56 9 2100 2414,Colchane,2025-11-12
1241,Luisa Silvia Flores Domínguez,qcea@example.com,+56 2 3838 0052,La Cruz,2025-11-15
1242,Jorge Juan Vega Vergara,juanagurto@example.org,+56 2 3209 9426,Quintero,2025-09-04
1243,Carlos Meza Carrillo,valentina94@example.org,+56 58 368 5358,San Carlos,2024-05-27
1244,Marjorie Florencia Vásquez Morales,sebastian78@example.net,+56 800 467 311,La Granja,2023-02-12
1245,Juan Díaz,sotoalvaro@example.com,+56 71 342 9100,Petorca,2022-03-09
1246,Abdón Catalán,pamelarojas@example.com,+56 9 6922 7656,Vilcún,2025-03-27
1247,Abraham Troncoso Durán,alexandragarcia@example.com,+56 9 5522 7850,Hualañé,2024-09-14
1248,María Margarita Pinto Burgos,maximiliano74@example.org,+56 2 3949 1554,Buin,2025-06-05
1249,Claudio Ariel Marín Guzmán,aladino95@example.net,+56 45 321 7975,Santiago,2023-09-23
1250,Sebastián Gómez Silva,juanlopez@example.com,+56 2 2946 6063,Pudahuel,2023-07-25
1251,Enrique Vicente Mena Maturana,carla70@example.org,+56 2 3389 4704,Alto Biobío,2024-04-07
1252,José Héctor Pardo Pizarro,pablo50@example.com,+56 75 249 3888,Pemuco,2022-11-29
1253,Cecilia Monserrat Rodríguez Navarro,marcoscisterna@example.net,+56 2 3978 6844,Pedro Aguirre Cerda,2021-09-08
1254,Lorena Barrientos Olivares,jimenezbernardo@example.net,+56 600 760 987,Coelemu,2024-03-11
1255,Reinaldo Silva Rubilar,fcampos@example.net,+56 55 240 8047,Curepto,2023-10-24
1256,Mathias Juan Cáceres Piña,pablorojas@example.org,+56 55 214 2910,Independencia,2023-02-13
1257,Jesús Víctor Arteaga Morales,magaly38@example.org,+56 2 3957 3920,Llanquihue,2022-02-28
1258,José Zúñiga Valdés,gracielafernandez@example.net,+56 2 3487 9364,Los Álamos,2021-06-08
1259,Mariela Salinas Briceño,ffernandez@example.org,+56 600 455 990,Lo Espejo,2021-12-26
1260,Karina Ramírez,cartesjorge@example.com,+56 600 953 638,La Granja,2023-06-26
1261,Ignacia Solange Urrutia Martínez,cristopher60@example.org,+56 2 3260 2897,Peralillo,2021-10-29
1262,Vicente Cristian Ramos Chávez,karina46@example.org,+56 34 373 1487,Retiro,2024-05-22
1263,Gabriel Velásquez,castrosergio@example.net,+56 2 2382 9596,Vicuña,2023-11-17
1264,Isaac Francisco Arce Díaz,catalina59@example.net,+56 600 679 672,Yerbas Buenas,2023-02-11
1265,Gerardo Miguel Duarte Jorquera,ksantander@example.org,+56 58 352 8099,El Quisco,2024-10-13
1266,Manuel Retamal Rivera,isabelcortes@example.com,+56 600 960 902,La Unión,2021-06-16
1267,Rayén González,villarfrancisco@example.org,+56 600 587 756,Pichilemu,2023-04-03
1268,Paulina Díaz Cuevas,lopezleonel@example.net,+56 9 5844 6917,Santiago,2021-06-21
1269,María Joselyn Astudillo Allende,ajara@example.org,+56 9 5316 0673,Puente Alto,2022-01-25
1270,Bárbara Ana Rojas Ovalle,gomezjavier@example.net,+56 42 327 4523,Río Hurtado,2022-05-14
1271,Carlos Parada Silva,juan61@example.net,+56 600 283 625,Coihaique,2021-06-04
1272,Ramón Cáceres,valenciaelba@example.net,+56 9 5541 9842,Zapallar,2023-08-27
1273,Santiago Roberto González Arce,veraariel@example.net,+56 2 3408 2927,Queilén,2025-01-20
1274,Héctor Muñoz Valencia,trujillomartin@example.com,+56 35 394 9881,La Higuera,2025-02-09
1275,Arturo Duarte Hernández,bleon@example.com,+56 2 2789 9336,Río Claro,2024-06-09
1276,Patricia Maldonado,javieraestay@example.net,+56 2 3769 7949,Chépica,2025-05-04
1277,Víctor Muñoz,karen56@example.com,+56 71 237 3567,Lo Prado,2026-04-24
1278,Francisca Núñez Salgado,alberto53@example.org,+56 9 8295 6179,Catemu,2022-12-31
1279,Sylvia Daniela Solís Mardones,jolmos@example.net,+56 52 262 6307,Machalí,2021-09-21
1280,Lidia Karen González Rojas,angel08@example.net,+56 75 338 3982,Pichilemu,2025-04-04
1281,Juan Sebastián Godoy Orellana,jennyfernandez@example.net,+56 55 275 5934,Ñiquén,2024-01-23
1282,Marlene María Carmona Herrera,jhormazabal@example.com,+56 600 216 894,Santiago,2021-10-15
1283,María Isabel Morales Barros,javiera11@example.com,+56 2 3876 6394,Limache,2023-04-22
1284,Manuel Misael Álvarez Rojas,rojasisidora@example.org,+56 9 8516 9951,Chañaral,2026-04-04
1285,Emanuel Cea,martinezsamuel@example.org,+56 600 296 806,Cisnes,2025-12-12
1286,Lucía Anahí Osorio Ramírez,pamela97@example.net,+56 2 3294 7516,La Florida,2024-03-30
1287,Joaquín Véliz,gabrieljerez@example.net,+56 58 344 7484,Villa Alemana,2024-11-19
1288,Yolanda Viviana Hernández Acuña,tcuevas@example.com,+56 9 3834 2358,Rengo,2021-12-14
1289,Cristian Norambuena Gutiérrez,rcaro@example.org,+56 71 341 8799,Pedro Aguirre Cerda,2023-03-28
1290,Herminia González,salvador47@example.org,+56 600 693 201,Licantén,2023-02-20
1291,Denisse Ivonne Blanco Olivares,rarevalo@example.net,+56 9 6779 7926,Quillota,2024-03-16
1292,Ana Nury Espinoza Ramírez,ivonnebarrera@example.net,+56 33 299 3094,Alto del Carmen,2024-11-24
1293,Valentina Ingrid Muñoz Arroyo,wmadrid@example.org,+56 2 2546 9328,O'Higgins,2025-03-27
1294,Julieta Genoveva Alvarado Aguilera,moragapedro@example.com,+56 75 332 2787,Molina,2021-06-18
1295,Mathias Alonso Pereira Tapia,veronicavillegas@example.net,+56 600 836 552,Loncoche,2025-04-11
1296,Franz Romero Arancibia,fabiolatorres@example.com,+56 600 395 411,Porvenir,2023-10-15
1297,Manuel Juan Quiroga Cortés,rubenvergara@example.org,+56 600 910 750,Quinta de Tilcoco,2023-07-24
1298,Dylan Rudy Véliz Hurtado,iortega@example.org,+56 2 2150 0084,Cholchol,2026-02-18
1299,María Paulette Jara Jerez,alejandro35@example.org,+56 2 3259 2871,Lo Prado,2022-12-16
1300,Edison Muñoz Vargas,donosovalentina@example.org,+56 61 252 3928,Lolol,2023-11-07
1301,Joaquín Elías Fernández Inostroza,carmenherrera@example.com,+56 61 338 2969,Los Lagos,2021-07-10
1302,Tiare Andrea Osorio Astete,silvajorge@example.net,+56 2 3301 2006,Pelarco,2024-06-29
1303,Segundo Vicente Contreras Soto,denisse90@example.net,+56 600 129 109,Chaitén,2025-06-17
1304,José Morales Martínez,herrerajaviera@example.org,+56 2 2453 2936,San Clemente,2024-08-07
1305,Rosa Liliana Roa Yáñez,marenas@example.net,+56 2 3591 8830,Huechuraba,2022-09-19
1306,Rubén Villarroel,evelynaburto@example.com,+56 800 914 993,Cartagena,2023-02-15
1307,Carlos Ávalos Catalán,riquelmeclaudio@example.com,+56 71 330 7177,Colbún,2026-02-17
1308,Sabrina Alarcón Vidal,benjaminbarrientos@example.com,+56 33 254 5109,Placilla,2026-05-10
1309,Vicente Luis Ojeda Gutiérrez,carol94@example.net,+56 9 9543 9859,Iquique,2022-12-26
1310,Nicole Bustamante Salas,sepulvedajose@example.com,+56 9 7221 3928,Casablanca,2025-11-07
1311,Benjamín Pedro Peña Núñez,mariaescobar@example.net,+56 61 254 0800,Talagante,2024-02-13
1312,Roberto Mamani,toledosilvia@example.org,+56 2 2485 4472,Guaitecas,2021-06-25
1313,Jorge Guillermo Rocha Baeza,rafaelaherrera@example.org,+56 41 257 4362,Villarrica,2025-04-25
1314,Carlos Valdés,qsoto@example.org,+56 67 378 0684,San Fernando,2025-08-05
1315,Fernanda Castro Contreras,ycordero@example.org,+56 32 361 5676,Purranque,2026-01-19
1316,Margarita María Bugueño López,cfarias@example.org,+56 53 232 0279,Sagrada Familia,2022-02-20
1317,Geraldine Varela Rodríguez,pablosepulveda@example.org,+56 2 2204 5227,Ercilla,2023-07-11
1318,Amada Gallardo Sánchez,riosmaria@example.net,+56 600 278 555,Cochrane,2023-01-14
1319,Ana Valdés Alarcón,romeropedro@example.com,+56 9 3868 8239,Colchane,2022-06-29
1320,Jessica Valentina Toledo Chacón,juanreyes@example.com,+56 600 643 508,San José de Maipo,2025-04-11
1321,Silvana Fresia Acuña Luengo,catalina20@example.org,+56 72 352 8435,Victoria,2021-06-02
1322,Scarleth Anahí Navarro Olivares,pablo45@example.net,+56 2 3415 7821,Paillaco,2023-12-05
1323,Diego Verdugo,magdalenaalvarez@example.com,+56 64 349 2533,Independencia,2022-11-07
1324,Luis José Pardo Pérez,valeria77@example.net,+56 2 3234 8249,Freire,2021-05-30
1325,Cecilia Ortiz Cisternas,inesurrutia@example.net,+56 9 3298 2285,Padre Hurtado,2025-04-16
1326,Flor Norma Letelier Santander,henriquezeduardo@example.org,+56 9 5243 1569,Linares,2022-07-13
1327,Marcela Cortés Valenzuela,tamara90@example.org,+56 64 298 8706,Algarrobo,2021-11-19
1328,Constanza Ortega Alarcón,karlaherrera@example.com,+56 2 3395 6360,Chanco,2021-10-16
1329,Juan José Tapia Cancino,dsilva@example.org,+56 800 670 000,El Carmen,2024-02-14
1330,Anaís Urrutia-Díaz,ncoronado@example.com,+56 9 4215 9176,San Vicente,2023-09-06
1331,Sonia Avendaño Sandoval,luisa38@example.org,+56 600 702 706,San Felipe,2025-02-26
1332,Carla Sofía Muñoz Segovia,rbastias@example.com,+56 45 386 7889,Freirina,2023-09-25
1333,Juan Valenzuela,canalesvaleria@example.com,+56 52 383 7442,San Rafael,2022-10-25
1334,Abel Cabrera,torresluis@example.com,+56 2 3748 8006,Puyehue,2024-05-23
1335,Amalia María Véliz Escobar,samantha97@example.com,+56 2 3653 2013,La Cisterna,2023-07-30
1336,Marion Cisterna Rojas,jguerrero@example.com,+56 35 245 7125,Estación Central,2022-05-05
1337,Graciela Palacios,roberto49@example.org,+56 57 224 8975,Punitaqui,2023-10-23
1338,Felipe Sebastián Martínez Escobar,amaliaalarcon@example.net,+56 2 3275 2285,Huara,2025-11-22
1339,Patricio Paulo Toloza Silva,fernanda85@example.com,+56 2 2215 4105,Calera de Tango,2023-06-14
1340,Camilo Pérez San Martín,alexanderquezada@example.com,+56 2 2898 1896,Sierra Gorda,2022-07-08
1341,Andrés Adán Arriagada González,smarin@example.com,+56 55 213 7361,Osorno,2023-10-23
1342,Isidora Martina Naranjo Acevedo,teofilo11@example.net,+56 2 2782 2640,Talagante,2024-11-03
1343,Sofía Yuliana Acevedo Garrido,uvelasquez@example.net,+56 72 328 9576,Laja,2023-07-30
1344,Jesus Thomas Ávila Luna,yvidela@example.com,+56 33 236 4868,El Quisco,2022-02-19
1345,Camila Figueroa,facundo51@example.com,+56 43 230 4214,Mostazal,2023-03-10
1346,Grace Margarita Vivanco Campos,maria09@example.com,+56 64 335 0291,Quemchi,2024-10-30
1347,Sandra Elena González Salinas,jorgegonzalez@example.net,+56 2 3465 4670,San Esteban,2024-09-26
1348,Michael Fernández Ávila,ucaceres@example.net,+56 2 3850 3007,Cunco,2023-10-01
1349,José Núñez Matus,lhernandez@example.net,+56 51 326 1760,Queilén,2023-09-27
1350,Vicente Parraguez Moreno,javieraespinoza@example.org,+56 9 7858 3670,Isla  de Pascua,2025-12-24
1351,Ricardo Fuentes Sepúlveda,abarcajose@example.org,+56 73 294 5199,Torres del Paine,2025-02-20
1352,Angelina Faúndez Andrade,cespedesfrancisca@example.com,+56 58 283 2729,Paillaco,2022-11-14
1353,Ana Navarrete Suárez,sofia48@example.com,+56 57 247 6946,Doñihue,2025-08-03
1354,Nicole Pereira,noemipalma@example.org,+56 600 235 278,Lota,2024-07-23
1355,Daniela Constanza Hermosilla Bruna,mayra81@example.org,+56 9 2359 1112,Romeral,2022-05-05
1356,Josefa María Garrido Parra,jdominguez@example.net,+56 72 296 7226,Cabrero,2024-05-13
1357,Amparo Rojas Orellana,hilda77@example.org,+56 800 242 475,Huasco,2025-01-27
1358,Cristian Eugenio Torres Velásquez,jorqueramia@example.com,+56 9 7463 4313,Futrono,2022-08-23
1359,Viviana Laura Pérez Yáñez,zunigamartin@example.net,+56 800 963 072,San Rafael,2023-01-19
1360,María Pereira Méndez,troncososabina@example.org,+56 9 6875 3441,Cartagena,2021-11-23
1361,Erick Paulo Ramírez Guzmán,cristina78@example.net,+56 67 398 9755,Chañaral,2026-02-27
1362,Camila Sandra Díaz Cortés,sebastian78@example.net,+56 51 212 6365,Colina,2026-02-28
1363,Gerardo Alonso Maturana Aracena,rosa34@example.net,+56 9 2920 2773,La Pintana,2025-07-22
1364,Jaime Osorio Paredes,rivassara@example.net,+56 2 3749 0736,Maule,2025-12-30
1365,Alberto Escalona,tgonzalez@example.org,+56 600 277 031,Codegua,2026-03-29
1366,Rodrigo Cristian Ruiz Mora,sebastian81@example.org,+56 58 273 2473,Vallenar,2024-11-22
1367,Luis Rodrigo Pincheira Acevedo,ema82@example.com,+56 75 339 4418,Santa Bárbara,2023-04-12
1368,Emerson Barros Sepúlveda,alvaradofelipe@example.com,+56 800 847 332,Ancud,2024-06-08
1369,María Montenegro Rojas,fabriciogutierrez@example.net,+56 35 295 7923,La Higuera,2023-01-09
1370,Jean Rocha,javierapadilla@example.com,+56 51 235 4821,El Quisco,2023-11-30
1371,Macarena Jovita Cortés Encina,alvarezjose@example.com,+56 2 2635 3530,Melipeuco,2022-11-16
1372,Víctor Ortiz,morenocesar@example.org,+56 75 346 7943,Talcahuano,2022-01-11
1373,Iván Morales Márquez,lilloricardo@example.org,+56 65 244 1941,Cochamó,2023-03-30
1374,Javiera Rivera Valdebenito,spacheco@example.com,+56 9 7908 8148,La Cruz,2026-02-13
1375,Juan Mateo Rojas Vargas,vicente34@example.net,+56 43 293 4634,La Florida,2025-01-28
1376,María Sonia Suárez Flores,jgonzalez@example.net,+56 800 586 989,La Florida,2026-04-27
1377,Teresa Iris Mella Meneses,mariavega@example.org,+56 800 237 409,Cholchol,2025-05-26
1378,Jaime Edgardo Escobar Montero,mateoblanco@example.net,+56 53 381 1787,La Unión,2022-03-30
1379,Jeannette Beltrán Rosales,nmorales@example.org,+56 9 8492 9590,Malloa,2022-07-10
1380,Katalina Sandra Zamora Moya,patriciamanriquez@example.org,+56 9 9824 9064,Coihaique,2021-08-12
1381,Victoria Rubio Muñoz,riquelmeantonella@example.com,+56 600 613 884,Ovalle,2025-07-09
1382,Javiera María Hernández Pino,freddy87@example.net,+56 9 6417 1261,Santa Bárbara,2024-04-27
1383,Monserrat Sofía Manríquez Rosales,omancilla@example.com,+56 2 2993 7144,Buin,2021-12-15
1384,Omar Barrera,filomena21@example.com,+56 2 3213 9215,Saavedra,2022-04-21
1385,Matías Valenzuela Uribe,maria31@example.net,+56 2 3228 2775,San Javier,2025-12-19
1386,Tomás Cáceres,vsalamanca@example.com,+56 2 3221 8794,Ránquil,2023-07-22
1387,Ana Díaz,evelynruiz@example.com,+56 2 2792 6324,Illapel,2025-03-30
1388,Jorge Tomás Muñoz Rojas,dominguezrene@example.org,+56 2 3343 2402,Traiguén,2023-05-06
1389,Roberto Valenzuela Urzúa,martinpincheira@example.org,+56 2 3901 2305,Cochrane,2022-01-07
1390,María Rebolledo Bustamante,luis10@example.net,+56 71 329 8461,Vicuña,2025-12-08
1391,Pedro González,herreraflor@example.net,+56 73 386 1732,Hijuelas,2024-05-07
1392,Oscar Flores,reyesjoel@example.com,+56 2 2879 0661,Recoleta,2025-04-25
1393,Agustina Valeska Alarcón Barraza,maximiliano54@example.com,+56 800 347 619,Quintero,2022-02-18
1394,Vanessa Alejandra Carrasco Montes,juan68@example.net,+56 2 2802 4728,Constitución,2023-06-06
1395,María Ruth Jiménez Villarroel,carmenhernandez@example.org,+56 2 2243 0542,Mejillones,2024-05-22
1396,Martina Natalia Villalobos Valenzuela,juan51@example.net,+56 71 370 3623,Río Bueno,2021-06-13
1397,Alan Eduardo Cofré Espinoza,amelia49@example.net,+56 9 5375 9395,Pumanque,2023-10-17
1398,Karina Segovia Lagos,moralesyesenia@example.net,+56 72 279 5234,Pucón,2024-07-27
1399,Marcela Aguilar,nellyabarca@example.com,+56 33 381 5358,Doñihue,2021-09-30
1400,Maritza María Manríquez Castro,cabrerarodolfo@example.com,+56 2 2326 9629,Mejillones,2025-03-16
1401,Jocelyn Camila Contreras Rebolledo,marcosvasquez@example.com,+56 9 6733 1447,Antártica,2021-05-15
1402,Patricio Rodrigo Agurto Cofré,juan20@example.org,+56 2 2811 6803,Renaico,2021-05-11
1403,María Carolina Riquelme Gómez,teresamunoz@example.org,+56 9 5851 0150,Olmué,2024-06-08
1404,Adela Allendes,marquezmanuel@example.org,+56 9 5208 4949,Renca,2021-10-22
1405,Alonso Juan San Martín Cea,hector32@example.com,+56 42 389 6544,Curacaví,2024-01-10
1406,María Ortega Pereira,alexis21@example.com,+56 2 3465 9669,San Ramón,2021-08-10
1407,Frank Patricio Vivanco Leal,valderramaelisa@example.net,+56 9 4279 3624,San Ignacio,2026-04-26
1408,Paola Lorena Pérez Galdames,eduardozamora@example.net,+56 58 323 3949,San Pedro de la Paz,2023-05-23
1409,Kevin González-Faúndez,karen47@example.org,+56 71 238 4704,Vichuquén,2023-11-30
1410,Claudia Marina Muñoz Castro,leopoldo55@example.com,+56 61 310 9032,Puchuncaví,2021-10-08
1411,Irene Gabriela Escobar Pérez,cabrerayessica@example.net,+56 600 480 831,Pozo Almonte,2025-06-03
1412,Rodrigo Maximiliano Cabezas Inostroza,cristianmamani@example.net,+56 72 323 5975,San Antonio,2024-07-12
1413,Paulina Quintanilla,manuelreyes@example.net,+56 32 295 0653,Lo Prado,2023-10-01
1414,Mauricio Fuentes Sáez,roaeduardo@example.com,+56 600 957 649,Ránquil,2023-08-06
1415,Ronald Cornejo,ana45@example.com,+56 2 3408 5377,Futrono,2024-09-06
1416,Robinson Maximiliano Díaz Gómez,maximiliano31@example.com,+56 2 3867 6720,Freirina,2022-07-19
1417,Francisca Sabina Gajardo Guerrero,manuelmedel@example.net,+56 35 335 9646,Tierra Amarilla,2021-06-04
1418,Máximo Astete Acuña,zrivera@example.com,+56 51 266 1914,O'Higgins,2021-10-30
1419,Franco Froilán Valdebenito Hernández,cvera@example.com,+56 2 2545 4094,Carahue,2023-11-05
1420,Rigoberto Vargas-Soto Órdenes,fernandezmariela@example.net,+56 63 323 6896,San Pedro de la Paz,2023-09-14
1421,Amelia Fuenzalida,aolivares@example.com,+56 2 3257 4047,Punitaqui,2025-03-14
1422,Martín Cartes,paola93@example.org,+56 34 364 8610,Putaendo,2024-12-30
1423,Javier Evaristo Hernández Gómez,xgomez@example.org,+56 2 2925 0636,Chonchi,2024-03-27
1424,Jorge Vergara,valentinaaraya@example.com,+56 2 2704 7329,Cochrane,2024-12-07
1425,Loreto Alarcón Beltrán,antonellaastudillo@example.org,+56 2 2874 1339,Los Lagos,2024-05-07
1426,Lucas Ricardo Tobar Valderrama,kyanez@example.net,+56 41 333 7706,San Pedro de Atacama,2022-03-03
1427,Luis Jorge Zurita Acuña,dvaldebenito@example.net,+56 2 2450 1330,Estación Central,2026-02-14
1428,Víctor Ponce,martinezjennifer@example.com,+56 2 3235 8464,Mejillones,2025-01-20
1429,Francisco Parra,esalgado@example.net,+56 53 343 7072,Catemu,2021-06-10
1430,Luzmira Núñez Navarrete,vegaagustina@example.org,+56 2 2441 3113,Coltauco,2023-08-31
1431,Pedro Águila Jara,kvega@example.net,+56 2 3154 9381,Cerro Navia,2022-01-01
1432,José Valdés,wmedina@example.com,+56 2 3553 4727,Papudo,2023-05-06
1433,Christopher César Durán González,marielalira@example.com,+56 2 2366 7290,Chimbarongo,2022-05-18
1434,Matías José San Martín Briones,paredescecilia@example.org,+56 33 285 4086,Pirque,2023-09-18
1435,Katherine Aguilera,aracely03@example.org,+56 2 3626 6181,Pelluhue,2022-05-26
1436,Jeremy Sergio Arriagada Cortés,victor44@example.net,+56 600 268 656,Sierra Gorda,2024-05-06
1437,Fabián Beltrán Sánchez,juanita67@example.com,+56 35 335 1596,Quilicura,2023-11-27
1438,Alonso Lorca-Villanueva,jose04@example.com,+56 9 2799 9540,Maipú,2021-06-29
1439,Carlos Matías Sanhueza Cares,valentinamella@example.net,+56 44 378 6233,Río Negro,2024-10-13
1440,Nataly María Vargas Ríos,liamrios@example.org,+56 2 3507 2353,Aisén,2025-05-13
1441,Adela Mariana Castro Valencia,jgodoy@example.com,+56 9 7735 7143,Huara,2024-10-14
1442,Sebastián Castillo Riffo,gcisternas@example.com,+56 52 251 9916,Lonquimay,2025-12-17
1443,Ángela Javiera Valenzuela Martínez,lzambrano@example.org,+56 9 4985 2708,Talcahuano,2022-08-02
1444,Ricardo Dylan Barriga Poblete,kbastias@example.com,+56 53 352 3163,Alto Hospicio,2021-09-13
1445,Ximena Sofía Riquelme Muñoz,larmijo@example.org,+56 2 3186 3255,Putre,2022-07-17
1446,Pedro Carrasco Morales,lmontecino@example.net,+56 800 591 825,Sierra Gorda,2025-09-19
1447,Silvia Irma Parra Martínez,kimberly26@example.org,+56 2 3562 7460,Coquimbo,2024-03-09
1448,Romina Valentina Valenzuela Muñoz,alonso42@example.net,+56 9 9644 7212,Curaco de Vélez,2022-05-18
1449,Edson Gutiérrez,leonardo21@example.com,+56 2 3204 9633,Quinchao,2023-07-08
1450,Valentina Solange Vega Coronado,zdiaz@example.com,+56 41 385 9803,Chanco,2021-10-02
1451,José Sepúlveda,lcornejo@example.net,+56 9 3268 9722,Los Sauces,2026-01-01
1452,Isidora Sáez,torreshector@example.net,+56 800 874 251,Galvarino,2025-06-06
1453,María Anahí Guajardo Cáceres,benjamin34@example.com,+56 2 3842 5077,Nancagua,2026-02-18
1454,Yesenia Paola Muñoz Rojas,liam51@example.org,+56 800 444 441,Collipulli,2021-12-25
1455,Leonardo Rubén Fuentes Castillo,benjamin65@example.com,+56 58 235 9199,Tirúa,2025-12-03
1456,Gustavo Abraham Ríos Riquelme,jocelynfredes@example.org,+56 2 3704 1639,Mulchén,2024-03-26
1457,Karla Saldivia Astudillo,cristina07@example.net,+56 9 2239 7876,Florida,2022-11-19
1458,María Sandra Hermosilla Solís,isabellacandia@example.net,+56 600 599 888,Tucapel,2021-10-23
1459,Manuel Rojas,cristiansanchez@example.com,+56 600 556 216,Ancud,2023-08-18
1460,José López,monserrat38@example.org,+56 2 3607 2441,Panquehue,2024-09-15
1461,Claudia Erika Medina Cáceres,qojeda@example.org,+56 2 3359 2991,Zapallar,2025-01-21
1462,Armando Rubén Díaz Lizana,maria54@example.com,+56 2 3556 9262,Vichuquén,2023-05-27
1463,Viviana Inés Aravena Meléndez,yroman@example.net,+56 58 373 5639,Vitacura,2022-03-04
1464,Doris María Leiva Labra,pobletejose@example.com,+56 9 2810 5670,Osorno,2022-05-19
1465,Bernardo Berríos,jovita17@example.net,+56 2 3803 9386,Mostazal,2022-05-19
1466,Marisol Javiera Durán Venegas,magdalenavega@example.org,+56 9 2441 5636,Tortel,2021-08-18
1467,Lidia Escobar Robles,ncalderon@example.com,+56 600 763 369,Chépica,2023-02-09
1468,Julián Sandoval Martínez,morenoalejandra@example.org,+56 2 3695 2497,Gorbea,2023-07-25
1469,Karen Muñoz Monsalve,domingamonsalve@example.com,+56 2 2393 7926,Sagrada Familia,2021-07-18
1470,Daniela Tiare Toro Bustamante,claudia62@example.net,+56 9 7199 3928,Paiguano,2023-02-13
1471,Sofía María Tapia Soto,laura77@example.org,+56 41 286 5134,Salamanca,2022-11-15
1472,Luz Macarena Hernández Carreño,cesarcares@example.org,+56 42 279 2726,Antártica,2025-04-23
1473,Gladys Arancibia Hernández,saldiviapaula@example.org,+56 9 3243 0903,Saavedra,2025-04-23
1474,Haydée María Ibarra Pineda,riquelmeflora@example.net,+56 2 2256 7537,Victoria,2024-04-29
1475,Victoria Lagos Romero,ayleen08@example.net,+56 2 2340 2504,Taltal,2021-05-27
1476,Benjamín Cruz Olmos,emiliasanhueza@example.net,+56 65 218 7860,Aisén,2022-02-10
1477,Sergio Henry Cea Uribe,angel34@example.org,+56 800 417 760,El Carmen,2023-06-20
1478,Sergio Vera,carlos23@example.net,+56 2 3807 5181,Quinta Normal,2023-05-23
1479,Fabián Gustavo Castillo Muñoz,lcuevas@example.com,+56 9 9691 2317,Vallenar,2024-03-23
1480,Pedro Raúl Barra Muñoz,xpino@example.org,+56 2 2693 9960,Arauco,2023-08-15
1481,Ítalo Francisco Barrera Soto,hpinto@example.org,+56 58 394 0710,Pemuco,2021-12-25
1482,María Norma Valdés Cortés,jofreesteban@example.org,+56 600 160 785,Padre Las Casas,2024-01-17
1483,María Iris Bustos Yáñez,cristian83@example.net,+56 800 990 825,San Miguel,2026-03-01
1484,Abigail María Urbina Sánchez,jessicaespinoza@example.org,+56 2 2660 8840,Florida,2024-03-15
1485,Gonzalo Fabio Leyton Pérez,evasquez@example.org,+56 67 350 0519,Providencia,2023-07-14
1486,Bryan Briceño Oliva,isidora81@example.org,+56 43 328 1372,San Felipe,2023-12-26
1487,Cecilia Camila Peralta Suazo,qmora@example.org,+56 2 2554 0884,Diego de Almagro,2023-01-31
1488,Génesis Álvarez Guerrero,sergio38@example.org,+56 2 3438 5848,Nancagua,2024-11-04
1489,Alessandro Erik Alarcón Letelier,matiasuribe@example.com,+56 73 396 8071,Vitacura,2025-06-03
1490,María Miranda,lucastapia@example.org,+56 57 292 0282,Palena,2024-03-12
1491,Jaime Reyes Zamora,vegayuliana@example.com,+56 2 3338 5452,Padre Hurtado,2023-04-24
1492,Susana Evelyn Rivera Agurto,maureirasebastian@example.com,+56 9 4618 0713,Hualqui,2024-05-12
1493,Benjamín Castañeda Castro,laraeva@example.com,+56 2 3767 9475,La Florida,2021-10-16
1494,Roberto Miguel Gutiérrez Rubio,dayana90@example.net,+56 42 335 4577,Pica,2021-06-19
1495,Rolando José Leiva Alvarado,karen92@example.org,+56 2 3678 8669,Mejillones,2022-07-12
1496,Francisca Sánchez Villanueva,elvira10@example.com,+56 800 974 911,Chiguayante,2021-09-01
1497,José Sandro Canales Opazo,claudia74@example.net,+56 600 115 094,Huasco,2025-06-18
1498,Germán Maximiliano Aedo Contreras,monica01@example.com,+56 2 3406 3210,Bulnes,2023-05-24
1499,Ana Julieta Aravena Acuña,manuel66@example.com,+56 2 2861 3061,Peñaflor,2023-03-02
1500,Karina Verónica Morales Rojas,catalantrinidad@example.com,+56 2 3966 9194,Porvenir,2024-03-22
1501,Antonia Mella,lpincheira@example.net,+56 600 243 752,Romeral,2021-09-17
1502,Rosa Sofía Uribe Astete,xortega@example.org,+56 45 290 5511,Carahue,2022-12-09
1503,Belarmino Aníbal Ahumada Díaz,hbeltran@example.net,+56 51 210 7415,Colbún,2025-07-18
1504,Juan Durán,rochacecilia@example.com,+56 2 2842 5600,Coltauco,2023-07-27
1505,Miguel Cuevas,opardo@example.com,+56 600 499 956,Coquimbo,2023-09-14
1506,Alejandro Vallejos Sepúlveda,edgar87@example.org,+56 800 225 716,Teno,2024-10-11
1507,Guadalupe Parra,nmunoz@example.org,+56 600 491 237,Río Bueno,2023-01-20
1508,Álvaro Guzmán,riquelmejose@example.net,+56 55 215 9603,Río Bueno,2024-02-09
1509,Oriana Hilda Rivera Medina,figueroacarlos@example.com,+56 600 710 703,Yerbas Buenas,2025-10-11
1510,Carlos Facundo Poblete Palma,ricardouribe@example.com,+56 2 3880 9050,San Rafael,2023-04-25
1511,Laura Miranda Ortiz,saezmartina@example.net,+56 61 211 4403,Traiguén,2021-10-09
1512,Oscar Fermín Reyes Espinoza,mcastro@example.org,+56 9 8633 8160,Teodoro Schmidt,2025-06-19
1513,Ximena Constanza Galaz González,pablo23@example.org,+56 71 397 5528,Melipeuco,2025-03-15
1514,Gabriela Ernestina Ulloa Villegas,brionesleticia@example.org,+56 9 3841 3095,Curacautín,2023-09-22
1515,Francisca Camila Álvarez Osses,jose94@example.org,+56 42 247 6072,Queilén,2024-11-12
1516,Victoria Sonia González Álvarez,toroerika@example.org,+56 2 3351 1311,Tucapel,2023-07-19
1517,Juan Sebastián Serrano Tapia,ugalvez@example.net,+56 9 6453 3650,Quilaco,2022-02-18
1518,Jorge Patricio Aedo Aranda,juan93@example.net,+56 2 3898 0799,Isla de Maipo,2021-11-18
1519,Carolina Paula Pastén Madrid,alexis55@example.net,+56 57 282 3861,Quellón,2021-05-25
1520,Almendra Matilde Piña Díaz,pinomariana@example.net,+56 2 2823 8965,Corral,2023-08-19
1521,Rodrigo Bastián Osorio Contreras,yolandasuazo@example.org,+56 2 3175 7095,Antártica,2022-05-29
1522,Maximiliano Sebastián Bustos Gutiérrez,jtorres@example.net,+56 2 3709 0567,El Quisco,2025-03-30
1523,María Luz Ibarra Muñoz,danielvivanco@example.org,+56 65 367 3713,Traiguén,2021-11-20
1524,Pía Carolina Seguel Araya,kparra@example.net,+56 800 169 852,Quillón,2025-04-14
1525,Paula Elvira Quinteros Rubio,romeroalvaro@example.com,+56 800 986 847,Puerto Montt,2023-04-09
1526,Rebeca Navarro-Valdebenito Valenzuela,luis55@example.com,+56 33 260 7560,Sagrada Familia,2022-11-22
1527,Felipe Francisco Venegas Cartes,juanbenavides@example.org,+56 63 277 6715,Laja,2025-06-19
1528,Loreto Josefa San Martín Acevedo,ricardovejar@example.org,+56 33 394 8303,Cochamó,2026-05-01
1529,Leonor Ingrid Fuentes Lizana,jfuentes@example.org,+56 9 5189 8052,Ñiquén,2025-08-13
1530,Eduardo Rubilar,ricardo29@example.org,+56 800 830 182,Vallenar,2021-05-20
1531,Fernando Valenzuela Vásquez,domingocordova@example.com,+56 9 2178 9351,Combarbalá,2022-06-14
1532,Karina Ignacia Villalobos Hernández,mbriceno@example.com,+56 2 3422 7852,La Granja,2023-04-13
1533,Diego Vergara Mendoza,parrajaime@example.org,+56 2 3657 2645,Cabrero,2023-04-11
1534,Juan Fernández,camposfreddy@example.com,+56 9 7929 4014,Puente Alto,2022-08-14
1535,Sara María Campos Sepúlveda,josecifuentes@example.net,+56 2 3739 0413,Lo Espejo,2023-09-12
1536,Roxana Maite Guzmán Fuentes,trojas@example.com,+56 2 2356 6678,Taltal,2026-05-11
1537,María García-Flores,moranelson@example.net,+56 800 633 940,Conchalí,2021-11-05
1538,Wilson Flores,tamara77@example.net,+56 35 367 5256,Fresia,2024-12-07
1539,Blanca Núñez Valenzuela,wretamal@example.org,+56 2 3623 2850,Melipilla,2021-09-24
1540,Edith Castillo Fuentealba,mariasepulveda@example.com,+56 2 3230 7768,Las Condes,2021-06-10
1541,Javiera Francisca Segura López,lopezjaviera@example.org,+56 800 416 294,Pichilemu,2022-06-29
1542,Clorinda Lobos-Meneses,jesusvargas@example.com,+56 2 3359 6689,Hualañé,2025-03-25
1543,Georgina María Carrasco Valderrama,piacarcamo@example.org,+56 34 383 3012,Ñuñoa,2023-06-15
1544,Rosalía Romero,mercedesaraneda@example.com,+56 2 2930 6133,Puqueldón,2024-06-24
1545,Gary Cárcamo Mamani,moralesrebeca@example.com,+56 2 3218 7251,Padre Hurtado,2023-01-10
1546,Manuel Juan Aravena Rodríguez,carmenosorio@example.com,+56 2 2344 6118,Petorca,2026-04-13
1547,Camila Navarro,salascesar@example.org,+56 800 200 317,San Rafael,2022-01-25
1548,Alexis Maicol Flores León,valdesjoseph@example.com,+56 2 2365 4564,Maipú,2026-04-17
1549,Javiera Loreto Galaz Villegas,sgatica@example.org,+56 2 2870 1827,Los Sauces,2024-11-23
1550,Jaime Rivera Vega,justinquiroz@example.com,+56 51 227 9138,Toltén,2024-08-14
1551,Juana Leticia Durán Pacheco,pinajaviera@example.com,+56 2 3578 4401,Tocopilla,2022-01-26
1552,Diego Quijada Cubillos,patriciazapata@example.org,+56 2 2375 1187,Río Verde,2023-10-06
1553,Nolberto Michael Aravena Fernández,rodriguezcristian@example.net,+56 2 2629 5304,Petorca,2022-03-22
1554,Adriana Casanova,nieves67@example.org,+56 32 239 5742,Alhué,2025-09-10
1555,María Chávez,gustavo47@example.org,+56 2 3725 0215,Combarbalá,2025-04-04
1556,Anastasia Herrera,qsanchez@example.net,+56 2 3330 9629,Palena,2023-08-14
1557,Daniela Barrera,quintanillamayra@example.net,+56 44 344 8776,Salamanca,2024-05-06
1558,Vicente Alejandro Alvear Soto,jvera@example.org,+56 2 2964 7784,Río Negro,2024-12-19
1559,Ángela Carrasco,cesarvargas@example.org,+56 9 5639 9370,Laguna Blanca,2026-05-01
1560,Mónica Miranda Martínez,gabrielfuenzalida@example.com,+56 600 266 394,Romeral,2022-07-31
1561,Lorenzo Eduardo Trujillo Troncoso,margarita84@example.net,+56 2 3348 0332,Antuco,2021-05-30
1562,María Carrasco Fuentes,amaliaguzman@example.com,+56 73 387 7580,Villa Alemana,2023-08-30
1563,Eduardo Oscar Leiva Leiva,loyolaoscar@example.org,+56 2 3650 5156,Linares,2023-08-15
1564,Alejandra Martina Barra Espinoza,galleguillosfrancisco@example.net,+56 800 850 132,Coinco,2021-06-01
1565,Rebeca Briones Cáceres,florenciacontreras@example.net,+56 72 350 6535,Machalí,2025-04-08
1566,Nelly Bustos,raquel02@example.org,+56 2 3234 7512,Curacautín,2022-09-13
1567,José Carlos Aguayo Rodríguez,valentin00@example.net,+56 34 338 3452,Timaukel,2022-07-27
1568,Joaquín Arturo Aguilar Jara,zmora@example.org,+56 72 210 4511,Curacaví,2021-12-24
1569,Emilia Paula Varas Oñate,cparra@example.org,+56 9 8367 6879,Algarrobo,2023-10-24
1570,Carlos Riquelme Leiva,nmunoz@example.com,+56 2 3310 9658,Teno,2025-01-07
1571,Andrés Farías,barriosmaximiliano@example.net,+56 9 7704 7909,Lampa,2026-02-18
1572,Valentina Contreras,carolinagomez@example.net,+56 2 3885 2290,Pitrufquén,2023-12-25
1573,Cristian Pedro Reyes Muñoz,navarroangel@example.com,+56 800 180 579,Molina,2024-11-22
1574,Daniel Claudio Zambrano Villarroel,yessicaherrera@example.com,+56 57 366 1353,Coronel,2024-01-24
1575,Cinthia Santibáñez,catalina28@example.net,+56 2 3608 4935,Los Muermos,2024-10-31
1576,Elena Daniela Vásquez Cáceres,psan-martin@example.org,+56 600 583 105,Paiguano,2024-08-31
1577,Luciano Cubillos Quezada,carolinanavarro@example.net,+56 9 9123 3117,Codegua,2023-01-05
1578,Rodrigo Ricardo Zamora Cuevas,patriciomella@example.org,+56 2 2346 2422,Pica,2023-11-07
1579,Ricardo José Berríos Díaz,haliaga@example.org,+56 32 364 5330,San Pedro,2021-12-05
1580,Juan Parra,danielgallardo@example.net,+56 9 9664 2422,Freirina,2023-07-09
1581,Fabiola Cristina Gaete Alvarado,beatrizpina@example.net,+56 2 2333 8432,Punitaqui,2023-11-15
1582,Ivonne Yasna Vargas Arenas,alejandromartinez@example.com,+56 45 236 4917,Maullín,2021-06-23
1583,José Burgos,isabella22@example.net,+56 9 9349 7067,Quilicura,2024-06-25
1584,Gaspar Alarcón Paredes,gabriel76@example.com,+56 2 3826 6981,Cerro Navia,2022-06-08
1585,Jenny Bravo Melo,mauricio86@example.org,+56 65 299 1644,Toltén,2024-01-12
1586,Sandra Rivera,abarcapablo@example.net,+56 2 3798 5309,Futaleufú,2022-08-08
1587,Karla Patricia Peña Caro,sandovalcarolina@example.net,+56 600 838 420,El Monte,2026-01-26
1588,Enrique José Acevedo Canales,maria69@example.org,+56 33 342 0863,O'Higgins,2024-07-02
1589,Victoria Florencia Bernal Gómez,loreto75@example.org,+56 2 2170 1124,Ovalle,2026-02-16
1590,Isidora Sandra García Rojas,ccastillo@example.net,+56 52 283 5370,Andacollo,2023-05-25
1591,David Valenzuela Paredes,gutierrezjavier@example.net,+56 41 391 9901,San Gregorio,2021-07-10
1592,Santiago Reyes,ricardo76@example.com,+56 9 7173 8135,Talcahuano,2021-11-30
1593,Alfredo Juan Llanos García,xaranda@example.net,+56 2 2888 5723,Carahue,2023-01-17
1594,Juan Alfonso Órdenes Pizarro,millarayjofre@example.org,+56 9 3303 7509,Canela,2025-06-04
1595,Erika Reyes,munozcarlos@example.com,+56 9 6597 8124,Combarbalá,2025-06-26
1596,Marcela Silva,hernandezguillermo@example.org,+56 63 377 6052,Mulchén,2024-04-25
1597,Elena Rosa Burgos Mendoza,myriamnunez@example.com,+56 53 296 3482,La Ligua,2023-12-17
1598,Julio Rodrigo Valdés Jorquera,sonia39@example.com,+56 2 3627 5977,Pudahuel,2023-02-25
1599,Juan Carlos Mondaca Quintana,vgallardo@example.com,+56 2 2124 6522,Longaví,2024-11-07
1600,Sylvia Cerda Reyes,ibarrera@example.org,+56 9 4284 8678,Queilén,2025-12-24
1601,Catalina Emilia Rivera López,emilia24@example.net,+56 800 589 960,Ercilla,2025-01-02
1602,Rogelio Uribe Donoso,vdiaz@example.com,+56 9 7978 2789,San Pedro de Atacama,2023-11-17
1603,Israel Roberto Araya Figueroa,daraya@example.net,+56 600 229 997,Pichidegua,2023-04-17
1604,Josefina Contreras Cáceres,mariabarrientos@example.org,+56 2 2737 7702,La Pintana,2023-12-21
1605,Carlos Raúl Arellano Henríquez,penaadriana@example.com,+56 2 2886 7810,Parral,2025-05-05
1606,Alberto Hernández,contrerasveronica@example.com,+56 2 3775 7050,Curaco de Vélez,2025-04-22
1607,Bastián Álvaro Salinas Seguel,sofiaortiz@example.org,+56 2 2849 5161,Navidad,2021-10-11
1608,Misael Carlos Cabrera Vera,sylvia35@example.net,+56 600 894 865,Monte Patria,2025-08-19
1609,Constanza Soledad Rocha Bahamondes,irenegonzalez@example.org,+56 9 9329 0570,San Juan de la Costa,2021-08-25
1610,Rodrigo Neira-Arias Hernández,uossandon@example.com,+56 45 265 1374,La Higuera,2022-02-02
1611,Ángela Monserrat Aguilar Morales,margarita43@example.com,+56 2 2752 3095,Paredones,2026-02-16
1612,Marco Bustos Sepúlveda,fmartinez@example.net,+56 800 379 371,Catemu,2023-03-19
1613,Mercedes González Villarroel,gcortes@example.org,+56 800 144 340,El Monte,2024-06-03
1614,Jennifer González Vargas,altamiranodiego@example.net,+56 52 214 7903,Punta Arenas,2024-12-14
1615,Carmen Javiera Burgos Santana,aravenavicente@example.net,+56 65 243 8009,Tucapel,2025-04-27
1616,Luis Bastián Zúñiga Guevara,tperez@example.com,+56 64 250 4908,Santa Juana,2024-08-03
1617,Oscar Rojas,ldonoso@example.org,+56 9 4210 5953,Pudahuel,2022-07-07
1618,Jesús Figueroa Pinto,fernandonavarrete@example.org,+56 9 4126 2989,San Clemente,2023-12-15
1619,Jocelyn Pavez Arias,daniloaraya@example.org,+56 2 2619 1897,Pozo Almonte,2022-08-12
1620,Marco Igor Riquelme Valdés,nunezdominique@example.com,+56 9 7796 6350,Llanquihue,2025-12-10
1621,Rosa Karina Madariaga Miranda,oscar34@example.net,+56 2 2223 6235,Cisnes,2024-12-24
1622,Luis Riquelme González,sanhuezacarolina@example.org,+56 600 160 484,Isla  de Pascua,2021-10-24
1623,Luciano Benjamín Bustos Almonacid,ivanandrade@example.org,+56 2 3975 9855,Chimbarongo,2026-05-11
1624,Carolina Araya Molina,margarita78@example.com,+56 53 222 7683,Hualañé,2021-09-21
1625,Anaís Valencia,jessica95@example.com,+56 9 6517 8770,Cabo de Hornos,2023-08-01
1626,Viviana Rossana Ramos Gajardo,munozcarlos@example.org,+56 2 2463 0627,Rancagua,2026-03-01
1627,Marcelo Andrés Sáez Hernández,luismorales@example.org,+56 9 3202 0886,Puerto Octay,2022-07-04
1628,Antonieta Lina Flores González,juanperez@example.com,+56 2 2669 0530,Iquique,2022-12-25
1629,Elías Arnoldo Toledo Ávalos,maximiliano57@example.org,+56 2 2962 2007,San Fabián,2023-08-18
1630,Diego Esparza,maria24@example.org,+56 9 8195 8106,Pucón,2023-10-08
1631,Inés Olga Contreras Espinoza,pvega@example.org,+56 9 5284 0926,Futaleufú,2021-08-28
1632,Juana Marta Fuentealba Muñoz,hmunoz@example.com,+56 2 3533 0846,María Pinto,2022-05-06
1633,Lorena Sánchez,gutierrezjose@example.com,+56 800 312 212,San Rafael,2022-01-13
1634,Danilo Herrera Carrasco,pamela43@example.org,+56 800 463 687,Primavera,2022-02-14
1635,José Gonzalo Correa Cortés,pparedes@example.com,+56 2 3156 3973,Nueva Imperial,2024-06-12
1636,Victoria Julia Bahamonde Orellana,hnavarro@example.org,+56 2 3902 8598,Palena,2024-10-03
1637,Israel Alejandro Novoa Tapia,garavena@example.org,+56 2 2266 9286,Pelluhue,2023-10-21
1638,Juan Silva Aguilera,elizabethpaz@example.com,+56 2 3218 4792,Llanquihue,2026-01-28
1639,Sandro Pedro Arce Arancibia,vivianabahamondes@example.com,+56 2 2881 4273,Santa Bárbara,2022-04-24
1640,Carlos Gonzalo Órdenes Troncoso,raul14@example.net,+56 800 573 439,Cobquecura,2023-04-16
1641,Mirna Amanda Díaz Norambuena,jcastillo@example.org,+56 52 280 3965,Llaillay,2022-10-19
1642,Víctor Romero Pérez,salgadomartina@example.org,+56 9 8207 9340,Putaendo,2022-05-15
1643,Camilo Matías Salas Araya,juliocarvajal@example.net,+56 43 373 9912,Rauco,2022-03-06
1644,Leonor Paola Figueroa Navarrete,tpulgar@example.com,+56 600 601 526,Pichidegua,2022-09-06
1645,Lidia Anahí Cabello Castillo,jvidal@example.com,+56 71 391 6602,Valdivia,2021-07-27
1646,Bernardo Luis Acuña Aranda,eaguirre@example.com,+56 2 2470 2715,Chiguayante,2025-06-14
1647,Javier Carrillo,obobadilla@example.org,+56 9 2459 0126,Ancud,2026-01-09
1648,Marcelo Herrera Meneses,moises68@example.net,+56 9 5485 0694,El Bosque,2025-06-24
1649,Jocelyn Nayareth Guzmán Hernández,jose49@example.net,+56 75 373 8038,Paredones,2024-01-18
1650,Luis David Acevedo Quintana,gabriela77@example.net,+56 9 5695 6797,Renaico,2024-09-08
1651,Hugo Sánchez Morales,tsaez@example.org,+56 45 263 2627,Yumbel,2023-12-19
1652,Elizabeth Silva,juanbahamondes@example.com,+56 2 3201 1794,Hualqui,2025-12-06
1653,Domingo Boris Yáñez Hernández,warteaga@example.org,+56 2 2766 0971,Camiña,2022-03-17
1654,Jessica Celia Olivares Miranda,marielamancilla@example.net,+56 9 7412 5716,Santa Cruz,2023-05-24
1655,Isabel Palma,munozangela@example.net,+56 61 277 2889,Guaitecas,2024-01-04
1656,Amanda Isidora Ramírez Escobar,hernanorellana@example.com,+56 800 353 481,Lumaco,2026-04-30
1657,Sofía Gloria Herrera Dinamarca,castillomanuel@example.com,+56 800 648 926,Timaukel,2023-11-09
1658,Catalina Martínez Tapia,vinzunza@example.com,+56 800 157 905,Tiltil,2024-09-26
1659,Fernanda Molina Aránguiz,sylviaacuna@example.org,+56 9 3117 0971,Rancagua,2022-01-16
1660,Natalia Medel,penaerna@example.net,+56 2 2387 8242,Pirque,2022-10-03
1661,Macarena Patricia Fuentes Guzmán,riffobenjamin@example.net,+56 800 459 374,Ercilla,2024-01-19
1662,Lucas Benito Reyes González,vasquezjose@example.com,+56 2 2221 6501,Río Claro,2023-06-28
1663,María Teresa Sánchez Norambuena,paolaescalona@example.net,+56 61 332 3069,Bulnes,2021-10-26
1664,María Fernández Matamala,gonzalezgianfranco@example.com,+56 9 2806 1519,Pitrufquén,2025-01-14
1665,Alexandra Claudia Gutiérrez Pinto,bastian01@example.com,+56 2 2164 2079,Quillota,2025-04-25
1666,Silvia Muñoz,escobarhortensia@example.org,+56 2 3580 3791,Perquenco,2021-09-25
1667,Sebastián Felipe Vásquez Vergara,cmorales@example.net,+56 75 317 1446,Los Sauces,2022-06-19
1668,Alonso Bladimir Calderón Ferreira,nelson22@example.org,+56 2 2981 7818,San Ignacio,2023-11-07
1669,Manuel Luis Arriagada Sepúlveda,hugoramirez@example.org,+56 9 6974 8934,Paredones,2025-02-10
1670,Dilan Vilches Escobar,ximenazurita@example.com,+56 58 246 4488,Osorno,2022-08-27
1671,Gonzalo Efraín Soto Lobos,valenzuelahernan@example.org,+56 2 2338 9456,Pucón,2023-02-09
1672,Lorena Marín Vera,rodriguezpedro@example.com,+56 600 819 009,San Juan de la Costa,2026-02-20
1673,Juan Díaz,xpena@example.org,+56 9 6966 2769,Maule,2024-07-23
1674,Irma María Véliz Mejías,jeniferferrada@example.org,+56 600 646 142,Coinco,2021-05-21
1675,Elizabeth Romina González Espinoza,cristobal97@example.com,+56 44 340 6608,San Fernando,2024-10-15
1676,Luis Sebastián Peña Guerra,herreraveronica@example.net,+56 9 5969 0676,Talca,2022-03-30
1677,Bernabé Retamales Muñoz,isabellazuniga@example.org,+56 2 3616 9939,Lo Barnechea,2022-02-21
1678,Angie Toledo Aravena,cherrera@example.net,+56 42 331 3335,Yerbas Buenas,2022-04-11
1679,Andrea María Muñoz Paz,rodrigo71@example.org,+56 9 8902 6540,Putaendo,2022-09-16
1680,María Ávila Ortega,maria17@example.org,+56 73 273 0327,Juan Fernández,2023-11-10
1681,Ana Janet Cuevas Salazar,lopezjose@example.net,+56 72 278 1229,Olivar,2025-04-27
1682,Dayana Sepúlveda,francisca77@example.net,+56 9 3534 4447,Pelluhue,2024-02-24
1683,Marcela Adriana Suárez Vargas,uvalencia@example.net,+56 52 358 5888,La Florida,2024-06-29
1684,Simón Jonathan Orellana Caro,dmunoz@example.net,+56 55 265 4094,Rauco,2023-01-10
1685,Francisca Novoa Ortiz,guajardojorge@example.org,+56 600 942 679,Cerro Navia,2024-01-01
1686,Alfonso Fernández,mariamachuca@example.org,+56 9 2310 9167,Primavera,2021-07-25
1687,Patricio Ortega,tzuniga@example.net,+56 55 355 5625,Las Cabras,2021-11-06
1688,Anahí Aída Gómez Vilches,dgonzalez@example.com,+56 9 9377 6650,Puyehue,2021-12-05
1689,Marta Contreras,rsanchez@example.org,+56 9 2851 3787,Petorca,2023-08-07
1690,Fabián Erwin Palacios Cárdenas,domingaroman@example.net,+56 2 2554 7977,Chiguayante,2025-02-25
1691,Sandro Mora López,karla59@example.net,+56 45 226 3411,Carahue,2024-09-03
1692,Felipe Torres Orellana,vilchesthiare@example.com,+56 2 3267 0403,Arauco,2021-07-05
1693,Santiago Yáñez Reyes,villalobosluz@example.com,+56 72 221 1972,Futrono,2025-02-04
1694,Luis Guzmán Acosta,ramirezyasmin@example.com,+56 600 418 040,Guaitecas,2024-07-12
1695,Juana Silvia Retamal Baeza,carlaurrutia@example.net,+56 600 291 632,Arica,2021-07-08
1696,Benjamín Roberto Cáceres Pérez,jose74@example.org,+56 9 4120 2082,Quintero,2023-07-10
1697,Flor Leyton Valenzuela,zgomez@example.net,+56 800 896 260,Cerrillos,2024-11-22
1698,Claudia Ceballos,arayamaria@example.org,+56 600 408 742,Bulnes,2025-05-31
1699,David Carrera Rojo,xsepulveda@example.net,+56 2 3704 3418,Portezuelo,2023-09-26
1700,Francisco Benjamín Albornoz García,nsanchez@example.com,+56 800 137 086,Nogales,2025-05-04
1701,Edgardo Ricardo Lorca López,torreselizabeth@example.com,+56 2 2416 2735,Freire,2024-10-07
1702,Macarena Ossandón Rosales,fabianperez@example.com,+56 800 926 627,Cobquecura,2026-03-13
1703,Osvaldo Waldo Novoa Ávila,cristobalescobar@example.org,+56 51 378 9760,Lumaco,2026-03-14
1704,María Génesis Barraza Salinas,johannaserrano@example.org,+56 9 3615 0352,Carahue,2023-06-01
1705,Solange Dominique Domínguez Sánchez,munoznicanor@example.net,+56 2 3508 7984,Quilleco,2025-09-21
1706,Miguel Luis Saavedra Flores,echeverriaclaudio@example.com,+56 51 260 7279,Los Vilos,2021-11-27
1707,Oscar Pablo Lagos Díaz,ksilva@example.com,+56 800 561 650,Pencahue,2021-12-22
1708,Jorge Joaquín Ibáñez Zambrano,franciscasalinas@example.com,+56 600 207 998,Collipulli,2021-12-19
1709,Eduardo Martín Villegas Carrasco,lquijada@example.net,+56 9 9219 0310,Palena,2025-12-01
1710,María Abigail Valencia Muñoz,ocontreras@example.net,+56 43 239 9030,Chaitén,2022-05-18
1711,Sandra Gloria Fuentealba Lizana,claudiagomez@example.org,+56 2 2151 7185,Putaendo,2021-11-02
1712,Carlos Hugo Mella Mancilla,michellerodriguez@example.net,+56 800 289 891,San Bernardo,2025-10-24
1713,Erika Graciela Pavez Hernández,ulloajuan@example.com,+56 9 3987 8625,Quilleco,2025-05-14
1714,Carlos Matías Meza Acevedo,cisternasmonica@example.net,+56 2 2644 2470,Penco,2024-05-18
1715,Ruby Pía Rodríguez Mendoza,ayalajohans@example.net,+56 63 340 6640,San Carlos,2024-02-29
1716,Jorge Figueroa Solar,alvareznancy@example.net,+56 2 2240 4453,Constitución,2021-05-23
1717,Pablo Arias Ríos,pchoque@example.org,+56 9 6120 1961,Peumo,2025-05-06
1718,Gerardo Mejías,lcontreras@example.com,+56 63 228 3577,Padre Hurtado,2025-01-13
1719,Carlos Parra González,chernandez@example.org,+56 2 3961 5650,Longaví,2025-07-12
1720,Gloria Sofía Acevedo Vidal,aranedarodrigo@example.com,+56 600 632 482,Los Vilos,2021-10-12
1721,Leandro Juan Meneses Carrasco,ramosluis@example.com,+56 600 711 868,La Higuera,2022-05-23
1722,Inés Pacheco,rosa66@example.org,+56 9 2662 8957,Coronel,2021-11-30
1723,Lidia Antonia Briones Arenas,conchapriscilla@example.com,+56 9 9920 6600,Tirúa,2024-03-27
1724,Inés López,barbaraparada@example.com,+56 2 3507 6550,Chile Chico,2023-08-07
1725,Tamara Lissette Díaz Vega,damian03@example.com,+56 41 298 0795,San Felipe,2026-01-08
1726,Ricardo Muñoz Vargas,cristiandelgado@example.org,+56 72 367 9980,Huechuraba,2025-01-31
1727,Ernesto Héctor Loyola Contreras,rossana16@example.net,+56 2 2749 7214,Curacautín,2024-02-24
1728,Maximiliano Javier Ramírez Ruiz,sotohector@example.com,+56 800 259 725,Frutillar,2023-11-28
1729,Matías Juan Jara Leyton,xbravo@example.net,+56 32 316 6131,Independencia,2025-05-28
1730,Sonia María Valenzuela Salas,thernandez@example.net,+56 800 677 247,Doñihue,2024-10-07
1731,Alex Jaime Torres Torres,dianabecerra@example.net,+56 61 379 6400,Ñiquén,2023-08-23
1732,Andrés Palma Rojas,giulianaalvarez@example.com,+56 2 3961 0323,Paredones,2026-04-27
1733,Sandra Emma Espinosa Vargas,mondacabruno@example.com,+56 2 3696 2727,Curarrehue,2024-04-21
1734,Nicole Catalina Román Maldonado,francisca01@example.net,+56 600 160 608,Conchalí,2022-08-06
1735,María Sánchez Leiva,pescobar@example.net,+56 9 2742 6902,Ninhue,2024-06-01
1736,Félix Valenzuela,jorgerebolledo@example.net,+56 2 3962 9865,Curepto,2023-05-13
1737,Felipe Vásquez Delgado,neiramarta@example.com,+56 41 366 8092,Linares,2022-02-12
1738,Isidro Francisco Muñoz-Velásquez Saavedra,josefasoto@example.com,+56 2 2696 5506,San José de Maipo,2021-06-13
1739,Gabriel Fabián Paz Rivera,rodriguezalonso@example.com,+56 51 253 1940,Santa Cruz,2021-11-01
1740,Simón José Fuentes Loyola,uflores@example.org,+56 9 4974 9149,San Clemente,2023-11-04
1741,Ximena Norma Maldonado Armijo,mariagarcia@example.org,+56 9 5253 6698,Tomé,2023-05-12
1742,Ramón Marambio Castro,riveragloria@example.com,+56 2 3681 4466,Río Bueno,2025-11-27
1743,Sofía González,emma32@example.net,+56 2 2355 7348,Doñihue,2022-06-24
1744,Juan Jacob Mora Tapia,esparzajose@example.net,+56 9 9267 6080,La Unión,2025-08-23
1745,Luzmira Erika Navarrete Silva,natachaarenas@example.com,+56 9 2579 7668,Cisnes,2022-04-29
1746,Luis Sánchez Quezada,molinapatricia@example.org,+56 9 3495 8100,Quilicura,2025-03-31
1747,Georgina Rose Cortés Serrano,salamancacristobal@example.org,+56 800 279 899,Providencia,2024-01-07
1748,Juan Eduardo Gómez San Martín,hvaldes@example.net,+56 65 368 9962,Chillán Viejo,2022-08-01
1749,Andrés Maximiliano Choque Vilches,mariazuniga@example.com,+56 800 684 475,Pumanque,2024-09-29
1750,Jair Thomas Vera Lagos,ycandia@example.com,+56 2 2422 4051,Cauquenes,2026-02-05
1751,Victoria Andrea Machuca Rojas,luisandrade@example.com,+56 2 3288 7719,Las Cabras,2024-03-08
1752,Francisco García Alvarado,jorquerafabiola@example.net,+56 32 372 4578,Quemchi,2025-06-29
1753,Aída Norma Guerrero González,perezeduardo@example.net,+56 2 3751 8604,Aisén,2023-04-15
1754,Ariela Sara Vega González,ogallardo@example.com,+56 600 518 339,Santa Juana,2024-01-21
1755,Vicente Nahuel Delgado Vargas,projas@example.org,+56 9 5896 8309,Curacaví,2025-09-14
1756,Alicia Angélica Mora Mancilla,cristobal67@example.com,+56 2 3585 9908,General Lagos,2023-11-01
1757,María Natalia Saavedra Araya,manuelgonzalez@example.com,+56 61 340 5068,Puerto Montt,2025-11-03
1758,Dayana Javiera Prado Rosales,susana35@example.org,+56 2 3633 3789,Taltal,2023-04-23
1759,Ricardo Víctor Barrera Flores,bfuentes@example.net,+56 44 392 1989,San Nicolás,2023-07-19
1760,José Francisco Mamani Cerda,qsaez@example.org,+56 9 8619 4414,Salamanca,2026-01-31
1761,Robinson Mateo Olave Andrade,javieracruces@example.net,+56 32 334 8977,Vitacura,2026-01-29
1762,Aída Peña-Tapia Rojas,nancy00@example.net,+56 9 6804 2809,Coltauco,2022-01-14
1763,Aída Acevedo Pinto,francisco60@example.org,+56 2 2533 9575,Negrete,2025-02-18
1764,Miguel Figueroa,ramon91@example.com,+56 71 310 4922,Teno,2022-09-27
1765,Eva Jara,maribelcatalan@example.org,+56 2 3525 8525,Temuco,2025-12-14
1766,Brayan González Parraguez,velasquezmonserrat@example.org,+56 2 3610 5684,Curanilahue,2021-07-08
1767,Jacqueline Bórquez Jara,vidalrodrigo@example.org,+56 2 2370 4337,Doñihue,2023-10-31
1768,Jacqueline Katherine Barahona Ortega,sofiavasquez@example.net,+56 61 332 7089,Lo Prado,2023-02-22
1769,Jorge Cisterna Méndez,claudio34@example.com,+56 2 2280 8109,Talcahuano,2024-07-28
1770,Bruno Yáñez Vicencio,calderonmaximiliano@example.net,+56 65 327 8622,Antuco,2025-10-25
1771,Víctor Pablo Pino Jiménez,carlanunez@example.org,+56 64 262 7904,Los Vilos,2022-02-23
1772,Paula Antonella Lagos Durán,szepeda@example.net,+56 2 2713 4905,El Carmen,2026-01-07
1773,Cristian Juan Olivares Gómez,cinthiaastudillo@example.net,+56 800 526 514,Pudahuel,2023-08-04
1774,Marco Alberto Aravena Sánchez,pilar68@example.com,+56 9 9987 4479,Calbuco,2021-10-19
1775,Daniel Manuel Cárdenas Gajardo,klizama@example.com,+56 600 401 416,Santo Domingo,2021-12-08
1776,Lucila Teresa Gómez Acuña,quezadahugo@example.org,+56 73 217 5751,Los Lagos,2022-03-07
1777,Noelia Anahí Plaza Soto,tvelasquez@example.org,+56 9 9899 5276,Litueche,2022-04-16
1778,Javiera Bárbara Velásquez Miranda,sergiovargas@example.net,+56 9 7531 7403,Yumbel,2024-05-03
1779,Pamela Margot Mella González,barbarasegura@example.net,+56 57 220 4281,Quemchi,2021-06-02
1780,Mary García Moya,rivascarlos@example.com,+56 43 213 9302,Pelluhue,2025-08-13
1781,Berta Rojas,eduardo05@example.org,+56 2 3684 0984,Cochamó,2023-10-20
1782,Camilo Díaz Molina,zvaldes@example.net,+56 2 3960 7735,Monte Patria,2022-11-11
1783,Alexander Peña Sepúlveda,fastudillo@example.net,+56 53 358 9202,Santiago,2024-10-28
1784,David Danilo Méndez Rodríguez,sotoaxel@example.com,+56 2 3859 8048,Limache,2022-07-10
1785,Lesly Juana Rebolledo Carreño,aquilesorellana@example.org,+56 9 8922 2741,Pelluhue,2022-05-28
1786,Rodolfo Riveros Figueroa,ruben22@example.org,+56 58 224 1847,Pemuco,2023-04-19
1787,Maximiliano Matías Aedo Arancibia,angela20@example.net,+56 600 980 214,Rengo,2023-07-06
1788,Nelly Meza-Huerta Montecinos,bcordova@example.com,+56 53 298 4131,Peñalolén,2025-06-06
1789,Bastián Guerra,dvalenzuela@example.org,+56 32 319 6737,Cartagena,2026-01-18
1790,Gastón Guillermo Zúñiga Ortiz,vsalgado@example.com,+56 800 628 211,Coquimbo,2023-07-22
1791,Mónica Paola Cortés Cerda,camposleopoldo@example.com,+56 2 2661 5024,Buin,2026-03-12
1792,Graciela María Donoso Ojeda,lilian28@example.org,+56 600 979 830,Llaillay,2023-08-29
1793,Valeria Erika Medina Aránguiz,fernandaorrego@example.com,+56 2 3237 1274,La Granja,2022-03-17
1794,María Bernarda Leal Rivas,erick36@example.net,+56 2 3249 8742,Iquique,2024-02-11
1795,Camila Geraldine Santander Lara,rosasjose@example.com,+56 2 3462 9928,Máfil,2023-03-01
1796,Claudio Diego González González,josebriones@example.net,+56 9 4269 7241,Pucón,2021-05-13
1797,Antonella Carmen Quinteros Saldivia,vcatalan@example.com,+56 61 367 5958,Calle Larga,2024-12-01
1798,Máximo Juan Correa Guerra,martaavila@example.org,+56 53 368 9110,Papudo,2025-02-03
1799,Georgina Ruth Aguirre Moraga,ricardomunoz@example.org,+56 32 348 5236,Dalcahue,2024-11-11
1800,Amanda Nadia Rojas Espinoza,igomez@example.com,+56 800 602 916,Quemchi,2022-12-13
1801,Macarena Catalán,tandrade@example.net,+56 2 2610 9370,Recoleta,2024-02-03
1802,Marcela Camila Vera Seguel,reyeschristian@example.net,+56 2 3374 8912,Lautaro,2025-05-11
1803,Sofía Rafaela Oyarzún Escobar,fvera@example.org,+56 73 361 4544,San Miguel,2022-10-10
1804,Claudio Héctor Silva Valderrama,florrivas@example.org,+56 63 283 0935,San Pedro de la Paz,2026-02-13
1805,María Lizama,amparo50@example.net,+56 9 9289 3547,Natales,2024-09-11
1806,Oriana Carol Araya Medina,jramirez@example.org,+56 2 2857 3584,Hualañé,2023-06-16
1807,Daniel Rodrigo Contreras Durán,rodrigodonoso@example.com,+56 9 8388 3875,Quinta de Tilcoco,2024-11-17
1808,Teresa Elisa Valencia Valdés,felipe87@example.net,+56 61 232 0000,Futrono,2023-05-25
1809,Hugo Alejandro Retamal Droguett,franciscatobar@example.net,+56 2 3758 2070,Los Ángeles,2026-03-06
1810,María Morales,javiermolina@example.net,+56 2 2526 0304,Hijuelas,2022-02-14
1811,Juan Benjamín Flores Villalobos,luisbecerra@example.net,+56 2 3516 3685,La Cruz,2024-05-13
1812,Roberto Eric Becerra Plaza,cescobar@example.net,+56 32 272 8521,Alto Biobío,2024-07-23
1813,Javier Maximiliano Matus Parra,jacqueline69@example.com,+56 2 2546 9574,La Pintana,2022-06-07
1814,Eric Jorge Valenzuela Sobarzo,munozconstanza@example.net,+56 2 3234 8819,Licantén,2022-02-26
1815,Karina Susana Inzunza Bascuñán,margaritaaviles@example.com,+56 57 340 6538,Romeral,2023-11-28
1816,Eduardo Germán Rosas Torres,cmunoz@example.org,+56 600 930 738,Tomé,2023-04-02
1817,José Espinoza Jaque,scid@example.net,+56 43 213 3424,Chépica,2022-06-07
1818,Alfonso Aguilera,cerdajulieta@example.org,+56 67 253 8436,Quinta Normal,2026-03-10
1819,Francisco Tapia,gaetemaria@example.org,+56 2 2762 5786,Villa Alemana,2022-06-11
1820,Sandra Ivonne Benavides González,fperez@example.org,+56 9 8716 8394,Villa Alegre,2022-05-25
1821,Claudia López-Contreras,jennifer97@example.org,+56 58 366 4480,San Nicolás,2023-01-30
1822,José Donoso,hermangarcia@example.org,+56 600 763 973,Quinta Normal,2024-05-11
1823,Simón Carlos Palma Espinoza,aida90@example.org,+56 9 5395 6033,Fresia,2021-11-16
1824,Alberto Guerra,joel95@example.com,+56 2 3583 5394,Laguna Blanca,2026-02-22
1825,Maite Sandra Villegas Bernal,lauramartinez@example.org,+56 9 9179 6793,Parral,2024-11-22
1826,Roxana Loyola Díaz,brian16@example.net,+56 9 2983 0859,Juan Fernández,2024-05-23
1827,Michael Francisco Navarro Reyes,santanacristian@example.org,+56 42 388 3613,San Pedro de Atacama,2023-12-01
1828,María Elsa Pizarro Navarro,alex26@example.net,+56 9 2177 2083,Sagrada Familia,2024-08-05
1829,Pamela Evelyn Paz Álvarez,mateo21@example.org,+56 2 3777 5759,Peñalolén,2024-03-02
1830,Antonella Delia Briceño Acosta,josetroncoso@example.com,+56 9 7368 1025,Villarrica,2025-01-29
1831,Cristóbal Valenzuela Riquelme,xrivas@example.org,+56 9 3117 7434,Ovalle,2023-06-05
1832,José Ramon Riquelme Maldonado,ernestovaldes@example.com,+56 9 4595 1543,Chiguayante,2021-05-25
1833,Eugenia Salgado Vega,mariaaguirre@example.net,+56 9 7596 0860,Curicó,2024-04-23
1834,Ángela Francisca Álvarez Briones,nicol02@example.net,+56 2 2681 9960,El Monte,2025-05-01
1835,Ema Elizabeth Gatica Huerta,ycardenas@example.net,+56 2 3303 4478,Nueva Imperial,2023-10-03
1836,Sergio Bernardo Velásquez Vargas,ygodoy@example.net,+56 600 833 054,Graneros,2022-04-19
1837,Estefanía Paola Romero Romero,umolina@example.org,+56 2 3298 7754,Nacimiento,2022-09-14
1838,Sonia Corina Hernández Duarte,hrojas@example.net,+56 2 3373 4206,Mejillones,2023-03-11
1839,Roberto Franco Muñoz Rivas,marcela63@example.org,+56 9 2435 5881,Pinto,2023-11-16
1840,Martina Nicole Acevedo Villalobos,alarconjuan@example.net,+56 2 2686 5177,Villa Alegre,2022-07-16
1841,Eric Leandro Cifuentes Retamal,anibaltroncoso@example.org,+56 55 327 4458,Quinchao,2021-08-24
1842,Manuel Patricio Alvarado Villanueva,jose20@example.net,+56 9 2200 9084,Ancud,2024-02-03
1843,Edith Leal Jiménez,martinezmaite@example.com,+56 800 161 297,Petorca,2025-09-27
1844,Agustina Torres Fuentes,davidrobles@example.net,+56 9 5881 4917,Cabrero,2024-09-24
1845,Ana Sandoval Orellana,emilia47@example.com,+56 9 2309 2687,Villarrica,2023-03-18
1846,Oscar Gutiérrez,ricardo25@example.com,+56 2 2781 9577,Rauco,2024-11-27
1847,Carmen Catalina Gajardo Bascuñán,sara70@example.org,+56 600 112 562,San Miguel,2024-01-24
1848,Nelson Arnaldo Rivera Reyes,marcelo97@example.com,+56 9 8320 5141,Antofagasta,2022-01-26
1849,Sebastián Neftalí Barraza Novoa,yaraya@example.org,+56 2 3247 0471,Andacollo,2025-09-10
1850,Katalina Rivera González,rosa20@example.net,+56 9 5493 3808,Olmué,2022-07-09
1851,Mauricio Jara Palma,nreyes@example.com,+56 42 330 8048,Vitacura,2024-12-14
1852,Roxana Daniela Jaque Hernández,conchamarta@example.com,+56 9 7881 2357,Parral,2023-10-17
1853,Deyanira Hilda Garrido Ibacache,mariagonzalez@example.net,+56 9 7710 8487,Lolol,2023-08-11
1854,Richard Villar,silviamunoz@example.com,+56 9 4965 4319,Natales,2024-12-08
1855,Bryan Urbina Cabello,alfarogenesis@example.net,+56 51 354 8755,San Carlos,2023-03-29
1856,Jorge Meza,dde-la-fuente@example.org,+56 9 4771 4492,Machalí,2025-04-18
1857,Alonso Ignacio Barra Correa,anamunoz@example.org,+56 73 339 3085,Zapallar,2025-03-23
1858,Julio Matías Rojas Cáceres,danny58@example.com,+56 800 731 278,Lampa,2025-07-27
1859,Juan Patricio Orellana Sepúlveda,leonmunoz@example.com,+56 2 2214 0946,La Cisterna,2023-01-17
1860,Rosa Tamara Cruz Romero,nrojas@example.com,+56 53 343 5378,Vicuña,2021-08-08
1861,Rosa Álvarez Lazo,cristinacarrasco@example.org,+56 2 3719 0277,Castro,2022-08-04
1862,Ana Fuentealba Neira,gvargas@example.org,+56 67 267 6236,Cunco,2024-11-01
1863,Kevin Vergara Ojeda,almonacidsilvio@example.net,+56 9 8963 4922,Antuco,2023-06-23
1864,Rossana Córdova Altamirano,leonormunoz@example.com,+56 53 249 0553,Salamanca,2025-09-11
1865,Rosa Claudia Varas Rozas,xmancilla@example.org,+56 2 2788 5297,San Esteban,2026-01-02
1866,Aurelia Donoso Espinoza,thomascarmona@example.org,+56 800 747 608,Talca,2022-10-16
1867,Michelle Zapata,boris16@example.com,+56 600 163 008,Sierra Gorda,2024-06-28
1868,Piero Soto,pizarrofernando@example.net,+56 9 5165 5680,Las Cabras,2022-10-24
1869,Miguel Nelson Rojas Ramos,vleal@example.net,+56 44 370 1084,Buin,2026-04-07
1870,Fernando Patrick Ramírez Gutiérrez,silvabenjamin@example.net,+56 2 3406 1522,Perquenco,2025-10-30
1871,Paola Jessica Saavedra López,emiliarozas@example.com,+56 2 3283 1660,San Vicente,2025-09-09
1872,Sara Carrillo Jorquera,idatapia@example.org,+56 9 8283 1633,El Carmen,2023-04-03
1873,Nancy Salgado Vidal,riveroscatalina@example.net,+56 32 225 6539,Lautaro,2025-10-19
1874,Claudio Benito Toledo Contreras,piabrito@example.com,+56 33 324 4430,Rancagua,2025-06-05
1875,Héctor Lukas Gallardo Guerra,gvargas@example.com,+56 52 335 9798,Arauco,2022-09-08
1876,Mariela Contreras Gallardo,martinareyes@example.com,+56 9 9885 0813,Lago Verde,2024-09-24
1877,Trinidad Carrillo Zambrano,maguilera@example.org,+56 2 2899 4393,San Pedro,2022-05-09
1878,Carlos González,cvalenzuela@example.com,+56 65 320 5116,El Carmen,2025-01-22
1879,Alicia Vera Núñez,juanpasten@example.org,+56 600 658 771,Coltauco,2025-05-27
1880,Claudio Rafael Riquelme Barrientos,ogalvez@example.net,+56 2 2580 6409,Collipulli,2024-02-12
1881,José Víctor Peralta Rodríguez,catalinatoro@example.net,+56 2 3151 8176,Caldera,2025-06-20
1882,Javiera Nicole Morales Alvarado,zmonsalve@example.org,+56 2 2315 0754,Pirque,2023-01-14
1883,Joel Eulogio Gallardo Méndez,daniela30@example.org,+56 64 346 7081,San Vicente,2024-10-16
1884,Patricio Díaz,earenas@example.org,+56 2 3607 4839,Casablanca,2025-04-09
1885,Juan Flores Carvajal,robertomillan@example.net,+56 2 3532 4459,Lanco,2026-04-29
1886,Cristóbal Marco Vega Fuentes,vargasclaudio@example.com,+56 2 3901 4980,Cisnes,2023-12-31
1887,Pedro Vicente Palma Parada,sotojudith@example.net,+56 2 2719 9418,San Ramón,2025-09-04
1888,Martín Fuentes Vásquez,flaviobustos@example.org,+56 2 3680 7368,Cisnes,2026-04-07
1889,Max Rojas Riquelme,angelicacatalan@example.net,+56 9 2169 3461,El Quisco,2024-06-20
1890,Néstor David Reyes Miranda,anafuentes@example.net,+56 32 333 0343,Cisnes,2024-11-16
1891,José Domingo López Bustamante,ignacio97@example.com,+56 600 458 843,Cabrero,2024-01-05
1892,Flor Valentina Durán Quiroz,jose62@example.net,+56 44 226 5563,Calbuco,2025-12-03
1893,Amalia Daniela Lillo Jara,bernabecaceres@example.com,+56 2 2568 3639,Combarbalá,2024-04-15
1894,María Bernarda Iturra Salinas,jose35@example.org,+56 2 3967 2134,Talcahuano,2023-08-05
1895,Gabriela Karin Cartes Vera,juanmanriquez@example.com,+56 2 2269 4714,Huara,2023-01-17
1896,Antonella Katherine Altamirano Bustamante,mneira@example.org,+56 800 265 480,Rancagua,2022-01-10
1897,Amalia Rodríguez Gutiérrez,miguelcartes@example.org,+56 2 2473 7484,Romeral,2022-06-29
1898,Adela Martina Escobar Belmar,matusluz@example.com,+56 58 349 9335,La Ligua,2022-01-13
1899,Jorge Maikol Cáceres Chávez,contreraselizabeth@example.org,+56 2 3514 7350,Puyehue,2023-12-26
1900,Gregorio Iván Estrada Escobar,tamararuiz@example.org,+56 600 109 890,Valdivia,2023-07-30
1901,Mercedes María Muñoz Valenzuela,isidora20@example.com,+56 2 3664 0389,Recoleta,2025-02-19
1902,Luis John Soto Sáez,martingonzalez@example.com,+56 51 239 7624,Santiago,2022-03-26
1903,César Mateo Vega Aravena,nicolastoro@example.com,+56 9 8955 0867,Rancagua,2023-02-12
1904,Agustina Gajardo,sofia79@example.net,+56 9 7159 8148,Quillota,2026-04-24
1905,Karina Molina Díaz,trinidadgonzalez@example.org,+56 600 598 203,Pirque,2023-02-27
1906,Juana Gutiérrez,ines04@example.com,+56 2 2606 7422,Paiguano,2023-09-23
1907,Patricia Valdés Ríos,jaimealarcon@example.com,+56 2 3194 5173,La Granja,2023-04-21
1908,Claudia Fernández,giovanni49@example.com,+56 2 2262 8806,Concepción,2023-06-17
1909,Esmeralda Amanda Valenzuela Pinto,merinochristian@example.org,+56 2 2803 4329,Putre,2024-05-11
1910,Benjamín Álvaro Sepúlveda Araya,talarcon@example.com,+56 73 280 9490,Pinto,2022-07-21
1911,Rigoberto Fernando Méndez Flores,felipe41@example.org,+56 45 262 5594,Puerto Octay,2025-04-23
1912,José Quezada,florentinamunoz@example.org,+56 33 320 9396,San Carlos,2021-05-11
1913,Elba Carmen Gutiérrez Padilla,mariaortega@example.net,+56 2 3323 2680,Nueva Imperial,2025-11-02
1914,Antonio Ponce Quintanilla,rodolfo24@example.net,+56 2 3786 6256,Paine,2025-12-02
1915,Martina Guerrero Rojas,lbarraza@example.com,+56 2 2238 8546,Putre,2025-08-09
1916,Pablo Flores Cabrera,aldoalvarado@example.org,+56 55 279 5296,San Felipe,2026-04-17
1917,Oscar Rodrigo Mansilla Navarrete,djorquera@example.org,+56 53 334 0793,Lago Ranco,2024-01-25
1918,Camila Ana Valenzuela Araya,matias10@example.org,+56 73 239 3294,Curacaví,2023-03-10
1919,José Jorge Reyes Fernández,anagutierrez@example.com,+56 2 3490 1601,Melipilla,2024-01-07
1920,Tamara Camila Pastén Armijo,qrosas@example.org,+56 2 3137 2532,La Reina,2023-10-21
1921,Demetrio Gallardo-Espinoza,romerojorge@example.com,+56 2 3690 4067,Malloa,2022-08-07
1922,María Neira-Candia,vicente49@example.org,+56 2 2927 2282,Negrete,2024-06-22
1923,John Ojeda Castro,valdesjose@example.com,+56 53 245 5680,San Gregorio,2024-11-21
1924,Yaritza María Muñoz Abarca,cfica@example.com,+56 9 3607 3228,La Cisterna,2021-07-20
1925,Marcelo Cristofer Salinas Pizarro,xsilva@example.com,+56 800 247 505,Ovalle,2025-03-08
1926,Ciro Gómez Ulloa,nunezcatalina@example.com,+56 2 2415 5058,Puchuncaví,2026-03-18
1927,Vanessa Urzúa Torres,ltapia@example.net,+56 2 3504 0669,Buin,2023-01-15
1928,María Correa,mcaro@example.com,+56 9 7997 2413,Cabrero,2023-01-27
1929,María Pamela Cavieres Sepúlveda,ricardo62@example.com,+56 57 292 0556,Olmué,2021-11-22
1930,Ximena Macarena Albornoz Vargas,ana27@example.org,+56 9 6981 8934,Lo Barnechea,2024-07-05
1931,Rodrigo Oscar Mora Peña,ramirezmatilde@example.org,+56 75 352 8475,Quinchao,2024-09-01
1932,Ricardo Ponce,freddyalfaro@example.org,+56 2 3669 1398,La Cisterna,2022-05-14
1933,Andrés Jorquera Flores,jimenezmaximiliano@example.org,+56 61 222 3999,Placilla,2022-01-24
1934,Rosa Giovanna Arias Salazar,zcea@example.net,+56 800 228 759,Machalí,2023-10-27
1935,Javier José Carvajal Araya,ricardo79@example.org,+56 9 6134 7316,Bulnes,2022-09-22
1936,Claudio Ariel Peralta Donoso,catalinaalarcon@example.net,+56 9 6133 0950,Padre Hurtado,2025-09-03
1937,Elías Gaspar Pardo Villagra,carlossepulveda@example.org,+56 2 2609 1828,Chillán,2024-04-07
1938,Norma Pulgar Delgado,rosa79@example.org,+56 42 356 3714,Antofagasta,2021-05-11
1939,Cristóbal Cristian González Muñoz,efrain04@example.org,+56 9 3276 4930,Bulnes,2025-11-30
1940,Gloria Ruth Berríos Pérez,santino69@example.com,+56 9 3725 3620,Toltén,2025-07-08
1941,María Pérez,matias27@example.org,+56 65 267 5411,General Lagos,2026-03-02
1942,Gloria Claudia Díaz Rojas,encinamiguel@example.org,+56 2 2812 9872,Monte Patria,2021-06-02
1943,Alicia Agustina Leyton Vera,margaritacarrasco@example.com,+56 52 335 0426,Cobquecura,2024-02-16
1944,Amalia Aguirre Pérez,jalmonacid@example.org,+56 2 3327 0008,Cisnes,2023-08-09
1945,Hugo Vásquez Campos,rodrigo86@example.net,+56 2 2573 3683,Vicuña,2023-10-19
1946,María Marisa Fuentes Fuentes,agustina84@example.org,+56 2 3714 1455,Calle Larga,2025-02-25
1947,Gladys Florencia Rivera Contreras,osvaldo80@example.net,+56 9 7897 3378,Yungay,2024-11-06
1948,Sixto Juan Núñez Gómez,marcia92@example.net,+56 2 3354 4232,Lebu,2023-09-22
1949,Olga María Vidal Rodríguez,pereiraenrique@example.com,+56 800 973 008,Arauco,2026-03-31
1950,Santiago Cristóbal Quintana García,fernandacepeda@example.com,+56 800 152 110,Lo Prado,2021-11-05
1951,Roberto Pérez Cancino,mtapia@example.com,+56 2 3325 4878,Taltal,2024-04-03
1952,Verónica Cruz-Verdugo Morán,miguelsepulveda@example.org,+56 32 296 5024,Linares,2025-06-19
1953,María Leal,bsegura@example.com,+56 2 2324 9326,Casablanca,2022-09-14
1954,Luis Diego Flores Godoy,aida73@example.net,+56 9 5409 6937,Mostazal,2025-11-28
1955,Verónica María Velásquez Ibacache,vicenciofernanda@example.org,+56 2 2736 8806,Purranque,2022-08-19
1956,Mireya Maite Montecinos Silva,cisternasramon@example.net,+56 58 263 7162,Lo Prado,2025-10-29
1957,Rolando Sergio San Martín Martínez,fuentesoscar@example.org,+56 2 3364 0406,Vilcún,2025-12-25
1958,Raúl Pereira,catalina53@example.org,+56 2 3699 9847,Río Ibáñez,2022-05-25
1959,Gloria Dayana Rojas Palma,carmen21@example.org,+56 600 366 664,Yumbel,2025-09-02
1960,Joaquín José Marín Bravo,josemartinez@example.org,+56 32 388 9910,Cerrillos,2024-02-17
1961,Trinidad Cárcamo,zapataluis@example.org,+56 600 170 294,Vallenar,2022-11-12
1962,Javier Morales Andrade,gracielaaguilera@example.com,+56 57 273 0473,Paiguano,2024-09-12
1963,Daniel Lobos,qramirez@example.com,+56 2 2955 8814,Río Negro,2022-09-25
1964,Fanny Alicia Durán Maureira,rodolfogallegos@example.com,+56 44 258 0968,Chépica,2021-08-21
1965,Juana Villegas Castillo,karen47@example.org,+56 2 2644 5167,Vichuquén,2025-12-23
1966,Anahí Gallardo,romina05@example.com,+56 9 7869 1225,Talagante,2021-10-08
1967,Alejandra Meza Prieto,stefano85@example.net,+56 2 3777 8393,Rengo,2026-01-01
1968,María Constanza Ponce Espinoza,kbarria@example.com,+56 2 2852 9216,Natales,2021-05-17
1969,Miguel Juan Zambrano Cifuentes,millarayhidalgo@example.org,+56 2 2397 5706,Coronel,2025-03-14
1970,Maximiliano Contreras Poblete,francisco62@example.net,+56 67 331 6134,Temuco,2022-09-07
1971,Mario Moya Yáñez,renehenriquez@example.org,+56 800 273 845,Laguna Blanca,2026-02-25
1972,Gloria Astorga Acevedo,galleguillosraquel@example.net,+56 9 7547 7720,María Pinto,2023-02-08
1973,Yoselin Alejandra Castro Montero,fuentealbabernardita@example.net,+56 2 2925 8559,Sagrada Familia,2022-01-20
1974,Javiera Olivares Catalán,henriquezjosefa@example.com,+56 600 406 915,Quirihue,2025-03-19
1975,María Ana Solís Saavedra,isabel37@example.net,+56 2 3217 1900,San Rafael,2022-03-25
1976,Verónica Albornoz,luisjara@example.org,+56 2 3474 9885,Alto Biobío,2025-11-23
1977,Eduardo José Silva Cornejo,salinaspatricio@example.org,+56 600 732 788,Coronel,2023-04-03
1978,Albert López Quezada,zdiaz@example.com,+56 44 390 7211,Codegua,2025-09-15
1979,Yohana Claudia Neira Briones,vivianavega@example.org,+56 2 2869 8045,Isla  de Pascua,2023-08-19
1980,Agustina Jiménez,csegovia@example.com,+56 33 278 8362,Caldera,2023-10-02
1981,Paulina Manuela Donoso Venegas,verahumberto@example.net,+56 2 3121 7750,Lo Barnechea,2021-10-01
1982,Eduardo Alexander Contreras Ojeda,jtoro@example.com,+56 67 238 8063,Isla  de Pascua,2025-10-14
1983,Jessica María León Gallardo,fiorellamoyano@example.com,+56 53 393 4423,Coihaique,2022-08-23
1984,Gladys Sonia Valdés Rivas,thomas25@example.org,+56 45 376 4897,Curacaví,2023-05-30
1985,Graciela Matus Vásquez,medinahugo@example.net,+56 600 942 601,Pica,2023-01-22
1986,Constanza González Fernández,qleal@example.net,+56 2 2246 8748,Vichuquén,2025-12-24
1987,María Ruth Pizarro Moya,gonzaloadasme@example.org,+56 2 2221 2308,Las Cabras,2021-09-02
1988,Augusto Eduardo Valenzuela-Hernández Olivares,aquiles37@example.org,+56 53 364 6809,Pencahue,2022-02-22
1989,Gabriel Tomás Silva Morales,jose34@example.com,+56 53 383 8830,Punta Arenas,2025-01-09
1990,Miriam González Molina,blanca28@example.com,+56 800 346 674,Penco,2023-01-23
1991,María Hernández Sáez,juan09@example.net,+56 9 8959 0511,Cauquenes,2024-06-20
1992,Héctor Gallardo,bjofre@example.org,+56 2 3442 6184,Cartagena,2025-08-26
1993,Sergio Vásquez Quezada,gonzalezluciano@example.net,+56 9 9536 9902,Puerto Montt,2022-12-02
1994,Mirtha Sylvia Cortés Díaz,hgarcia@example.net,+56 35 224 1740,Futrono,2024-12-08
1995,Mónica Ana Contreras Villegas,camila44@example.org,+56 800 908 454,Río Claro,2024-08-26
1996,Nelson Anderson Delgado Herrera,mireyaveliz@example.net,+56 34 229 7198,Colbún,2025-05-03
1997,Gustavo Luis Ramos Barrientos,leonardoriveros@example.com,+56 45 375 3931,Sagrada Familia,2021-12-31
1998,Cristian Leonel Rojas Alfaro,zapataclementina@example.com,+56 71 283 3567,Nacimiento,2021-10-26
1999,Beatriz Ibáñez Contreras,olga10@example.net,+56 800 104 804,La Pintana,2023-12-12
2000,Alexander Gaspar Peralta Arias,guzmanleticia@example.org,+56 2 3492 0834,Alhué,2024-12-18
2001,María Oriana Miranda Henríquez,vargasluis@example.org,+56 600 859 949,San Rosendo,2024-10-01
2002,Valentina Laura Aguirre-Cáceres Rosales,patriciocardenas@example.net,+56 800 737 898,Galvarino,2023-11-07
2003,Eva Luisa Donoso Hernández,mirandamartina@example.org,+56 2 3297 6789,Longaví,2023-11-26
2004,Fernando Jaime Mansilla Sepúlveda,herreramarcos@example.net,+56 2 2779 6707,Concón,2022-11-25
2005,Marcelo Matías Andrade Aguilera,clara75@example.org,+56 75 296 2467,Victoria,2025-09-11
2006,Elías Enrique Fuentes Araya,felipealvarez@example.com,+56 2 3853 7836,Quintero,2026-03-05
2007,Josefa María Reyes Silva,lirauberlinda@example.org,+56 2 3658 6690,Ñuñoa,2025-03-22
2008,Francisco Navarrete Silva,magdalenadiaz@example.net,+56 2 2892 8861,Paredones,2023-01-02
2009,Erika Pilar Silva Varas,mirandamario@example.net,+56 32 228 8863,Ercilla,2021-11-26
2010,Juan Marín,anasalinas@example.com,+56 2 3104 8227,Cabrero,2021-05-26
2011,Magdalena Mercedes Olivares-Peñaloza Huerta,bsolar@example.org,+56 55 272 9546,Alhué,2021-11-23
2012,Martín Aguilar,tleiva@example.com,+56 9 2496 5090,Pudahuel,2024-01-18
2013,Macarena Gloria Romero Vargas,jruiz@example.com,+56 2 3688 1116,San Joaquín,2025-07-31
2014,Carolina Alexandra Vidal Santibáñez,arios@example.com,+56 72 230 2414,Río Claro,2023-09-14
2015,Daniel Juan Pinto Zamorano,olgaahumada@example.com,+56 800 862 362,Padre Hurtado,2026-05-08
2016,Omar Matías Loyola González,francisco71@example.org,+56 9 8949 0665,General Lagos,2024-07-31
2017,Nora Arellano Campos,paulinasalinas@example.net,+56 2 2815 1904,Yungay,2022-03-14
2018,Nelly Sandra Benítez Fernández,adriana99@example.net,+56 52 359 5893,Cunco,2024-05-21
2019,Héctor Pablo Lobos Silva,berta16@example.com,+56 2 3951 0454,Camarones,2021-08-22
2020,José Merino Rojas,bernardita18@example.com,+56 72 369 8200,Copiapó,2023-05-24
2021,Stephanie Amparo Bernal Sánchez,riverajuan@example.net,+56 9 5313 0256,Algarrobo,2024-05-17
2022,Sergio Jorge Cares Castillo,aortiz@example.net,+56 2 3795 1258,Putaendo,2023-01-30
2023,Eduardo Manuel Quezada Ortega,uarancibia@example.net,+56 600 358 165,San Fabián,2023-08-03
2024,Vicente Julio Lira Guzmán,oscarcastro@example.com,+56 600 206 351,Pirque,2023-04-25
2025,Bárbara Luz Morales Lagos,normamaldonado@example.org,+56 800 826 366,Concón,2024-12-20
2026,Osvaldo Carlos Bernal Gallardo,pedro80@example.net,+56 2 3982 0031,Curicó,2025-11-20
2027,José Gómez,alfaromaria@example.com,+56 800 329 554,Salamanca,2023-10-25
2028,Alejandra Roxana Millán Díaz,tomas46@example.net,+56 52 228 1005,Río Ibáñez,2023-05-12
2029,Daniel Maximiliano Catalán Martínez,carlos66@example.net,+56 9 3863 2651,Punitaqui,2024-05-09
2030,Luz Guzmán,luengonicole@example.org,+56 67 377 5719,Lo Prado,2024-08-03
2031,Rodrigo Jorge Sepúlveda Moya,ddiaz@example.net,+56 53 247 4793,Vilcún,2021-06-10
2032,José Maximiliano Castillo Calderón,cesar48@example.org,+56 800 967 684,San Pedro,2024-12-21
2033,Isabel Elba Carvajal Astete,gustavoacevedo@example.com,+56 57 222 7996,Bulnes,2023-12-17
2034,Camila Inostroza Godoy,witurra@example.net,+56 9 8894 9885,Alto del Carmen,2025-05-16
2035,Sofía Cruz Hernández,lsalas@example.net,+56 9 4813 8810,Tiltil,2023-11-16
2036,Federico Jorge Palma Pino,qmunoz@example.net,+56 600 758 087,Chillán,2021-08-28
2037,Sara Ana Salazar Barrera,suarezmauricio@example.org,+56 9 6897 8092,Graneros,2026-01-13
2038,Patricia Camila Sáez Segovia,mariapardo@example.org,+56 45 253 2024,La Serena,2026-02-15
2039,Alexandra Vargas Bello,saavedrabrayan@example.org,+56 2 3268 4001,Coinco,2023-03-31
2040,María Virginia Muñoz Soto,rojasjeanette@example.net,+56 43 361 2890,La Pintana,2021-12-04
2041,María Doris Vergara Hernández,troncosocesar@example.org,+56 72 247 2256,Ninhue,2023-07-29
2042,Pedro Joaquín Gallegos Tapia,wtobar@example.org,+56 73 312 6993,Alto Hospicio,2022-10-02
2043,Diego David Cerda-Cárdenas Mendoza,yrojas@example.org,+56 2 3511 2871,Cunco,2024-12-27
2044,Rosa Isidora Jiménez Torres,wosorio@example.net,+56 33 243 4946,Curicó,2022-06-08
2045,Vivian Espinoza,sotogerman@example.com,+56 800 330 331,Río Bueno,2023-01-31
2046,María Inés Carrasco Flores,gburgos@example.org,+56 52 353 7764,San Ignacio,2022-06-05
2047,José Valdivia Duarte,manuel39@example.net,+56 72 344 7618,La Unión,2023-03-11
2048,Noelia Araceli López Manríquez,helena88@example.net,+56 2 3332 8018,Quilaco,2025-03-03
2049,Marta Mayra Olmos Calderón,eduardo14@example.net,+56 57 398 2412,Colbún,2023-11-30
2050,Arturo Venegas Rivas,wsaez@example.com,+56 9 4332 9888,Tiltil,2024-08-22
2051,Sebastián Arriagada Guerrero,castillodavid@example.com,+56 53 371 1610,Olmué,2021-05-16
2052,Jorge Troncoso,aguayoangelica@example.org,+56 2 3661 3300,Putaendo,2025-10-10
2053,Vicente Luis Riquelme Ramos,sanchezsebastian@example.org,+56 9 5124 6620,Torres del Paine,2022-02-01
2054,Erika Emilia Muñoz Manríquez,jmiranda@example.net,+56 800 178 449,Andacollo,2024-07-20
2055,Cristian Morán Vicencio,zambranoeduardo@example.com,+56 53 271 9015,Temuco,2023-08-29
2056,Marcelo Mora,gcancino@example.org,+56 34 241 7847,Huara,2026-02-26
2057,Pedro Tomás Silva Guerra,maria27@example.org,+56 9 4516 9684,Calera,2023-08-04
2058,Rafael Juan Navarrete Cea,godoyalejandra@example.org,+56 2 2335 1413,Mostazal,2022-06-08
2059,Juan Lazcano-Parraguez Farías,tagurto@example.org,+56 800 786 774,Río Claro,2021-05-27
2060,Juan Carlos López Figueroa,arayadaniela@example.com,+56 9 3184 9399,Futrono,2024-06-05
2061,Héctor Valdebenito Vergara,oyarzuntomas@example.net,+56 2 2252 5457,Pelluhue,2021-05-13
2062,Axel Mauricio Vásquez Mardones,nelson82@example.com,+56 600 107 607,Cisnes,2021-11-06
2063,Javier Pedro Barría Valdés,bcastillo@example.org,+56 600 671 781,Pemuco,2024-08-29
2064,Rosa Isidora Aranda Briones,pavezjuan@example.net,+56 2 3231 4205,María Pinto,2025-11-03
2065,Marisol Iris Núñez Pacheco,vicente00@example.org,+56 2 2368 9730,Angol,2025-02-23
2066,Katalina Rocío Godoy Silva,cristobalsanchez@example.net,+56 44 350 1774,Negrete,2021-12-03
2067,Diego Edgardo Aliaga Gamboa,mariasalamanca@example.org,+56 73 229 9273,Hualaihué,2022-11-19
2068,Valentina Rosario Fernández Barrera,regina50@example.com,+56 32 243 8585,Caldera,2023-12-31
2069,Victoria Guerrero,varelacecilia@example.net,+56 43 253 0678,Lumaco,2024-03-25
2070,Mayra Godoy Avilés,riquelmemia@example.net,+56 2 3991 1462,San Rosendo,2024-09-05
2071,Catalina Acevedo Muñoz,fabiola42@example.com,+56 800 289 113,Caldera,2023-03-16
2072,Jorge Byron Rojas Gómez,jarazunilda@example.org,+56 9 4359 7673,Guaitecas,2022-08-21
2073,Ramón Barrera Morales,agustinasilva@example.com,+56 45 267 5815,Ninhue,2023-03-23
2074,Juan Erwin Videla Rojas,quispebryan@example.com,+56 41 352 6318,Vitacura,2025-02-12
2075,Ingrid Paula Navarrete Paredes,maria62@example.net,+56 58 371 6248,Rengo,2021-10-29
2076,Marta San Martín,sanchezmercedes@example.com,+56 2 3684 0023,San Ramón,2021-10-05
2077,Ricardo Salinas,tmoreno@example.com,+56 2 2511 2825,O'Higgins,2022-01-30
2078,Elena Ariela Muñoz Varela,romannadia@example.net,+56 9 3271 3063,San Fabián,2024-02-03
2079,Martina Román Godoy,angelina24@example.net,+56 42 348 1595,Providencia,2024-09-06
2080,Raimundo Luis Rodríguez Ayala,vivianamolina@example.org,+56 9 6365 4017,Licantén,2025-08-17
2081,Juan Claudio Álvarez Arroyo,diegoromero@example.org,+56 51 281 3239,Río Claro,2025-11-16
2082,Sergio Rojo Vidal,ingridgonzalez@example.org,+56 51 278 6695,Monte Patria,2022-12-15
2083,Esteban Lucas Vera Vergara,xpena@example.org,+56 9 9343 0960,Chimbarongo,2021-08-31
2084,Daniel Cortés Vásquez,soledad35@example.org,+56 600 421 297,Pichilemu,2023-11-15
2085,Javiera Paola Ríos Benítez,xramirez@example.org,+56 9 6804 8503,Freire,2025-10-12
2086,María Vanessa Martínez Guzmán,fsanchez@example.net,+56 9 4718 9883,Puchuncaví,2026-01-30
2087,Paola Martínez González,ernestinatoledo@example.org,+56 52 285 3374,San Rafael,2023-07-01
2088,Rosario Ulloa Zúñiga,gonzalezangel@example.org,+56 9 4576 0418,Guaitecas,2022-01-24
2089,Jennifer Velásquez Lobos,rojasmiriam@example.org,+56 2 3949 3598,Coronel,2024-11-07
2090,Marco Benjamín Vidal Hernández,ubadilla@example.net,+56 2 3871 7764,Panquehue,2024-06-28
2091,Juan Dionisio Méndez Espinoza,mveloso@example.org,+56 2 2501 4703,María Elena,2022-09-12
2092,Adelina Garay,garceseduardo@example.net,+56 67 330 0110,San Gregorio,2022-06-30
2093,Sebastián Contreras-Ampuero,gmunoz@example.net,+56 53 265 6845,Laguna Blanca,2025-03-25
2094,María Fernández Díaz,vargasmarcos@example.net,+56 600 613 886,San Esteban,2025-05-30
2095,Juan Israel Espinoza Delgado,luciagonzalez@example.org,+56 9 7781 9264,Rancagua,2023-06-06
2096,Luis Brito Barra,johannagonzalez@example.org,+56 2 3547 4453,Alto Hospicio,2023-07-11
2097,María Andrea Rivas Vargas,castillopedro@example.com,+56 2 2651 3239,Talagante,2024-03-28
2098,Thomas Venegas,ppino@example.net,+56 2 2961 4573,Melipeuco,2023-04-06
2099,José Cordero,vasquezlaura@example.com,+56 2 2309 7784,Alto Hospicio,2022-01-02
2100,José Castro,hermosillaedgard@example.net,+56 2 3835 2863,Malloa,2025-02-02
2101,Freddy Araya Vera,nicol82@example.org,+56 9 4640 3628,Paillaco,2021-12-11
2102,Bernardita Gómez Durán,maria50@example.net,+56 73 286 1308,Codegua,2022-10-30
2103,Teresa Carmen Oyarce Poblete,qfuentes@example.com,+56 9 3394 5548,Nogales,2024-01-18
2104,Milena Salazar Vera,pilarjara@example.org,+56 72 274 9564,Futaleufú,2025-01-01
2105,Mireya Espinoza,castrobruno@example.net,+56 2 3712 3861,Pirque,2025-07-21
2106,Sergio Peña Moreno,matilda27@example.com,+56 9 4671 5794,Huechuraba,2025-10-05
2107,Luis Juan Torres Muñoz,danielanorambuena@example.net,+56 44 243 8705,Camarones,2025-03-30
2108,Javiera Cruz Arévalo,perezmarta@example.com,+56 9 9521 6330,Mejillones,2025-01-03
2109,Vicente Pérez Beltrán,juanberrios@example.net,+56 2 3265 5399,Pinto,2024-07-23
2110,Brígida Barrientos,francisca59@example.com,+56 600 662 936,Putaendo,2024-06-08
2111,Juan Gustavo Salas Ortiz,francisco24@example.org,+56 44 287 2602,Contulmo,2024-03-18
2112,Cristina Aracely Campos Hurtado,luis89@example.net,+56 51 223 0081,Coihaique,2025-04-29
2113,Luis Víctor Guerrero Mella,arriagadamaria@example.org,+56 600 499 450,Laja,2022-12-12
2114,Juana Jara,csepulveda@example.net,+56 600 614 237,Laja,2022-10-15
2115,Juan Fuentes,contreraspaulina@example.net,+56 58 329 5526,Lota,2026-04-28
2116,Jorge Jaime Castillo Díaz,rcontreras@example.org,+56 52 265 5815,Pichilemu,2022-11-10
2117,Alexandra Sabina Ávila Cisterna,favendano@example.org,+56 45 356 7709,Linares,2025-02-11
2118,Camilo Segundo Morales-Aravena Carrillo,josediaz@example.net,+56 9 7381 0599,Molina,2026-03-14
2119,Gonzalo Héctor Soto Godoy,juancastro@example.com,+56 600 139 010,Talca,2025-09-12
2120,Esmeralda Véliz,juanviveros@example.com,+56 9 3314 6334,San Fabián,2023-05-20
2121,Lucas Jhonny López Moreno,salazarjose@example.net,+56 800 225 646,El Carmen,2025-03-03
2122,Marcela Monsalve,veronicalizama@example.net,+56 600 315 574,Ñuñoa,2023-05-06
2123,Valentina Reyes,veronica98@example.org,+56 9 6972 5954,Negrete,2023-06-23
2124,Hans Rosas Rojas,lautaroramos@example.org,+56 9 4840 3653,Codegua,2024-08-31
2125,María Catalina Becerra Vega,carlosponce@example.com,+56 2 3909 9722,Concepción,2023-10-10
2126,Nicole Camila Sandoval Poblete,martinasaavedra@example.com,+56 2 2155 9530,Tomé,2025-08-16
2127,Marie Camila Ulloa Villa,zrojas@example.net,+56 2 3351 7831,Macul,2025-09-23
2128,Julio Pedro Vergara Gallardo,carlossepulveda@example.net,+56 600 960 103,Alto Hospicio,2022-04-07
2129,Cristian Segovia,maria14@example.com,+56 2 2703 0873,Lo Barnechea,2022-11-05
2130,Francisco Iván Villagra Estrada,emilia22@example.net,+56 2 2627 0437,Yerbas Buenas,2024-06-23
2131,Carlos Pérez,torresmatias@example.org,+56 65 220 7412,Loncoche,2023-10-15
2132,Fernanda Danae López Rebolledo,ignacio30@example.net,+56 800 178 263,Traiguén,2025-04-04
2133,Martín Exequiel Quezada Jara,cortesnatalie@example.net,+56 53 216 7590,San Rafael,2023-09-28
2134,Karen María Vásquez Vera,valdesmarcial@example.net,+56 9 4247 7271,Cañete,2024-07-22
2135,Cristian Nicolás Opazo Ortega,fonsecacesar@example.org,+56 2 3552 0659,Contulmo,2022-08-26
2136,Alex Vicente Méndez Ramírez,raulgomez@example.org,+56 2 3845 3826,Pichidegua,2022-02-23
2137,Matías José Rodríguez Cabrera,josevillablanca@example.net,+56 67 313 6872,San Antonio,2026-02-05
2138,Valentín Alejandro Araya Cuevas,xolivares@example.net,+56 67 253 2321,Florida,2024-10-22
2139,Alonso Pizarro-Riffo,josefa71@example.org,+56 600 604 421,Cauquenes,2021-08-22
2140,Daniel Gustavo Pérez Correa,vasquezjuan@example.net,+56 2 3604 8062,Collipulli,2022-05-17
2141,Luis Ahumada,bastianrojas@example.org,+56 2 2411 6318,Chillán Viejo,2023-12-15
2142,Manuel Urra Cornejo,magalynavarro@example.com,+56 52 358 7815,Lolol,2022-02-17
2143,María Belén Uribe Vergara,manuel99@example.org,+56 2 2130 9169,Tomé,2025-03-21
2144,Patricio Arévalo Sandoval,jose25@example.org,+56 2 3919 4219,Mejillones,2024-07-01
2145,Fernanda Rossana Villegas Ruiz,gonzalezgerman@example.net,+56 9 2738 2095,Loncoche,2023-01-28
2146,Michel Aros,sjofre@example.net,+56 45 218 3504,San Antonio,2026-05-10
2147,Ramón Faúndez Vilches,rburgos@example.org,+56 2 2264 1593,Putaendo,2024-06-29
2148,Pedro Humberto Bobadilla Pérez,alanolguin@example.org,+56 65 248 3124,Lolol,2026-01-07
2149,Daniela Madariaga Quintanilla,ricardoduarte@example.net,+56 2 2945 9200,Navidad,2025-12-16
2150,María Julia Muñoz Romero,mmolina@example.org,+56 57 282 2891,Llanquihue,2024-07-09
2151,Gladys Isidora Pérez Ávila,xyanez@example.org,+56 51 237 6736,Pichidegua,2024-12-14
2152,Milton Matías Morales Díaz,reinaldo90@example.com,+56 2 3969 3118,Santa Cruz,2025-07-11
2153,Margarita Jessica Carvajal Iturra,ruthsepulveda@example.org,+56 800 463 425,San Nicolás,2022-12-10
2154,Gloria Aguilera Lobos,romerodaniel@example.net,+56 9 9540 4810,Curarrehue,2025-08-29
2155,Isidora Moreno Hernández,brios@example.net,+56 51 372 8497,Retiro,2025-07-23
2156,Sarai Cortés Cartes,osalinas@example.com,+56 800 968 267,Los Sauces,2026-01-16
2157,Rosa Javiera Henríquez Contreras,cmaldonado@example.org,+56 2 3104 6669,Mariquina,2023-03-26
2158,Johnny Alejandro Barraza López,oscarmarquez@example.org,+56 600 967 685,Paillaco,2025-06-21
2159,Daniel Barros Flores,bustosrosa@example.org,+56 2 3450 6566,Huechuraba,2025-04-18
2160,Abigail Jorquera Oyarce,francisco18@example.com,+56 9 5219 3286,Pelarco,2022-01-22
2161,José Acevedo Miranda,golivares@example.org,+56 600 131 004,Olivar,2026-01-10
2162,Roberto Mario Álvarez Palma,lorenaurzua@example.com,+56 9 2693 6866,Pencahue,2022-06-26
2163,David Daniel Ibáñez Muñoz,maria26@example.net,+56 43 273 0698,Quilpué,2024-10-23
2164,Ricardo Cristian Contreras Carmona,xmendoza@example.org,+56 72 354 6194,Río Claro,2022-12-16
2165,Octavio Parra,ramoncortes@example.net,+56 2 3996 9011,Isla de Maipo,2022-08-01
2166,Hugo Rolando Caro Cisterna,gonzalezluis@example.org,+56 44 383 3847,Cabildo,2024-02-22
2167,Matías Rubén Manríquez Astete,josetorres@example.net,+56 2 3708 8692,Calera de Tango,2025-11-13
2168,Cristian Miranda Cortés,penalozaluisa@example.org,+56 53 212 6757,Ovalle,2022-05-28
2169,Miguel Corvalán Soto,maximiliano95@example.com,+56 9 3479 1408,Santiago,2023-09-09
2170,Luis Ernesto Fernández Chávez,edmundo25@example.com,+56 2 3629 8746,Lonquimay,2024-09-28
2171,Bernardo Omar Ávila Álvarez,patricio81@example.net,+56 35 249 8728,O'Higgins,2025-04-14
2172,Katalina Norambuena Canales,mamanicarla@example.com,+56 800 725 152,Curanilahue,2024-04-01
2173,Ignacio Marcelino González Herrera,florespedro@example.org,+56 2 2987 1400,Curanilahue,2024-06-21
2174,Francisco Alex Flores Ramírez,florenciamunoz@example.org,+56 2 2847 7954,Lanco,2022-02-26
2175,Alex Castillo,lobosisabel@example.com,+56 51 256 9314,La Cisterna,2025-04-03
2176,Matías Jaramillo González,hectormeza@example.com,+56 800 536 160,Pitrufquén,2022-01-02
2177,Darwin González,fernando56@example.com,+56 63 298 3982,Cabo de Hornos,2025-04-19
2178,Verónica Farías,olga52@example.org,+56 9 4355 3455,Carahue,2021-10-03
2179,Fermín Valdebenito Aguilera,ethan61@example.org,+56 2 2876 9189,Laja,2026-04-18
2180,Roxana Sepúlveda Burgos,esoto@example.com,+56 71 213 2262,Saavedra,2022-11-15
2181,María Georgina Astete Cárdenas,venegasbenedicto@example.net,+56 2 3835 9286,Renaico,2024-01-26
2182,Santiago Jorquera Cárdenas,cabezascarlos@example.com,+56 43 368 2340,Arauco,2022-09-17
2183,Ian Felipe Inzunza González,bvicencio@example.com,+56 41 281 5710,Quillota,2022-05-25
2184,Leopoldo Figueroa López,eduardo25@example.net,+56 800 442 675,San Pedro de la Paz,2025-08-31
2185,Genoveva Rosa Zambrano Alvarado,josealvarez@example.org,+56 42 251 0547,Lonquimay,2021-10-13
2186,Marcia María Salazar Palma,horellana@example.com,+56 35 381 7143,Lota,2022-08-27
2187,Francisca Isabella Quezada Berríos,belisario09@example.net,+56 800 175 108,Melipilla,2026-01-10
2188,Paulina Fabiola Araneda Villablanca,hernan54@example.com,+56 9 2140 5282,San Bernardo,2025-04-23
2189,Pedro Esparza Silva,sandrabarrera@example.net,+56 2 3429 4949,Osorno,2023-07-26
2190,Ximena Sánchez,carlosparedes@example.org,+56 9 6932 2920,Quillota,2024-11-02
2191,Paola Ruth Vera Ríos,jorgesandoval@example.org,+56 2 3333 3435,Putre,2022-08-07
2192,Karla Muñoz Soto,maria55@example.com,+56 9 6706 3860,Antuco,2021-06-29
2193,Catalina Cabrera,ghenriquez@example.net,+56 800 824 719,Rengo,2023-08-26
2194,Jesús Facundo Navarrete Bravo,msalas@example.org,+56 9 4163 3131,Cartagena,2025-11-20
2195,Luz Marlene Riffo Moya,marcelo08@example.com,+56 2 2439 4815,El Quisco,2025-07-06
2196,Carlos Mancilla Lorca,alexandermorales@example.org,+56 2 3142 7244,Treguaco,2024-08-02
2197,Juana Jeannette Bustos Gálvez,yolanda87@example.net,+56 2 3599 4195,Empedrado,2025-08-16
2198,Irma Pérez Medel,hernandezmartin@example.net,+56 2 2858 7171,Recoleta,2021-05-21
2199,Nancy Javiera San Martín Arancibia,laramarcos@example.com,+56 2 2403 2702,Licantén,2023-09-08
2200,Carmen Castillo,gsanchez@example.net,+56 55 285 7998,Sierra Gorda,2023-11-19
2201,Gonzalo Espinoza Becerra,lopezcatalina@example.com,+56 9 2375 0051,Licantén,2025-07-16
2202,Sergio Luis Ponce Flores,lrojas@example.net,+56 9 6862 8261,San Rosendo,2022-04-21
2203,Tomás Iván Campos Muñoz,natalie36@example.net,+56 53 249 9838,San Vicente,2023-06-26
2204,Juana Daniela Reyes Díaz,nelsoncaro@example.com,+56 35 228 2289,María Elena,2022-11-14
2205,Luzmira San Martín Olmos,hectorquijada@example.net,+56 2 2891 6010,Parral,2021-12-29
2206,Camila Cid Silva,diego29@example.com,+56 2 2932 0622,Huasco,2022-09-11
2207,Arturo Juan Araya Riquelme,gloriacastro@example.net,+56 45 395 4535,San Pablo,2021-05-20
2208,Jean Juan Gallardo Venegas,hmorales@example.com,+56 9 2492 5246,Recoleta,2024-11-27
2209,Carolina María Fuentes Silva,pgonzalez@example.com,+56 9 8968 0941,Quinta Normal,2023-10-23
2210,Martín Arias-Álvarez,munozedith@example.com,+56 2 2616 7948,Sierra Gorda,2021-07-07
2211,Alejandro Francisco Donoso Guerra,klopez@example.org,+56 600 656 250,Nogales,2021-08-28
2212,Tito Troncoso Astudillo,ggarcia@example.com,+56 800 687 110,Constitución,2022-07-24
2213,Cristóbal Gatica,jorge99@example.org,+56 800 955 197,Saavedra,2022-03-27
2214,César Álvarez Cuevas,martina17@example.com,+56 9 2528 3296,La Estrella,2022-12-09
2215,Claudina Michelle Pérez Castillo,xflores@example.com,+56 2 3185 0512,Olivar,2022-04-27
2216,Blanca Valencia,almendracortes@example.com,+56 2 3264 3129,Viña del Mar,2021-10-10
2217,Josefina Blanca Soto Burgos,zguzman@example.net,+56 2 3523 8331,Traiguén,2023-10-02
2218,Sofía Claudia Mardones Martínez,brunomunoz@example.com,+56 800 727 389,Concón,2023-07-23
2219,Luis Mateo Ahumada Valdés,diego45@example.org,+56 800 539 664,Curepto,2026-03-31
2220,Jean Bahamonde Ramírez,balvarez@example.net,+56 2 2438 2456,Frutillar,2023-10-06
2221,Cristian Quiroz Mondaca,lidia12@example.com,+56 800 116 835,Corral,2023-11-15
2222,Víctor López,aherrera@example.org,+56 800 773 000,Traiguén,2021-11-28
2223,Sofía Donoso Sandoval,carrascopedro@example.net,+56 800 701 188,Tocopilla,2022-01-23
2224,Mauricio Jorge Lobos Benavides,taguilera@example.org,+56 72 221 0194,Mejillones,2024-07-24
2225,Manuel Felipe Ramírez Sepúlveda,mia34@example.net,+56 800 371 035,San Rafael,2025-11-27
2226,Paola Berta Choque Ahumada,johansaguilera@example.net,+56 58 226 9330,Los Andes,2026-01-01
2227,Francesca Pizarro,francisca39@example.com,+56 57 266 2570,Río Claro,2022-01-21
2228,Irma Gómez,kfarias@example.org,+56 9 7928 9190,Chiguayante,2025-02-24
2229,Albino Marcial Mardones Collao,jparra@example.com,+56 32 276 6198,Pucón,2025-08-05
2230,Carlos Soto,ruthlazo@example.org,+56 2 3994 6965,San Vicente,2023-10-04
2231,Rosa Mirta Castro Carrillo,marcela01@example.com,+56 72 234 1531,Quilleco,2025-11-17
2232,María Emelina Mora Tapia,ramirezmartin@example.net,+56 800 267 370,Quilicura,2025-12-10
2233,Barbara Emily Vergara Cares,juan90@example.org,+56 2 2669 3219,Taltal,2023-09-10
2234,Elisa Silva,xaguilar@example.com,+56 73 263 8904,San Pedro,2025-02-19
2235,Patricia Molina López,tarteaga@example.org,+56 41 355 1467,Máfil,2024-01-28
2236,Manuel Aránguiz Cuevas,vconcha@example.com,+56 9 5407 0326,Treguaco,2023-05-15
2237,Carlos Ramos,carlos73@example.org,+56 2 3388 7377,Tortel,2021-06-29
2238,Benjamín Edson Vega Montecinos,xencina@example.org,+56 42 338 6841,Santa Juana,2025-04-16
2239,Magaly Maribel Ahumada Gutiérrez,xsanchez@example.net,+56 9 6282 9701,Antártica,2022-11-08
2240,Patricio Ricardo Bravo Arce,marcelojara@example.com,+56 2 2812 8343,La Granja,2024-07-02
2241,Bruno Rojo García,contrerasscarlett@example.net,+56 41 326 8457,Hijuelas,2022-02-02
2242,Berta Riquelme Piña,wilsonalvarez@example.com,+56 2 3943 5071,Concepción,2024-10-02
2243,Francisco Joel Velásquez Agüero,jeison27@example.net,+56 2 3422 4252,Paillaco,2021-09-04
2244,Paola Lazo Moreno,rojasroberto@example.net,+56 800 405 997,Hualpén,2025-07-05
2245,Juan Gustavo Oyarzo Machuca,perezmagaly@example.net,+56 2 2772 5128,Calama,2021-09-02
2246,Eugenio Cristian Bórquez Gómez,milenaaraya@example.org,+56 2 2973 8056,Romeral,2022-01-08
2247,Ruth Javiera Avendaño Torres,rramirez@example.com,+56 2 2849 3783,Monte Patria,2021-09-26
2248,Sandra María Orrego Pérez,lorena61@example.com,+56 2 3508 3926,La Higuera,2022-08-05
2249,Camila Lucía Morales Alfaro,angel19@example.org,+56 75 359 8235,Hualpén,2025-11-04
2250,Isabella Debora Ruiz Pinto,eduardo30@example.net,+56 2 3360 2742,Antártica,2023-03-05
2251,Vicente Samuel Rivera Torres,matias86@example.org,+56 2 2438 3962,Melipeuco,2023-10-04
2252,Pablo Pardo Díaz,molinajaime@example.net,+56 2 2244 6957,Hualqui,2022-02-07
2253,Jonathan Garrido Bustos,silvacarolina@example.com,+56 2 2716 9831,San Ignacio,2024-07-18
2254,Carla Paz Manríquez,parranoemi@example.com,+56 2 2778 4562,Peñaflor,2023-07-16
2255,Constanza Marisol Plaza Araya,jarajulio@example.org,+56 2 2497 6051,Nogales,2025-07-18
2256,Elizabeth Barrera,carlos91@example.net,+56 800 508 437,Petorca,2021-09-21
2257,Denisse Flores Matamala,molinaagustin@example.org,+56 9 7483 0270,Lonquimay,2025-04-25
2258,Florencia Droguett,rebolledoamelia@example.org,+56 800 716 960,Colbún,2024-11-30
2259,Jorge Ariel Vejar Parraguez,sotofabian@example.org,+56 55 393 5176,Independencia,2021-10-15
2260,Margarita Vergara,carlos28@example.net,+56 600 229 565,Pica,2021-09-03
2261,Patricio Luis Arenas Moyano,angela29@example.com,+56 2 3985 3735,Portezuelo,2023-11-25
2262,Laura Bustamante Álvarez,lucasguerra@example.org,+56 2 3977 7027,Tucapel,2021-06-02
2263,Nelson Mansilla Osorio,lucas15@example.net,+56 65 251 2506,Pelluhue,2022-06-28
2264,Denisse Rosa Muñoz Medina,gaguirre@example.com,+56 9 9345 3538,Melipilla,2024-01-03
2265,Rosa Rosales,pablacastro@example.org,+56 75 317 1182,Curanilahue,2024-07-26
2266,Manuel Martín Sepúlveda Flores,jorge26@example.com,+56 800 740 349,Diego de Almagro,2022-08-10
2267,Omar Eduardo Díaz Reyes,camila87@example.com,+56 9 9501 8741,Fresia,2026-04-08
2268,Marisol Yáñez,yeseniavera@example.com,+56 600 397 481,San Felipe,2022-11-03
2269,Luis Juan Pulgar Santander,camilomonsalve@example.org,+56 2 3902 3957,Cerrillos,2021-06-13
2270,José García Rojas,carla44@example.com,+56 2 2602 3880,Quillón,2023-12-22
2271,Claudio Román Suárez Hernández,martinezluis@example.org,+56 65 279 5764,Pichidegua,2023-10-03
2272,Elías Ortega,vargascristobal@example.com,+56 34 338 4271,Natales,2025-03-18
2273,Christian Germán Álvarez Cruz,patricio25@example.com,+56 2 2999 1126,San Pablo,2024-07-26
2274,María Anahí Villalobos Alvarado,beatriztorres@example.net,+56 75 319 8270,Coltauco,2025-02-15
2275,Luis Herrera Astorga,leontinalopez@example.com,+56 43 212 3340,Alto Biobío,2022-01-23
2276,Erick Juan Contreras Olivares,violetazuniga@example.com,+56 600 251 447,Casablanca,2025-01-14
2277,Michelle Díaz Parada,paula12@example.org,+56 2 2346 6550,O'Higgins,2025-07-05
2278,Marco Juan Cáceres Jaramillo,luiscardenas@example.com,+56 9 7309 8456,Catemu,2025-10-10
2279,Antonio Patricio Mardones Bahamonde,altamiranoelvis@example.org,+56 42 336 4032,La Higuera,2024-06-27
2280,José González,jsepulveda@example.org,+56 2 3926 2571,Punitaqui,2025-02-18
2281,Manuel Saavedra,hormazabalroberto@example.org,+56 2 3198 3866,Coquimbo,2023-04-21
2282,Oscar Lobos San Martín,anguloximena@example.org,+56 800 394 741,Osorno,2025-07-27
2283,Hipólito Córdova,uguerra@example.com,+56 9 2951 1059,Punitaqui,2025-10-03
2284,Margarita Ramírez,sofiapizarro@example.com,+56 2 2320 9677,Bulnes,2025-02-03
2285,Jaime López Aravena,juliocaro@example.com,+56 35 292 3836,La Pintana,2023-10-31
2286,Ana Lucía Guerrero Morales,danielgalleguillos@example.org,+56 9 7853 6564,Yumbel,2025-12-06
2287,Antonella Vergara Núñez,xnaranjo@example.com,+56 35 293 7218,Alto Hospicio,2022-04-13
2288,Vicente Vargas Vega,vortiz@example.net,+56 63 394 1638,Punitaqui,2022-09-04
2289,Mauricio Santibáñez Sánchez,baezolga@example.com,+56 2 3187 4313,Machalí,2022-06-09
2290,Elisa Sánchez,fpalma@example.com,+56 58 231 6209,Hijuelas,2024-04-25
2291,Leonardo Sepúlveda,leivajavier@example.org,+56 2 2462 7356,Pencahue,2025-11-06
2292,Ana Amanda Medina Ruiz,diana78@example.net,+56 9 3527 3613,Cabo de Hornos,2026-03-18
2293,Pascuala Contreras Castro,tovalle@example.net,+56 600 922 962,San Gregorio,2024-05-13
2294,Alberto Rubén Arce Pizarro,luciamunoz@example.com,+56 600 926 319,Canela,2023-11-02
2295,Oscar Arévalo,lorenzo31@example.net,+56 800 207 774,Copiapó,2021-05-19
2296,Catalina Ojeda Herrera,juan06@example.net,+56 42 339 5293,Yumbel,2023-02-03
2297,María Magali Villegas Aravena,quintanajaime@example.org,+56 63 390 9707,Yerbas Buenas,2021-07-14
2298,Hipólito Núñez Burgos,lukaszuniga@example.com,+56 51 217 1956,Vallenar,2024-05-30
2299,Tomás Pinto Guzmán,pablo26@example.net,+56 2 3437 4185,Purranque,2023-01-30
2300,Juan Sebastián Pereira Gómez,perezjuan@example.net,+56 2 3802 4055,Collipulli,2022-02-15
2301,Lidia Sandra Díaz Figueroa,carlosmansilla@example.net,+56 2 2319 2120,Rinconada,2021-10-09
2302,Juan Javier González Monsalve,ramonparra@example.net,+56 9 3677 2912,Cabo de Hornos,2022-03-08
2303,Eduardo Domínguez García,perezluis@example.com,+56 64 245 9657,Algarrobo,2021-06-29
2304,Carlos Gabriel Casanova Cornejo,karinacarreno@example.org,+56 9 5202 8197,Talcahuano,2021-11-28
2305,Héctor José González Hormazábal,marquezfanny@example.org,+56 64 347 9515,Licantén,2022-07-15
2306,Jenniffer Cortés Contreras,maitebarrientos@example.org,+56 2 3701 9487,Papudo,2025-07-10
2307,Eloísa Estrada Zárate,jmunoz@example.org,+56 600 597 775,Santa Cruz,2024-03-11
2308,Carolina Bustamante,xmiranda@example.com,+56 35 286 4752,Monte Patria,2022-04-22
2309,Sofía Belén Sanhueza Ruiz,llanossandra@example.com,+56 9 6580 0755,Lonquimay,2022-06-08
2310,Virginia Castro,cortesmanuel@example.org,+56 72 352 5157,Renaico,2026-02-27
2311,Eduardo Torres,surrutia@example.net,+56 9 4765 7764,Pica,2024-10-20
2312,Roberto Paredes,ana29@example.com,+56 44 357 5202,Melipeuco,2021-10-18
2313,Gustavo Jorge Rojas Díaz,mariacoronado@example.net,+56 9 4290 5589,Arica,2023-11-09
2314,Flor Blanca Vásquez Meneses,miriam62@example.net,+56 9 6664 0705,San Juan de la Costa,2025-09-29
2315,Ana Guajardo,ncastro@example.org,+56 73 272 9724,Chaitén,2025-02-03
2316,Iván Joaquín Orellana Saldaña,romeromartin@example.net,+56 9 5496 4335,Talagante,2024-06-24
2317,Maximiliano Valdebenito Flores,wespinoza@example.com,+56 2 3779 9449,Copiapó,2026-03-04
2318,Sebastián Cáceres,yasna08@example.net,+56 600 958 328,Estación Central,2021-11-28
2319,Ignacio Albornoz Soto,emilia07@example.net,+56 2 3700 8241,Victoria,2024-01-28
2320,José Escobar Fernández,gmansilla@example.org,+56 64 312 7036,Lanco,2022-11-08
2321,Renata Salazar Beltrán,dsepulveda@example.com,+56 9 2237 3439,Caldera,2021-09-12
2322,Rogelio Mauricio Salgado Meza,tescobar@example.com,+56 2 2207 8724,Rinconada,2022-01-01
2323,Wilfredo Pinilla,ymunoz@example.org,+56 2 3842 9234,Arica,2021-11-28
2324,Pedro Luis Baeza Silva,tobaremilia@example.org,+56 72 352 4724,Antártica,2024-05-01
2325,María Julieta Ramos Lara,hpizarro@example.net,+56 41 327 4477,Los Sauces,2023-05-21
2326,Luis Rodríguez-Yáñez,catalansergio@example.net,+56 9 5623 5726,Coelemu,2021-07-28
2327,Diego Néstor Urbina Hidalgo,eduardoruiz@example.net,+56 33 269 4569,Coihaique,2025-01-16
2328,Víctor Vásquez Sánchez,maria52@example.com,+56 2 3952 0702,Independencia,2024-04-05
2329,Margarita Alejandra Guajardo Saavedra,patricia40@example.com,+56 32 356 5492,Victoria,2023-09-02
2330,Sandra Águila Urra,pintofrancisca@example.org,+56 600 163 547,Talagante,2025-09-03
2331,Luis José Allende Jara,wladimir20@example.org,+56 2 2179 7724,La Estrella,2023-08-20
2332,Mateo Sebastián García Díaz,quintanillaulises@example.org,+56 34 239 5668,Pelarco,2025-03-12
2333,Francisca Muñoz Rebolledo,veronica42@example.com,+56 9 8413 7658,Pirque,2024-05-08
2334,Héctor Axel Núñez Fernández,ivargas@example.org,+56 9 2865 4721,El Quisco,2022-01-03
2335,José Gómez Godoy,garias@example.org,+56 9 5880 8615,Nogales,2026-04-05
2336,Abraham Daniel Guzmán Mamani,ricardocea@example.net,+56 2 2847 3040,Zapallar,2024-12-22
2337,Isabella Verónica Medina Herrera,cristhianurra@example.org,+56 41 286 7207,Puente Alto,2024-06-25
2338,Christian Sebastián Rojas Morales,delgadomatias@example.com,+56 600 432 243,Rengo,2022-07-02
2339,Johana Bravo Jiménez,javierguzman@example.com,+56 33 265 6587,Licantén,2025-04-07
2340,Lorenza Moreno,benjaminmendez@example.org,+56 45 385 5766,Queilén,2024-11-30
2341,Edison Oscar Barrera Gutiérrez,sofia12@example.org,+56 9 2366 1867,Tirúa,2022-06-16
2342,Santiago Lagos,zamorapaula@example.com,+56 9 4660 7446,Combarbalá,2023-12-22
2343,Viviana Sabina Espinoza Mejías,dreyes@example.com,+56 2 3895 4663,Empedrado,2024-12-12
2344,Cindy Priscilla Castillo Campos,carlos51@example.org,+56 63 291 3952,Curacautín,2026-01-01
2345,Nidia Herrera Parra,rosa48@example.net,+56 2 3990 2089,Graneros,2022-06-04
2346,Oscar Rolando Pinto Muñoz,adela06@example.net,+56 2 3831 7092,Ancud,2024-03-13
2347,Valentina Leonor Villalobos Villagra,villegasandrea@example.org,+56 9 4137 1346,El Tabo,2021-08-31
2348,Elías Apablaza,marcelomendoza@example.net,+56 32 373 4191,Curicó,2024-03-26
2349,Vivian Katherine Palacios Inostroza,guillermogonzalez@example.org,+56 57 296 6937,Portezuelo,2022-11-03
2350,Belén Fuentes,ncollao@example.org,+56 2 3176 7937,Carahue,2022-09-10
2351,José Vega Ferreira,sepulvedacarlos@example.net,+56 2 2882 6845,Paillaco,2022-06-18
2352,Elsa Ríos,richardroman@example.com,+56 9 3848 9281,Castro,2021-07-22
2353,Carlos Matus Toledo,morenotomas@example.org,+56 2 2166 5985,Ollagüe,2023-05-02
2354,Jorge Carlos Arévalo Iturra,medinapascal@example.org,+56 9 4173 7640,Curaco de Vélez,2026-03-24
2355,Aarón Sergio Alarcón Catalán,emedina@example.com,+56 2 2429 6290,Tierra Amarilla,2024-09-01
2356,Carolina Melania Villalobos Henríquez,ramirezbenjamin@example.com,+56 2 3907 8869,O'Higgins,2023-02-02
2357,Antonio Santiago Vásquez Cruces,brauliosoto@example.com,+56 2 2149 2454,Graneros,2025-02-18
2358,Laura Muñoz,luisa30@example.net,+56 2 2810 4081,San Fabián,2023-05-20
2359,Olegario Humberto Henríquez Barraza,cromero@example.org,+56 53 372 0324,Pedro Aguirre Cerda,2025-05-05
2360,María Medel Jerez,luz30@example.com,+56 41 325 9373,Tocopilla,2021-11-23
2361,Rosario Claudia Hernández Zepeda,julia95@example.org,+56 2 3705 0881,Colchane,2024-05-15
2362,Daniela Ortiz Bruna,claudiagonzalez@example.org,+56 65 255 2608,Antuco,2024-11-30
2363,Carlos Olivares,munozluis@example.com,+56 32 347 3910,Hualañé,2024-10-05
2364,Jacinta Ingrid Huerta Gómez,eduardosepulveda@example.net,+56 2 2957 5639,Nueva Imperial,2023-12-01
2365,Rodrigo Luis Rubio Arriagada,jacquelinebaez@example.org,+56 2 2781 7237,Ancud,2022-08-02
2366,Paola Antonia Zúñiga Cabello,cofrecamila@example.org,+56 800 931 394,Negrete,2021-07-12
2367,Isaac Acuña,fuentesmiguel@example.net,+56 2 3201 2695,Pelluhue,2022-08-31
2368,Gabriel Bernardino Cárdenas Osorio,zromero@example.net,+56 600 548 588,Curacaví,2025-03-22
2369,Cristian González,wleiva@example.com,+56 63 351 9870,San Vicente,2025-11-08
2370,María Ramírez,joselyntrujillo@example.org,+56 2 2263 4135,Los Lagos,2025-05-10
2371,Montserrat Ruth Vera Sepúlveda,consuelo10@example.org,+56 2 3895 1188,San Pedro de la Paz,2022-06-12
2372,Verónica Patricia Mena Angulo,munozlisandro@example.com,+56 2 2752 9479,Contulmo,2022-09-04
2373,Antonio Bustamante,marianocarreno@example.net,+56 41 277 2936,Coelemu,2023-11-24
2374,Victoria Seguel Contreras,sierrajuana@example.net,+56 600 105 913,Quintero,2026-04-22
2375,Raquel Fica,silvia41@example.net,+56 45 263 8121,Isla de Maipo,2022-06-23
2376,María Amanda Ruiz Hidalgo,ndonoso@example.org,+56 600 717 515,Pudahuel,2025-06-21
2377,Matías Rodrigo Sánchez Acuña,minostroza@example.net,+56 9 7732 0873,Caldera,2025-12-27
2378,Yesenia Vargas-Estrada Cubillos,juanduran@example.com,+56 61 267 2797,Peumo,2022-05-28
2379,Juan Emiliano Gálvez Santos,matiashenriquez@example.net,+56 73 358 8562,Teno,2022-12-31
2380,César Riquelme Pavez,juan05@example.com,+56 9 8119 9765,San Joaquín,2021-08-23
2381,Norma Julia Rojas Quintana,tomashenriquez@example.com,+56 600 379 003,Isla  de Pascua,2024-05-28
2382,Fresia María Lillo Díaz,dcid@example.org,+56 2 3287 2132,Tucapel,2024-03-04
2383,Fernando Mateo Ortega Saavedra,alonso27@example.org,+56 2 2541 2863,Juan Fernández,2024-06-26
2384,Máximo Roberto Choque Osses,bastianvera@example.org,+56 2 2973 8270,Mariquina,2023-06-18
2385,Marta Ema Meléndez Guerra,aroskiara@example.com,+56 42 220 5869,Arica,2021-10-05
2386,Cinthia Emilia Olivares Pardo,pizarrogloria@example.org,+56 64 315 6695,Tocopilla,2022-12-22
2387,Roberto Vargas,matiassalas@example.org,+56 71 374 1060,Llaillay,2025-10-23
2388,Isidora Yasna Rodríguez Zúñiga,anaojeda@example.org,+56 9 7486 7381,Vichuquén,2022-04-09
2389,Camila Susana Marín Neira,utrujillo@example.com,+56 600 499 582,Santiago,2021-11-24
2390,Oscar Manuel Pérez Quezada,ndelgado@example.org,+56 2 3339 6626,Pirque,2025-02-19
2391,Pedro Sepúlveda,maikol18@example.net,+56 45 290 1307,Angol,2022-02-01
2392,Sara Mendoza,juanmendez@example.org,+56 600 151 791,Juan Fernández,2021-10-22
2393,Leandro Alonso Pino Saavedra,maria35@example.net,+56 2 2717 6105,El Carmen,2025-07-08
2394,María Daniela Cancino Pérez,hortensiazepeda@example.com,+56 2 2690 4002,Los Lagos,2025-08-11
2395,Luis Bravo González,monica04@example.com,+56 600 753 671,Olivar,2023-04-29
2396,Sergio Sanhueza Núñez,riverossebastian@example.com,+56 9 2291 2335,Maule,2024-08-13
2397,Andrea Sandra Bugueño Henríquez,emiliasuazo@example.net,+56 800 719 295,La Ligua,2021-10-03
2398,Pedro Benjamín Riquelme Opazo,torresrodrigo@example.com,+56 43 391 7212,Río Ibáñez,2026-02-19
2399,Justo Meneses Rojas,quirogajuan@example.org,+56 61 242 5115,Vicuña,2021-06-26
2400,Martha Valenzuela Arias,mmoreno@example.net,+56 9 4954 6060,Teno,2023-12-12
2401,Gustavo Venegas Cáceres,eugeniaretamal@example.net,+56 71 384 0420,Nogales,2025-10-19
2402,Raúl Daniel González Olmos,orellanalucy@example.com,+56 2 2973 4724,Antofagasta,2025-07-11
2403,Marta Camila Contreras Ampuero,eduardo53@example.com,+56 600 305 105,Pichidegua,2022-06-26
2404,Eliana Inostroza Retamales,maria71@example.org,+56 9 6696 0782,Los Ángeles,2024-04-17
2405,Mirko Armando Sepúlveda Lira,rosarojas@example.net,+56 41 258 7071,Macul,2026-04-21
2406,Lucas Cabrera Maureira,jmedina@example.org,+56 51 244 3604,Molina,2024-12-27
2407,Juan Arancibia Sanhueza,luismartinez@example.net,+56 2 2638 7659,Río Ibáñez,2022-06-22
2408,Daniel Vejar,alan19@example.org,+56 9 5271 9281,San Pedro de la Paz,2021-08-07
2409,Belén María Ruiz Pérez,gonzalezelizabeth@example.net,+56 9 2987 9262,Estación Central,2025-08-12
2410,Paula Vallejos Valencia,qjerez@example.org,+56 75 364 0226,La Serena,2025-11-22
2411,Martina Rosa Bravo Peña,cruzmargarita@example.com,+56 2 2576 5549,San Carlos,2023-03-05
2412,Marcelo López Alvarado,franciscosepulveda@example.org,+56 2 2521 8228,Quilicura,2024-02-29
2413,Nicol González Caro,gonzalezteodoro@example.net,+56 9 6183 3824,Maule,2022-12-22
2414,Rodrigo Carvajal,anasalamanca@example.org,+56 52 295 5770,Viña del Mar,2024-12-05
2415,Patricia Pacheco Olave,gasparaburto@example.com,+56 2 3721 6493,Saavedra,2025-12-15
2416,Hilda Priscilla Gallegos Quiroz,zfredes@example.net,+56 73 255 3001,Pucón,2024-02-10
2417,Bárbara Cifuentes,gaston83@example.org,+56 53 285 4723,Temuco,2023-01-11
2418,Robert Fermín Parada Medel,floresteresa@example.com,+56 72 280 0790,Puqueldón,2022-02-01
2419,Catalina Valenzuela López,nunezmateo@example.com,+56 75 382 4034,Cerro Navia,2021-07-02
2420,Manuel Álvarez Briceño,burgosariela@example.net,+56 61 290 8419,Monte Patria,2022-05-21
2421,Elizabeth Bórquez Muñoz,ricardoparra@example.com,+56 2 3802 1882,Tortel,2024-02-25
2422,Bárbara Cornejo Sáez,maximo34@example.com,+56 800 604 991,Chaitén,2023-08-31
2423,Matías Jorge Vergara Jofré,cristopher48@example.com,+56 600 882 811,Coihueco,2021-12-29
2424,Rosa Ninoska Cortés Caro,lilian70@example.com,+56 9 3977 2615,Puerto Octay,2023-07-25
2425,Caroline Blanca Vásquez Ramírez,alvaradocamila@example.com,+56 600 561 673,Perquenco,2022-06-01
2426,Mateo Luis Ibáñez Orellana,herrerarodrigo@example.org,+56 41 393 4127,Paillaco,2024-03-08
2427,Ignacio Carlos Valdés Bravo,arnoldoavila@example.com,+56 58 392 3679,Ovalle,2022-01-20
2428,Javier Espinoza,pcarvajal@example.net,+56 800 653 772,Cauquenes,2025-11-13
2429,Julio Marco Flores Venegas,ivargas@example.net,+56 61 341 9117,Las Cabras,2025-08-14
2430,Teresa Sepúlveda,florespatricia@example.net,+56 9 2117 0910,Villa Alemana,2025-03-11
2431,Milena Ahumada Venegas,juana80@example.net,+56 800 604 966,Río Negro,2024-04-24
2432,Luis Acevedo Bustamante,nicoleduran@example.com,+56 600 581 929,Nueva Imperial,2021-08-04
2433,Vladimir Bernardo Alvarado Salas,paulasepulveda@example.net,+56 67 271 5530,Vichuquén,2021-05-22
2434,Luciano Carlos Torres Quispe,mhernandez@example.net,+56 2 2446 8155,Lo Barnechea,2023-05-01
2435,Maximiliano Flores Barra,poncejacqueline@example.com,+56 2 2860 7177,Monte Patria,2022-12-21
2436,Jonathan Rojas-Silva Garrido,hector94@example.org,+56 43 251 9933,Peñaflor,2024-03-06
2437,Gael Ramón Saldaña Concha,sromero@example.net,+56 2 3780 8827,Quintero,2022-07-01
2438,Paola Francisca Hormazábal Oñate,vmontecino@example.com,+56 2 3557 5883,Pumanque,2024-09-27
2439,Patricia Paredes Fernández,rosa21@example.com,+56 58 235 0656,San Pedro,2025-04-11
2440,Claudio Ahumada Vásquez,mariadelgado@example.org,+56 9 3685 2680,Río Ibáñez,2022-04-09
2441,Claudia Castro Cancino,sotoalejandra@example.org,+56 53 280 4074,Futaleufú,2025-01-27
2442,Mateo Alexis Rojas Olivares,vergaraalicia@example.net,+56 9 8978 5282,Olivar,2022-08-17
2443,Benjamín Leiva Vera,jose58@example.com,+56 63 320 8733,Lota,2022-01-23
2444,Ana Andrea Moreno Mella,dylanalarcon@example.com,+56 600 245 064,El Carmen,2023-05-05
2445,Javiera María Sánchez Leal,rigobertocalderon@example.net,+56 2 3741 7315,Hualaihué,2026-01-17
2446,René Soto,salazarteresa@example.org,+56 800 730 718,San Pedro,2024-06-05
2447,Isabel Garrido Alvarado,guillermoalvarado@example.org,+56 600 473 040,Arica,2025-12-05
2448,Andrea Figueroa,ytroncoso@example.org,+56 800 715 922,Coronel,2025-06-26
2449,Víctor Contreras Martínez,luis88@example.net,+56 58 246 4616,Llanquihue,2022-02-04
2450,Claudio Benjamín Romero Soto,munozvictor@example.com,+56 9 4270 2424,Fresia,2026-01-08
2451,Alberto Vásquez Campos,victor47@example.net,+56 9 6437 0211,Natales,2024-07-18
2452,Brian Castillo Peña,dayanagarcia@example.com,+56 9 8416 8901,Colchane,2026-03-02
2453,Antonia Sandoval,qnunez@example.com,+56 2 3398 9796,Peñaflor,2026-01-18
2454,Cynthia Montecinos,geraldine63@example.org,+56 2 3169 0868,Chonchi,2025-12-14
2455,Trinidad Meza Olea,nunezbastian@example.net,+56 2 2722 7993,Isla de Maipo,2022-02-17
2456,Claudia Leslie Soto Mella,vrivera@example.org,+56 2 2886 6052,Nogales,2025-07-31
2457,Luis Carlos Castillo Gómez,gloriacardenas@example.org,+56 9 9118 6634,Camiña,2024-03-11
2458,Mia Agustina Romero Rodríguez,liliana32@example.com,+56 9 3260 5122,Natales,2024-12-18
2459,Sergio Palma Guerra,pascaleramirez@example.org,+56 58 285 2882,Lo Barnechea,2025-05-07
2460,Lisette Villa,danielgarcia@example.net,+56 55 274 0543,Requínoa,2022-03-07
2461,Tomás Luis Valencia Vera,gonzalezsandra@example.org,+56 34 281 7750,Lo Barnechea,2025-09-17
2462,Reinaldo Villarroel,aguilerajosefa@example.net,+56 71 365 6009,Ñiquén,2021-09-27
2463,Dante Noah Cifuentes Vargas,jose51@example.net,+56 2 3435 4567,Malloa,2025-03-24
2464,Dagoberto San Martín,jose06@example.com,+56 73 270 9060,Ancud,2024-04-15
2465,Tomás Francisco Aguilar Mardones,manuel81@example.com,+56 2 2271 0448,Lanco,2026-03-05
2466,Fabián Mora Farías,janet93@example.net,+56 2 2440 8099,Futaleufú,2023-12-23
2467,Daniela Josefina Seguel Madariaga,plazanicanor@example.com,+56 9 6298 3419,Longaví,2022-11-16
2468,Matilde Katherine Reyes Lucero,luz61@example.net,+56 9 7500 6159,La Unión,2022-05-21
2469,Alejandro Pablo Orellana Villegas,rominaalegria@example.net,+56 2 3876 3481,San Pablo,2022-04-01
2470,Alonso Jaime Duarte Guerrero,gabrielmaldonado@example.net,+56 2 2677 6608,Valdivia,2025-01-11
2471,María Elena Sobarzo Millán,ingrid03@example.net,+56 2 3405 3968,Tucapel,2025-01-10
2472,Miguel Pacheco,amolina@example.com,+56 52 387 3841,Recoleta,2025-09-29
2473,Emilia Contreras Ramírez,tcorrea@example.com,+56 2 3107 4632,Santa Juana,2025-11-15
2474,Lía Elba Romero Urra,ygonzalez@example.org,+56 43 267 2213,Colbún,2023-06-24
2475,Jennifer Morán Vera,munozcristian@example.org,+56 9 9510 9168,Río Claro,2026-02-07
2476,Daniela Guerra Pastén,jorge79@example.org,+56 9 8557 3644,Lonquimay,2025-05-02
2477,Carmen Vargas Castro,cristobal32@example.net,+56 2 3970 9351,Curanilahue,2024-06-16
2478,Belarmino Palma Gutiérrez,leivapablo@example.com,+56 67 279 0262,Lota,2024-05-28
2479,Mateo Muñoz,margaritaaguilar@example.net,+56 800 325 522,Laguna Blanca,2021-05-27
2480,Felipe Cristian Contreras Hormazábal,tdiaz@example.com,+56 9 3461 2792,Pichidegua,2023-09-05
2481,Ana Emilia Farías Martínez,jimenezximena@example.com,+56 600 714 892,San Vicente,2023-02-15
2482,Gaspar Enrique Gajardo Reyes,fuentestrinidad@example.com,+56 9 9494 3291,Aisén,2024-04-21
2483,Victoria Francisca Hernández Núñez,nelsonpinilla@example.org,+56 2 2398 0202,Puyehue,2023-05-15
2484,Juana Letelier Riveros,yeisonjara@example.net,+56 800 746 734,Concón,2021-11-15
2485,Jean González-Vera Olate,suazogabriel@example.org,+56 73 372 2457,Cochrane,2026-01-07
2486,Camila Sofía Cáceres Cordero,uibacache@example.org,+56 33 343 9270,Chiguayante,2024-03-16
2487,Krishna Gutiérrez Olmos,wmartinez@example.org,+56 800 628 715,Sagrada Familia,2022-07-01
2488,Clara Paola Mardones Herrera,santibanezclaudio@example.net,+56 2 2953 6872,Sagrada Familia,2025-07-29
2489,Francisco Fuentes Céspedes,jeannette51@example.net,+56 800 966 345,Molina,2023-05-02
2490,Rosa Ximena Vera Quintana,mariacortes@example.net,+56 42 234 1242,Chile Chico,2022-01-10
2491,María Andrea Díaz Araneda,wmendoza@example.org,+56 9 2745 6567,Calle Larga,2026-01-03
2492,Eugenia Campos Muñoz,jonathan41@example.com,+56 75 244 7290,Papudo,2022-06-12
2493,Pedro Axel Godoy Carrasco,rafaellopez@example.org,+56 9 4328 6164,Carahue,2023-05-24
2494,Alicia Hormazábal,claudiaveas@example.org,+56 2 3473 6624,Los Álamos,2025-03-21
2495,Rigoberto Pablo Arriagada Díaz,marie13@example.com,+56 2 3356 1854,Futrono,2022-07-05
2496,Manuel Iván Leiva Arancibia,carlosmunoz@example.com,+56 9 9707 5186,Punitaqui,2021-10-03
2497,Alejandro Chamorro Saavedra,uriffo@example.com,+56 9 7405 4566,Peñaflor,2022-04-05
2498,Paula Agustina Medina Palma,contrerashoracio@example.net,+56 2 2408 6120,El Bosque,2024-04-08
2499,Rosa Jennifer Moreno Cofré,lcastro@example.com,+56 9 7519 6208,Loncoche,2023-09-14
2500,Mercedes Miranda Zárate,manuelvillegas@example.com,+56 600 842 152,Santa Juana,2025-04-30
2501,Valentina Paula Vargas Zepeda,ccisterna@example.com,+56 58 337 7589,Olmué,2021-06-30
2502,Benjamín Bravo,alexandra30@example.net,+56 53 398 3730,Chile Chico,2025-12-27
2503,Yolanda Alicia Guerrero Castillo,vargaspatricia@example.net,+56 57 281 5131,Cauquenes,2024-09-10
2504,Daniela Aguayo Palma,gsanchez@example.org,+56 2 3887 2891,Ercilla,2024-08-19
2505,Rosa González Olivares,jacqueline74@example.net,+56 41 262 8983,Cochamó,2024-08-04
2506,Aylin Ximena Arteaga Pérez,qguzman@example.net,+56 55 388 6203,Copiapó,2021-08-06
2507,David Vicente Soto Vidal,karen93@example.com,+56 9 4743 5851,Pinto,2021-06-20
2508,Carlos Tapia Cabrera,pdiaz@example.net,+56 75 384 3428,Río Ibáñez,2021-11-14
2509,Claudio Luis Henríquez Ríos,patricio27@example.org,+56 9 3295 4791,Illapel,2021-12-28
2510,Marisol Rosa Carvajal Contreras,aguilacamila@example.org,+56 800 531 739,Santa Juana,2024-11-17
2511,Lucas Rafael Oliva Gutiérrez,antonia59@example.org,+56 2 3778 4027,Paiguano,2022-01-25
2512,Juliana Maldonado Sandoval,ygomez@example.com,+56 57 351 2126,Tomé,2025-01-24
2513,Matías Oscar Campos Martínez,neirayessenia@example.com,+56 9 3695 1670,Punta Arenas,2022-07-31
2514,Hernán Juan González Cancino,anamansilla@example.org,+56 800 679 262,Rinconada,2021-06-10
2515,Antonia González Fierro,correacarmen@example.com,+56 2 3814 8006,Antuco,2024-06-19
2516,Esteban Matías Inostroza Donoso,dylanguajardo@example.net,+56 67 354 8012,El Bosque,2024-06-15
2517,Jeannette María Cortés Muñoz,xgodoy@example.net,+56 2 3979 0415,Catemu,2024-07-31
2518,Elsa Camila Segovia Delgado,pamelasanchez@example.org,+56 32 320 5502,Osorno,2024-03-31
2519,Ignacio Miguel Oyarce Palacios,mariamunoz@example.org,+56 71 339 5796,Empedrado,2022-02-01
2520,Javiera Enriqueta Dinamarca Salas,osvaldo32@example.com,+56 61 362 3958,Quemchi,2024-10-31
2521,Aliro Walter Sáez Bugueño,chavezcesar@example.org,+56 2 3507 1448,Monte Patria,2021-07-24
2522,María Teresa Cuevas Escobar,cristianpalacios@example.net,+56 2 3893 6883,Puerto Varas,2025-07-12
2523,Esteban Valenzuela Solís,xcornejo@example.net,+56 71 295 2340,Cabrero,2021-06-14
2524,Constanza Flor Véliz Rebolledo,lcid@example.net,+56 2 3915 1554,Yerbas Buenas,2024-10-11
2525,Leonor Loreto Moya Hernández,bastian08@example.net,+56 9 5157 9584,Talca,2024-06-25
2526,Daniela Giuliana Iturra Flores,cepedacatherine@example.net,+56 9 7127 4855,Curarrehue,2024-12-29
2527,Joaquín Fermín Zúñiga Valenzuela,christopher13@example.org,+56 2 2695 5522,San Bernardo,2025-01-06
2528,Danilo Carlos Burgos Calderón,andres29@example.com,+56 2 2827 5480,Lago Ranco,2025-06-14
2529,Karen Catalina Olivares Vásquez,maria53@example.com,+56 2 2595 9229,Quintero,2024-04-17
2530,María Alejandra Lara Carrasco,luciano84@example.org,+56 2 3327 0619,Taltal,2025-02-27
2531,Sebastián Rivas,marianelaperez@example.org,+56 2 2589 4603,Freirina,2023-06-17
2532,Froilán Salinas Leal,cabreraflorencia@example.net,+56 2 2859 7249,San Pedro de la Paz,2023-04-15
2533,Domingo José Matus Ortega,rmancilla@example.org,+56 9 2853 8023,Puqueldón,2024-06-20
2534,Yesica Blanca Armijo Sanhueza,leopoldo30@example.org,+56 44 327 6691,Alto del Carmen,2022-03-23
2535,Andrea Maite Vicencio Espinoza,gabrielsandoval@example.net,+56 64 244 0697,Illapel,2021-08-15
2536,Estefanía Ortega,fredycuevas@example.org,+56 34 261 6923,Pirque,2025-10-25
2537,María Gutiérrez Flores,bdelgado@example.com,+56 2 3148 5771,Puyehue,2024-01-13
2538,Pedro Kevin Tapia Sepúlveda,enriqueta33@example.org,+56 57 240 0343,Hualaihué,2025-02-10
2539,Sergio Adrián Márquez Rodríguez,garridosilvia@example.com,+56 600 111 842,Los Álamos,2021-11-04
2540,Rodrigo Baeza Díaz,zunigamiguel@example.net,+56 2 3126 2102,Angol,2024-04-10
2541,Elizabeth Ahumada Hurtado,camila14@example.com,+56 65 280 8776,Quilpué,2025-08-28
2542,Fernando Pedro Mella Saavedra,saldiasfranklin@example.org,+56 9 5665 2634,Frutillar,2022-09-29
2543,Luis Ángel Aguirre Román,florestatiana@example.com,+56 35 312 8310,Traiguén,2023-03-24
2544,Sergio Feliciano Vargas Ibáñez,aliciaserrano@example.net,+56 2 2872 8301,Villarrica,2021-08-18
2545,Rosa Gladys Riquelme Ponce,miltondominguez@example.net,+56 2 2493 6103,Retiro,2025-08-18
2546,Paula Constanza Durán Valenzuela,benjaminnunez@example.net,+56 63 372 1743,El Bosque,2022-03-17
2547,Juan Gumercindo Quezada Pacheco,vidaldiego@example.org,+56 600 642 324,Alto del Carmen,2023-01-17
2548,Franz Freddy Salas Lagos,wgutierrez@example.com,+56 9 3463 1583,Quilpué,2023-01-09
2549,Anderson Néstor González Valdés,luiscatalan@example.net,+56 800 369 617,Cerro Navia,2025-08-03
2550,Marco Cristian González Andrade,rodriguezcarlos@example.net,+56 600 707 219,Camarones,2025-07-22
2551,Brayan Ortiz Ramírez,esparzamonserrat@example.net,+56 34 290 7781,Tucapel,2023-11-29
2552,Blanca Gloria Céspedes Silva,qopazo@example.com,+56 73 359 2189,Concón,2023-01-22
2553,Manuel Douglas García Lobos,anamarchant@example.org,+56 2 2425 1845,Natales,2025-11-04
2554,Estefany Herrera,ifigueroa@example.org,+56 2 3235 5748,Laja,2022-03-30
2555,Valeria Camila Farías Salazar,rmarambio@example.net,+56 800 507 552,San Esteban,2021-09-25
2556,Julián Canales Valdebenito,medinafelipe@example.org,+56 9 4809 6409,San Pedro,2023-04-26
2557,María Guerrero,riveraadriana@example.net,+56 600 130 626,Talcahuano,2024-06-16
2558,Catalina Eliana Echeverría Meneses,lopezanais@example.com,+56 9 3397 5368,Laja,2022-03-08
2559,Sebastián Rubén Venegas Pozo,poncefernando@example.com,+56 600 573 147,Calle Larga,2024-07-25
2560,Margarita Gina Cortés Zamorano,vania98@example.com,+56 35 259 4173,Coihueco,2025-10-03
2561,Belén Donoso Álvarez,uquinteros@example.com,+56 2 2738 1427,Salamanca,2024-07-05
2562,Carmen Catherine Delgado Cornejo,hildaojeda@example.org,+56 2 2453 0080,Cochrane,2024-07-04
2563,Juan Ahumada Villanueva,sarabravo@example.net,+56 9 4984 7959,Pedro Aguirre Cerda,2025-01-23
2564,Cristóbal Morales Aracena,jose53@example.com,+56 600 881 633,Calbuco,2022-04-29
2565,Benjamín Moisés Correa Correa,angela21@example.net,+56 33 280 7153,Cochamó,2024-07-16
2566,Daniel Castro,carlos57@example.net,+56 2 3116 4954,Mulchén,2026-01-13
2567,Carlos Jorge Guzmán Arancibia,escalonafernanda@example.com,+56 57 229 2401,Litueche,2023-09-12
2568,María Camila Andrade González,elizabethmartinez@example.com,+56 9 8913 2121,Cerro Navia,2024-06-12
2569,Carolina Cepeda Guerrero,falvarez@example.org,+56 61 247 4636,Valparaíso,2025-12-21
2570,Ignacio Manuel Venegas Pizarro,yhidalgo@example.org,+56 600 358 102,Molina,2025-03-11
2571,Anaís María Santander Oyarzún,lrojas@example.org,+56 9 9528 1037,Chimbarongo,2024-11-19
2572,Tania Sandra Silva Cerda,ubeltran@example.net,+56 2 2790 8825,Purén,2023-02-17
2573,Claudio Ríos Pinto,godoycamila@example.net,+56 9 7721 4216,Iquique,2021-10-17
2574,Marta Melissa Figueroa Flores,gallardoalejandrina@example.com,+56 600 611 118,Lebu,2024-01-11
2575,Mariana Gatica Ramírez,jorgecarrillo@example.com,+56 800 154 607,Paiguano,2026-01-30
2576,Luis González,torresalberto@example.com,+56 33 375 7770,Providencia,2024-09-28
2577,Estela Sanhueza,crucesjennifer@example.org,+56 2 2832 0848,Curarrehue,2026-04-20
2578,Marco Matthew Pavez Pérez,bcid@example.net,+56 600 162 837,Salamanca,2022-08-12
2579,Constanza Angulo Bustamante,eguevara@example.org,+56 2 2143 8895,Huasco,2025-04-06
2580,Isabel Palma,lvergara@example.com,+56 600 107 557,La Cruz,2026-02-24
2581,Fresia Irene Pino Figueroa,lealyolanda@example.org,+56 9 6691 9429,San Esteban,2021-06-09
2582,Freddy Vera Díaz,paulinadiaz@example.org,+56 2 2288 1394,Diego de Almagro,2025-06-18
2583,Paulina Corvalán Rivera,munozmaria@example.net,+56 51 252 4294,Los Muermos,2025-07-02
2584,Nicole Mariana Zapata Tapia,jconcha@example.org,+56 44 354 2354,Pichidegua,2022-01-01
2585,Diana Pacheco Rubio,tomas28@example.org,+56 2 3898 7408,San Joaquín,2022-02-25
2586,Pierre Juan Sandoval Padilla,eduardo35@example.net,+56 9 2289 0928,San Rafael,2025-09-08
2587,Olga Jocelyn Reyes Urra,daniela93@example.org,+56 65 220 7998,Paillaco,2024-03-07
2588,Ramón Milton Cordero Araya,joseprado@example.org,+56 600 645 879,Tortel,2022-03-03
2589,Sebastián Acevedo Guzmán,herreraantonia@example.com,+56 9 8853 1513,Cabrero,2021-08-23
2590,Vicente Lucas Navarro Moraga,claudiogomez@example.org,+56 75 215 2872,Huasco,2026-04-28
2591,Inés Jeannette Cortés Moreno,mario96@example.net,+56 2 3445 0258,Vallenar,2024-06-12
2592,Félix Núñez,mariana13@example.org,+56 2 2957 9633,San Ramón,2022-02-08
2593,Isabella Molina,cvidal@example.org,+56 600 841 640,Traiguén,2025-07-04
2594,José Paredes,munozsarah@example.com,+56 2 2189 6711,Arauco,2023-08-18
2595,Vicente Gutiérrez-Muñoz,lazcanochristian@example.org,+56 53 352 9597,San Ramón,2025-10-14
2596,Héctor Robles Garrido,valentinavillagran@example.com,+56 9 6845 4699,Juan Fernández,2025-04-17
2597,María Rosa Palacios Arriagada,hviveros@example.com,+56 57 348 5969,Malloa,2024-03-27
2598,Luis Gutiérrez,ucaceres@example.net,+56 800 865 371,Cochamó,2024-10-06
2599,Zunilda Bárbara Soto Huerta,ana83@example.com,+56 64 380 4164,Vichuquén,2025-11-02
2600,Camila Valentina Torres Fernández,mariana56@example.net,+56 800 586 653,Putaendo,2025-02-13
2601,Diego Raúl González Seguel,rafaella95@example.net,+56 63 373 8847,Quilleco,2026-02-18
2602,Miguel Milton González Rivera,paredesmaria@example.net,+56 9 9564 4248,Ninhue,2021-09-29
2603,Javiera Geraldine Salas Rodríguez,andres82@example.org,+56 9 7388 1976,Yumbel,2022-10-23
2604,Marjorie Rodríguez Garrido,tobarmanuel@example.org,+56 2 3656 4546,Curanilahue,2026-01-15
2605,Ramón Luis Rojas Moya,jeremy54@example.org,+56 9 7529 1784,Lolol,2023-07-20
2606,Luis Carrillo Oyarzo,luissoto@example.org,+56 2 3440 0037,Torres del Paine,2023-12-31
2607,Franco Fredes Espinosa,san-martinmiguel@example.org,+56 800 278 835,Concepción,2022-01-11
2608,Samuel José Soto Cepeda,figueroagabriel@example.org,+56 67 281 3430,Santa Bárbara,2022-11-06
2609,Sergio Maximiliano Guerra Barros,maria48@example.net,+56 2 2856 9749,Pinto,2024-07-10
2610,Fabiola Jennifer Ávila Cáceres,hector32@example.org,+56 2 2418 7508,Diego de Almagro,2025-04-06
2611,Sofía Pérez Ulloa,allendeeliana@example.org,+56 35 364 1927,Torres del Paine,2024-04-27
2612,Juan Sanhueza,valentinaromero@example.org,+56 2 2305 1496,Quinchao,2022-05-08
2613,Laura Aguilera,arojas@example.org,+56 2 2421 9417,Pelluhue,2022-11-10
2614,Jonathan Roberto López Garrido,jose49@example.org,+56 800 782 279,San Ramón,2024-12-22
2615,Joaquín González Peña,andrea33@example.org,+56 67 367 9492,Andacollo,2022-10-26
2616,Ramón Guajardo,sanchezcarol@example.org,+56 45 366 7431,San Fabián,2021-12-06
2617,Anselmo Guillermo Oñate Miranda,pcastillo@example.com,+56 57 274 2920,La Pintana,2021-05-18
2618,Sara Contreras,salasclaudia@example.net,+56 52 311 6385,San Antonio,2023-11-15
2619,Estela Marta Valenzuela Cortés,fdonoso@example.org,+56 32 262 8439,El Tabo,2026-02-16
2620,Darling Margarita Albornoz León,fuentesangela@example.com,+56 35 336 9482,Paine,2025-11-14
2621,María Lucy Tapia González,carolmolina@example.org,+56 2 3569 6599,Malloa,2025-11-01
2622,Ingrid Juana Morales Gutiérrez,fabiannavarro@example.net,+56 43 315 8651,Corral,2024-10-03
2623,Josue Amador Márquez Muñoz,reinaldocortes@example.net,+56 45 245 1434,Canela,2024-05-15
2624,Luis Marcelo Fernández Jorquera,aquiles25@example.org,+56 9 3538 4967,Frutillar,2021-08-01
2625,Carola Paola Navarro Millán,alexander77@example.net,+56 800 199 630,Tomé,2022-06-01
2626,Jessica Meza Alegría,silvia41@example.com,+56 55 367 7648,Ercilla,2025-03-02
2627,Sebastián López Quezada,pobleteleonardo@example.net,+56 800 275 045,Taltal,2025-08-22
2628,Elena Fuentes Espinoza,ahumadaadolfo@example.com,+56 2 2214 7091,Tomé,2021-07-10
2629,Aarón Serrano Carrasco,dylan71@example.org,+56 64 336 9790,Coelemu,2021-08-07
2630,Catalina Mercedes Viveros Letelier,kbustos@example.net,+56 800 331 392,Maipú,2025-10-26
2631,Nahuel Núñez-Parra Araya,anavergara@example.net,+56 72 384 8707,Quilleco,2025-02-26
2632,Valeska Susana Muñoz Flores,floresjeannette@example.org,+56 9 3816 2765,Quinta de Tilcoco,2022-05-15
2633,Jorge Bastián Ojeda Quezada,carlos20@example.org,+56 9 6393 4094,Guaitecas,2023-11-10
2634,Rodrigo Germán Barrera Gajardo,soniamiranda@example.net,+56 45 245 1699,Freirina,2026-03-13
2635,Ingrid Matilda Rodríguez Flores,bahamondesmaria@example.org,+56 600 511 903,Doñihue,2021-09-09
2636,Renata Silva Sanhueza,zapatavioleta@example.net,+56 33 380 4214,Yungay,2025-03-23
2637,Myriam Gladys Rojas Cáceres,carmen26@example.org,+56 43 235 1262,Mostazal,2024-05-22
2638,Benjamín Pacheco Villarroel,vgonzalez@example.com,+56 72 275 5950,Pitrufquén,2022-08-27
2639,Jesús Muñoz Uribe,hsoto@example.com,+56 600 254 871,Juan Fernández,2024-03-05
2640,Juan Villagrán Molina,fredesmaria@example.com,+56 2 3653 0928,Ovalle,2021-05-25
2641,Sebastián Francisco Cabrera Piña,vsilva@example.com,+56 600 971 722,Putre,2023-04-25
2642,Francisco Rojas Ahumada,eliseocarvajal@example.net,+56 800 207 970,Combarbalá,2023-08-26
2643,Mauricio Espinoza Marín,catalinanavarro@example.com,+56 2 3432 5988,Mejillones,2022-11-20
2644,Pablo Luis Arriagada Miranda,gaticaisidora@example.net,+56 800 986 281,Quintero,2023-09-29
2645,Luisa Acevedo Oñate,garcialuis@example.org,+56 2 3718 6613,Quinta Normal,2023-06-09
2646,Patricio Paulo Venegas Díaz,contrerasveronica@example.net,+56 600 809 866,Freirina,2023-07-25
2647,Patricia Reyes Zambrano,claudioastudillo@example.net,+56 2 3786 5209,Monte Patria,2022-09-29
2648,Valentina Quispe Yáñez,ygodoy@example.org,+56 800 794 509,Dalcahue,2025-04-06
2649,Eugenio Rolando Contreras Salinas,augustosantana@example.net,+56 9 3183 9651,Quintero,2025-04-16
2650,Luis Pablo Montoya Silva,icampos@example.org,+56 800 415 022,Curepto,2024-04-19
2651,Esteban Benjamín Álvarez Méndez,alarconmauricio@example.com,+56 53 231 8159,Coquimbo,2022-08-16
2652,Marcos Soto,nataliegaete@example.com,+56 2 2670 5281,Ollagüe,2025-02-28
2653,Sergio José Ojeda Muñoz,sortega@example.org,+56 800 780 654,Ránquil,2025-01-18
2654,Pedro Lucas Herrera Lagos,gonzalezrosa@example.com,+56 600 549 473,Parral,2023-07-13
2655,Ana Luz Silva Delgado,vestay@example.com,+56 42 292 6672,Quillón,2025-07-15
2656,Manuel César González Pizarro,denisse99@example.net,+56 800 343 963,San Juan de la Costa,2022-04-22
2657,José Matías Vicencio Abarca,fuenzalidamaria@example.net,+56 9 9440 4223,Pirque,2021-08-09
2658,Luis Martín Sepúlveda Miranda,williamsperez@example.net,+56 55 270 7490,Loncoche,2022-12-09
2659,Sandra Bastías Carrasco,pablo92@example.com,+56 2 3225 0522,Palena,2024-12-04
2660,Marion León,antonioagurto@example.org,+56 9 8778 0281,Pelarco,2024-11-22
2661,Luis Soto Sandoval,tcornejo@example.org,+56 9 2876 3215,Penco,2025-01-30
2662,Jorge Lorenzo Araya Soto,lgallardo@example.net,+56 55 254 1833,El Monte,2026-04-11
2663,Angélica Kiara Verdugo Palma,cardenasfelipe@example.net,+56 2 3529 5444,Río Negro,2021-10-21
2664,Daniel Pedro Medina Olivares,bmoraga@example.net,+56 2 2901 5392,Panquehue,2022-06-25
2665,Isabella Marianela Guzmán Rojas,fernando27@example.com,+56 600 230 778,Chépica,2021-08-14
2666,María Herrera Sánchez,karinadiaz@example.com,+56 2 3145 4262,El Bosque,2024-08-23
2667,Sandra Salgado González,eliagutierrez@example.org,+56 57 266 6131,Futrono,2024-06-11
2668,Francisco Guerrero Álvarez,galazalexi@example.com,+56 2 3957 4747,Chillán Viejo,2024-11-30
2669,Cristina Fernández Pino,ivega@example.org,+56 2 3199 9644,Cañete,2022-01-25
2670,Catherine Santana,florenciabarria@example.org,+56 34 270 0602,San Juan de la Costa,2022-07-23
2671,Carlos Manuel Sánchez Leiva,guerreroflor@example.com,+56 600 991 221,Concón,2021-09-07
2672,Rosa Pizarro Muñoz,riffojorge@example.net,+56 58 278 6462,Cauquenes,2021-10-21
2673,Samantha Castro Maldonado,olavecarlos@example.net,+56 65 236 5668,Cerro Navia,2025-07-24
2674,Leonardo Francisco Cárdenas Sepúlveda,daviddelgado@example.net,+56 800 355 325,General Lagos,2025-05-26
2675,Paloma Olate,gonzalezmaximo@example.org,+56 2 3381 4978,Canela,2023-09-30
2676,Carolina Ana Poblete García,fierromanuel@example.com,+56 2 2631 8302,Padre Hurtado,2022-09-14
2677,Marcia Astorga,franciscocanales@example.net,+56 2 2624 7860,Lolol,2025-12-26
2678,Eduardo Francisco Jiménez Fuentealba,sanchezmaria@example.com,+56 9 7921 1865,Quilpué,2023-05-24
2679,Jorge Omar Ávila Aguilera,cortesaraceli@example.com,+56 600 686 378,Laguna Blanca,2021-12-19
2680,Violeta Claudia Ferrada Ramos,josepalma@example.com,+56 800 261 971,Los Andes,2023-10-08
2681,Gabriela Isidora Veas Alvarado,cortezpaolo@example.org,+56 2 2533 5773,La Florida,2023-04-10
2682,Tatiana María Espinoza Aravena,utorres@example.org,+56 800 412 516,Providencia,2022-03-25
2683,Ruth Soto,carla16@example.com,+56 34 278 3752,Marchihue,2021-11-12
2684,Rosa Kelly Sánchez Vargas,fcabrera@example.net,+56 73 299 3256,Lago Verde,2022-09-24
2685,Lissette Luengo,luzgutierrez@example.org,+56 53 345 9117,Rauco,2021-06-03
2686,Marcelo Sánchez Díaz,jose17@example.com,+56 2 3843 0374,Casablanca,2022-07-22
2687,María Francisca Castro Pérez,aranguizmaximiliano@example.net,+56 67 372 7457,Mulchén,2023-10-22
2688,Colomba Arancibia Hermosilla,francisco63@example.com,+56 52 216 5633,Freire,2025-11-08
2689,María Claudia Sánchez González,danielvaldebenito@example.com,+56 800 980 805,Laja,2022-11-25
2690,Alicia Ángela Zúñiga Vergara,egutierrez@example.org,+56 9 7760 9127,Casablanca,2023-02-06
2691,Juana Marisol Castro Muñoz,paolaormeno@example.net,+56 2 3574 4075,Renaico,2022-08-24
2692,María Suárez Díaz,oscar48@example.net,+56 58 332 2353,Punta Arenas,2023-10-17
2693,Ítalo Samuel Delgado Torres,pablo95@example.com,+56 44 328 0097,Calera,2023-05-26
2694,Silvia Castañeda,yrodriguez@example.com,+56 63 285 6167,Nacimiento,2024-12-11
2695,Patricia Ivonne Soto Fuenzalida,lvargas@example.org,+56 800 818 474,Laguna Blanca,2024-07-20
2696,Luis Guillermo Castro Flores,joaquin14@example.com,+56 2 3876 3577,La Estrella,2025-10-12
2697,Ricardo Villegas Águila,qvaldes@example.com,+56 9 7807 7497,Pudahuel,2021-10-04
2698,Edgar Lukas Sepúlveda Hormazábal,sofia27@example.net,+56 9 7941 4740,Catemu,2022-05-29
2699,Dennis Rojas Méndez,gonzalo82@example.com,+56 9 8803 9435,Talca,2025-10-14
2700,Josefa María Tapia Sepúlveda,tobarmarta@example.org,+56 72 331 4065,Futrono,2022-04-15
2701,Antonella Gladys Ponce Aguayo,tapiaboris@example.org,+56 32 260 0981,Quilaco,2025-08-15
2702,Emma Judith Leyton López,daraneda@example.net,+56 2 3781 6043,Licantén,2022-04-03
2703,Marcos Núñez,donosomaria@example.net,+56 2 3371 9964,Punitaqui,2021-11-30
2704,Camilo Carlos Novoa Jara,rleiva@example.com,+56 800 200 225,Chaitén,2021-06-16
2705,Sofía Noelia Soto Rubio,cgonzalez@example.org,+56 72 259 0523,Valparaíso,2026-01-13
2706,Cristian José Cavieres Suazo,ksilva@example.org,+56 64 342 6699,Cunco,2024-04-03
2707,Juan José Alvarado Espinoza,chandiacarlos@example.net,+56 9 9911 4182,Cabildo,2022-09-05
2708,Juan Pedro Álvarez Villagra,maria42@example.net,+56 2 2241 0799,Lanco,2024-09-15
2709,Cristian Gonzalo Pardo Lazo,kjara@example.org,+56 9 8990 2038,Los Andes,2024-06-09
2710,Emilia Ana Rivera García,irma67@example.com,+56 2 3442 7776,Penco,2023-10-20
2711,Laura Scarlette Pizarro Calderón,alejandra30@example.com,+56 57 390 9387,Talca,2023-09-02
2712,Beatriz Melanie Castillo Silva,burgosjonathan@example.com,+56 63 272 0414,Los Muermos,2026-05-08
2713,Luis Medina Castillo,ruizvalentina@example.net,+56 67 360 2241,San José de Maipo,2024-10-17
2714,Israel Vargas,dneira@example.net,+56 9 7353 9500,Penco,2024-09-06
2715,Jazmín Antonia Pérez Pérez,rchandia@example.com,+56 64 345 1961,Osorno,2024-11-27
2716,Rosa Salazar Cruz,alejandrafuentes@example.org,+56 9 9181 9133,Placilla,2021-11-21
2717,Macarena Florencia Zamorano Soto,blanca74@example.org,+56 9 7559 2314,Quemchi,2025-07-20
2718,Emilia Silva-Parra Alfaro,maximiliano52@example.org,+56 2 3483 4837,Casablanca,2023-08-12
2719,Sofía Haydée Mora Barraza,asan-martin@example.org,+56 44 236 5932,Huara,2025-12-07
2720,Verónica Claudia Martínez Parra,mvargas@example.org,+56 800 282 413,Alto del Carmen,2023-12-20
2721,Marta Velásquez Jara,adrianaalarcon@example.com,+56 800 399 249,Negrete,2023-02-21
2722,José Juan Arriagada Quintana,agustina16@example.org,+56 2 2308 7646,Vilcún,2026-02-24
2723,Max Castro,elenavergara@example.net,+56 800 772 606,Osorno,2023-05-07
2724,Francisco Mauricio Ojeda Sanhueza,ejara@example.com,+56 2 2899 1923,Maipú,2023-08-29
2725,Olivia Margarita Morales Guerra,alvareznancy@example.net,+56 9 5409 4816,La Cisterna,2025-10-20
2726,Vicente Fernández Núñez,ysandoval@example.com,+56 57 388 1773,Sierra Gorda,2023-08-07
2727,Pascual Diego Becerra Castro,plazaignacia@example.org,+56 600 103 076,Pumanque,2024-09-01
2728,Mario Cristian Orellana Berríos,pilar32@example.com,+56 41 327 7352,Vitacura,2024-08-14
2729,Lilian María Zúñiga Maldonado,gonzalezrosa@example.org,+56 800 825 668,Las Condes,2023-10-25
2730,Margarita Miriam Rojas Leal,bustoslucia@example.org,+56 71 252 4844,Peumo,2023-09-24
2731,Rosalía Barrios Gómez,avilamaria@example.net,+56 2 2948 7877,Requínoa,2023-05-24
2732,Gisela Delgado,tapiakatherine@example.net,+56 600 694 599,Pichidegua,2022-06-04
2733,Daniel Valdés,gabriela31@example.org,+56 52 364 5656,Puerto Octay,2025-07-31
2734,Mónica Margarita Santos Fredes,fernandezcristian@example.net,+56 2 3213 1109,Ñiquén,2025-10-02
2735,Pamela Celia Pacheco Ceballos,madariagamaritza@example.com,+56 9 5339 9677,Petorca,2024-01-11
2736,Eduard Lorenzo Vidal Castillo,palomaibanez@example.org,+56 9 5900 4269,Juan Fernández,2021-09-09
2737,Noelia Madeleine Fernández Inostroza,camposluis@example.net,+56 600 731 972,Puchuncaví,2022-08-23
2738,Hilda Rosa Castro Araya,lesly19@example.org,+56 9 6849 1219,Río Negro,2024-06-20
2739,Segundo Videla,tomasurra@example.org,+56 9 3258 8842,La Granja,2021-05-26
2740,Juan Salas,tcarrasco@example.net,+56 34 329 6102,San Miguel,2023-03-03
2741,Geraldine Sandra Ibarra Tapia,erikaruiz@example.org,+56 2 3261 8195,Peumo,2024-03-05
2742,Sergio Urrutia Ramírez,ivanvaldes@example.net,+56 45 263 8129,Hualpén,2024-12-04
2743,Elvira Orellana Muñoz,guillermo60@example.net,+56 67 376 0908,Andacollo,2025-05-18
2744,Juan Muñoz Parada,ahernandez@example.net,+56 2 2168 6371,Calama,2022-08-28
2745,Rosa Villar Araya,hector21@example.net,+56 67 343 6792,Collipulli,2023-07-01
2746,Margarita Elsa Cortés Reyes,zuritapablo@example.net,+56 2 3625 4337,Yumbel,2022-11-09
2747,Domingo Daniel Cárcamo Jiménez,tamaradonoso@example.com,+56 72 312 5089,Teodoro Schmidt,2024-12-05
2748,Katalina Josefa Rodríguez Cabrera,oscararenas@example.com,+56 2 2752 7098,Lautaro,2024-04-13
2749,Claudio Astorga Jaramillo,jocelyn46@example.net,+56 44 378 7646,Curanilahue,2021-09-08
2750,Pablo Armijo,nelly99@example.org,+56 2 2452 6227,Nueva Imperial,2021-06-24
2751,Francisca Martínez,sergio03@example.com,+56 2 3732 9051,Hualaihué,2023-10-28
2752,Anastasia Alejandra Muñoz Huerta,jocelynmartinez@example.net,+56 9 4345 9467,Papudo,2025-08-27
2753,Ana González Ruz,valeria40@example.org,+56 61 333 7290,Diego de Almagro,2022-05-05
2754,Germán Jaime Aguirre Muñoz,juanjimenez@example.com,+56 75 317 1301,Panguipulli,2024-12-08
2755,María Magdalena Osses Rojas,palmanicole@example.org,+56 43 384 6455,Quillota,2024-04-11
2756,María Yáñez,iturraguillermo@example.org,+56 2 2502 3033,Casablanca,2024-02-07
2757,Héctor Retamal Jara,escobarsebastian@example.org,+56 600 404 335,Freirina,2023-09-16
2758,Susana Karen Figueroa González,monica77@example.com,+56 9 9661 5782,Quilpué,2023-03-09
2759,Peter Ahumada Sánchez,perezemilia@example.net,+56 72 235 7326,La Unión,2022-10-12
2760,Daniel Pérez Díaz,toropaula@example.net,+56 9 9788 7037,San José de Maipo,2025-01-05
2761,Luis Venegas Mendoza,mariagalleguillos@example.org,+56 55 215 2607,Juan Fernández,2023-01-16
2762,Héctor Álvarez Cisternas,maria56@example.net,+56 9 4736 7625,Cobquecura,2024-02-18
2763,Julio Martín Olivares Cordero,patricioacevedo@example.com,+56 2 2743 4872,Chonchi,2024-01-13
2764,Martín David Plaza Valdés,joaquinalfaro@example.org,+56 2 2496 0420,Peñaflor,2023-06-22
2765,María Ingrid González Villagrán,lriquelme@example.org,+56 65 280 0446,La Pintana,2025-08-18
2766,Carlos Pérez Fernández,simon64@example.com,+56 75 220 7553,Caldera,2023-02-26
2767,Diana Eliana González Tapia,asoto@example.org,+56 52 272 7458,Nueva Imperial,2026-02-10
2768,Jenny Guzmán Mora,efuenzalida@example.net,+56 33 386 2551,Los Vilos,2023-09-17
2769,Elizabeth Abigail Herrera Valenzuela,gonzalezmateo@example.com,+56 45 313 1908,Quilpué,2026-04-01
2770,Juan Salgado Concha,vmedina@example.net,+56 9 6140 5838,Puchuncaví,2026-03-26
2771,Ana Antonia Guzmán González,ymunoz@example.org,+56 9 2657 5606,Olivar,2025-02-10
2772,Darling Antonia Ahumada Oyarce,yvalencia@example.com,+56 2 3974 7884,Graneros,2023-03-26
2773,Martina Fernández Ortiz,gabrielbarrera@example.com,+56 2 3630 8379,Machalí,2024-02-21
2774,Luis Mauricio Cerda Riquelme,xvasquez@example.com,+56 9 3727 2426,Guaitecas,2026-01-01
2775,Carlos González,ortizalicia@example.org,+56 2 2880 4882,Santiago,2025-02-17
2776,Ricardo Eduardo Olivares Navarro,romina41@example.org,+56 53 216 5887,Vallenar,2021-09-05
2777,Joaquín Leoncio Figueroa Calderón,maria10@example.com,+56 71 223 0996,San Clemente,2025-03-19
2778,Matías Eric Ponce Osorio,vegapascale@example.com,+56 9 7986 4940,Tierra Amarilla,2024-05-29
2779,Vicente Vallejos Núñez,pamela94@example.net,+56 58 272 6371,Santa Bárbara,2022-06-12
2780,Ignacio Benjamín Hernández Hernández,arandarodrigo@example.com,+56 800 964 222,Rancagua,2022-11-08
2781,Rose Nicole Carrasco Olmos,estefaniasuazo@example.org,+56 32 289 8671,Pucón,2025-09-06
2782,Jenny Pérez,vegajose@example.org,+56 2 2342 8048,Ancud,2025-05-06
2783,Nelson Facundo González Acuña,carlos61@example.org,+56 800 844 260,Primavera,2025-06-04
2784,Mario Velásquez,marta10@example.org,+56 41 254 1581,Nancagua,2024-11-03
2785,Elizabeth Rojas Martínez,bastianvillalobos@example.org,+56 800 762 073,María Pinto,2021-06-30
2786,Sonia Antonia Troncoso Alvarado,natalia75@example.net,+56 9 2399 6849,Paiguano,2022-10-28
2787,María Maite Briceño Bascuñán,cvalenzuela@example.com,+56 2 3463 9970,Licantén,2021-11-06
2788,René Juan Acuña Olivares,verdugoclaudio@example.com,+56 72 341 1197,Coelemu,2021-09-10
2789,Tomás Fabián Núñez Zúñiga,diazmaria@example.org,+56 2 3979 1169,Los Andes,2024-05-16
2790,Mauricio Arnoldo Hernández Fernández,sotomatias@example.com,+56 32 381 9045,San Nicolás,2025-10-10
2791,Marcelo Franco Figueroa Contreras,mia71@example.net,+56 2 3742 4066,Ollagüe,2023-02-15
2792,Oriana Ángela Ramírez Garrido,mario16@example.com,+56 63 291 1105,Pumanque,2025-07-20
2793,Luis Mauro Casanova Araya,perezroberto@example.com,+56 72 264 6020,Buin,2021-11-20
2794,Felipe Joaquín Molina Vásquez,yesica15@example.org,+56 2 3405 0238,Illapel,2023-04-06
2795,Florencia Marion Ramírez Osses,polivares@example.org,+56 600 476 723,Tierra Amarilla,2021-08-12
2796,Marina Moreno Miranda,rebecarivera@example.org,+56 2 2181 6901,Mulchén,2023-08-10
2797,Lenin José Meneses García,yleon@example.com,+56 51 264 2218,Freire,2026-04-09
2798,Andrés Fermín Zapata Guerrero,aravenadamian@example.net,+56 2 2837 2506,Pedro Aguirre Cerda,2022-06-11
2799,Osvaldo Víctor García Ramírez,vicentemorales@example.net,+56 57 321 1901,Coihaique,2026-04-12
2800,Alondra Samantha Fuentes Quiroga,katherine14@example.net,+56 2 2284 7658,Curacaví,2021-07-27
2801,Eduardo Pedro Baez Casanova,maria20@example.com,+56 2 3807 9639,Renaico,2023-07-13
2802,Martina Estrella Ojeda Torres,qmartinez@example.net,+56 43 281 2394,San Nicolás,2024-05-22
2803,Almendra Muñoz Rojas,castillosilvana@example.org,+56 9 4430 4703,San Joaquín,2025-10-16
2804,Yenifer Nancy Sepúlveda Rodríguez,matildazepeda@example.net,+56 2 2974 3227,Los Andes,2025-02-14
2805,Aurelio Alejandro Reyes Morales,gonzalezandrea@example.org,+56 800 859 976,Nogales,2022-03-06
2806,Héctor Torres,vgaete@example.net,+56 43 393 9598,Río Verde,2025-03-16
2807,Gaspar Luis Garrido Mansilla,faraneda@example.net,+56 71 335 4019,Yerbas Buenas,2022-12-07
2808,Sofía Molina,leonorfernandez@example.com,+56 9 2905 8390,Tiltil,2023-03-18
2809,Paola Ruiz-Castillo,pereirabrandon@example.net,+56 2 3673 5501,San Joaquín,2021-12-09
2810,Raúl Héctor Canales Solís,wilsongomez@example.net,+56 9 6508 8824,Collipulli,2022-08-09
2811,Diego Montenegro,pedro55@example.net,+56 2 2570 8520,San Nicolás,2022-01-12
2812,Manuel Ariel Correa Mellado,florenciaperez@example.net,+56 600 773 663,Vicuña,2023-08-26
2813,Patricia Madrid Corvalán,zmiranda@example.com,+56 65 265 9387,Río Verde,2024-10-02
2814,Valentina Soto,manuelolmos@example.com,+56 9 9344 2081,Perquenco,2022-05-15
2815,Teresa Vicencio,alarconpedro@example.net,+56 44 228 0416,Iquique,2023-02-09
2816,Matías Aravena Pérez,carolinaguajardo@example.net,+56 2 3198 4100,Parral,2023-02-25
2817,Hilda Erica Alvarez Estay,rubilarcristian@example.org,+56 72 291 3992,Castro,2024-05-18
2818,Diana Veas Valenzuela,amalia90@example.com,+56 9 7417 3471,Traiguén,2021-10-01
2819,Isidora Claudia Merino Castro,evaristoarriagada@example.com,+56 58 345 6714,Quilleco,2025-08-02
2820,José Alfonso Leal Vilches,maria91@example.org,+56 34 223 9979,Marchihue,2024-03-30
2821,María Scarlet Rojas Rodríguez,gonzalezmyriam@example.com,+56 75 243 2133,Providencia,2022-02-09
2822,Marta Ana Bravo Campos,menesesgloria@example.com,+56 2 2754 4440,Romeral,2023-12-16
2823,Jorge Cristian Neira Toro,yanira83@example.org,+56 2 2826 7123,Lo Espejo,2023-06-06
2824,José Felipe Concha Verdugo,andres00@example.org,+56 2 2463 5551,Pichidegua,2021-08-14
2825,Sergio Borja Alarcón Rosas,ricardo55@example.net,+56 2 3955 3165,San Vicente,2023-02-24
2826,José Cornejo Ortega,pinomatthew@example.com,+56 9 2511 0301,Nogales,2025-03-06
2827,Luisa Margarita Cabrera Salinas,hugofuentes@example.com,+56 2 2110 9279,Llanquihue,2022-06-06
2828,Marta María Rojas Alegría,luis52@example.net,+56 9 5690 1559,Melipilla,2026-01-03
2829,Paola Fernanda Valderrama Díaz,iulloa@example.com,+56 800 653 723,Cerro Navia,2021-12-19
2830,Mateo Juan Mora Martínez,grojas@example.org,+56 2 2280 8007,Camiña,2022-07-16
2831,Germán Juan Cornejo Cortés,ldiaz@example.com,+56 600 517 318,Angol,2024-03-23
2832,Alex Aguilera Salas,valenciabenjamin@example.org,+56 2 2405 8445,Los Muermos,2026-02-28
2833,Nicolás Troncoso Torres,adiaz@example.org,+56 800 567 230,Padre Las Casas,2021-09-23
2834,José David Salinas Concha,hans80@example.net,+56 9 3427 4456,Los Lagos,2022-08-21
2835,Gloria Sofía Lucero Vargas,cristianbeltran@example.net,+56 9 4140 1381,El Carmen,2022-02-10
2836,Berta Cárcamo Ortiz,khenriquez@example.net,+56 2 3526 2557,Tucapel,2022-03-18
2837,Cornelio Claudio Castillo Marín,martinbaeza@example.org,+56 32 216 3587,Chimbarongo,2025-07-20
2838,René Martín Cortés Pino,miguel18@example.com,+56 9 9437 6405,Ollagüe,2025-07-05
2839,Carlos Francisco Torres Flores,silvanaherrera@example.net,+56 9 8523 7896,Punitaqui,2023-09-19
2840,Ignacio Bruno Barra Sepúlveda,jsalinas@example.org,+56 2 3167 2957,Malloa,2022-04-18
2841,Fabiola Oriana Carvajal Ruiz,msantana@example.com,+56 2 2391 0459,Máfil,2022-05-30
2842,Pía Retamal,marcela36@example.com,+56 9 3260 2260,Machalí,2024-09-08
2843,Violeta Tobar Mejías,ymunoz@example.com,+56 2 3240 3752,Cerrillos,2021-08-03
2844,Eduardo Roberto Cruz Parra,ggomez@example.org,+56 9 9151 2008,María Elena,2024-08-28
2845,Francisca Erika Silva Rojas,paulasantibanez@example.com,+56 600 632 866,Futrono,2025-07-21
2846,Irma Carolina Beltrán Arellano,dominiquevalderrama@example.com,+56 64 239 9857,Iquique,2022-05-23
2847,Nancy Adriana Muñoz Álvarez,david08@example.org,+56 44 366 4226,Andacollo,2024-01-02
2848,Ana Acosta Riffo,rivasmaria@example.org,+56 2 3484 9617,Treguaco,2023-10-14
2849,Nicole Cecilia Espinoza Pérez,fernandezluis@example.com,+56 2 2467 0876,San Carlos,2026-03-01
2850,José Pino,rosario80@example.org,+56 2 2103 4752,Peumo,2025-06-17
2851,Hugo Bernardo Chávez Olivares,mariarebolledo@example.net,+56 2 2872 3428,Calera,2025-11-27
2852,Edelmira Margarita Céspedes Carrasco,alfredo93@example.net,+56 9 3493 9094,El Carmen,2025-07-18
2853,Javiera Rosa Henríquez Bustos,rosario41@example.net,+56 2 2176 4856,Cochrane,2026-02-02
2854,Cecilia Fernanda Mora Martínez,erojas@example.net,+56 2 2867 7818,Bulnes,2026-04-20
2855,Luis Belmar Olivares,imunoz@example.net,+56 800 543 908,La Higuera,2025-12-06
2856,Francisca León Plaza,tomasramirez@example.net,+56 800 819 444,Chépica,2022-09-15
2857,Eladio Fuentes,lidia54@example.net,+56 2 2697 6705,Negrete,2023-06-02
2858,Antonieta Marta Morales Godoy,luzguajardo@example.org,+56 600 431 764,Tiltil,2026-01-18
2859,Margarita Leal Rivas,hbrito@example.com,+56 61 275 8389,Puyehue,2021-08-17
2860,Juan Arancibia,myriamcofre@example.net,+56 9 8654 9805,Osorno,2022-05-14
2861,Cristian Wilson Vega Álvarez,poncegabriel@example.com,+56 2 3102 1910,Calle Larga,2025-08-10
2862,Esteban Luis Cortés Cárdenas,pmercado@example.com,+56 600 681 526,Olivar,2021-10-29
2863,Isabel Rojas Díaz,cornejojuana@example.org,+56 2 3418 2843,Mariquina,2022-11-23
2864,Matías Díaz,christofer56@example.net,+56 71 395 0440,Colbún,2021-10-13
2865,José Donoso,maria86@example.com,+56 43 252 0499,Angol,2025-01-07
2866,Alicia Rojas,ksilva@example.com,+56 600 949 290,Cobquecura,2025-03-10
2867,Patricia Javiera Figueroa Barrera,andy34@example.org,+56 2 2634 4101,Río Verde,2024-08-27
2868,Alexis Víctor López Santibáñez,beatrizcancino@example.net,+56 9 9490 8760,La Cisterna,2023-05-24
2869,José Misael Valenzuela-Rodríguez Fierro,diazmaria@example.net,+56 9 7477 5189,Huara,2024-01-28
2870,Mario Julio Baeza Oyarzo,macarena00@example.com,+56 2 3400 3766,Camarones,2025-10-06
2871,Pedro Segundo Ruiz Alvarado,mariaherrera@example.com,+56 2 2912 7689,San Pedro de la Paz,2025-04-08
2872,Ema Sara Reyes Soto,xmardones@example.net,+56 65 275 9637,Valparaíso,2024-11-09
2873,Jesus Alexis López Sánchez,jose85@example.org,+56 800 642 538,Peralillo,2025-09-01
2874,Alejandro Iván Cortés Ceballos,aravenagumercindo@example.org,+56 2 3915 7780,Santa Cruz,2026-01-30
2875,Víctor Claudio Silva Rodríguez,franciscomiranda@example.net,+56 600 561 812,Macul,2025-09-16
2876,Lucinda Núñez,hectorgarcia@example.org,+56 2 2533 2588,Hualaihué,2023-05-27
2877,Juana Victoria Correa Vásquez,luciavargas@example.com,+56 34 386 4233,Pelluhue,2022-10-12
2878,Santiago Juan Roa Muñoz,carolinasalazar@example.org,+56 600 860 105,Molina,2025-12-08
2879,Gustavo Vladimir Cabrera Barrera,sofiamiranda@example.net,+56 2 3563 1839,Iquique,2022-07-26
2880,Denisse Barraza Tapia,karinamelo@example.com,+56 2 2176 2796,Ancud,2022-12-29
2881,Maximiliano Pablo Escobar Mendoza,gomezmia@example.org,+56 2 3471 4916,Frutillar,2023-09-20
2882,Elizabeth Águila Vargas,rebolledogerald@example.org,+56 2 3473 7430,Estación Central,2022-12-31
2883,Margarita Valeria Mora Aguilar,katherinehernandez@example.com,+56 53 233 5118,Queilén,2025-10-07
2884,Vicente Gaspar Castro González,valentina70@example.com,+56 2 2868 3338,Huara,2023-03-21
2885,Jessica Carmen Sandoval Sanhueza,delgadojuana@example.org,+56 9 3548 8890,Chillán Viejo,2025-07-27
2886,Ana Barahona Muñoz,abel00@example.org,+56 800 304 668,San Felipe,2022-09-02
2887,Javier Chávez,saldiviachristian@example.net,+56 2 2404 1000,Codegua,2025-05-26
2888,Patricio Segura Rocha,cleal@example.org,+56 9 4680 9774,San Clemente,2023-07-14
2889,Mateo Andrés Pacheco Morales,sgonzalez@example.com,+56 600 570 017,Mostazal,2022-06-25
2890,Lorenza Josefina Ruiz Álvarez,johana63@example.net,+56 43 391 6571,Machalí,2024-12-25
2891,Susana Amanda Berríos Lillo,segundo83@example.org,+56 600 754 935,Aisén,2022-05-17
2892,Rosario Leyton Castillo,juanvargas@example.org,+56 67 335 7452,San Pablo,2021-11-24
2893,Mónica Medina-Guerra Ramírez,andreslopez@example.org,+56 2 3290 7157,Calbuco,2022-06-08
2894,Cristian Castillo Ruiz,adanaravena@example.com,+56 600 708 096,San Pedro,2023-02-20
2895,Edith Díaz Figueroa,maria89@example.net,+56 75 346 3006,Laja,2026-01-19
2896,Eduardo Silva,lbustamante@example.com,+56 9 3762 5443,Freirina,2024-11-24
2897,Nidia Emily Vásquez Becerra,martinrivera@example.net,+56 2 2447 3524,Salamanca,2025-10-29
2898,Mario José Cornejo Veloso,zrojas@example.net,+56 800 232 093,Lo Prado,2026-03-26
2899,Sonia Paula Morales Aguilar,joaquin41@example.net,+56 600 248 553,Torres del Paine,2025-01-04
2900,Domingo Marcelo Muñoz Silva,victor72@example.org,+56 34 289 7842,Sagrada Familia,2021-08-04
2901,Marcelo Daniel Caballero Pinilla,wilsoncarreno@example.com,+56 2 2977 9248,Casablanca,2025-12-24
2902,Benito Acevedo,cristobalgonzalez@example.org,+56 2 2478 3239,Papudo,2021-08-06
2903,Mario Valdés Figueroa,klopez@example.org,+56 9 9568 2464,San Miguel,2023-04-21
2904,Edgardo Valenzuela Alvarado,munozrossana@example.net,+56 9 2119 8902,San Juan de la Costa,2026-01-31
2905,Lidia Baeza,wovalle@example.com,+56 9 9298 6730,Graneros,2024-01-07
2906,Fernando Samuel Arévalo Hernández,mariasoto@example.org,+56 600 273 210,La Cruz,2023-10-29
2907,Juan Ángel Ampuero Céspedes,rocio49@example.org,+56 32 231 9131,Carahue,2021-12-29
2908,Javier Silva Sanhueza,danielperez@example.com,+56 2 2331 3435,Melipilla,2022-10-08
2909,Claudio Araneda,matias28@example.net,+56 2 3126 7133,Lo Espejo,2024-07-21
2910,José Ruiz Peña,rodriguezjuan@example.com,+56 9 8254 7534,Peñalolén,2022-05-28
2911,Fernanda González Gaete,dominique29@example.com,+56 33 393 9283,Independencia,2021-12-14
2912,María Miranda Segovia,herreracamila@example.org,+56 9 9457 2987,San Javier,2023-07-26
2913,María Antonia Rivera Rubilar,nataliaramirez@example.net,+56 9 3698 0278,Taltal,2025-01-01
2914,María Ana Matamala Rubio,ricardo58@example.net,+56 9 5259 7110,Castro,2025-04-09
2915,Inés Petronila Villegas Bernal,scarrasco@example.org,+56 73 364 1969,Tucapel,2021-12-27
2916,Viviana Ayleen González Ruiz,sjimenez@example.com,+56 2 3235 5381,Ovalle,2023-04-15
2917,Felipe Castro,giuliana35@example.net,+56 2 2334 8362,Mulchén,2023-05-27
2918,Juan Jaime Rosales Zapata,alejandro65@example.com,+56 9 8805 9210,Juan Fernández,2022-10-31
2919,Antonella Vargas Águila,gyanez@example.com,+56 600 828 419,Castro,2021-11-12
2920,Mario Alfonso Campos Fernández,perezpedro@example.org,+56 51 227 4431,Máfil,2023-02-21
2921,Javiera Natalia Cartes Segovia,joaquin28@example.com,+56 2 2377 9259,Victoria,2025-03-12
2922,Marta Raquel Torres Ahumada,marcelo98@example.net,+56 800 912 839,El Monte,2024-12-16
2923,Paola Catalina Silva Cofré,martin48@example.org,+56 2 3265 5123,Padre Las Casas,2023-06-07
2924,Luciano Carlos Maldonado Castillo,bastiansalas@example.net,+56 2 2432 7529,Padre Las Casas,2025-04-04
2925,Felipe Sepúlveda Pérez,rominajimenez@example.org,+56 33 335 6156,Quemchi,2026-01-17
2926,Rodrigo Paul Navarro Villagra,soniaelgueta@example.org,+56 2 2113 0985,Pichilemu,2023-07-06
2927,Jovita Ponce Muñoz,solisandres@example.net,+56 2 3543 0764,Coihueco,2026-02-12
2928,Anna Fernanda Pérez Abarca,espinozajuan@example.com,+56 71 387 5267,Alhué,2025-02-12
2929,María Rojas,maytehernandez@example.net,+56 800 658 703,Frutillar,2023-01-27
2930,Nelson Francisco Riffo Garcés,tapiageraldine@example.net,+56 2 2286 0846,Sagrada Familia,2022-02-23
2931,Lucía Maite Lira Sepúlveda,pachecojose@example.com,+56 2 3403 9282,La Serena,2025-06-13
2932,Erick Gaspar Parra Seguel,xolmos@example.com,+56 42 263 1062,San Vicente,2024-02-07
2933,Benjamín Olate,carla37@example.com,+56 9 2665 4017,Guaitecas,2026-03-19
2934,Karen María Donoso Beltrán,reyesjuan@example.org,+56 2 3557 9294,Coronel,2023-02-03
2935,Oscar Vargas,andres06@example.org,+56 600 759 922,Futrono,2025-04-18
2936,Carlos Rubén Riffo Carvajal,aliciavicencio@example.net,+56 63 366 6490,Paredones,2023-05-12
2937,Constanza Cabezas,patricio57@example.org,+56 2 2445 4925,Tomé,2024-10-29
2938,Amanda Yáñez Rojas,munozvictor@example.net,+56 2 3717 9059,Cochamó,2026-05-02
2939,Katherine Aída Acevedo Osorio,leonenrique@example.org,+56 9 7791 5610,San Pedro de la Paz,2025-10-22
2940,Ignacio Guerrero Contreras,velasquezcristian@example.org,+56 9 4845 3872,Camiña,2024-10-08
2941,Giovanni Samuel Jiménez Gallardo,luisluengo@example.net,+56 800 847 059,Ercilla,2022-08-10
2942,Daniela Pía Jiménez Ramírez,ronald34@example.org,+56 9 3925 9778,Puerto Octay,2021-09-13
2943,Marcela Muñoz,iurbina@example.net,+56 9 7677 6253,Navidad,2024-02-23
2944,Dennis Novoa Aravena,bastiasjonathan@example.org,+56 45 254 8453,Machalí,2023-06-16
2945,Pablo Morales,herreradaniela@example.com,+56 34 271 9571,Pencahue,2022-07-08
2946,Margarita Emilia Sáez Bustamante,evelyn82@example.com,+56 2 2575 0105,Santa Bárbara,2024-02-21
2947,Patricia Yessenia Rojas Sepúlveda,jnavarro@example.org,+56 800 455 260,Hualaihué,2023-05-28
2948,Javiera Tatiana Díaz Cordero,nataliacorrea@example.com,+56 2 2157 8110,Lago Verde,2023-10-02
2949,Jonathan Renato Pérez Marín,cristianmunoz@example.org,+56 9 8921 7655,María Pinto,2023-05-19
2950,Paulina Miranda Araya,rmarin@example.net,+56 64 384 4287,Olivar,2022-03-19
2951,Eloy Eduardo Villanueva Riquelme,claudia67@example.org,+56 800 358 934,Paiguano,2024-08-23
2952,Gabriela María Rebolledo Carrillo,cretamal@example.com,+56 42 338 1580,La Higuera,2024-07-03
2953,Lucas Francisco Oliva Mella,jpereira@example.org,+56 800 427 127,Tirúa,2022-01-19
2954,María Rojas Álvarez,gonzalezrosa@example.net,+56 2 3943 9892,Cabo de Hornos,2021-12-20
2955,Iván Sergio Castillo Gallardo,fmolina@example.net,+56 9 6176 6744,Palena,2025-10-29
2956,Claudia González,hectorfuentes@example.net,+56 75 265 4562,Aisén,2023-03-28
2957,Matías Sepúlveda Riquelme,ojedasebastian@example.org,+56 9 7434 6243,Mostazal,2021-12-29
2958,Fabián Mena Aravena,corina44@example.net,+56 2 3957 3605,Machalí,2022-11-16
2959,Catherine Evelyn González Sepúlveda,bertapalma@example.com,+56 35 260 4112,Los Lagos,2024-03-15
2960,Lidia Jeannette Henríquez Aguirre,rodrigo72@example.com,+56 2 3193 3216,Alto Biobío,2025-01-19
2961,Ana Lucía Contreras Vargas,hector03@example.net,+56 44 374 3462,Gorbea,2025-02-22
2962,Leidy Altamirano Cisterna,luis60@example.org,+56 2 2460 3275,Lo Barnechea,2024-03-08
2963,Joselyn Josefina Ruiz Barra,carlosreyes@example.org,+56 9 4158 2434,Lo Espejo,2023-09-08
2964,Nathaly Gallegos Arias,druiz@example.net,+56 41 316 7917,Lebu,2024-08-17
2965,Michael Pérez,herrerapriscilla@example.com,+56 2 3365 2599,Papudo,2026-01-08
2966,Patricio Pedro Hormazábal Rojas,daniel56@example.com,+56 2 2988 3081,Ñiquén,2025-04-05
2967,Oscar Alfredo Muñoz Agüero,hector97@example.net,+56 9 4993 9738,Timaukel,2025-03-20
2968,Carola Salazar Ramírez,ccerda@example.org,+56 600 713 641,Alhué,2024-05-09
2969,Catalina Caro,luisrivas@example.net,+56 55 320 9529,Isla de Maipo,2024-07-30
2970,José Rojas Pizarro,nicole17@example.org,+56 2 2681 0243,San Juan de la Costa,2023-08-05
2971,Liliana Pizarro,ygallardo@example.net,+56 2 2802 4545,Treguaco,2022-02-20
2972,Margarita Sofía Orrego Díaz,fzuniga@example.com,+56 2 2629 1764,La Pintana,2025-09-20
2973,Roberto Espinoza,maria36@example.net,+56 2 2471 5578,Quirihue,2024-01-19
2974,José Brito,felipedominguez@example.net,+56 9 7331 0073,Quilicura,2025-02-12
2975,Marcelino Gallardo Roa,sandra18@example.org,+56 53 240 5235,Peumo,2026-02-16
2976,Mario Pedro Neira Rodríguez,sonia40@example.com,+56 73 389 1631,Tomé,2021-08-28
2977,Rodrigo Gustavo Muñoz Ortega,ariasmarcelo@example.com,+56 35 320 5462,Talca,2025-02-05
2978,Juana Mirtha Gutiérrez Luna,jonathanbarra@example.com,+56 9 5967 2516,San Vicente,2022-08-26
2979,María Helen Flores Rojas,franco97@example.org,+56 2 3889 2719,Lago Ranco,2022-10-30
2980,Ximena Salas,marisol40@example.net,+56 32 313 5739,Lampa,2023-03-23
2981,Julieta Salas,ayalaguillermina@example.com,+56 71 255 6427,Lota,2022-10-09
2982,Ana Carla Hernández Garrido,danielrios@example.org,+56 9 3791 5157,Curanilahue,2023-12-01
2983,Franco José Contreras Rivera,zreyes@example.net,+56 9 3874 5979,Curaco de Vélez,2024-02-19
2984,Danilo Lucas Peñaloza Castillo,danielromero@example.com,+56 2 2403 4360,Peñaflor,2025-04-16
2985,Claudio Cristóbal Castro Gómez,wzamorano@example.com,+56 52 211 3628,Colina,2021-12-10
2986,Alejandro Ítalo Segura Allendes,imedina@example.org,+56 2 3790 0254,Chaitén,2022-10-12
2987,José Cortez,carla08@example.org,+56 64 360 8175,Calama,2021-05-25
2988,Vicente Johan Riveros Yáñez,humberto20@example.net,+56 800 462 923,Santa María,2025-02-09
2989,Manuel Torres Vera,cmunoz@example.org,+56 35 276 3045,Zapallar,2023-06-05
2990,Antonia Cuevas Lillo,erios@example.net,+56 2 3996 9760,Yerbas Buenas,2023-10-11
2991,Ana Lucila Tapia Campos,xgutierrez@example.com,+56 45 352 5659,Camarones,2021-06-08
2992,Benjamín Calderón Castañeda,ghernandez@example.com,+56 2 2590 4509,Aisén,2021-09-17
2993,Benjamín Núñez Mamani,agutierrez@example.com,+56 41 356 7928,Mejillones,2025-05-03
2994,Gabriel Lucas Lobos De La Fuente,norma88@example.com,+56 2 3114 0096,Independencia,2021-11-20
2995,Juana Silva Fuentes,alvaradovalentin@example.com,+56 63 323 0993,San Fernando,2024-02-17
2996,Mauricio Hugo Velásquez Carvajal,alonsochacon@example.com,+56 43 312 7885,Ránquil,2024-10-06
2997,Cristian Castillo Mamani,gabriela09@example.com,+56 2 2380 2433,Nueva Imperial,2024-11-09
2998,Isabella Carla Díaz Quiroz,pcontreras@example.net,+56 800 497 627,Lebu,2025-03-26
2999,Miguel Díaz Flores,santosjerez@example.net,+56 2 3861 9786,San Fabián,2026-03-21
3000,Alejandra Alondra Sepúlveda Bórquez,annaruiz@example.com,+56 44 331 7601,San Clemente,2023-06-16
3001,María Guerra Cárdenas,rigoberto24@example.net,+56 600 779 495,Molina,2025-11-29
3002,Eliana Albertina Orrego Alfaro,qluna@example.com,+56 2 2182 2133,Galvarino,2021-06-01
3003,Jorge Tomás González Padilla,bastian13@example.net,+56 63 295 5382,Contulmo,2021-09-05
3004,Raquel Almendra Rojas Zúñiga,tcortes@example.net,+56 600 598 209,Natales,2025-10-20
3005,José Julio Varas Henríquez,alejandra89@example.org,+56 9 5299 4716,Casablanca,2023-04-26
3006,Rodolfo Moraga,eduardo66@example.org,+56 52 328 1799,Independencia,2023-01-23
3007,Bernardita Rosales Fernández,anibal21@example.net,+56 44 294 9033,Valdivia,2025-04-25
3008,Belén Francisca Venegas Mora,alvarezmaria@example.com,+56 2 3852 1504,San Ramón,2024-10-15
3009,Darwin Barraza Parada,zreyes@example.com,+56 2 2142 2039,Laguna Blanca,2024-08-26
3010,Paz Mónica Aguilar Elgueta,hpino@example.com,+56 2 2607 7067,Rauco,2025-11-05
3011,María Moreno Salazar,gcaceres@example.org,+56 2 2432 6850,La Pintana,2025-01-17
3012,Lorena Martínez Zambrano,sotomarcela@example.com,+56 2 3976 4621,Romeral,2026-04-30
3013,Julio Ortiz Cáceres,smatus@example.com,+56 43 370 3271,San Esteban,2022-07-21
3014,Luisa María Bahamondes Gutiérrez,zvidal@example.com,+56 2 2847 6917,Ñuñoa,2026-04-16
3015,María Eugenia Seguel Pino,bcuevas@example.net,+56 600 627 956,Marchihue,2022-09-05
3016,Doris Sepúlveda Castillo,ofuentealba@example.com,+56 2 2598 3957,Olivar,2025-11-05
3017,Berta Ávila,ordenesisidora@example.org,+56 800 408 988,Lanco,2022-06-01
3018,Samuel Miguel Donoso García,ximena75@example.net,+56 600 204 256,Cochamó,2026-01-26
3019,Jonathan Fuentes,jose17@example.org,+56 2 2297 5048,Cholchol,2024-01-07
3020,Martina Gloria Pulgar Sandoval,onovoa@example.org,+56 2 3421 7039,Retiro,2023-01-06
3021,Martín Aravena Córdova,pcuevas@example.org,+56 800 604 516,Lumaco,2025-10-25
3022,Javiera Claudia Barrera Barrientos,jorqueraeva@example.org,+56 33 387 8344,Ninhue,2024-11-05
3023,María Torres,leivajacqueline@example.com,+56 9 2769 7908,La Granja,2023-09-06
3024,Hernán González Valladares,paolavasquez@example.net,+56 67 384 0769,Chile Chico,2023-05-26
3025,Doris Rose Salas Aburto,nora09@example.com,+56 72 333 5663,Maullín,2022-09-09
3026,Magaly Fernanda Morales Carrasco,qsaavedra@example.org,+56 67 249 2758,Camiña,2023-08-21
3027,Katerine Brenda Álvarez García,crojas@example.net,+56 57 338 4091,Molina,2022-06-15
3028,Miguel Carlos Ibarra Herrera,valdesmaria@example.com,+56 35 280 4413,Cartagena,2023-09-08
3029,Héctor Vargas Santander,lucia10@example.com,+56 2 2757 3352,Toltén,2022-04-20
3030,Clara Lazo,riveracatalina@example.net,+56 73 359 8770,San Pedro de Atacama,2026-01-03
3031,Rolando Contreras Gutiérrez,vflores@example.com,+56 52 292 3977,Alto Biobío,2024-07-13
3032,Graciela Osses,gonzalezclara@example.org,+56 600 709 484,Tomé,2024-09-25
3033,Marcela Jeannette Pizarro Bugueño,oalvarado@example.com,+56 35 364 2759,Puente Alto,2021-06-19
3034,Ignacia Órdenes,yolanda59@example.com,+56 800 672 194,Juan Fernández,2023-03-29
3035,Maite Jofré,maria42@example.com,+56 53 315 4410,Quillón,2024-09-09
3036,Juana Ortega González,katherine23@example.net,+56 2 3473 5522,Punitaqui,2022-09-29
3037,Benjamín Madariaga,matias18@example.com,+56 2 3883 9555,Independencia,2024-01-18
3038,Ámbar María Vergara Collao,luisfica@example.net,+56 9 7803 9612,Rengo,2025-05-07
3039,Valentina González González,dsalazar@example.org,+56 800 854 287,Tortel,2025-05-01
3040,Catalina Parra Sepúlveda,gzapata@example.org,+56 45 384 0960,Curacautín,2023-01-07
3041,Marlene Paula Palma Avilés,tcaro@example.com,+56 9 3472 5292,Petorca,2025-02-09
3042,Bastián César Zapata Ahumada,hgutierrez@example.com,+56 34 370 0494,Saavedra,2026-03-08
3043,Amanda López Guajardo,veronicaquezada@example.org,+56 44 324 8484,Tortel,2022-07-02
3044,María Sanhueza Viveros,salasjulia@example.com,+56 2 2600 5719,Petorca,2025-10-29
3045,Esteban Leonel Neira Galdames,maria21@example.com,+56 2 2861 4301,Quemchi,2022-07-17
3046,Juan Gabriel Poblete Olivares,juana08@example.net,+56 2 2150 1058,El Tabo,2022-10-24
3047,Maite Celia Vera Sandoval,riquelmedaniela@example.net,+56 9 2446 5609,Quilaco,2021-12-21
3048,Eugenia Álvarez Mora,gcabezas@example.org,+56 9 9896 6919,Renca,2022-08-23
3049,Samuel Sánchez Zamora,pedro89@example.com,+56 53 267 3928,Loncoche,2023-02-03
3050,Vicente Fernández,mellaenrique@example.com,+56 2 2906 0548,Pitrufquén,2021-06-27
3051,Macarena María Verdugo Salazar,renatohurtado@example.net,+56 2 3104 4089,Calera de Tango,2023-05-09
3052,Patricio José Castillo Escalona,vnavarro@example.net,+56 9 9605 6073,Los Sauces,2025-04-21
3053,María Pamela Marín Correa,jaime68@example.net,+56 2 3294 4966,Rengo,2023-03-12
3054,Roxana Florencia Riffo Gallardo,tvargas@example.com,+56 58 220 5040,Taltal,2023-06-24
3055,Esteban Salinas Aguirre,brunoalvarado@example.com,+56 2 3308 0053,Lo Espejo,2026-02-08
3056,María Florentina Mora Gómez,yesseniaarias@example.org,+56 51 391 4710,Huechuraba,2025-01-11
3057,Augusto Quezada Burgos,monserrat97@example.org,+56 2 2654 8863,San Rafael,2022-08-08
3058,Jorge Jordán Villegas Carrasco,ngallardo@example.net,+56 57 219 4175,Dalcahue,2023-09-15
3059,Alfredo Astudillo,felipediaz@example.org,+56 2 2363 2530,Freirina,2023-02-19
3060,José Manuel Yáñez González,rsegovia@example.net,+56 2 3890 7870,Linares,2024-01-09
3061,Máximo Córdova Miranda,armando89@example.org,+56 9 8157 7408,Río Claro,2023-12-11
3062,Fernando Ernesto Leiva Briones,fmartinez@example.net,+56 2 2604 5487,Isla de Maipo,2026-01-22
3063,Fernanda Cifuentes,szuniga@example.org,+56 57 358 7136,Collipulli,2023-12-10
3064,Roxana Alvarado-Aránguiz Acevedo,ttorres@example.net,+56 600 307 798,El Tabo,2021-05-30
3065,Benjamín Fuentes Flores,patricia54@example.net,+56 2 3627 2441,Tomé,2023-03-13
3066,Felipe Matías Salazar Donoso,facundopino@example.com,+56 600 272 440,Machalí,2023-05-29
3067,María Zúñiga Suárez,cristian07@example.net,+56 45 335 1803,Los Sauces,2023-11-10
3068,Giuliana Susana Arroyo Vásquez,arayamaria@example.com,+56 35 349 8464,El Bosque,2023-10-04
3069,Paula Amanda Cerda Salazar,urojas@example.org,+56 9 9704 0047,Victoria,2021-07-16
3070,Adolfo José Calderón Rojas,mbarrera@example.com,+56 53 396 1443,Los Andes,2024-04-25
3071,Julieta Santander,leonorarcos@example.net,+56 9 2566 1964,Tucapel,2022-12-16
3072,Rosa Rebolledo Bustamante,fmorales@example.net,+56 600 912 808,Longaví,2025-05-12
3073,Daniel Ítalo Gutiérrez González,kalvarez@example.com,+56 58 328 8039,Cabrero,2022-10-09
3074,Sergio Urbina Herrera,pardomaria@example.org,+56 800 723 656,Curicó,2024-11-27
3075,Diego Chávez Lagos,vasquezmario@example.org,+56 2 3708 6917,Los Álamos,2024-02-07
3076,José Becerra,wguerra@example.org,+56 2 3190 5495,Purranque,2022-05-07
3077,Sergio Miranda,javiera93@example.net,+56 800 570 169,Providencia,2022-10-20
3078,Ana Maribel Alvarez Delgado,ricardodonoso@example.net,+56 2 3868 8026,Huechuraba,2021-08-21
3079,Paola Cristina Naranjo González,claudiafuentealba@example.com,+56 2 2284 4877,San Nicolás,2022-04-13
3080,José Rodrigo Meza González,maria35@example.com,+56 65 350 0384,Pedro Aguirre Cerda,2023-08-15
3081,Ximena Jiménez Ponce,mvalenzuela@example.org,+56 2 3598 5082,Diego de Almagro,2025-07-24
3082,Juana González Calderón,avendanoluis@example.com,+56 63 314 1934,Illapel,2024-07-18
3083,Hugo David Avendaño Rojas,isaacayala@example.net,+56 600 276 482,San Juan de la Costa,2022-03-29
3084,María Gabriela Rivera Montes,carolina71@example.net,+56 2 3114 4266,Pemuco,2023-09-13
3085,Erick Isaías Muñoz Mercado,xsan-martin@example.net,+56 44 342 8775,Loncoche,2026-02-17
3086,Ana Ulloa,hbustos@example.com,+56 2 2923 5864,San Pedro de Atacama,2021-11-21
3087,César Vallejos Lizama,camila22@example.org,+56 2 2385 2834,Los Andes,2023-12-08
3088,Sergio Jorge Neira Silva,cesar45@example.net,+56 2 2941 1037,Combarbalá,2021-11-13
3089,Magdalena Gatica Yáñez,ldiaz@example.org,+56 600 802 628,Cabildo,2026-01-12
3090,Fernanda Victoria Mellado Parra,navarropedro@example.org,+56 600 665 695,Cholchol,2021-05-15
3091,Verónica Cruces Riveros,waltamirano@example.org,+56 600 613 698,Natales,2026-04-23
3092,Matías Pérez Gómez,matiasperez@example.com,+56 35 359 2679,Isla de Maipo,2021-09-07
3093,María Diana Martínez Díaz,aguilarcarol@example.org,+56 600 687 613,Illapel,2026-04-14
3094,Víctor Juan Veloso-Moyano Rojas,camilaherrera@example.net,+56 9 3757 9590,Saavedra,2022-03-18
3095,Carlos Víctor Fuentes Retamales,tcontreras@example.org,+56 600 724 947,El Bosque,2025-04-15
3096,Eduardo Juan González Benítez,cgonzalez@example.org,+56 600 491 123,Puente Alto,2025-06-29
3097,Carlos Barraza Flores,reyesdavid@example.org,+56 65 362 5768,Freire,2026-02-02
3098,Eric Ricardo Berríos Parada,denisselopez@example.net,+56 34 242 7246,Alto del Carmen,2022-07-08
3099,Fabián Cortés,orfelina07@example.net,+56 9 3144 1383,San Gregorio,2025-03-19
3100,Andrea Graciela Ramos-Quezada Ramírez,cristina09@example.com,+56 9 4457 9858,Pichidegua,2025-02-28
3101,Camila Araya-Salgado Barrios,susana35@example.org,+56 2 3675 2751,Quilicura,2024-09-20
3102,Juan Díaz Albornoz,wgonzalez@example.net,+56 9 3166 0355,O'Higgins,2026-05-05
3103,Isidoro Elías Araneda Muñoz,gomezcristian@example.org,+56 9 5164 6650,Lautaro,2025-05-21
3104,Blanca Mercedes Romero Rubio,segurajuan@example.org,+56 2 2875 5646,Punitaqui,2021-09-05
3105,Rosario Gladys Urbina González,cristinamiranda@example.com,+56 58 385 5662,Machalí,2022-06-10
3106,Camila María Velásquez Rojas,maria07@example.net,+56 2 3735 5841,Calera de Tango,2025-09-08
3107,Mario Pascual Cárdenas Ahumada,yoselin14@example.org,+56 65 212 6723,Porvenir,2021-09-06
3108,Gladys Verónica Torres Espinosa,eleazar66@example.net,+56 9 4386 0245,Lo Espejo,2026-03-09
3109,María Retamal Fernández,john22@example.net,+56 42 235 4777,Sierra Gorda,2021-07-16
3110,Rossana Emily Montenegro Alvarado,salazarjuan@example.org,+56 2 3123 1429,Camarones,2025-03-10
3111,Juan Flores,marco15@example.org,+56 800 572 018,La Pintana,2021-10-18
3112,Bárbara Ángela Quezada Arriagada,ameliasalazar@example.com,+56 33 282 5539,Calama,2022-11-15
3113,Mario Soto Elgueta,barrientosjuan@example.net,+56 800 152 800,Los Ángeles,2023-08-14
3114,Rosa Cárcamo,elias79@example.com,+56 600 862 867,Cabrero,2023-05-10
3115,Marco Héctor Campos Arriagada,santiagomarquez@example.net,+56 800 233 717,Purén,2022-07-03
3116,Alma Rosa Araya Badilla,alvarezgloria@example.net,+56 52 256 7772,Toltén,2026-01-16
3117,Cristóbal Francisco Paredes Saldivia,roger00@example.org,+56 2 3859 4855,Calle Larga,2023-01-30
3118,María Rocio Viveros Bustos,juana97@example.net,+56 2 3327 5918,Florida,2021-08-19
3119,Carlos Cabello Alarcón,moralesjennifer@example.net,+56 800 233 499,General Lagos,2024-06-02
3120,Soledad Lorena Verdugo Araya,sergiosalas@example.net,+56 9 9828 4400,Santa Cruz,2023-09-27
3121,Karin Elizabeth Henríquez Villanueva,sergiofonseca@example.org,+56 9 8792 7935,Huasco,2023-09-30
3122,Elsa Jennifer Ulloa Mora,monicaortega@example.org,+56 42 326 8029,Providencia,2022-01-30
3123,Manuel Reyes Rebolledo,fernandezamanda@example.com,+56 600 245 318,Chiguayante,2023-04-17
3124,Laura Gajardo,wsalinas@example.org,+56 58 213 5206,Quinta Normal,2021-08-09
3125,Ángel Barra Oñate,priscillafarias@example.net,+56 2 2958 7445,Corral,2021-11-06
3126,Luis Williams Lillo Rojas,laura62@example.com,+56 9 8108 5561,Cabildo,2026-05-01
3127,Víctor Diego Pérez González,andrea40@example.org,+56 9 9485 9571,Andacollo,2022-04-10
3128,Catalina Rojas,rafaelolivares@example.com,+56 2 3998 4366,Timaukel,2025-06-21
3129,Tomás Neira Martínez,julietabustamante@example.com,+56 800 683 922,Maullín,2023-01-28
3130,Francisca Vásquez Ruiz,xrodriguez@example.org,+56 2 3274 1269,Cabo de Hornos,2023-11-26
3131,Javier Emilio Arias Cortés,luciano24@example.net,+56 58 343 2980,María Elena,2023-09-03
3132,José Luis Fernández Vera,patricio13@example.org,+56 35 387 9844,Colchane,2024-02-20
3133,Nicole Beatriz Concha Prieto,gabriela82@example.org,+56 2 2650 0072,Tiltil,2023-07-19
3134,Fernando Sergio Briceño Villegas,facundo73@example.com,+56 2 3746 0095,Paine,2025-05-13
3135,Julián Arnaldo Bravo Sánchez,eflores@example.org,+56 800 906 995,Maule,2022-07-09
3136,Fernando Sáez,mabelreyes@example.org,+56 600 580 802,San Carlos,2023-01-29
3137,Matías Miguel Vega Hernández,patriciorodriguez@example.com,+56 32 245 8346,Nogales,2023-12-23
3138,Sara Catalina Flores López,maria45@example.net,+56 9 9346 2619,Santa Juana,2022-02-06
3139,Matías Mauricio Cruz Céspedes,guillermoandrade@example.org,+56 9 6348 6865,Freirina,2023-02-07
3140,Eladio Romero Martínez,calderoncecilia@example.com,+56 600 934 187,San Bernardo,2021-08-18
3141,Belén Pascal López Guzmán,facundo73@example.net,+56 2 2556 1869,Hualpén,2025-06-03
3142,Mariela Celeste Saldías Rojas,luisguerra@example.net,+56 72 237 1631,Collipulli,2023-08-03
3143,Consuelo Cecilia Sánchez Espinoza,camilaespinoza@example.org,+56 58 257 5765,Alto del Carmen,2024-03-02
3144,Verónica Lissette Burgos Collao,valenzuelaeduardo@example.net,+56 800 665 429,Canela,2026-02-08
3145,José Esteban Godoy Pérez,gloria34@example.org,+56 2 2398 4157,Negrete,2025-11-02
3146,Luz Norma González Pardo,gpino@example.net,+56 41 361 9971,Río Bueno,2023-11-15
3147,María Villalobos,eoyarzo@example.com,+56 44 326 7325,Pemuco,2022-07-14
3148,Liliana María Álvarez Araya,sofia04@example.org,+56 43 392 2581,Angol,2021-07-28
3149,Nicanor Jorquera Torres,jaraya@example.com,+56 65 334 3957,Cañete,2024-08-31
3150,Ignacia Palma,lcastillo@example.net,+56 55 217 2476,Panquehue,2022-12-07
3151,Emma Contreras Villalobos,luciaortega@example.com,+56 2 3347 6894,Puqueldón,2023-12-13
3152,Cristóbal Rubén Mancilla Peña,castillonicole@example.org,+56 600 790 890,Lolol,2023-03-20
3153,Mauricio Letelier Santander,epizarro@example.org,+56 600 775 834,Hualaihué,2022-03-04
3154,Sandra Adriana Poblete-Gutiérrez Palma,qcontreras@example.net,+56 800 214 645,Tocopilla,2023-08-05
3155,Humberto Gatica,guerraluis@example.com,+56 9 5917 7297,El Quisco,2021-09-11
3156,Antonieta María Fernández Vidal,isabellaquezada@example.org,+56 43 227 6138,Concepción,2021-07-06
3157,Cristian León Gómez,guillermoneira@example.com,+56 2 2567 9796,La Granja,2022-11-29
3158,Carmen Pamela Barrera Díaz,patriciasalas@example.net,+56 2 3592 6548,Recoleta,2023-04-26
3159,José Luis González Mella,navarroelvira@example.net,+56 61 255 9442,Curanilahue,2021-10-22
3160,Sergio Iván Labra Agüero,christian95@example.org,+56 9 7997 9201,Cholchol,2021-07-06
3161,Rafael Sebastián Sandoval Rojas,mpena@example.org,+56 9 8299 6708,San Pedro de la Paz,2023-08-06
3162,Alonso Navarro Vargas,gcastro@example.org,+56 2 3573 2191,Rinconada,2024-01-31
3163,Javiera Verónica Flores Aguilar,cifuentesrodrigo@example.org,+56 600 696 430,La Pintana,2023-05-10
3164,Pedro López,luisponce@example.org,+56 2 2651 6149,Tocopilla,2026-05-07
3165,Emilia Pacheco,samuel86@example.com,+56 57 262 2311,Retiro,2021-06-01
3166,Martín Cornejo,renatosepulveda@example.com,+56 34 256 2410,Pucón,2023-12-17
3167,Inés Marta Gómez Guerra,sotohugo@example.com,+56 2 2271 0041,Lo Barnechea,2022-07-07
3168,Claudio Hans Elgueta Cabrera,dtoledo@example.com,+56 32 331 7920,Cabo de Hornos,2025-11-14
3169,Joaquín Valenzuela Hernández,robertochandia@example.com,+56 2 2444 2838,Pitrufquén,2025-11-22
3170,Ruth Núñez Molina,natalia78@example.com,+56 64 384 4584,El Quisco,2025-09-11
3171,Brenda María Segura López,dquispe@example.org,+56 2 3750 6001,San Ignacio,2021-07-17
3172,Verónica Sara Araya Gallegos,sotoanita@example.com,+56 2 3535 5829,Machalí,2022-07-06
3173,Pascal Gutiérrez Rozas,waraneda@example.net,+56 42 324 3415,Coquimbo,2022-01-23
3174,Leonor Arancibia Tapia,ivarela@example.net,+56 45 347 9037,Huasco,2025-07-31
3175,Solange Laura Robles Soto,lvidal@example.org,+56 2 3475 6088,Negrete,2022-12-15
3176,Amelia Jaramillo,qmolina@example.org,+56 9 7746 5422,Rancagua,2021-07-23
3177,Enrique Zambrano-Astudillo,eleiva@example.net,+56 51 244 9712,Linares,2024-04-02
3178,Fernando Vidal González,miguelzapata@example.com,+56 600 399 325,La Florida,2023-04-05
3179,Diego Vicente Aguilera González,norma02@example.net,+56 51 225 8049,Vicuña,2024-03-08
3180,Henry Cristofer Aburto Méndez,salazarcristian@example.net,+56 2 2808 6391,Ancud,2022-05-06
3181,Liliana García Román,yanettorres@example.com,+56 2 2385 5283,Alto Biobío,2025-11-16
3182,Marta Torres-Salas,diegosaavedra@example.com,+56 2 3233 6007,San Pedro,2021-06-12
3183,Pablo Vega Montoya,merinomarisol@example.net,+56 9 3352 3071,Estación Central,2021-07-27
3184,Carlos Vargas Muñoz,ramosmariela@example.com,+56 2 3150 4820,Maullín,2025-06-07
3185,Tomás Valladares Hernández,fvargas@example.com,+56 600 486 690,San Carlos,2023-01-22
3186,Ingrid Uribe,reinaldocontreras@example.net,+56 2 3806 3263,Antuco,2021-12-29
3187,Juan Axel Cabello González,morenopamela@example.com,+56 600 716 244,Perquenco,2024-06-19
3188,Luisa Violeta Poblete Sierra,belenvargas@example.net,+56 41 359 7812,Panquehue,2024-10-23
3189,Emily Yoselin Lorca Cortés,ponceamanda@example.com,+56 2 2688 0836,Villarrica,2025-06-17
3190,Mia Rosa Zurita Cisterna,vergaraana@example.net,+56 9 2293 4562,Empedrado,2026-03-02
3191,Demian Briceño Rivera,bernardogomez@example.com,+56 600 915 800,Romeral,2022-03-08
3192,Víctor Alfredo Madariaga Chávez,qzuniga@example.net,+56 44 241 6594,San Pedro de la Paz,2023-02-23
3193,Rosa María Morales Riveros,pinillaignacia@example.org,+56 600 785 177,San Ramón,2026-04-13
3194,David Lucas Jara Herrera,cfernandez@example.org,+56 800 583 452,Machalí,2022-04-14
3195,Hernán Muñoz,santanaantonio@example.net,+56 9 7325 0003,Calbuco,2024-08-19
3196,Salvador Enzo Moya Bustos,fuentesstephanie@example.net,+56 2 2930 3295,Natales,2021-06-15
3197,Benito Rojas,sonia25@example.org,+56 2 2666 9365,La Florida,2023-07-27
3198,Susana Vásquez,pardoluis@example.org,+56 2 2973 8028,Treguaco,2023-08-20
3199,Patricia Margarita Cuevas Yáñez,mariavelasquez@example.org,+56 2 2131 9060,Isla de Maipo,2025-08-03
3200,Alejandro José Merino Martínez,cristobal01@example.org,+56 53 232 6020,Gorbea,2023-08-11
3201,Edita Tania Aguilar Díaz,normacifuentes@example.com,+56 9 4365 2017,Chimbarongo,2021-09-28
3202,Natalia Gamboa,katalina59@example.com,+56 2 2645 3484,Pudahuel,2024-07-13
3203,Jorge Esteban Pizarro Rebolledo,cristiancastillo@example.com,+56 2 2182 8704,San Felipe,2024-03-16
3204,Patricia Camila Morales Castañeda,ghernandez@example.com,+56 9 7363 1280,Río Bueno,2022-10-14
3205,Marco Carlos León Leiva,carlos59@example.net,+56 800 612 397,Guaitecas,2025-10-14
3206,Ricardo Hernández Ortiz,trinidadblanco@example.com,+56 800 421 508,Maullín,2023-08-27
3207,Jesus Ahumada-Véliz,vasquezleon@example.net,+56 2 3135 6073,Algarrobo,2025-03-22
3208,Eduardo Moreno,hugodominguez@example.net,+56 9 6253 2908,San Pablo,2022-04-25
3209,Ximena Espinoza Farías,catalinamontecinos@example.com,+56 45 375 1436,Pichidegua,2022-01-12
3210,María Mardones,hector61@example.net,+56 2 3603 8598,Las Cabras,2022-02-14
3211,José Berríos Fuentes,aylinmella@example.com,+56 800 439 819,Cabrero,2022-01-06
3212,Carlos Juan Ortiz Villalobos,riquelmecristobal@example.net,+56 2 3287 6135,San Fabián,2022-06-04
3213,Leonardo Ramírez Gómez,david04@example.net,+56 52 272 6910,Alto Hospicio,2025-11-21
3214,Lucas Ignacio Fuentes Villegas,vidalmanuel@example.net,+56 75 219 3198,Mulchén,2021-07-07
3215,Jacinta María Reyes Erices,fernandezmatias@example.net,+56 2 2760 9984,Paiguano,2024-09-17
3216,Jorge Pérez Alvear,gonzalezricardo@example.net,+56 2 3518 0022,Traiguén,2024-07-12
3217,Sara Arce,hvega@example.net,+56 2 3218 8229,La Unión,2022-10-20
3218,Alejandra Carla Cid Riquelme,luisaaedo@example.org,+56 53 325 0994,San Gregorio,2025-09-21
3219,Jessica Yáñez-Herrera,jose51@example.org,+56 9 8168 0581,Nogales,2025-09-16
3220,Gerardo Arenas Sánchez,marcela07@example.net,+56 2 3354 5283,Placilla,2025-08-07
3221,Sebastián Ortiz,veracristian@example.org,+56 9 6113 0126,El Tabo,2022-06-13
3222,Luis Sergio Escobar González,mario04@example.org,+56 71 336 5088,Maullín,2023-05-02
3223,Enrique Jara,juan88@example.org,+56 2 3723 5846,Coihaique,2026-03-21
3224,René Pereira,ebustamante@example.org,+56 2 2351 7763,Linares,2023-05-12
3225,Alan Dylan Cid Riveros,molinapaola@example.com,+56 2 3801 1353,Fresia,2024-08-11
3226,Pilar Sofía Valdivia Benavides,rodrigolopez@example.net,+56 45 252 5900,Huara,2021-12-10
3227,Wilson Ronald Sánchez Alarcón,cortesmonica@example.net,+56 2 3883 1664,Cerrillos,2021-07-29
3228,Raúl Hernández Maureira,luis13@example.org,+56 9 6192 0960,Saavedra,2025-08-04
3229,Viviana Rocío Caro González,waldo34@example.org,+56 9 6645 4942,Llaillay,2025-08-26
3230,Cristóbal Diego Herrera Pardo,zamoraalejandro@example.org,+56 800 756 654,Chaitén,2023-07-25
3231,Isidora Josefa Suazo Martínez,javiersolis@example.net,+56 600 272 366,Guaitecas,2026-04-06
3232,Laura Paulina Gutiérrez Pérez,vargasfelipe@example.net,+56 9 8107 6735,Vicuña,2025-03-09
3233,Giancarlo Cárdenas,jenifer14@example.com,+56 63 259 5250,La Ligua,2021-09-13
3234,Cristian Juan Martínez Díaz,luisaguayo@example.net,+56 2 2224 1973,Bulnes,2025-10-13
3235,Paula Fernández-Cartes Sáez,kvalenzuela@example.org,+56 2 3287 3136,Punitaqui,2026-03-01
3236,Sofía Margarita Pérez Ruiz,abigailortiz@example.com,+56 2 2674 8986,Punta Arenas,2023-03-23
3237,Alfonso Ortiz Brito,diego45@example.com,+56 71 256 1462,Maule,2024-01-16
3238,Iván Víctor Díaz Montero,millaraymatamala@example.net,+56 600 538 114,Cochamó,2023-07-07
3239,Juan Velásquez Barraza,wgonzalez@example.org,+56 55 389 3046,Peñalolén,2024-10-26
3240,Norma Patricia Zamorano Gómez,ycarrasco@example.com,+56 800 961 263,Temuco,2023-03-12
3241,Luisa Tapia,rodrigo90@example.net,+56 2 3441 1569,La Higuera,2023-02-28
3242,Daniela Milena Jara Arancibia,eduardogallardo@example.net,+56 2 2788 2989,Paillaco,2024-07-18
3243,Cecilia Marisol Torres Núñez,mariocorrea@example.com,+56 600 427 268,Pemuco,2024-02-06
3244,Sebastián Thomas Ortiz Herrera,joaquinsalgado@example.org,+56 71 276 0392,La Ligua,2024-05-18
3245,Eduardo Sebastián Zamora Valderrama,saezkaren@example.com,+56 2 3848 4153,Lampa,2024-08-24
3246,Francisco Isaac Montecinos Reyes,ramirezelias@example.com,+56 9 8918 6235,Lolol,2026-04-11
3247,Pedro Benjamín Montenegro Bustamante,bastian76@example.net,+56 2 2543 9387,Romeral,2024-06-29
3248,Benjamín Morales Cepeda,faundezana@example.net,+56 2 2663 0268,Chonchi,2025-05-25
3249,Valentina Catherine Lagos Sánchez,ztapia@example.com,+56 2 2186 6427,Florida,2021-11-16
3250,Gladys Soto Aguilar,qcordero@example.org,+56 72 228 7169,Copiapó,2024-09-22
3251,Gloria Candia Castillo,torooscar@example.org,+56 600 313 740,Paine,2025-12-17
3252,Cristian Julián Cruz Pizarro,xhormazabal@example.com,+56 9 9386 5571,Curacautín,2025-10-22
3253,María Araneda,ypasten@example.net,+56 71 375 0047,Villarrica,2022-11-14
3254,Cristóbal Tomás Urbina Lagos,jocelynsuazo@example.net,+56 9 7935 5399,Paiguano,2022-07-21
3255,Elizabeth Pérez Soto,hector95@example.net,+56 53 226 8909,Santiago,2024-01-18
3256,Ítalo Osorio,gloria22@example.net,+56 55 260 2780,Queilén,2023-12-13
3257,Joan Aquiles Paredes Madrid,fernanda79@example.org,+56 2 2473 5462,Traiguén,2024-10-06
3258,Jessica Paula Venegas Arroyo,benjamintorres@example.org,+56 600 125 124,Pucón,2023-08-15
3259,José Contreras Becerra,suribe@example.org,+56 2 3993 9388,Santa Bárbara,2023-07-26
3260,Jesus José González Oyarzún,evelin44@example.org,+56 2 3628 3445,Panguipulli,2024-08-02
3261,Roberto Vicente Ortiz Andrade,ismaeltapia@example.org,+56 9 7127 1495,Hualpén,2024-02-04
3262,María Orellana-Castillo García,isidoraerices@example.org,+56 2 2623 6966,Lo Barnechea,2024-07-09
3263,Rodrigo Aravena Muñoz,usoto@example.net,+56 57 393 7584,Sagrada Familia,2026-01-03
3264,Rosa Contreras,fperez@example.org,+56 9 5101 5160,Hualaihué,2025-02-22
3265,Benito Samuel Peña Jara,michaelsuazo@example.net,+56 45 373 9199,Chañaral,2023-10-11
3266,Carmen Elizabeth Maldonado Rojas,rebeca29@example.org,+56 2 3230 4629,Villarrica,2024-04-08
3267,Eduardo Escalona Ortiz,carmenastudillo@example.net,+56 55 221 8047,Recoleta,2021-11-09
3268,Rita Campos,salinasblanca@example.org,+56 2 3215 9284,Colina,2022-04-08
3269,Margarita María Rivera Fuenzalida,arivera@example.com,+56 9 5601 8159,Caldera,2026-04-03
3270,Javier Vicente Molina Echeverría,parramarcela@example.net,+56 600 567 701,Cochamó,2021-07-04
3271,Jonathan Vergara Olivares,zduran@example.net,+56 2 3694 2185,Peñalolén,2024-10-07
3272,Simón Romero Jaramillo,earancibia@example.com,+56 800 163 765,Monte Patria,2023-02-17
3273,Juan Ramón Segura Duarte,borismorales@example.com,+56 2 2603 1935,Lota,2023-09-02
3274,María Oyarzún,rsobarzo@example.org,+56 9 2296 7049,San Rafael,2024-01-29
3275,Macarena Canales Vergara,patricio97@example.net,+56 800 311 671,Dalcahue,2023-05-18
3276,Ramiro Órdenes Alarcón,jimenezcarlos@example.org,+56 53 340 4481,Las Condes,2021-10-01
3277,Norma Bernarda Pérez Martínez,tiaregutierrez@example.org,+56 2 3967 8919,Lanco,2023-09-25
3278,Sophia Pérez,colombaperalta@example.net,+56 2 2163 3931,Isla  de Pascua,2022-02-04
3279,María Daniela Álvarez Muñoz,mhernandez@example.org,+56 32 295 3064,Isla de Maipo,2021-12-08
3280,Paulina Carola Soto Allende,noemi29@example.org,+56 33 358 0011,Arica,2022-02-12
3281,José Edgard Muñoz Lazo,medinacamila@example.org,+56 9 5332 9959,Litueche,2023-02-28
3282,Mariana Gálvez,juanitaarevalo@example.net,+56 800 844 211,Isla  de Pascua,2022-04-26
3283,Claudia Valladares Salas,svega@example.org,+56 2 3815 5287,Villa Alemana,2025-08-20
3284,Paolo Yordan Gajardo Núñez,sergio33@example.org,+56 2 3984 1461,Tiltil,2024-07-26
3285,Bárbara Viviana Cáceres Galdames,danielatorres@example.org,+56 2 3742 6682,El Quisco,2021-09-24
3286,Carlos Oyarce Abarca,ovaras@example.com,+56 2 2577 6546,Lo Barnechea,2024-03-06
3287,Cristopher Lagos Espinoza,tapiamiguel@example.net,+56 9 6450 1175,Talca,2022-01-17
3288,Viviana Daniela Blanco Araya,san-martinhernan@example.org,+56 9 2178 0142,Tucapel,2023-12-07
3289,Raimundo José Ulloa Sánchez,jennifferruiz@example.net,+56 33 257 6761,Retiro,2024-09-27
3290,Pedro Juan Herrera Araya,henriquezvictor@example.com,+56 2 2988 9345,Hualqui,2022-03-13
3291,Alexandra Escobar González,guajardogricelda@example.com,+56 43 310 1188,Taltal,2024-06-15
3292,Karol Fernanda Echeverría Rojas,sara94@example.com,+56 64 314 1481,Los Ángeles,2024-07-04
3293,Florencia Baez,sandro37@example.org,+56 2 2498 0184,Quinta de Tilcoco,2023-12-14
3294,Fernando Herrera Cuevas,melanie86@example.com,+56 65 345 7293,Los Ángeles,2025-03-08
3295,María Álvarez Ávila,anibal52@example.net,+56 2 3364 1457,Machalí,2025-08-06
3296,Pilar Teresita Ortiz Hernández,editasoto@example.org,+56 45 299 7358,Mariquina,2023-10-16
3297,Mauricio Garrido Santibáñez,pablo62@example.net,+56 2 3451 6178,Navidad,2024-06-14
3298,Bernardo Juan Aracena Rodríguez,rtapia@example.com,+56 9 9782 1867,San Clemente,2025-09-15
3299,Eva Fuentealba López,hector88@example.com,+56 2 2880 3740,Rengo,2024-12-03
3300,Juana Katherine Fuentealba Aravena,daniela47@example.net,+56 600 359 294,Pichilemu,2023-03-22
3301,Elsa Valentina Díaz Carrillo,sanchezyasna@example.com,+56 600 382 027,San Bernardo,2021-08-07
3302,Martín César Villegas Vega,floresjorge@example.org,+56 2 2412 8231,Navidad,2024-02-04
3303,Edgar González Molina,lbrito@example.org,+56 33 270 0457,La Granja,2022-10-07
3304,Mateo Patricio Figueroa Viveros,alvearrose@example.org,+56 63 392 3831,Chépica,2023-03-09
3305,Luis Ríos,rcuevas@example.net,+56 53 334 4546,Tierra Amarilla,2023-01-28
3306,Felipe Moya,zinostroza@example.org,+56 65 380 1971,San Juan de la Costa,2022-02-06
3307,Héctor Eduardo Carvajal Oyarzo,mdiaz@example.net,+56 800 399 182,Puerto Varas,2024-04-13
3308,Olga Ibáñez Echeverría,oarancibia@example.net,+56 2 3318 7483,Monte Patria,2024-03-01
3309,María Claudia Villegas Gómez,talvarez@example.org,+56 9 2707 2070,Quinta de Tilcoco,2022-07-05
3310,Rosa Katia Rojas Villagrán,rafael02@example.org,+56 9 2395 1765,Teodoro Schmidt,2024-07-28
3311,Lucrecia Elena Contreras Calderón,hmeneses@example.com,+56 2 3666 0441,Vallenar,2024-03-20
3312,Pascal Jenniffer Muñoz Rojas,leivaricardo@example.net,+56 34 356 7366,Natales,2024-08-04
3313,Patricia Barrientos Ortiz,tania66@example.net,+56 600 961 279,Isla de Maipo,2021-08-07
3314,Luis Julián Rodríguez Riquelme,abarcabastian@example.net,+56 9 8610 4814,Antofagasta,2023-08-24
3315,Enrique Hugo Quintanilla Tapia,plillo@example.com,+56 41 282 0788,Antuco,2025-11-20
3316,Oscar Luis Valdebenito Delgado,garayclaudio@example.org,+56 2 2199 6942,Río Negro,2025-09-06
3317,Luis Sepúlveda Berríos,victormora@example.org,+56 800 230 339,Pirque,2023-04-27
3318,Eliana Constanza Salinas Oliva,tretamales@example.org,+56 57 246 6231,Cunco,2024-04-22
3319,Jaime Fabián Santos Alarcón,javieraarancibia@example.com,+56 800 582 573,Padre Hurtado,2023-06-17
3320,Juan Ángel Martínez Molina,barbara59@example.com,+56 71 372 0150,Pedro Aguirre Cerda,2023-12-31
3321,Natalia Mónica Salazar Ramírez,yolanda89@example.com,+56 2 2986 9186,Tomé,2022-03-14
3322,Estefanía Antonella Carrera Ibarra,pflores@example.net,+56 67 240 9580,Calera de Tango,2023-07-16
3323,Marcela Quiroga Fuentes,nmercado@example.com,+56 2 2904 8198,Cañete,2022-06-30
3324,Vladimir Quezada Cartes,emiliojorquera@example.com,+56 71 262 7723,Talcahuano,2021-07-25
3325,Carmen Luna Aguayo,sebastianperez@example.com,+56 2 2784 7886,Pumanque,2023-06-17
3326,Gloria Patricia Delgado Castañeda,kguerrero@example.com,+56 2 3755 5587,Melipilla,2024-09-03
3327,Domingo Arriagada Badilla,jessica12@example.com,+56 800 797 534,Ancud,2021-10-13
3328,Paola María Lagos Zúñiga,psan-martin@example.net,+56 600 425 051,Vitacura,2022-05-20
3329,Luis Quispe,tomas33@example.net,+56 9 3434 7709,Porvenir,2024-07-01
3330,Jessica Castillo Acuña,barbaravillagran@example.com,+56 41 376 6365,Valdivia,2022-09-22
3331,Edith Patricia Concha Valenzuela,opazoclaudia@example.org,+56 2 2756 3349,Estación Central,2023-11-12
3332,Anahí Erica Villagrán Contreras,luengocarlos@example.net,+56 9 2692 8144,Guaitecas,2023-04-19
3333,Cecilia Escobar,carlossaavedra@example.net,+56 65 279 0245,Coronel,2023-06-15
3334,Estrella Javiera Sáez Vidal,mauricio41@example.net,+56 800 177 752,Puyehue,2026-01-15
3335,Lucinda Emily Solís Cid,egonzalez@example.com,+56 9 3172 8171,Tocopilla,2024-12-11
3336,Elías Rubén Mamani Reyes,valentinapinto@example.com,+56 2 3621 2827,Zapallar,2021-06-11
3337,Martín Emilio Acosta Escobar,juana69@example.com,+56 600 340 428,San Gregorio,2021-09-15
3338,María Luz Tapia Seguel,roagladys@example.org,+56 2 3565 2211,Doñihue,2021-11-21
3339,Luis Marcelo Inostroza Salazar,vneira@example.net,+56 2 2408 4846,Alto Hospicio,2021-11-28
3340,Elizabeth Geraldine Salas Bravo,carmelagomez@example.com,+56 2 3751 1407,Peralillo,2022-04-16
3341,Janet Guzmán Jiménez,eugenio17@example.org,+56 53 391 3957,Olivar,2024-04-07
3342,Alejandra Jessica Saavedra Varas,pdiaz@example.org,+56 73 228 0059,Puerto Montt,2022-01-21
3343,María Lara Torres,oramirez@example.org,+56 35 273 8380,Valdivia,2022-06-03
3344,José Luis González Navarrete,zrojas@example.com,+56 800 127 750,Los Muermos,2022-08-25
3345,Gustavo Humberto Peralta Aguilera,noemitapia@example.net,+56 75 399 6563,Pelluhue,2024-10-10
3346,Irene Génesis Mora Domínguez,maria80@example.net,+56 67 214 9090,Punitaqui,2021-12-29
3347,María Estela Salazar Sepúlveda,mendozasofia@example.com,+56 45 348 5422,Molina,2021-07-24
3348,Ana Camila Salgado Catalán,zcalderon@example.com,+56 9 8165 7289,Talca,2024-07-03
3349,Marco González,ngonzalez@example.org,+56 9 7213 9131,Cunco,2026-02-09
3350,Ricardo Alonso Rojas Muñoz,johnperez@example.org,+56 2 3239 9379,San Rafael,2026-02-17
3351,Camilo José Ortiz González,florencia93@example.net,+56 2 3152 7961,San Rafael,2023-02-04
3352,Florencia Isabella Azócar Contreras,lucianogalaz@example.com,+56 33 215 2744,La Granja,2021-05-29
3353,Edith Contreras,sebastian82@example.net,+56 600 377 939,Rinconada,2026-03-08
3354,Roberto José Gutiérrez Valencia,brandonmarquez@example.net,+56 43 296 9309,Pemuco,2021-07-02
3355,Nancy Paola Ruiz Flores,acoronado@example.net,+56 72 337 7286,Lo Prado,2024-09-13
3356,Luis Jimmy Berríos León,wmadariaga@example.net,+56 32 334 0238,Torres del Paine,2025-07-11
3357,Scarleth María Concha Ramos,matiasrodriguez@example.net,+56 2 2962 2831,San Clemente,2025-02-06
3358,David Aros Tapia,gonzalezcarlos@example.com,+56 2 3412 3580,Arica,2023-03-30
3359,Amparo Cifuentes Órdenes,ialvarado@example.org,+56 2 2960 5252,Pelarco,2025-08-16
3360,Nelly María Barrientos Poblete,corderomaria@example.net,+56 9 8888 2123,Copiapó,2023-07-24
3361,Yolanda Vivanco Orellana,navarretemonica@example.org,+56 53 370 2755,Colbún,2023-09-25
3362,Mercedes Alvarado León,hernandezjuan@example.net,+56 2 2726 0386,Parral,2021-10-11
3363,Luis Florencio Alegría Díaz,mariaponce@example.com,+56 67 328 9368,Las Condes,2023-05-15
3364,Aarón Yáñez Pérez,fsoto@example.net,+56 2 3481 1794,Chañaral,2021-12-31
3365,María Sofía Arriagada Ibacache,raul62@example.org,+56 72 342 3600,Cerrillos,2021-08-31
3366,María Juana Rodríguez Castro,contrerasfelipe@example.net,+56 43 377 6602,Loncoche,2024-05-14
3367,Juan José Morales García,baraneda@example.com,+56 2 2365 3335,Panguipulli,2023-03-04
3368,Marco Wenceslao Rojas Pincheira,mia59@example.org,+56 600 651 313,Quilleco,2024-05-24
3369,Almendra Ayala Venegas,gabrieljaramillo@example.org,+56 800 538 384,Santo Domingo,2021-06-28
3370,Josefa Elsa Jara Cortés,diego76@example.com,+56 2 2713 9625,Cunco,2025-08-10
3371,María Alison Rodríguez Maturana,esteban32@example.net,+56 2 2720 0946,Huechuraba,2022-07-26
3372,Fernando Chamorro García,lilloviviana@example.net,+56 800 403 718,Alhué,2022-09-26
3373,Valentina Scarleth Valdebenito Aros,alvarezemma@example.org,+56 51 350 2231,Melipilla,2023-02-20
3374,Jacqueline Maritza Inostroza Pacheco,orellanamanuel@example.com,+56 2 3261 3244,Corral,2022-05-09
3375,Byron Kevin González Carrillo,olivia80@example.org,+56 2 3655 0865,Arauco,2022-03-14
3376,Leónidas Francisco Alvarado Herrera,camilafarias@example.net,+56 600 310 081,El Quisco,2024-10-23
3377,Luisa Valencia,diego77@example.com,+56 2 2584 5110,Empedrado,2023-11-25
3378,Patricia Díaz Lagos,riverapamela@example.com,+56 800 884 102,San Pedro de la Paz,2023-01-31
3379,Antonia Miranda,luistorres@example.org,+56 600 969 378,Purranque,2023-03-25
3380,Oscar Carlos Salinas Fernández,agonzalez@example.org,+56 9 5838 0123,Rengo,2023-03-27
3381,Gumercindo Tapia-Saavedra Contreras,wbravo@example.net,+56 67 376 1078,Santa María,2025-09-26
3382,Jeniffer Scarlett Marín Albornoz,claudia30@example.net,+56 800 916 730,Colina,2021-10-23
3383,Matías Ulloa,chavezdante@example.com,+56 75 285 8180,Cholchol,2022-01-27
3384,Francesca Ortega,joselyn68@example.com,+56 57 297 5198,Talca,2023-04-19
3385,Yolanda Millaray Rojas Aránguiz,quezadabrayan@example.net,+56 800 298 642,Antofagasta,2021-11-28
3386,Antonio Marcos Gallardo Abarca,rmellado@example.org,+56 2 2210 6390,Santa Cruz,2024-03-30
3387,Luis Echeverría Flores,diazfidel@example.org,+56 32 359 0169,Requínoa,2022-07-28
3388,Esperanza Patricia Bascuñán Echeverría,rojasnorma@example.org,+56 35 211 0622,La Pintana,2022-05-19
3389,Adolfo Juan López Sepúlveda,ftoledo@example.net,+56 43 250 2189,Pichilemu,2024-03-08
3390,Cristina Flores Araneda,ahumadacristina@example.org,+56 2 3911 0738,El Monte,2024-01-25
3391,Benjamín Santibáñez,perezmanuel@example.com,+56 53 221 8592,Lo Prado,2022-02-15
3392,Victoria Jiménez,valentina02@example.com,+56 2 3550 5171,Los Andes,2026-04-23
3393,Jacob Lucas Riffo Castro,luis05@example.com,+56 35 239 7567,Puerto Varas,2022-11-17
3394,José Araya,fernandaparra@example.net,+56 9 4243 1735,Gorbea,2023-09-21
3395,Felipe Santiago Chávez Tapia,varias@example.net,+56 72 252 1764,General Lagos,2023-09-27
3396,Cristóbal Ricardo Pizarro Ibarra,pinojacqueline@example.com,+56 9 3919 2406,Villa Alemana,2023-01-15
3397,Francisca Alexandra Pérez Zambrano,medinajuan@example.net,+56 2 3686 8279,Nancagua,2021-06-29
3398,Adriana Cecilia Poblete Muñoz,suazoalba@example.net,+56 600 468 094,Yumbel,2024-03-21
3399,Oscar Pedro Urbina Vargas,gonzalezomar@example.com,+56 2 3673 3810,Chile Chico,2022-01-30
3400,Alberto Juan Salazar Marambio,kdroguett@example.net,+56 9 6255 6864,Futaleufú,2023-01-16
3401,Claudio Alonso Miranda Núñez,isabella52@example.com,+56 2 3504 3475,Pemuco,2025-09-02
3402,Mónica Francisca Varas Villalobos,maria77@example.com,+56 9 5596 4757,Puyehue,2021-05-22
3403,Eduardo Andrés Cepeda Ojeda,yanezernestina@example.com,+56 9 5324 8279,Empedrado,2021-08-12
3404,Maximiliano Cristian Muñoz Lillo,umoreno@example.net,+56 9 6483 0117,Rinconada,2024-03-15
3405,Jonathan Gonzalo Herrera Romero,osoriomartin@example.org,+56 800 862 138,Futaleufú,2024-02-18
3406,Manuel Guillermo Jara Molina,avilesjose@example.com,+56 2 2815 3648,Porvenir,2021-10-10
3407,Félix Olmos Barrientos,maribel70@example.com,+56 2 2196 3740,Olivar,2023-10-22
3408,Carmela Montero Barra,jorge23@example.org,+56 58 387 1616,General Lagos,2025-07-02
3409,Francisco Valdés Ramos,riverajuan@example.net,+56 2 3914 9634,Máfil,2026-03-06
3410,Rosa Emilia Hernández Pizarro,econtreras@example.net,+56 9 8557 2053,Chañaral,2025-07-14
3411,Daniel Thomas Mansilla Bórquez,ruizalbertina@example.com,+56 64 323 6276,Los Andes,2024-08-04
3412,Gabriela Sofía Sáez Soto,sotoenrique@example.org,+56 2 2951 3358,Osorno,2025-09-03
3413,Marion Lizana Suazo,alejandroaguilera@example.org,+56 9 2203 7692,Punitaqui,2024-05-06
3414,Sergio Juan Barriga Riquelme,eramirez@example.com,+56 600 372 698,Chillán,2024-10-05
3415,Karina Emilia Zepeda Padilla,german66@example.net,+56 57 262 7590,Angol,2024-04-20
3416,Noah Benjamín Cisternas Valenzuela,sepulvedadaniel@example.org,+56 72 348 2580,Quemchi,2023-12-08
3417,Alfonso Alejandro Donoso Acuña,nmorales@example.com,+56 600 375 737,Litueche,2021-06-04
3418,Florencia Aguilera,osoriomauro@example.org,+56 52 317 8053,La Higuera,2023-09-19
3419,Mónica Morales,gladysgonzalez@example.net,+56 2 3243 6793,El Tabo,2021-10-26
3420,Isolina Araya,uespinoza@example.org,+56 2 3913 6452,Llanquihue,2025-05-08
3421,Margarita Sepúlveda Hernández,vanessa80@example.com,+56 2 3892 4376,Río Ibáñez,2023-09-21
3422,Pedro Salgado Gutiérrez,henry92@example.com,+56 71 322 8012,Longaví,2025-08-28
3423,Juan Julián Flores Fuentes,josemunoz@example.net,+56 43 236 7157,Toltén,2024-01-05
3424,Gianfranco Garrido,josefarivera@example.com,+56 2 2816 7843,San Miguel,2023-05-24
3425,Lucas Patricio Canales Pérez,manuelbustamante@example.org,+56 61 257 7761,Combarbalá,2025-02-25
3426,Luz Belén Astorga Galleguillos,ujimenez@example.org,+56 2 2291 0428,Galvarino,2024-05-26
3427,Francisco Mena Mancilla,miguel02@example.net,+56 2 2743 3607,Codegua,2023-04-20
3428,Vicente Francisco De La Fuente Leiva,baezaluis@example.com,+56 34 381 1191,Natales,2022-09-22
3429,Daniel Carlos Alvear González,bsalinas@example.org,+56 32 289 4965,Taltal,2022-04-14
3430,Paola Pamela González Soto,msalazar@example.com,+56 9 4703 0071,Juan Fernández,2025-03-25
3431,Elena Cuevas,falvarez@example.org,+56 800 152 333,Vilcún,2025-10-07
3432,Ingrid Vargas,constanza82@example.org,+56 2 2403 0307,Huechuraba,2021-11-07
3433,María Carolina González Medina,cesar92@example.com,+56 2 3941 0437,San José de Maipo,2022-04-15
3434,Gaspar Luis Maldonado Soto,fernando46@example.org,+56 800 752 345,Curepto,2024-09-10
3435,Héctor Gallegos,pavezscarlette@example.org,+56 600 589 339,Puente Alto,2025-05-04
3436,María Araya,monterojoselyn@example.net,+56 75 240 1273,Santa María,2024-05-19
3437,Verónica Sandoval,miguelguzman@example.org,+56 9 6198 6307,General Lagos,2022-01-09
3438,Leidy Cisternas Contreras,salgadomargarita@example.net,+56 800 141 168,San Esteban,2022-06-29
3439,Francisca Montenegro-Cartes Valenzuela,palomavalenzuela@example.net,+56 2 3846 2168,Coinco,2024-05-21
3440,María Araya Rivera,fuentesisabel@example.org,+56 2 2843 4444,Buin,2021-11-21
3441,Janet Sepúlveda Garrido,pedro61@example.net,+56 800 385 342,Palmilla,2024-08-23
3442,Rosa Quijada,maximiliano71@example.org,+56 2 2688 7573,Temuco,2021-09-08
3443,Cecilia Quiroz Herrera,rodrigomorales@example.org,+56 41 296 0320,Peñaflor,2023-06-16
3444,Segundo Moya Pizarro,csaez@example.net,+56 9 6274 1589,Saavedra,2021-11-07
3445,Bryan Claudio Contreras Méndez,silvana18@example.net,+56 2 2462 4761,Nancagua,2021-11-19
3446,María Belén Silva Arce,santanacarmen@example.org,+56 44 324 9523,Primavera,2022-04-05
3447,Jeanette Mireya Barría Caballero,felipe01@example.net,+56 2 2857 6993,Pelluhue,2025-04-01
3448,Demian Roberto Albornoz Pérez,florencia13@example.com,+56 800 192 743,Portezuelo,2021-09-12
3449,Rayén Lucila Burgos Salazar,qavendano@example.com,+56 32 233 4433,Yumbel,2024-04-04
3450,Erika Vega Leiva,alejandro05@example.com,+56 2 3694 2836,Vicuña,2023-04-24
3451,Juan Jorge Rojas Ávila,luisarancibia@example.net,+56 2 3626 8355,Talca,2021-10-12
3452,Rodrigo Labra González,guillermo67@example.org,+56 600 162 378,Punitaqui,2022-08-03
3453,Matías Vicente Mancilla Carreño,hidalgodomingo@example.net,+56 800 885 468,Saavedra,2023-04-13
3454,Ana Magdalena Cortés López,oyarzunnestor@example.net,+56 52 220 7378,San Pedro de la Paz,2024-04-22
3455,María Isolina Guerrero López,ysoto@example.com,+56 9 2382 9042,Vallenar,2022-08-06
3456,Jennifer Cruz Muñoz,constanzaerices@example.org,+56 800 936 204,Puqueldón,2025-04-01
3457,Marcelo Álvaro Céspedes Salazar,sbarria@example.net,+56 44 312 8005,María Pinto,2023-11-02
3458,Mario Raimundo Ríos Maldonado,penajuan@example.com,+56 2 3799 8633,Mariquina,2021-10-31
3459,Aylin Laura Lobos Fernández,rgonzalez@example.org,+56 41 286 6997,Salamanca,2024-09-08
3460,Juan Barrera,fernandezines@example.org,+56 800 884 611,Camarones,2024-07-03
3461,Moisés Salomón Soto Medina,rojasnelson@example.org,+56 45 313 7117,Zapallar,2022-06-08
3462,Carmen Suazo,pespinosa@example.net,+56 2 3525 7166,Pichilemu,2022-02-14
3463,Renzo Paredes Parra,gladysortiz@example.net,+56 2 3571 6597,Antofagasta,2024-09-26
3464,Lucía Elba Velásquez Bustos,kulloa@example.com,+56 75 281 4666,Quilicura,2023-11-30
3465,Mateo Castro,irma38@example.net,+56 33 271 1237,Puerto Montt,2021-09-14
3466,María Eliana Pastén Ramírez,josehernandez@example.net,+56 2 3173 0968,Fresia,2024-06-23
3467,Eduardo Julián Salas Pizarro,vaviles@example.net,+56 2 3340 4476,Copiapó,2021-06-27
3468,Cristian Carlos Becerra Castro,lucas35@example.com,+56 2 2179 8182,Villa Alegre,2021-05-24
3469,Manuel Omar Ortega Guzmán,nortiz@example.com,+56 9 7219 4616,Tocopilla,2022-03-03
3470,Sofía Meneses,fredyvalderrama@example.org,+56 55 355 3680,Puerto Varas,2023-10-05
3471,Cristina Ruiz,rodriguezgloria@example.org,+56 73 320 2494,Puerto Montt,2024-07-04
3472,Pedro Walter Sepúlveda Briceño,zcifuentes@example.com,+56 2 3115 4878,Punitaqui,2021-06-10
3473,David Arredondo Alarcón,nicolas60@example.org,+56 800 360 509,Camiña,2025-03-13
3474,Ana Melo-Baeza Carreño,camilaprieto@example.com,+56 9 8792 7996,Arica,2022-06-24
3475,Vanesa Estrella Santos Gómez,magalyarias@example.com,+56 42 291 8013,Osorno,2022-11-28
3476,Raúl Gaspar Ayala Ramírez,yasnavidal@example.com,+56 600 668 129,Peñalolén,2022-03-01
3477,Eduard Claudio Vega Pérez,francisca42@example.com,+56 67 370 3328,Lampa,2022-05-22
3478,José Leyton Ortega,claudiagarcia@example.org,+56 9 4768 0440,Curarrehue,2022-03-02
3479,Pamela Gómez,flor26@example.org,+56 61 238 9115,Puchuncaví,2023-12-24
3480,Anaís Valenzuela,hperalta@example.net,+56 600 808 710,Coinco,2022-05-18
3481,Andrea Medel Poblete,avargas@example.net,+56 2 3269 7787,Alhué,2024-05-13
3482,Beatriz Ana Pérez Gallardo,sebastian04@example.net,+56 800 482 120,Chaitén,2022-06-26
3483,Kevin Víctor Cofré González,miguel52@example.com,+56 9 5785 9346,Los Vilos,2025-06-04
3484,José Aguilera Rodríguez,fernandacortes@example.net,+56 65 259 7364,Saavedra,2024-05-03
3485,Bernarda Quijada,nvalladares@example.com,+56 2 3129 1660,Santiago,2026-04-30
3486,Alfredo Trujillo,burgosyessica@example.org,+56 2 3115 3591,Puyehue,2022-05-08
3487,María Rita Castillo Cortés,enrique84@example.org,+56 67 318 0986,Perquenco,2022-11-05
3488,Vania García Ibáñez,graciela15@example.com,+56 2 2752 7938,Palmilla,2021-11-10
3489,Solange Nancy Velásquez Sandoval,tcisternas@example.org,+56 600 863 995,Doñihue,2021-12-31
3490,Patricia Beatriz Parra Barrera,franciscocarrillo@example.com,+56 2 3244 4378,San Juan de la Costa,2021-05-20
3491,Carmen Ramos,vnavarro@example.com,+56 800 176 562,Ollagüe,2025-08-07
3492,Diego Luis Peñaloza Parraguez,vicentecanales@example.com,+56 600 737 438,El Bosque,2022-04-14
3493,Augusto Francisco Collao Núñez,vasquezmia@example.org,+56 72 322 2134,Lota,2022-08-22
3494,Alex Meneses-Sánchez Peña,emiliamartinez@example.org,+56 45 396 7352,Lautaro,2024-04-05
3495,Gilda Yáñez Mora,mariaaranguiz@example.com,+56 2 2692 0799,El Monte,2022-01-03
3496,Sandra Rosa Morales Parra,floresbrenda@example.net,+56 34 345 2163,Galvarino,2024-01-10
3497,Sandra Lara Mellado,lobosmatias@example.net,+56 9 8334 7946,Palmilla,2023-09-04
3498,James Aldo Medina Araya,sofiariquelme@example.com,+56 600 259 676,Longaví,2022-10-04
3499,Juana Valenzuela,ggomez@example.org,+56 800 771 962,El Bosque,2022-05-18
3500,Segundo Carlos González Leyton,marisolbustamante@example.com,+56 2 2799 6782,Lautaro,2025-03-10
3501,Alan Olguín Gómez,rosariosoto@example.com,+56 2 2139 3462,Molina,2025-06-27
3502,Javier Espinoza,tapiasergio@example.com,+56 9 6146 0034,La Cisterna,2022-04-08
3503,Felipe Isaac Donoso Rojas,miguel36@example.org,+56 9 2204 6708,Puerto Montt,2022-04-04
3504,Patricia Magdalena Fierro Poblete,vmansilla@example.org,+56 2 2993 0068,Tierra Amarilla,2025-06-14
3505,Cesar José Salamanca Martínez,maldonadoricardo@example.com,+56 2 2434 0655,Puchuncaví,2025-04-09
3506,Moisés Zavala,luisramirez@example.com,+56 2 2973 3298,Quintero,2024-04-27
3507,Jeannette Edith Torres-Briones Guzmán,ana43@example.com,+56 2 2734 2328,Cabrero,2023-10-14
3508,María Vergara Fernández,ssalamanca@example.org,+56 55 386 1106,Río Verde,2025-02-21
3509,Laura Rivas Barrera,vespinoza@example.org,+56 9 9417 3732,Negrete,2022-12-11
3510,Elsa Soto Solar,mfarias@example.org,+56 600 698 390,La Ligua,2022-12-05
3511,Sergio Rojas Muñoz,qarias@example.net,+56 2 2910 8613,Paredones,2021-10-09
3512,María González Naranjo,villablancaesther@example.com,+56 9 5834 9259,Teno,2025-09-17
3513,Jaime Marcelo Orellana Yáñez,lherrera@example.com,+56 55 361 7175,Victoria,2025-10-15
3514,Daniela Jocelyn Díaz Muñoz,lagoscarolina@example.com,+56 2 2169 3408,Lota,2023-10-01
3515,Alejandra Carrasco,angel99@example.net,+56 2 2520 9488,Zapallar,2026-02-24
3516,Karin Díaz,fuentesleticia@example.net,+56 57 278 4554,El Tabo,2021-06-23
3517,Patricio Álvaro Pinto Maturana,pamela24@example.org,+56 2 3137 8774,San Rosendo,2021-12-27
3518,Muriel Pardo González,kespinoza@example.net,+56 2 3165 2854,Malloa,2021-10-22
3519,Graciela Duarte Salazar,ssepulveda@example.net,+56 9 5794 7167,Natales,2023-02-13
3520,Luis Ariel Salas Martínez,josevilches@example.org,+56 2 3520 6628,Lanco,2025-09-18
3521,Dina Mirta Navarro Ríos,silvana86@example.com,+56 2 3905 8615,Alto Biobío,2024-04-06
3522,Marcela Palma Gómez,valenzuelaluis@example.net,+56 2 3828 6224,Vicuña,2022-06-19
3523,Johan Gajardo Herrera,fernandoescobar@example.net,+56 64 243 6043,Navidad,2025-05-07
3524,Ricardo Muñoz Ponce,bherrera@example.net,+56 600 773 352,Mulchén,2023-08-01
3525,Camila Medina Azócar,martinezmatteo@example.org,+56 2 2753 3147,María Elena,2025-10-30
3526,Felipe Carreño,ipalacios@example.net,+56 600 131 104,Pinto,2023-08-14
3527,Jhon Fernando Barrera Guerrero,matiasolmedo@example.com,+56 2 3967 8055,Viña del Mar,2024-12-06
3528,Fabián Gajardo Alvarado,mariavidal@example.net,+56 9 3316 9458,Graneros,2025-11-15
3529,María Iris Yáñez Vargas,acunajavier@example.net,+56 9 7340 6909,Cabrero,2021-10-10
3530,Blanca Rosa Aguilera Aguirre,rojassofia@example.com,+56 2 3981 6526,Santo Domingo,2026-01-21
3531,Ana López Orellana,kvalenzuela@example.org,+56 600 305 713,Lampa,2022-11-10
3532,Juan Felipe Pérez González,eduardo98@example.org,+56 2 3417 2714,Algarrobo,2024-02-13
3533,Francisco Ángel Letelier Pinto,martinezelizabeth@example.org,+56 75 311 0370,Paine,2025-01-04
3534,Viviana Mercedes Parada Solar,saavedrathiago@example.net,+56 2 2952 3987,San Fernando,2023-05-30
3535,Andrea Valderrama,pereiraleonor@example.net,+56 9 5762 2160,El Tabo,2023-10-30
3536,José Diego Vilches Sepúlveda,valentina48@example.com,+56 67 274 8008,Cañete,2024-12-15
3537,Francisca Díaz,miguelramos@example.org,+56 600 433 619,El Carmen,2025-08-22
3538,Dolores Paula Rojas Opazo,xdiaz@example.com,+56 9 9545 9349,Santiago,2021-11-28
3539,Sofía Sandoval Pino,ipina@example.net,+56 9 4238 2322,El Monte,2023-10-04
3540,María Vásquez Pinto,silvia74@example.org,+56 41 355 7360,Concón,2024-09-01
3541,Marco Miguel Briones Cubillos,delfinalopez@example.org,+56 9 7474 5064,Recoleta,2022-11-12
3542,Florencia Vergara Arias,tapiagabriela@example.com,+56 2 2644 8588,Los Andes,2025-08-09
3543,Perla Santander,wdonoso@example.org,+56 72 220 6151,Pica,2023-08-09
3544,Feliciano Marco Guerra Cerda,almahidalgo@example.net,+56 2 2534 3801,Cisnes,2024-03-18
3545,Carlos Mariano Vega Barrera,arenasjunior@example.net,+56 52 264 8712,San Vicente,2023-02-01
3546,Ignacio Carvajal Brito,dominga17@example.net,+56 9 2299 2520,Curepto,2022-07-20
3547,Martina Claudia Leiva Salazar,antonia25@example.org,+56 9 9277 3638,Pucón,2024-12-24
3548,Alexandra Mancilla,tvergara@example.org,+56 34 390 4785,Teno,2025-01-08
3549,Maite Noemí Echeverría Henríquez,karina69@example.com,+56 800 134 946,Calbuco,2022-07-28
3550,Raúl Guzmán,matias69@example.net,+56 45 313 6948,Hualaihué,2025-03-21
3551,Danilo Navarro,cabreramaria@example.org,+56 600 651 699,Melipeuco,2023-04-01
3552,Daniela González Ramírez,alex75@example.org,+56 44 213 1961,Cabrero,2022-09-14
3553,Gonzalo Mondaca Lazcano,mariaramos@example.net,+56 67 242 9337,Maule,2024-05-22
3554,Rosa Espinoza Toledo,dylantobar@example.com,+56 2 3572 8052,San Pedro de la Paz,2022-09-01
3555,Juan Martín Chandía Martínez,jorgealvear@example.com,+56 9 2577 5744,Ollagüe,2024-12-25
3556,Mónica Inostroza Medina,olivaresfrancisco@example.com,+56 2 3420 4209,Cochrane,2022-01-17
3557,María Ramos,zarriagada@example.com,+56 32 253 9264,Huara,2022-05-03
3558,Miguel Alfaro Rivera,carolinaolivares@example.org,+56 65 275 3104,Pucón,2021-06-13
3559,Verónica Zapata,khenriquez@example.net,+56 65 339 3394,Loncoche,2024-08-23
3560,Nancy Castillo Ojeda,jose27@example.com,+56 34 342 3046,Chanco,2023-06-29
3561,Francisco Riquelme Gallardo,castillodafne@example.net,+56 34 234 8356,Puente Alto,2022-01-28
3562,Manuel César Rodríguez Vega,gracielacancino@example.org,+56 2 3666 2043,Aisén,2024-02-18
3563,Juan Henríquez Vargas,gbriones@example.org,+56 58 289 9424,Chanco,2022-03-15
3564,María Marcela Jaramillo Villalobos,rvidela@example.net,+56 32 251 9958,San Clemente,2022-12-18
3565,Sonia Sofía Olave Muñoz,yenny94@example.com,+56 2 2133 1961,Cochamó,2024-08-10
3566,Emilio Domingo Olmedo Burgos,jorgevargas@example.net,+56 75 337 7134,Corral,2024-07-06
3567,Constanza Elizabeth Oliva González,ecarrera@example.net,+56 52 229 5703,Conchalí,2025-12-30
3568,Jenny Oyarce,sjimenez@example.org,+56 2 2334 5584,Pica,2022-09-19
3569,María Sánchez Fuentes,viviana01@example.net,+56 32 321 0351,El Bosque,2022-08-08
3570,Claudio Gonzalo Orellana Aros,contrerasdayana@example.com,+56 800 352 878,Camarones,2024-06-26
3571,Jonathan David Ortiz Bustamante,ltapia@example.com,+56 9 9416 0014,Las Condes,2021-08-14
3572,Susana Ivonne Medel Vásquez,garciamarcela@example.org,+56 800 113 242,Laja,2022-11-08
3573,Rafaela Ossandón Miranda,oscargonzalez@example.com,+56 45 224 2400,Río Verde,2022-04-01
3574,Francisca Díaz Olguín,lherrera@example.com,+56 600 119 069,General Lagos,2022-03-02
3575,Alejandra Eloísa Araya Maureira,elguetaingrid@example.com,+56 600 105 918,Cabo de Hornos,2025-04-23
3576,Alexandra Patricia Fuentes Ramos,constanza68@example.org,+56 9 9216 1417,San Nicolás,2023-11-03
3577,Walter Almonacid,dylan40@example.com,+56 33 264 3844,Santa Juana,2024-08-10
3578,Valentina Núñez Vega,mariaalvarado@example.com,+56 41 243 2217,Yungay,2025-07-22
3579,Amanda Sofía Fernández Aravena,qsalinas@example.com,+56 42 393 7019,Requínoa,2022-10-26
3580,Sarai Villagra,zquiroga@example.com,+56 2 2453 2429,San Fernando,2025-01-28
3581,Claudio López Gatica,rosendo55@example.com,+56 9 2646 1402,Ercilla,2025-06-24
3582,María González,castillolucas@example.org,+56 73 389 5009,San Nicolás,2026-03-20
3583,Laura Jennifer García Núñez,emiliano50@example.net,+56 600 348 255,Los Vilos,2023-04-26
3584,Martina Contreras Contreras,hgonzalez@example.org,+56 2 3141 0992,Curepto,2021-06-23
3585,Doris Espinoza Leiva,aonate@example.org,+56 63 269 2581,Andacollo,2024-06-23
3586,Flor Irene Ponce Pardo,rivasjuan@example.org,+56 2 2236 3936,Litueche,2023-07-17
3587,Andrew Pedro López Díaz,ezurita@example.org,+56 9 4157 9597,Tirúa,2022-12-12
3588,Edwin Márquez,calvarez@example.com,+56 2 3648 2641,Coelemu,2024-10-14
3589,Melanie Nicole Blanco Castro,andradefelipe@example.net,+56 800 373 418,Algarrobo,2021-11-02
3590,Martín Gerardo Vidal Barra,emiliacardenas@example.net,+56 2 2479 5202,Mulchén,2024-08-04
3591,Maura Natalie Guzmán Tapia,ysegura@example.com,+56 2 2434 7087,Pelarco,2025-02-01
3592,Jaime Quezada,kvalenzuela@example.net,+56 73 339 4837,Caldera,2025-07-10
3593,María Elsa Godoy Herrera,brandonibarra@example.net,+56 9 2156 8140,Arica,2022-08-29
3594,Ricardo Araneda,jesus85@example.org,+56 800 648 338,Catemu,2021-12-26
3595,Ana Rayén Vásquez Coronado,hector86@example.org,+56 2 2980 4500,Lanco,2022-05-24
3596,Astrid Matamala Flores,qpino@example.org,+56 9 6802 0211,San Pedro,2025-07-06
3597,Ignacia Carmen Zambrano Lillo,fvargas@example.net,+56 45 243 1793,Cochrane,2025-09-30
3598,Víctor Martín Domínguez Briceño,jorge36@example.com,+56 9 3775 2910,Punitaqui,2023-09-30
3599,Francisca Lucy Díaz Muñoz,mariela38@example.org,+56 9 5761 6642,Victoria,2025-09-25
3600,Vanessa Barría,wgonzalez@example.com,+56 9 3107 7747,María Elena,2022-09-04
3601,Martín Avendaño,uvelasquez@example.net,+56 600 584 838,Monte Patria,2024-07-27
3602,Nelson Guillermo Romero Varas,bernardafernandez@example.org,+56 32 377 9492,Lo Espejo,2024-03-19
3603,Tamara Palacios Barrera,wmartinez@example.com,+56 55 211 9373,Porvenir,2022-07-08
3604,Matías Bastián Guerrero Sanhueza,isaias66@example.com,+56 600 982 409,Fresia,2026-03-01
3605,Humberto Muñoz Valencia,amalia31@example.net,+56 2 2573 1583,San Juan de la Costa,2021-12-07
3606,Teresa Araya,soniazarate@example.com,+56 800 883 596,Lota,2025-07-28
3607,Alex Sepúlveda González,aracenajuan@example.org,+56 600 489 434,Futaleufú,2021-11-16
3608,Katherine María Castro Olivares,ariquelme@example.org,+56 9 2576 2805,Hualpén,2025-02-09
3609,Francisca Daniela Huerta Encina,javieraosorio@example.com,+56 800 527 116,Coltauco,2021-11-08
3610,Isidora Molina-Gatica,manuel19@example.com,+56 2 2422 8031,Camarones,2021-10-27
3611,Eliana Sandra Reyes Quispe,vrojas@example.org,+56 600 543 710,La Serena,2024-10-18
3612,Claudia Marisol Salas Villalobos,victoria00@example.com,+56 9 7984 3686,Rinconada,2025-01-18
3613,Fabiola Antonieta Salinas Flores,sobarzojuan@example.net,+56 58 268 2399,Portezuelo,2026-01-13
3614,Francisco Herrera Díaz,guzmanluis@example.net,+56 2 3451 6917,Arica,2022-08-01
3615,Ximena Herrera,juan84@example.org,+56 2 2969 1549,Romeral,2022-08-10
3616,Gabriel Díaz,tamara98@example.org,+56 9 6390 0322,Curacautín,2022-06-17
3617,Elizabeth Rosa Pino Flores,christianlopez@example.org,+56 58 286 8734,Calle Larga,2023-02-23
3618,Andrea Maritza Saldaña Orrego,estefania44@example.com,+56 9 8452 0624,Toltén,2025-08-05
3619,Catherine Bernardita Castro Pérez,rodriguezvictor@example.net,+56 73 342 4119,Punta Arenas,2023-05-12
3620,Marcos Astorga,xgodoy@example.com,+56 2 3813 6068,Contulmo,2023-03-06
3621,Janet Contreras,castilloayleen@example.org,+56 43 229 4671,Antártica,2022-03-13
3622,María Cerda Pozo,vicentereyes@example.com,+56 2 3121 2426,Palmilla,2026-03-02
3623,Matías Díaz,enriqueperalta@example.net,+56 57 319 5371,Pelluhue,2021-12-31
3624,Alonso Miguel Castillo Godoy,mariadiaz@example.com,+56 9 7321 7193,Valdivia,2022-12-16
3625,Constanza Romero Pinto,oliveralarcon@example.net,+56 9 2339 1116,Santiago,2021-05-12
3626,Marcia Méndez,hcortes@example.org,+56 61 283 9199,Camarones,2022-02-28
3627,Fernanda Bernal Trujillo,valdebenitoluis@example.net,+56 600 447 219,Frutillar,2023-04-03
3628,Silvia Luz Gutiérrez López,cornejovictor@example.com,+56 9 5937 0952,Lago Verde,2023-12-28
3629,Antonia Muñoz Paredes,qsilva@example.net,+56 44 318 5838,Limache,2023-07-17
3630,María Huerta,bsanchez@example.org,+56 2 3747 3166,Freirina,2025-07-03
3631,Ana Erika Urrutia Torres,gonzalezmiguel@example.com,+56 72 221 4665,Colbún,2022-07-09
3632,Orlando Juan Olivares Montes,zbravo@example.net,+56 9 3254 0401,Los Andes,2025-12-27
3633,Ema Anita Zúñiga Arenas,gutierrezbarbara@example.com,+56 53 375 5512,Llanquihue,2024-03-25
3634,María Montecinos Hernández,maria08@example.com,+56 53 361 6589,Pica,2025-05-14
3635,Vicente Juan Bustos Hernández,gladysvalenzuela@example.com,+56 2 2305 9056,Caldera,2025-11-25
3636,Edward Martín Ríos Campos,osoriomichael@example.com,+56 800 522 718,Florida,2021-08-30
3637,Claudio Rebolledo,juan03@example.org,+56 9 6868 3229,San Miguel,2023-11-01
3638,Eloísa Yessica Villegas San Martín,tgonzalez@example.org,+56 34 217 1898,Curepto,2022-09-20
3639,Luis Rafael Riquelme Vera,antonella04@example.net,+56 2 2591 0023,Tocopilla,2025-01-20
3640,María Verónica Andrade Rojas,fuentesmanuel@example.com,+56 9 5142 1739,Pumanque,2025-07-23
3641,Emma Sepúlveda Gutiérrez,floresfrancisco@example.com,+56 2 2572 4701,Santiago,2025-01-31
3642,Mario Zepeda Carrasco,prozas@example.com,+56 2 2135 1883,Pencahue,2024-07-27
3643,Anahí Amanda Barría Vera,eduardo26@example.net,+56 2 2291 3961,Ránquil,2025-05-24
3644,Juana Molina,jaimemartinez@example.net,+56 800 593 546,Quirihue,2022-09-18
3645,Matías Rojas Pastén,yaninaalvarado@example.net,+56 2 2405 5869,Curanilahue,2022-05-01
3646,Juan Ian Albornoz Campos,juan39@example.com,+56 2 2316 7771,Osorno,2023-03-14
3647,Erica Zamora,marcofigueroa@example.org,+56 2 3128 0544,Concón,2021-08-10
3648,Manuel Juan Cabrera Vásquez,jose00@example.org,+56 9 8466 2358,Peñaflor,2023-06-18
3649,Eydan José Reyes Cortez,angel44@example.org,+56 2 2777 3698,San Pedro de Atacama,2025-10-21
3650,Ángel Godoy Pérez,paula87@example.org,+56 2 2102 1793,Catemu,2023-11-29
3651,Flor Sabina Becerra Pardo,constanzavaldivia@example.org,+56 58 341 9358,Illapel,2022-02-05
3652,Gabriel Luis Muñoz Saavedra,gonzalezjaime@example.org,+56 9 8723 9855,Concón,2023-07-29
3653,Aníbal Juan Céspedes Mardones,cintiagamboa@example.org,+56 34 376 5977,Laguna Blanca,2022-09-01
3654,Leandro Moya García,luis31@example.com,+56 63 274 7452,Máfil,2024-01-25
3655,María Susana Martínez Velásquez,zchoque@example.com,+56 2 2853 0155,Camiña,2024-10-29
3656,Sandra Rubio Reyes,maria69@example.org,+56 57 393 0249,Alto Biobío,2021-06-28
3657,Pablo Rodríguez,belentroncoso@example.org,+56 55 225 5355,Cabrero,2022-11-06
3658,Cristina Ramírez,alonso52@example.com,+56 9 7968 2901,Cabo de Hornos,2021-08-18
3659,Jorge Díaz,carlos30@example.net,+56 2 3111 0594,Primavera,2021-05-29
3660,Manuel Aros Salazar,monserratbahamondes@example.org,+56 600 904 363,Valdivia,2024-07-02
3661,Ángela Rosa Concha-Arce Pavez,perezrodrigo@example.net,+56 2 2857 2999,Mulchén,2024-07-01
3662,Alexandra Gaete,smunoz@example.org,+56 35 339 3599,Guaitecas,2026-04-19
3663,Matilde Garay Contreras,whidalgo@example.org,+56 2 3501 1633,Sagrada Familia,2023-08-24
3664,Alondra Sofía Ramírez Riquelme,cristianrojas@example.org,+56 2 2584 3445,El Tabo,2024-09-05
3665,Paulo Camilo Troncoso Morales,riquelmejuan@example.com,+56 41 229 1291,Porvenir,2021-12-25
3666,Priscila Isabel Bahamondes Plaza,bertadiaz@example.net,+56 9 7290 3086,San Esteban,2024-02-24
3667,Rodrigo Pablo Ríos Herrera,angelica41@example.org,+56 600 380 187,Petorca,2024-05-17
3668,Dominga Gutiérrez Torres,clizama@example.org,+56 2 2829 0286,Pucón,2023-04-29
3669,Matías Pérez Uribe,guzmanmaria@example.org,+56 2 2381 8350,Puchuncaví,2023-01-02
3670,Sophia Aravena Armijo,miguelmoraga@example.com,+56 2 2192 3679,San Joaquín,2024-09-16
3671,Andrea Karen Miranda Correa,dcaceres@example.com,+56 600 857 213,Corral,2025-06-02
3672,Margarita Carmen Valencia Cuevas,jennifersanhueza@example.org,+56 51 349 3101,Monte Patria,2021-05-26
3673,Alex Tapia Sepúlveda,sanchezjorge@example.net,+56 2 2481 6225,Longaví,2024-11-15
3674,Karla Agustina Silva Araya,nicanor04@example.org,+56 2 3527 1749,Futrono,2023-01-23
3675,David Leyton Ortiz,marcelo65@example.net,+56 9 4770 9727,Padre Las Casas,2025-03-27
3676,Cynthia Jara López,iherrera@example.net,+56 2 2384 8121,Maullín,2026-04-21
3677,Ester Valdés Cárdenas,jeansoto@example.com,+56 9 8950 9223,Santa Bárbara,2024-10-12
3678,Luis Gálvez Zúñiga,matamalaalondra@example.com,+56 52 254 1574,Futaleufú,2024-06-18
3679,Luis Paul Velásquez Abarca,villagranbenjamin@example.org,+56 800 652 613,Isla  de Pascua,2022-09-26
3680,Rosa Claudia Valenzuela Jara,rosa46@example.net,+56 2 2929 5731,Río Verde,2025-11-04
3681,Cecilia Amada Saavedra Villalobos,martinapalacios@example.com,+56 2 3678 9631,Chimbarongo,2023-10-16
3682,Amanda Herrera Zapata,esepulveda@example.com,+56 9 5945 1299,Pumanque,2023-09-09
3683,Maritza Pastén Navarrete,iris51@example.org,+56 2 3725 3698,Huechuraba,2024-04-16
3684,Julia Daniela González Herrera,zbravo@example.org,+56 9 8223 1577,Puente Alto,2021-05-12
3685,Vicente Benjamín Briones Medel,marceloortega@example.org,+56 2 3114 7625,Chonchi,2022-12-19
3686,Ana Cristina Vásquez Arancibia,cbelmar@example.net,+56 2 3899 2795,Concón,2023-07-29
3687,Marcela Segura Castro,oroa@example.org,+56 55 317 2473,Ránquil,2024-04-02
3688,Matilde Vergara,salasvalentina@example.com,+56 2 2800 8860,La Florida,2024-04-10
3689,Isaías José Bravo-Sepúlveda Vergara,jorge81@example.com,+56 32 392 8758,Cobquecura,2021-09-03
3690,Patricia Medina,unorambuena@example.org,+56 58 341 4076,Chillán,2021-09-11
3691,Juan Fuentes Martinez,zcontreras@example.org,+56 9 8621 4825,Tirúa,2022-06-27
3692,Ricardo Hernández Castillo,choqueluis@example.com,+56 2 3979 6930,Combarbalá,2022-03-20
3693,Robert Carlos Aranda Morales,natalia81@example.net,+56 2 3307 0742,Los Álamos,2024-03-07
3694,Luis Rafael Vergara Sánchez,ktrujillo@example.org,+56 51 382 7754,Limache,2026-05-06
3695,Valeska Contreras Vidal,darriagada@example.org,+56 600 390 960,Chile Chico,2025-05-13
3696,Jorge Joaquín Hernández Aguilera,pascualaranguiz@example.org,+56 2 2294 8789,Pichilemu,2024-03-27
3697,Nelson Felipe Vera Pérez,driffo@example.net,+56 35 365 6554,Mostazal,2026-04-24
3698,Trinidad Ponce Rojas,torresalexis@example.org,+56 2 2654 8544,Freirina,2022-02-26
3699,Sebastián Eric Navarrete Vásquez,leonerick@example.net,+56 51 361 2397,Arauco,2023-06-25
3700,Jessica Hernández-Leiva Díaz,julietaleiva@example.net,+56 9 8958 3925,Freire,2021-07-04
3701,Ada Lucía Leiva Sanhueza,tororachel@example.net,+56 55 295 0999,La Florida,2022-06-20
3702,Víctor José Urrutia Robles,bravopaz@example.com,+56 2 2863 1380,Navidad,2026-01-29
3703,Rodolfo Vicente Robles González,franciscaespinoza@example.com,+56 800 470 341,Freire,2026-03-22
3704,Guillermo Acevedo Córdova,diegovergara@example.net,+56 35 280 7027,San Fabián,2022-12-14
3705,Gladys Maritza González Concha,karinaberrios@example.com,+56 2 3931 9184,Negrete,2022-09-14
3706,Patricia Andrea Lizama González,isabel37@example.com,+56 800 733 279,Tortel,2023-12-10
3707,Juan Jonathan Escobar Olivares,mvilches@example.com,+56 2 3573 0610,Colchane,2022-12-31
3708,Cinthya Maritza Castro Aguirre,laura06@example.net,+56 9 9566 4146,Recoleta,2021-08-22
3709,Angélica Pérez Jofré,katherine50@example.net,+56 800 400 665,Codegua,2022-08-22
3710,Luis Meneses-Orrego,josetoro@example.net,+56 2 2155 9514,Malloa,2025-01-26
3711,Alberto Elías Díaz Guajardo,ximenaquinones@example.com,+56 9 6824 0113,Las Condes,2024-10-31
3712,Pedro Ceballos Torres,jose19@example.net,+56 33 220 3935,Palena,2021-11-16
3713,Sofía Navarro Vega,ossesvicente@example.org,+56 2 2997 8909,Calama,2023-08-16
3714,Aldo Zambrano,xrodriguez@example.net,+56 9 8212 3658,Curaco de Vélez,2021-10-11
3715,María Jessica Román Flores,catalinamorales@example.com,+56 35 318 4327,Copiapó,2021-12-26
3716,Camila Silvia Bustos Tapia,urrutiahernan@example.net,+56 45 234 4376,Angol,2023-01-09
3717,Amelia María Lobos Rodríguez,romerorolando@example.com,+56 2 2517 3563,El Bosque,2024-03-19
3718,César Hidalgo Mora,qcuevas@example.net,+56 2 2452 6326,Lebu,2023-04-14
3719,Miriam Vargas,penasilvia@example.org,+56 58 249 5983,Peñaflor,2025-11-07
3720,Esteban Sánchez,ksanchez@example.net,+56 2 3726 5516,Pitrufquén,2022-07-26
3721,Paola Vásquez López,hernanmiranda@example.com,+56 2 2944 4612,O'Higgins,2023-02-15
3722,Catalina María Fernández García,saragamboa@example.com,+56 51 261 7045,San Javier,2026-03-22
3723,Humberto Gaete,gregorio19@example.org,+56 9 2873 9299,Pica,2025-10-07
3724,Vanessa Silva Álvarez,fuentesmaria@example.net,+56 2 2474 2664,Hualpén,2022-11-14
3725,José Felipe Becerra Soto,loretorodriguez@example.net,+56 600 608 662,Guaitecas,2025-01-08
3726,Alicia Silva Arroyo,delgadoroberto@example.org,+56 58 247 0390,Florida,2022-07-14
3727,Elisa Cecilia Muñoz Concha,pizarrohector@example.org,+56 9 7146 0317,Copiapó,2025-03-27
3728,Edith Ana Rojas Barrientos,ytorres@example.org,+56 2 3524 8615,Coelemu,2024-09-14
3729,Francisco Sergio Fuentes Montecinos,victor30@example.com,+56 9 3580 0173,Machalí,2023-09-16
3730,Isidora Adelaida Andrade Baeza,gutierrezjuan@example.net,+56 600 672 776,Curarrehue,2022-04-27
3731,Luis Bravo,andradefrancisco@example.net,+56 800 885 837,Coronel,2025-11-28
3732,Max Raúl López Barros,jacquelinepizarro@example.org,+56 2 2927 7966,Limache,2024-03-17
3733,Magaly Medel Salinas,montoyakatia@example.net,+56 800 901 119,Quinchao,2025-09-03
3734,Gabriel Joaquín Arias Godoy,eblanco@example.org,+56 2 2177 1566,Quilaco,2025-10-04
3735,Carlos Pérez Godoy,sandovalluis@example.com,+56 2 2279 3586,La Florida,2025-01-28
3736,Manuela Rosario Zúñiga Aros,ortegapatricio@example.org,+56 9 4240 5246,Laguna Blanca,2024-07-31
3737,Christian Rodolfo Quiñones Sáez,qmartinez@example.com,+56 600 562 600,Longaví,2021-10-31
3738,Pamela María Aránguiz Morales,ceballosvirginia@example.net,+56 2 3395 4538,Ollagüe,2022-05-10
3739,Rodrigo Sergio Henríquez Rodríguez,joaquin40@example.net,+56 2 3192 3064,Ñuñoa,2022-05-10
3740,Catalina Hernández Bustos,silvaemma@example.com,+56 2 3370 6808,Vallenar,2023-05-07
3741,Isidora Silvia González Poblete,gonzalezmanuel@example.net,+56 9 9471 1866,Lo Prado,2021-08-24
3742,Mariela Teresita Flores Bernal,mpinto@example.org,+56 2 3421 2132,Graneros,2023-10-03
3743,Mauricio Cárcamo Sánchez,hugogonzalez@example.com,+56 9 5825 0799,San Carlos,2024-01-15
3744,Carla Moya,zlorca@example.net,+56 2 3182 2798,Las Cabras,2023-10-23
3745,José Ojeda Zamorano,egonzalez@example.com,+56 53 238 3599,Huara,2024-05-11
3746,Catalina Catalán-Valdivia San Martín,fuentesalfonso@example.com,+56 67 245 3074,Taltal,2022-01-01
3747,Luis Navarrete Jaque,navarropascal@example.com,+56 2 2947 9006,Calbuco,2021-08-11
3748,Lorenzo Roa,rojasmatheo@example.net,+56 2 3978 8710,San Clemente,2023-10-31
3749,Juan Emiliano Acosta Mendoza,fernandaplaza@example.com,+56 800 145 171,San Pedro de Atacama,2021-08-14
3750,Luciana Claudia Cofré Moreno,alarconjohan@example.net,+56 58 361 7818,Antártica,2022-10-24
3751,Rubén Joaquín Arriagada Leyton,faraya@example.org,+56 600 632 445,Talcahuano,2022-05-29
3752,Enzo González Ramírez,ulloamary@example.com,+56 2 2720 8140,Padre Hurtado,2023-06-22
3753,Luis Pedro Vásquez Bahamonde,saracampos@example.org,+56 600 218 567,Perquenco,2021-07-26
3754,Juan Poblete Barría,montecinoluisa@example.org,+56 32 324 2893,El Bosque,2023-02-16
3755,Celia Hidalgo,zbenitez@example.org,+56 800 641 557,Negrete,2024-11-02
3756,Trinidad Nicol Ibarra Silva,monica15@example.net,+56 2 3283 3483,Quemchi,2021-10-14
3757,Paula Viviana Álvarez-Carrasco Torres,marcialrojas@example.org,+56 2 2191 6972,San Joaquín,2023-10-21
3758,Jason Molina Espinosa,inesgonzalez@example.com,+56 800 350 969,Chiguayante,2025-08-06
3759,Marta Sofía Aravena González,fespinoza@example.com,+56 64 361 7913,Melipeuco,2024-03-12
3760,Marisol Albornoz,garayjessica@example.org,+56 600 800 603,Peñalolén,2023-09-16
3761,Jimena Olga Contreras Suárez,danielacardenas@example.com,+56 2 2364 7511,Rengo,2025-06-20
3762,Ángela Parra González,henriquezeduardo@example.com,+56 41 215 7808,Florida,2022-03-28
3763,Isidora Monsalve Beltrán,wfuentes@example.net,+56 2 3259 6027,Guaitecas,2024-09-13
3764,Maribel Pizarro,marie12@example.net,+56 9 2353 9242,Tucapel,2025-10-08
3765,Ricardo Castillo Pinto,natalyestrada@example.net,+56 2 3217 8971,Machalí,2022-12-14
3766,Nibaldo Luis Cárcamo-Marín Morales,diego64@example.net,+56 600 195 835,Puqueldón,2024-09-04
3767,Ayelén Elsa Rojas Díaz,carlos07@example.org,+56 2 3556 3088,Primavera,2023-06-04
3768,Emilio Maldonado,arayasamuel@example.com,+56 9 9826 0328,Los Sauces,2025-09-02
3769,Ricardo Eduardo Mella Valenzuela,gloria07@example.org,+56 2 3159 6991,Yerbas Buenas,2023-10-01
3770,Arnaldo Miguel Ramos Pérez,luis33@example.net,+56 600 269 694,Maule,2025-11-12
3771,Bárbara Dominga Fernández Riquelme,patriciaramirez@example.org,+56 2 2332 5726,Casablanca,2022-01-10
3772,Gonzalo Riquelme,jorquerasylvia@example.org,+56 44 278 0860,La Pintana,2026-02-14
3773,Judith Morales Mansilla,eandrade@example.com,+56 75 286 9053,Retiro,2025-10-13
3774,Romina Hernández Álvarez,matiasrios@example.net,+56 600 405 414,El Quisco,2025-06-06
3775,Hugo Ángel Opazo Castillo,dcarrillo@example.net,+56 2 2749 6269,Ancud,2021-12-24
3776,Matías Sergio Fuentes Acuña,velasquezclaudio@example.net,+56 600 247 189,Alto Hospicio,2021-10-19
3777,Sebastián Vicente Castillo Almonacid,rbarrientos@example.net,+56 52 212 6618,Traiguén,2024-07-21
3778,Antonio Paz Riffo,jorge48@example.org,+56 2 3611 2857,Quemchi,2023-07-29
3779,Luis Matías Andrade Núñez,gonzalezraul@example.com,+56 72 391 8066,Hualañé,2023-03-31
3780,Marta Gómez Santana,ignacia76@example.com,+56 2 2367 3652,Curanilahue,2026-03-17
3781,José Arriagada Jara,maribelreyes@example.org,+56 2 3850 6555,El Carmen,2022-03-06
3782,Jessica Hernández Burgos,drojas@example.com,+56 9 6623 1035,Camiña,2025-05-26
3783,Herminda Madrid Pinto,jose69@example.com,+56 9 8340 7210,Pemuco,2024-10-16
3784,Irma Miranda,cisternassergio@example.org,+56 33 233 5810,Traiguén,2025-10-15
3785,Alejandra Mancilla,karin45@example.org,+56 9 5332 0419,Arica,2022-04-23
3786,Héctor Barría,alfonsobriones@example.com,+56 2 3302 9995,Cabrero,2021-06-05
3787,Sonia Sofía Albornoz Ortiz,gabrielossandon@example.com,+56 2 2400 2146,Lanco,2024-07-20
3788,Catherine Ruth Yáñez Romero,ramirezdaniela@example.org,+56 9 4958 8809,Puyehue,2024-06-04
3789,Alex Felipe Cifuentes Soto,castrodaniel@example.com,+56 9 8605 8411,Lumaco,2023-08-25
3790,Abraham Guerra Villegas,nmancilla@example.com,+56 2 3430 8209,Tirúa,2024-04-06
3791,Luisa Garrido Romero,wilmaramos@example.org,+56 9 3161 2970,Paillaco,2026-02-24
3792,Paulina Castro Ovalle,alonso18@example.net,+56 800 822 357,Santo Domingo,2023-06-04
3793,Álvaro Pedro Bustamante Rodríguez,donosomicaela@example.net,+56 600 286 337,Villa Alemana,2025-09-05
3794,Franco Carlos Gálvez Donoso,ureyes@example.com,+56 9 9197 8695,Panguipulli,2024-04-25
3795,José Fernando Aravena Troncoso,ayleen22@example.org,+56 600 354 063,Guaitecas,2025-12-29
3796,María Irene Muñoz Garay,guerrafelipe@example.net,+56 2 2167 4866,Pozo Almonte,2025-11-15
3797,Sebastián Reyes Troncoso,daniela45@example.com,+56 2 2146 6633,Chiguayante,2022-10-30
3798,Ruby Maite Moraga Molina,inostrozabianca@example.com,+56 2 3547 9283,Vitacura,2021-10-02
3799,Nicole Jara Pardo,ngonzalez@example.org,+56 9 3400 4568,Combarbalá,2026-01-22
3800,Juan Víctor López Lagos,josefaescobar@example.com,+56 9 2869 8406,Mostazal,2022-02-11
3801,Ninoska Solís Ibáñez,raquel79@example.net,+56 71 218 5700,Placilla,2022-05-18
3802,Marta Catalina Gallardo Godoy,velasquezelisa@example.net,+56 55 237 9641,Ñuñoa,2022-10-01
3803,Valeria Ximena Molina Romero,rossana38@example.org,+56 2 3847 8900,Zapallar,2025-07-22
3804,Alfredo Alex Henríquez Cancino,raulmunoz@example.net,+56 9 8500 0508,Litueche,2026-02-14
3805,José Oscar Pacheco Pacheco,favila@example.com,+56 67 267 3825,Coihaique,2021-05-21
3806,Kevin Germán Ojeda Marambio,felipevillarroel@example.org,+56 2 2703 9465,Coronel,2024-11-25
3807,José Delgado Vergara,constanza42@example.org,+56 45 241 6027,Villarrica,2024-07-23
3808,Marisol Jennifer Ramos Valenzuela,maria37@example.net,+56 9 9253 8821,Collipulli,2024-10-05
3809,Claudio Víctor Yáñez Pérez,garciafranco@example.net,+56 34 251 0708,San Pedro de Atacama,2022-02-11
3810,Diego Cabrera Soto,fernandezelizabeth@example.com,+56 42 218 4399,Graneros,2022-03-24
3811,Raúl Gabriel Guerra Álvarez,hector66@example.net,+56 800 758 614,San Rafael,2023-03-10
3812,José Raúl González Martínez,vicente25@example.net,+56 9 2229 8886,Arica,2024-08-28
3813,Freddy Leonardo Cisterna Torres,ooyarzun@example.net,+56 71 271 0488,Lo Barnechea,2023-12-16
3814,Roberto Armando Silva Henríquez,iruz@example.com,+56 64 371 5889,Los Vilos,2025-12-27
3815,María Rojas Castro,reyesjuan@example.org,+56 2 2678 7848,Pencahue,2025-04-16
3816,Martina Bustos,olivaresesteban@example.net,+56 43 358 4027,Talcahuano,2023-12-01
3817,Isaac Pedro Montoya Muñoz,mariacanales@example.org,+56 9 7669 7723,Río Claro,2024-11-12
3818,Yerko Luna,hernandezwalter@example.net,+56 2 3226 9327,Traiguén,2025-04-13
3819,Luis Franklin Vergara Galaz,kmunoz@example.org,+56 9 5454 7852,Huechuraba,2026-04-11
3820,Daniela Gabriela Gaete Aguirre,xmendoza@example.org,+56 800 800 343,Yungay,2023-03-05
3821,Luis Claudio Cárdenas Toledo,kperez@example.net,+56 2 3782 0891,Torres del Paine,2023-02-13
3822,Carlos Antonio Palma González,ivargas@example.org,+56 71 314 9662,General Lagos,2022-10-14
3823,Bastián Enrique Sánchez Rivera,amada75@example.net,+56 32 351 9965,Talcahuano,2025-07-28
3824,Agustina Paola Díaz Pino,guerrawenceslao@example.com,+56 2 3168 1298,Lo Barnechea,2025-12-20
3825,Camila Silva,carlos45@example.org,+56 2 2583 5125,Tirúa,2025-02-28
3826,Peter Renato Oyarzo Mejías,diegosantander@example.com,+56 73 360 1420,Santa Cruz,2026-01-06
3827,Luis Abraham Acuña-Cáceres Prieto,pintovicente@example.com,+56 2 2736 9805,Curacaví,2024-06-08
3828,Rosa Patricia Ortiz Armijo,ktroncoso@example.net,+56 2 3519 2854,Canela,2026-04-18
3829,Blanca María Riquelme Herrera,wjerez@example.com,+56 2 3280 9201,Curicó,2022-10-24
3830,Luis Sepúlveda,mjara@example.org,+56 42 299 8614,Cerro Navia,2024-09-25
3831,Patricio Carlos Abarca Gutiérrez,benjamin10@example.org,+56 9 5335 1434,Vicuña,2023-04-28
3832,Danae Barrera,maximilianoquezada@example.org,+56 2 2505 8411,Cerrillos,2022-08-28
3833,Nataly Bárbara Muñoz Morales,carloscarrasco@example.com,+56 600 960 982,Natales,2021-12-15
3834,Jhonny Braulio Valdés Moya,valentina58@example.com,+56 41 291 4065,Pichidegua,2023-02-14
3835,Enrique Mauricio Canales Ramírez,csanhueza@example.org,+56 2 2667 0722,San Pedro de la Paz,2023-03-06
3836,Pablo Luis Urrutia Quijada,xmamani@example.net,+56 2 2664 5786,Maule,2021-06-28
3837,José Muñoz,robinsonolivares@example.org,+56 33 312 7206,Nacimiento,2025-01-21
3838,Manuel Hugo Álvarez Araya,patriciasoto@example.com,+56 2 2776 2983,Las Condes,2025-12-23
3839,Mabel Galaz,wolivares@example.net,+56 2 2147 8505,Traiguén,2024-01-26
3840,Cristóbal Villarroel Muñoz,esalazar@example.net,+56 41 319 9378,Río Claro,2023-12-12
3841,Luis Arias Aguilar,castrocynthia@example.net,+56 9 4800 4877,Requínoa,2022-10-22
3842,Peter Astorga,antonellamiranda@example.net,+56 43 278 8177,Freire,2023-08-24
3843,Vicente Moreno Molina,mariasalinas@example.com,+56 2 3913 1300,Pinto,2021-11-03
3844,Pedro Cabrera Silva,esteban64@example.net,+56 67 377 1081,Chañaral,2023-03-30
3845,Diego Juan Araya Maturana,enrique47@example.org,+56 600 241 183,San Gregorio,2025-11-07
3846,Jhonny Segovia,catalina93@example.net,+56 2 3463 7135,Andacollo,2021-07-02
3847,Carmen Sandra Hidalgo González,fdiaz@example.com,+56 9 7568 0874,Caldera,2022-03-21
3848,Martín Barraza Bustamante,juan79@example.com,+56 9 3117 9024,Quemchi,2024-02-23
3849,Alonso Guillermo Espinoza Jofré,sandra49@example.net,+56 9 7971 5194,Máfil,2022-06-25
3850,Gabriel Carlos Gutiérrez Toledo,mary45@example.org,+56 600 938 081,Frutillar,2023-08-14
3851,Joaquín Leiva,carlos21@example.org,+56 33 387 4366,Hijuelas,2021-12-20
3852,Marianela Cristina Gómez Valderrama,floresmartina@example.org,+56 71 250 5237,Pumanque,2025-07-28
3853,Gustavo Juan González Arcos,sanhuezajose@example.net,+56 2 2691 0617,María Pinto,2025-02-26
3854,Alexander Valenzuela,pedro68@example.net,+56 2 2651 4913,Bulnes,2024-07-21
3855,Miguel Luis Barraza Campos,rafaelagaldames@example.com,+56 41 285 5494,Cisnes,2021-09-25
3856,Isaías Reyes Troncoso,juan43@example.org,+56 9 4414 2764,Empedrado,2021-12-31
3857,Ramona Baeza,palaciosluis@example.com,+56 2 3764 2548,Pozo Almonte,2024-08-31
3858,Bárbara Sofía Chamorro Cabrera,rominagutierrez@example.org,+56 58 220 3563,Talca,2024-07-20
3859,Carlos Urzúa Ossandón,marlon45@example.com,+56 2 2695 0195,Arauco,2026-01-04
3860,Sara Galleguillos,ignacio09@example.com,+56 2 2440 7197,Mostazal,2022-10-17
3861,Isabel Córdova Neira,solangematurana@example.com,+56 2 2674 3359,Punitaqui,2024-09-12
3862,Cristóbal Valdivia,raul64@example.com,+56 42 288 0021,Quemchi,2023-11-21
3863,Mauricio Rojas-Rojas,wuribe@example.com,+56 600 358 748,La Higuera,2021-10-28
3864,Sofía Martínez Cabrera,emiliosilva@example.com,+56 2 2224 9842,Vallenar,2023-08-21
3865,Juana Rocha Moraga,anahi73@example.com,+56 53 381 5822,Hualaihué,2025-03-29
3866,Pedro Francisco Ramírez Ruiz,ines43@example.com,+56 2 3721 1661,Quemchi,2023-09-14
3867,Cristofer Pérez Cares,qparra@example.com,+56 55 314 1371,Río Verde,2022-06-20
3868,Rosa Millaray Salazar Alvear,margarita05@example.com,+56 9 9422 9690,Valdivia,2021-12-31
3869,Mathias Eduardo Cancino Matamala,carolinazambrano@example.net,+56 600 770 782,Pica,2023-07-18
3870,Juan Sergio Arancibia Salas,ksandoval@example.com,+56 600 518 188,Pelluhue,2025-12-19
3871,María Jacqueline Espinoza Zapata,nandrade@example.net,+56 2 3262 6405,San Ramón,2021-07-27
3872,Mauricio José Vergara Valencia,castillopablo@example.com,+56 2 3538 4090,El Carmen,2022-08-15
3873,Amelia Ana Rebolledo González,juanvillalobos@example.org,+56 2 3884 9577,La Higuera,2023-01-25
3874,Miguel Espinoza,alvaradojulio@example.com,+56 800 531 034,Palmilla,2025-10-28
3875,Bárbara Mora Durán,fdiaz@example.net,+56 600 839 993,Quillota,2023-03-16
3876,Marie Vargas,tlobos@example.org,+56 2 2846 7777,Colina,2024-06-19
3877,Juan Felipe Villanueva Gómez,jconcha@example.com,+56 800 605 950,Curarrehue,2025-05-30
3878,Robert Juan Muñoz Muñoz,jacquelineriquelme@example.com,+56 61 371 7555,Negrete,2021-12-29
3879,Nelson Valenzuela,marta75@example.net,+56 2 3852 9953,San Clemente,2022-06-05
3880,Carmen Retamal,lagosester@example.net,+56 2 3924 8078,San Ignacio,2022-06-08
3881,Elba Vásquez,lopezmariano@example.com,+56 51 268 6636,Codegua,2025-10-05
3882,María Josefina Rozas Guzmán,joaquinvelasquez@example.net,+56 35 388 0602,Curacaví,2023-12-02
3883,Alex Manuel Muñoz Rodríguez,ximenagaete@example.com,+56 2 2287 8878,Collipulli,2022-05-11
3884,Juan Fernández Soto,katherinevargas@example.com,+56 58 315 9783,Traiguén,2026-03-25
3885,Vanessa Paz Barrera León,pvargas@example.net,+56 42 363 1763,Olmué,2021-10-04
3886,Alicia Claudia Moreno Araneda,vasquezcarlos@example.net,+56 2 2436 8613,Cauquenes,2024-09-18
3887,Rafael Figueroa Torres,alvarezalejandra@example.com,+56 2 3101 8507,Hualañé,2021-06-25
3888,Amalia Carol Vásquez Ponce,juanmaldonado@example.net,+56 2 3616 6641,Teno,2022-02-19
3889,César Mora Becerra,salazaralexander@example.com,+56 32 312 6218,Cunco,2022-10-26
3890,Kiara Antonella Donoso Aguilar,contrerasfelipe@example.net,+56 33 245 8859,Dalcahue,2025-11-27
3891,Juan Muñoz,oortiz@example.org,+56 9 8620 4395,La Cisterna,2021-10-10
3892,Paula Francisca Fredes Rojas,isidora74@example.net,+56 43 388 2198,Florida,2025-09-06
3893,Valentina Osorio,mauriciovargas@example.com,+56 2 3244 3270,Vallenar,2023-06-17
3894,Fernando Alejandro Muñoz Vera,sotorosa@example.com,+56 33 271 3793,Coihaique,2022-12-31
3895,Teresita Mabel Robles Garrido,azocarisabel@example.org,+56 58 231 2242,Chiguayante,2024-02-24
3896,Ignacia Maureira,catalinafuenzalida@example.net,+56 53 268 4920,Río Verde,2023-09-21
3897,Facundo Braulio Gajardo Ahumada,sonia98@example.org,+56 72 357 6825,Valparaíso,2021-11-11
3898,Fernanda Sandra Flores Mejías,rojaschristopher@example.net,+56 9 7556 0725,Sagrada Familia,2025-03-03
3899,Constanza Barrios Rojas,bustamantemaria@example.com,+56 2 3327 4250,Licantén,2025-12-12
3900,Graciela Camila Pino Inzunza,larajavier@example.com,+56 600 709 370,Lampa,2023-12-20
3901,Jordán Ferrada Díaz,lhernandez@example.net,+56 600 893 055,San José de Maipo,2024-01-20
3902,Carlos Rodríguez Rojas,mariacampos@example.com,+56 9 6102 8759,Lanco,2024-02-29
3903,Beatriz Pinto Plaza,isabel35@example.org,+56 45 212 6739,Linares,2022-01-13
3904,Erick Luis Valdés Parra,emilygallardo@example.org,+56 2 2743 6886,Putre,2023-02-02
3905,Gloria Lucía Vargas Velásquez,mercedes18@example.net,+56 2 3553 2025,Retiro,2024-01-04
3906,Tito Rolando Valenzuela Serrano,escobarluis@example.net,+56 2 2751 3667,Villa Alemana,2024-01-13
3907,Rafael Guerrero Parra,cristina79@example.net,+56 2 2724 7912,Pencahue,2022-04-14
3908,Alejandra Martina Ruiz Torres,elagos@example.com,+56 800 274 632,Yumbel,2026-03-13
3909,Patricia Hernández,carlos51@example.net,+56 800 324 608,Paiguano,2025-09-06
3910,María Fuentes Venegas,aguilarsonia@example.net,+56 51 360 4595,San Felipe,2022-01-25
3911,Juan Sebastián Meneses Godoy,ignaciasilva@example.net,+56 2 2967 9376,Osorno,2025-12-15
3912,Mirtha Mercedes González Garrido,fierrogladys@example.org,+56 35 383 1275,Lumaco,2024-03-15
3913,Gianfranco Fernando Meza Castillo,naranjosalvador@example.com,+56 2 3107 2263,La Reina,2024-07-25
3914,Ricardo Vásquez,zamoranorosa@example.com,+56 65 216 7727,Yungay,2023-02-28
3915,Carlos Jefferson López Bello,sanchezmartin@example.org,+56 9 3440 2331,San Joaquín,2025-06-05
3916,María Moraga,yferrada@example.org,+56 44 372 4807,Padre Las Casas,2025-10-10
3917,Belén Espinoza Vergara,jcornejo@example.com,+56 9 5904 7039,Quinchao,2024-02-17
3918,Fresia Sánchez Rivas,isilva@example.net,+56 600 268 132,Calera de Tango,2023-04-28
3919,María Erices,gsalas@example.org,+56 2 2512 9499,Colchane,2025-12-10
3920,Rafael Jairo Pino Figueroa,cristianbarros@example.org,+56 41 343 5603,Rinconada,2023-02-11
3921,Francisco Acuña Gómez,martin45@example.com,+56 2 3222 7352,Futrono,2023-02-11
3922,Luis Franco Arellano González,zamorajulio@example.com,+56 35 277 6379,Pinto,2024-01-24
3923,Claudia Leyton,maria64@example.net,+56 2 3130 1106,Putre,2023-05-07
3924,Elsa Nora Gutiérrez Neira,gajardoedith@example.com,+56 2 3760 3927,Hijuelas,2025-10-13
3925,Cristian González Cancino,emilia53@example.com,+56 67 391 7618,Machalí,2023-11-28
3926,Marta Cynthia Moraga Villarroel,quezadacecilia@example.org,+56 34 348 2795,Machalí,2022-01-22
3927,Luis Cruz,correamaria@example.com,+56 51 266 3279,El Monte,2023-06-27
3928,Isidora Pérez Valenzuela,lmeza@example.org,+56 9 8317 7855,Limache,2026-03-18
3929,María Fabiola Vásquez Olivares,lukascerda@example.org,+56 53 347 8756,Torres del Paine,2023-03-31
3930,Paul Carlos Peña Guzmán,chamorrorolando@example.org,+56 9 5468 0939,Chimbarongo,2021-06-27
3931,Juan Gajardo Aravena,oscarperez@example.org,+56 9 4834 1310,Macul,2022-09-21
3932,Andrés Saavedra Ibáñez,vriquelme@example.net,+56 2 2604 3926,El Quisco,2022-11-27
3933,Ximena Contreras,aguileranelson@example.net,+56 2 2373 8565,Curicó,2025-07-09
3934,Vilma Enriqueta Burgos Bravo,toledomagdalena@example.com,+56 51 282 4430,Chiguayante,2025-03-19
3935,Daniel Espinoza,guillermomaldonado@example.com,+56 2 2523 7885,Empedrado,2021-06-01
3936,Felipe Jorge Valdés Parra,rosastabita@example.com,+56 63 224 4468,Coronel,2022-03-03
3937,Sergio Castillo,karen77@example.org,+56 9 8162 7650,Tortel,2022-10-27
3938,Maribel Amanda Aros Herrera,jimena04@example.org,+56 800 148 330,Puerto Montt,2022-11-14
3939,Carolina Clara Espinoza Castañeda,jose76@example.net,+56 800 110 966,San Joaquín,2024-08-20
3940,Dina Myriam Cofré Aguirre,yavalos@example.net,+56 2 2540 6747,Longaví,2026-03-27
3941,Samuel Morales Inostroza,velasquezliliana@example.com,+56 32 246 9831,Temuco,2024-08-14
3942,Fernanda Isidora Abarca Mella,ebugueno@example.com,+56 800 609 368,Paredones,2022-12-02
3943,Juana Contreras,mercedes96@example.com,+56 2 3128 2426,Angol,2022-07-03
3944,Agustina Emilia Vilches-Matus Díaz,aaguilera@example.com,+56 2 3919 6716,Porvenir,2025-05-23
3945,Cecilia Santander Quiroz,moralesdavid@example.org,+56 45 282 3540,Sagrada Familia,2025-11-28
3946,Milena Patricia Tapia Román,ctorres@example.com,+56 2 2130 6850,Calera,2025-04-18
3947,Trinidad Constanza Valdivia Vásquez,sanchezeulogio@example.com,+56 2 2909 4140,Pinto,2025-01-16
3948,Ámbar Mardones Padilla,wguerra@example.org,+56 65 259 3631,Rinconada,2025-06-06
3949,Ignacio Jaime Méndez Morales,jaradiego@example.net,+56 2 2412 7017,Graneros,2021-08-18
3950,Alexander José Bahamonde Alvarez,gabriel54@example.org,+56 2 2722 9703,Curanilahue,2023-06-18
3951,Cristian Contreras,angelina93@example.net,+56 800 951 368,Quinta Normal,2024-07-03
3952,Constanza Agustina Becerra Jaramillo,maximo41@example.com,+56 43 354 1187,Valparaíso,2025-01-07
3953,Adriana Castro,bernardita73@example.org,+56 9 4262 7976,Guaitecas,2022-02-02
3954,Mirta Gómez Robles,wdelgado@example.net,+56 9 6849 4070,Quinchao,2025-09-08
3955,Amaru Francisco Medina Contreras,ramon64@example.org,+56 61 282 0688,Maule,2021-07-15
3956,Ismael Sergio Escobar Muñoz,fariaslaura@example.org,+56 9 6709 9081,Llaillay,2025-07-30
3957,Leonardo Jonathan Cabello Retamal,karen12@example.net,+56 64 391 8796,Paine,2025-03-10
3958,Mariana Meléndez,albertoleal@example.org,+56 2 3743 0810,Molina,2023-06-27
3959,Oscar Héctor Medina Mansilla,ahumadafernanda@example.net,+56 600 754 609,Colchane,2026-04-20
3960,Gabriela Emily Pereira Escalona,hermosillajulieta@example.net,+56 43 333 3766,Galvarino,2024-06-24
3961,María Aguilera,guerradario@example.net,+56 2 2706 9871,Coquimbo,2022-11-10
3962,Yerko Tomás Silva González,victor96@example.com,+56 9 2963 2474,San Antonio,2023-02-18
3963,Jean Molina Naranjo,lucy85@example.org,+56 2 2590 8506,O'Higgins,2022-06-01
3964,Ema Tamara Godoy Barrios,felipe01@example.org,+56 800 515 285,La Reina,2023-04-25
3965,Franco Paredes,yanezjose@example.org,+56 600 535 237,Requínoa,2023-05-23
3966,Juan Luis Jorquera Acuña,kolave@example.org,+56 2 2955 6385,Iquique,2023-09-05
3967,Silvia Navarro Leiva,victorosorio@example.net,+56 2 2571 6727,Fresia,2022-06-23
3968,Emma Cristina Leiva Sáez,vergaravalentina@example.com,+56 600 216 921,Quilaco,2022-03-04
3969,Andy Díaz,lealrigoberto@example.com,+56 9 3604 3193,Las Condes,2024-12-12
3970,Pamela Valentina Salinas Bernal,vivianamoreno@example.org,+56 9 8419 9071,Lampa,2024-12-25
3971,Orlando Christian Saldías Rosas,luciana44@example.com,+56 2 2101 0955,Portezuelo,2024-10-07
3972,Daniela Fernanda Cornejo Espinoza,fernandaormeno@example.org,+56 600 299 009,Treguaco,2023-01-19
3973,Marisol Núñez Vásquez,rosa81@example.org,+56 2 2332 0768,Chiguayante,2025-09-02
3974,Catalina Claudia Merino Acevedo,barroscristian@example.net,+56 2 3602 2899,Rinconada,2023-10-07
3975,Laura Roxana Miranda Alarcón,jeannette19@example.com,+56 600 749 421,Pudahuel,2024-09-30
3976,Ana Fernández Inostroza,nancy15@example.net,+56 2 2892 3443,San Pablo,2025-01-08
3977,Martina Peña,matiassuarez@example.net,+56 2 3559 8332,Nogales,2024-05-13
3978,Trinidad Mora Campos,veronica14@example.net,+56 2 2773 4260,Caldera,2023-05-11
3979,Alejandra Javiera Álvarez Hernández,mrodriguez@example.com,+56 61 345 6556,Coronel,2023-05-19
3980,Ana Carmen Arellano Ríos,josecuevas@example.org,+56 51 332 6574,Collipulli,2024-03-27
3981,Claudio Aravena Mendoza,gomezrosa@example.org,+56 44 229 2601,Providencia,2022-04-18
3982,Isabella Jovita Salinas Orrego,domingomolina@example.net,+56 2 2784 4984,San Javier,2025-12-06
3983,Jenifer María Ramírez Robles,alancollao@example.org,+56 75 387 7929,Freirina,2021-05-11
3984,Francisca Javiera Lira Aravena,alejandramanriquez@example.com,+56 63 229 9862,Puerto Octay,2024-11-11
3985,Juana Aracely Espinoza Fuentes,maria58@example.com,+56 9 4118 1733,Marchihue,2025-08-18
3986,Antonio Cristopher Rivera Ramírez,qcarrasco@example.com,+56 800 365 621,Angol,2024-09-06
3987,Catalina Márquez Riquelme,susanallanos@example.org,+56 35 329 0791,Lonquimay,2024-03-08
3988,Oscar Cristian Bustamante Díaz,mariaflores@example.org,+56 75 320 5355,Algarrobo,2025-11-17
3989,Juan Godoy Zapata,gonzalezcarlos@example.com,+56 600 358 558,Mostazal,2021-10-08
3990,Priscila Orellana Espinoza,patriciagomez@example.net,+56 2 3169 2507,Los Vilos,2023-07-11
3991,Walter Arredondo-Muñoz,guzmanmargarita@example.net,+56 2 3179 0991,Arica,2026-02-16
3992,Catalina Céspedes Méndez,acevedomarco@example.net,+56 2 2147 8533,Retiro,2021-12-30
3993,Jorge Franco Toledo Delgado,ttapia@example.org,+56 800 564 972,Purranque,2022-11-28
3994,Alfredo Hernán Oyarzún Gutiérrez,fernando74@example.org,+56 2 3237 9441,Santa Cruz,2022-01-07
3995,Sonia Carmona Bustos,maria55@example.net,+56 2 3313 9464,Nacimiento,2025-07-20
3996,Soraya Vásquez Baeza,navarromartina@example.com,+56 600 270 007,Pichilemu,2024-01-28
3997,María Andrea Rodríguez Lizama,gonzalezyasna@example.com,+56 43 261 2400,Tortel,2021-12-16
3998,Manuel José Villegas Lagos,oscar69@example.org,+56 9 6633 2906,Cobquecura,2025-01-01
3999,Mario Moisés Céspedes Rebolledo,rojascarolina@example.net,+56 35 365 6444,Vichuquén,2024-10-19
4000,Elizabeth Bernal,claudiaroa@example.net,+56 9 4365 8804,Santa Bárbara,2022-06-29
4001,Ricardo Matías Márquez Figueroa,bastian15@example.org,+56 33 272 4500,Mejillones,2023-08-09
4002,Ángela Tania Soto Vilches,catalina33@example.net,+56 9 2724 5106,Curacaví,2023-07-14
4003,Juan Torres Salinas,hhidalgo@example.com,+56 71 353 9334,Lota,2023-08-30
4004,Martín Amaro Zúñiga Cáceres,mfuentes@example.net,+56 2 2622 3584,La Unión,2025-06-23
4005,Samuel Fabio Marín Castro,jreyes@example.org,+56 2 2331 5644,Maullín,2025-04-19
4006,Tamara María Salazar Flores,ferreiramaria@example.com,+56 45 262 8053,Renaico,2022-11-08
4007,Catalina Quijada,sandra62@example.org,+56 9 7400 0274,Punta Arenas,2026-03-12
4008,Diego Ojeda,tamara20@example.net,+56 2 2638 2395,Arauco,2022-05-21
4009,Claudio Juan Ortega Barriga,igalaz@example.com,+56 9 7748 1466,Peumo,2021-07-02
4010,Luis Sergio Hermosilla Valenzuela,cabreraluis@example.net,+56 9 2926 2186,Cartagena,2024-05-21
4011,José Mercado-Villegas Gutiérrez,martinaretamal@example.org,+56 600 532 812,Queilén,2023-02-11
4012,Paula Norma Maureira Mendoza,squiroz@example.net,+56 2 3749 1314,Petorca,2022-12-21
4013,Victoria María Rubilar Silva,luisgonzalez@example.com,+56 65 230 6788,Coelemu,2023-07-25
4014,Anaís Soto,lucas29@example.com,+56 71 348 7199,Alto Biobío,2025-09-28
4015,Rosa Sonia Alfaro Araya,ignacia20@example.com,+56 600 985 827,Curanilahue,2022-01-07
4016,Adriana Valentina Sáez Moreno,vbriceno@example.com,+56 33 217 7162,Nogales,2021-10-28
4017,Tamara Suárez,zbastias@example.net,+56 2 3762 3879,Tortel,2022-03-16
4018,Daniel Patricio Alegría Fuenzalida,prietojuan@example.org,+56 2 3653 3653,Chimbarongo,2022-05-23
4019,Manuel Ramón Gallardo Pincheira,tbarraza@example.com,+56 2 2174 0055,San Javier,2024-07-23
4020,Diego Marco Soto Montero,ignacio81@example.net,+56 9 8314 7004,San Gregorio,2025-02-21
4021,Ana Pamela Escobar Díaz,corina09@example.com,+56 2 3543 4452,Santo Domingo,2024-04-05
4022,Omar Robinson Arredondo Cuevas,elba04@example.net,+56 2 2109 0515,San Bernardo,2022-12-27
4023,Laura María Ibáñez Cruz,valladaresaugusto@example.net,+56 600 830 285,Carahue,2021-09-02
4024,Paulina Amanda Carvajal Bravo,sanchezgabriel@example.org,+56 600 836 537,Puente Alto,2022-01-19
4025,Felipe Garrido Molina,wpalma@example.org,+56 67 379 7972,Palmilla,2023-12-18
4026,Marcela Amaya Toledo García,paolabastias@example.com,+56 2 3534 4716,Peñalolén,2023-02-21
4027,Juana Zapata,francisco76@example.org,+56 2 2478 9079,Providencia,2022-12-25
4028,Cecilia Florentina Roa Chamorro,cesar73@example.net,+56 43 344 2381,Dalcahue,2022-01-21
4029,Juan Germán González Varas,jose97@example.com,+56 2 2182 6015,La Florida,2021-08-05
4030,Héctor Sergio Navarrete Osses,rhidalgo@example.net,+56 2 2664 2243,Rancagua,2021-09-20
4031,Mario Salazar Gallegos,luisbustos@example.com,+56 800 703 082,Papudo,2024-04-16
4032,Gaspar Parra,ismael72@example.net,+56 53 244 4645,Concepción,2024-02-27
4033,Vanessa Tamara Orellana Cáceres,lopezpriscilla@example.net,+56 45 223 8271,Machalí,2024-04-17
4034,Patricio González,iarenas@example.org,+56 41 262 0141,Pitrufquén,2025-05-25
4035,Rafaela Daniela Espinoza Mansilla,reinaldo87@example.org,+56 2 3195 2356,Los Sauces,2022-05-09
4036,José Alexis Pinto Zurita,catalina34@example.net,+56 42 349 9747,Licantén,2023-02-01
4037,Juana Elisa Cortés Catalán,veraflorencia@example.com,+56 61 226 6658,El Quisco,2025-10-11
4038,Edson Guillermo Tobar Parra,rfuentes@example.com,+56 65 240 4748,Vitacura,2023-09-15
4039,Marcos Renato Ojeda Jorquera,garciaalfredo@example.com,+56 63 349 1648,La Reina,2021-07-31
4040,Constanza Valdebenito Rodríguez,paulo26@example.net,+56 73 268 4878,San Juan de la Costa,2025-02-27
4041,Daniela Sonia Márquez Hurtado,florenciahenriquez@example.com,+56 9 6594 3888,Paillaco,2024-10-19
4042,Catalina Alicia Marchant Arce,iancaceres@example.com,+56 71 278 5427,San Bernardo,2022-02-04
4043,Alexia Linda Peña Cortés,mariaalmonacid@example.org,+56 2 3795 5917,Hualpén,2022-11-08
4044,Norma Ana Jorquera Parraguez,patricio12@example.com,+56 2 3590 8165,El Tabo,2021-11-04
4045,Vicente Víctor Pérez Zambrano,maria02@example.com,+56 42 349 0124,Penco,2024-02-28
4046,Daniela Michelle Zárate Díaz,faundezpedro@example.net,+56 9 7513 8971,San Pedro de Atacama,2025-11-01
4047,Rosa Acuña Aravena,zepedamaria@example.com,+56 58 290 1987,Caldera,2021-06-08
4048,Juan Raúl Díaz Campos,dfigueroa@example.net,+56 51 212 8978,Talca,2025-10-08
4049,Catherine Rivera,alonso69@example.org,+56 9 4946 7859,Sierra Gorda,2022-11-15
4050,Carolina Pacheco Espinoza,daniel04@example.com,+56 2 3263 5820,Portezuelo,2023-06-21
4051,Lina Katherine Cavieres Jorquera,plopez@example.org,+56 9 6993 1694,Valparaíso,2022-12-31
4052,Armando Bruno Pavez Martinez,ramirezfelix@example.com,+56 61 273 1853,Hualañé,2021-09-02
4053,Renata Orellana,claudia19@example.com,+56 35 260 1543,Huara,2022-12-05
4054,Ricardo Fernández Gutiérrez,carlosarias@example.net,+56 600 489 467,Panquehue,2022-04-05
4055,Alejandra Ivonne Ramírez Carrasco,yenifer06@example.org,+56 33 258 8858,Ancud,2022-11-14
4056,Irma Ávila,alonso22@example.com,+56 58 396 2904,Independencia,2023-12-27
4057,Jaime Martín Vera Muñoz,brayan69@example.net,+56 9 7914 6660,Cisnes,2022-11-27
4058,Camilo Andrew Saavedra Baez,mauricio18@example.com,+56 2 3236 0005,Pumanque,2024-06-20
4059,Maribel Paula Zambrano Contreras,fburgos@example.org,+56 44 227 2344,Copiapó,2023-12-18
4060,Nelson Maximiliano Sepúlveda Rodríguez,talvarez@example.net,+56 9 9331 9668,San Felipe,2025-06-30
4061,Marco Jonathan Fuentes Benítez,carrascoclaudio@example.org,+56 2 3536 7496,Coelemu,2021-09-10
4062,Constanza Diana Ruiz Urrutia,cordovacristobal@example.com,+56 2 2903 3917,Llaillay,2022-02-18
4063,Diana Bugueño,tlopez@example.org,+56 64 335 6323,Río Hurtado,2025-03-15
4064,Oscar Maximiliano Muñoz Sandoval,benjamin24@example.org,+56 9 5638 2147,Arauco,2024-07-11
4065,Jaime Morales Contreras,vegarodrigo@example.org,+56 2 3751 5996,Lo Prado,2024-03-23
4066,Fernando Domingo Catalán Saavedra,mmiranda@example.org,+56 2 2220 9088,Quemchi,2022-05-17
4067,Matías Omar Rodríguez Sáez,richard94@example.org,+56 71 342 5626,Licantén,2022-08-14
4068,Sonia Muñoz Echeverría,iarriagada@example.com,+56 2 2992 2540,Chiguayante,2024-04-25
4069,Arturo Edison Maldonado Jorquera,rflores@example.org,+56 53 224 1400,Rengo,2024-07-14
4070,Franco Jorge Flores Garrido,rodriguezbarbara@example.org,+56 2 3800 4573,Lonquimay,2024-11-03
4071,Anahí Pía Hurtado Mendoza,ramon74@example.org,+56 800 355 310,Coronel,2021-08-08
4072,Samuel Francisco López Navarro,yvasquez@example.org,+56 9 7854 4204,Tiltil,2021-10-12
4073,Raúl Santander Campos,vvega@example.com,+56 57 363 0746,Ovalle,2021-05-29
4074,Carlos Ernesto Gálvez Salinas,victoriagonzalez@example.net,+56 65 254 7079,Panguipulli,2025-10-25
4075,Carlos Mauricio Rivas Pérez,tcarvajal@example.com,+56 9 7756 9137,Quilleco,2026-03-22
4076,Patricia Oyarce,eaguilera@example.net,+56 2 2787 5456,Loncoche,2024-10-11
4077,Carlos Céspedes,tfuentealba@example.org,+56 75 266 0334,Pitrufquén,2026-03-19
4078,Ruth Rodríguez,ricardogutierrez@example.org,+56 33 261 6838,La Estrella,2025-05-12
4079,Diego Nelson Rodríguez Sepúlveda,joaquincorrea@example.net,+56 2 2200 8573,Punta Arenas,2021-08-11
4080,Marcela Thiare Ibacache Cornejo,juana99@example.com,+56 2 2145 5977,Longaví,2023-04-28
4081,Patricio Guerra,maiteguerra@example.com,+56 43 375 5705,Lautaro,2026-01-08
4082,Jeannette Saavedra Castillo,rosa68@example.net,+56 2 3881 7220,Lonquimay,2022-05-28
4083,Alejandra Carol Carrasco Díaz,jose74@example.com,+56 2 3933 7749,San Bernardo,2022-01-22
4084,Berta Sandra Estrada Labra,nicolecastro@example.org,+56 2 2275 6558,Mostazal,2021-12-18
4085,Pablo Rojo González,tvidal@example.net,+56 9 4856 7744,Cunco,2025-06-24
4086,Franco Zapata Morales,ericeschristian@example.com,+56 800 653 753,Los Sauces,2025-04-08
4087,Constanza Valenzuela,jmorales@example.org,+56 67 329 1715,Puente Alto,2024-11-06
4088,Bianca Carmen Acuña Guerra,mariaperez@example.net,+56 33 252 5825,Huechuraba,2022-11-29
4089,Ana Gloria Trujillo Cofré,joseramirez@example.org,+56 2 2237 6014,Ercilla,2025-12-22
4090,Alejandro Juan Muñoz Astudillo,zde-la-fuente@example.com,+56 600 533 004,Peñalolén,2023-01-13
4091,Daniela Molina Hormazábal,lferrada@example.com,+56 2 3174 5487,Puerto Montt,2022-10-26
4092,Cristian Alexis Torres Serrano,rosa30@example.org,+56 2 2527 6208,Placilla,2024-05-29
4093,Ángel Cortés Contreras,consuelo34@example.net,+56 2 3592 7783,Navidad,2022-04-12
4094,Antonella Eva Toledo Peñaloza,zaraya@example.net,+56 9 6929 7797,La Higuera,2025-12-28
4095,Julieta Inés Mora Bustos,scarlet76@example.org,+56 9 6181 0009,Requínoa,2023-08-08
4096,Martín Wilson Fierro Fernández,david85@example.org,+56 2 3573 0341,Puqueldón,2025-04-11
4097,Samantha Francisca Aguayo Gutiérrez,espinozamarisol@example.org,+56 64 283 2409,Lota,2023-02-10
4098,Nélida Carrasco,marcelo66@example.com,+56 800 833 738,San Antonio,2025-11-18
4099,Isidora Irma Ruiz Marín,diazanahi@example.com,+56 64 346 1601,Coihueco,2023-09-28
4100,José Cristopher Ramos Muñoz,nelly23@example.com,+56 42 389 1619,Río Hurtado,2026-03-18
4101,José Roger Mora Quiñones,alejandroaguilera@example.net,+56 33 339 2828,Calera,2026-02-08
4102,Marco Tobar,palaciossebastian@example.com,+56 32 261 1634,El Tabo,2023-10-01
4103,Francisco Vidal-Muñoz Mamani,martinezana@example.net,+56 2 3965 5601,San Nicolás,2023-09-09
4104,Alexander Sepúlveda,demian09@example.net,+56 9 5194 6352,San Pedro,2024-09-08
4105,Natalia Díaz Rojas,diegocalderon@example.org,+56 9 5640 0198,Ercilla,2022-01-23
4106,Claudia Antonella Vidal Valenzuela,josecabello@example.org,+56 73 230 5794,Purén,2024-09-12
4107,Jaime Daniel Torres Sandoval,claudia02@example.org,+56 600 711 443,Chillán Viejo,2023-03-02
4108,Lucía Sandoval Olmos,rosajerez@example.org,+56 72 336 3338,San Clemente,2022-12-13
4109,Andrés Fernando Gálvez-Hernández Berríos,maria98@example.net,+56 800 201 392,Coinco,2023-10-11
4110,Jessica Giuliana Suazo González,irene19@example.org,+56 71 268 8286,Lautaro,2025-09-04
4111,Esteban Mauricio Pérez Aguilera,veronica13@example.com,+56 2 3579 1887,Aisén,2026-03-28
4112,Soraya Dominique Morales Varela,evillagra@example.org,+56 2 3402 1834,Taltal,2025-12-15
4113,Patricio Paredes,fernandacortes@example.org,+56 75 237 1218,Ñiquén,2022-06-29
4114,Hugo Oscar Silva Cabrera,elizabetholiva@example.com,+56 2 3922 8194,Olivar,2024-10-28
4115,Marcelo Quintanilla,josefa96@example.com,+56 2 2255 6105,Cañete,2025-05-07
4116,Alicia Navarrete,lucreciaespinoza@example.org,+56 63 335 5979,Los Álamos,2025-05-21
4117,Gustavo Cristian Tapia Pizarro,juan74@example.com,+56 800 896 835,Navidad,2025-05-25
4118,Cristian Díaz,alfonsosandoval@example.net,+56 58 338 0832,Santa Bárbara,2026-03-21
4119,Gonzalo Mamani Seguel,mariavargas@example.net,+56 2 3246 2611,San Antonio,2023-04-13
4120,Javier Espinoza,molinadaniela@example.com,+56 600 853 496,San Ignacio,2025-11-08
4121,Paola Pérez Loyola,santibanezjuan@example.net,+56 44 327 4532,Las Cabras,2021-11-29
4122,Pascal Rubilar Escalona,earenas@example.net,+56 2 2275 8836,Empedrado,2024-12-06
4123,Patricia Elena González Gómez,delgadopedro@example.com,+56 600 876 942,Quinta Normal,2023-06-23
4124,Maximiliano Muñoz,marisolcarrillo@example.org,+56 2 2195 6413,Queilén,2024-08-03
4125,Milton Luis Palma Herrera,taracena@example.com,+56 2 3261 4395,Salamanca,2024-11-24
4126,Belén Peña,aelgueta@example.net,+56 2 2788 8194,Quemchi,2021-06-24
4127,Basilio Flores,gutierrezmarcela@example.org,+56 600 409 595,Mejillones,2025-05-21
4128,Blanca Zúñiga,hojeda@example.com,+56 33 353 3118,San Pedro,2022-03-22
4129,Patricia Marcela Montes Llanos,juliocarrasco@example.org,+56 2 2654 8034,Vichuquén,2025-01-31
4130,Diego Torres Fernández,melendezeugenio@example.net,+56 55 367 8605,San Miguel,2024-05-28
4131,Lucía Osorio,teresa15@example.com,+56 2 2795 0783,Futrono,2023-03-05
4132,Claudio Luis Salazar Martínez,erosales@example.com,+56 9 3896 6276,Cañete,2025-11-06
4133,Alicia Moreno Muñoz,nelson39@example.net,+56 2 3514 0057,Empedrado,2024-02-13
4134,Josefina Cynthia Valdivia Mella,catalina50@example.org,+56 72 344 0791,Andacollo,2022-11-17
4135,Edith Celia Lara Mardones,sotocarmen@example.com,+56 2 2729 1580,Saavedra,2021-06-18
4136,Carlos Chamorro Moreno,jorgeflores@example.org,+56 2 2653 4452,Vilcún,2026-03-09
4137,Ester Sofía Osorio Cárdenas,dgutierrez@example.net,+56 2 3430 2953,Isla de Maipo,2021-06-04
4138,Filomena Sánchez González,parrajulieta@example.net,+56 2 2646 8898,Ollagüe,2022-07-09
4139,María Castillo Díaz,floreshector@example.org,+56 2 3933 3093,Los Muermos,2023-11-06
4140,David Samuel Escobar Salazar,buguenomaria@example.net,+56 67 254 8009,Mariquina,2021-08-07
4141,Gloria Johana Fernández Durán,juan78@example.com,+56 800 884 754,Purranque,2023-12-06
4142,Hugo Jorge Becerra Ramos,qjaque@example.org,+56 2 3622 5704,Rancagua,2025-05-05
4143,Mariano Francisco Flores Castillo,qmontenegro@example.org,+56 2 2115 2313,Guaitecas,2023-04-12
4144,Julieta Rosa Palma Acuña,mariasepulveda@example.org,+56 35 268 6597,San Miguel,2023-09-12
4145,Luis Gómez,adriana88@example.com,+56 600 910 015,Taltal,2023-09-30
4146,María Valdés Cifuentes,diazanderson@example.net,+56 2 3164 9298,Futaleufú,2023-12-28
4147,Edgardo Jorge Tapia Arriagada,palmabarbara@example.com,+56 61 333 4559,Calle Larga,2022-07-14
4148,Felipe Benjamín Sánchez Rodríguez,catalanbenjamin@example.net,+56 45 310 1890,Rauco,2021-07-23
4149,Ariel Richard Bustos Pinto,parraelena@example.net,+56 600 512 832,Renaico,2025-06-02
4150,Yolanda Paulina Jara Baeza,floresjuan@example.com,+56 35 246 0620,Calbuco,2023-01-12
4151,Oscar Órdenes Toloza,robertoorrego@example.org,+56 67 358 7475,Curicó,2023-10-29
4152,Sandra Riquelme Catalán,elianaalmonacid@example.com,+56 800 662 868,Colina,2024-08-18
4153,Carlos Sebastián González Ramírez,carrascojohnny@example.org,+56 2 3620 3553,Peñalolén,2023-07-22
4154,Juan Ormeño Silva,diazana@example.com,+56 800 557 222,Quemchi,2025-11-08
4155,Nayareth Valeria Alarcón Álvarez,amoya@example.org,+56 2 3627 5466,Petorca,2022-06-04
4156,Roberto Álvarez Aguilar,fvasquez@example.net,+56 55 251 3852,Llanquihue,2023-08-06
4157,Raimundo Yordan Moreno Marín,moyanomargarita@example.com,+56 2 2416 0532,Calbuco,2023-01-27
4158,Ximena Yenny Encina Pérez,gustavo13@example.net,+56 53 285 2167,Taltal,2024-04-27
4159,Fabián Villalobos Gómez,emma07@example.com,+56 53 262 8173,San Pedro de la Paz,2021-10-06
4160,Marcelo Alejandro Yáñez Sepúlveda,anaguerrero@example.net,+56 2 3827 6625,Quintero,2023-08-01
4161,Isidora Agurto Bascuñán,gladys33@example.com,+56 2 2871 1349,Nacimiento,2025-11-24
4162,Sonia Castro Soto,riveraalfonso@example.org,+56 2 2502 8224,Concón,2022-06-22
4163,Juan Gómez,jose45@example.com,+56 9 7380 1589,Zapallar,2025-01-01
4164,Aladino Julio Olivares Catalán,salvador44@example.net,+56 33 379 3194,Marchihue,2025-10-17
4165,María Roa,pedro33@example.org,+56 2 2839 7914,Talcahuano,2024-05-08
4166,Silvia María Fuentes Cornejo,guillermo24@example.net,+56 2 2632 0020,Santa Juana,2023-07-03
4167,Florencia Villalobos Dinamarca,cardenasmiguel@example.com,+56 65 219 8865,Pinto,2025-01-26
4168,Evelyn Carmen Leyton Espinosa,valdesrafael@example.org,+56 2 3294 0843,Pirque,2023-11-26
4169,Paulina Ana Salazar Toledo,laura56@example.net,+56 2 2513 7539,Galvarino,2022-02-24
4170,Andrés Díaz Mora,jesusmora@example.com,+56 800 139 815,Retiro,2022-12-25
4171,Lilian Yáñez Robles,rojaserick@example.com,+56 32 225 5330,San Nicolás,2022-12-11
4172,Melissa Garrido Cabezas,pintojose@example.com,+56 52 229 4907,Santa Cruz,2024-10-28
4173,María Ana Andrade Fuentes,mariasepulveda@example.com,+56 2 2274 6862,Puqueldón,2024-12-17
4174,Juan David Tapia Esparza,angela75@example.com,+56 9 8948 9654,Peumo,2023-02-02
4175,Roberto Díaz,sotonibaldo@example.com,+56 800 589 280,Chonchi,2025-10-24
4176,Bernarda Pérez Jofré,mendozajose@example.com,+56 2 3362 0784,Los Sauces,2023-03-01
4177,Marcelo Manuel Fuentes Burgos,olivaresemilio@example.net,+56 2 2981 8918,La Reina,2024-10-03
4178,Jessica Gutiérrez Zúñiga,becerraagustina@example.org,+56 9 6443 8318,Ovalle,2025-08-09
4179,Antonella Sara Rodríguez Vásquez,erikinostroza@example.net,+56 57 231 1773,Constitución,2025-11-05
4180,Amaro José Sánchez Riffo,smardones@example.net,+56 73 283 4394,Limache,2023-04-18
4181,Agustina Lucía Torres Fuentes,fortiz@example.net,+56 2 3973 4036,Santiago,2022-08-23
4182,Valeria María Montecino Valdés,garridomiguel@example.net,+56 600 956 817,Curaco de Vélez,2025-02-09
4183,Claudia Leal Hernández,ibustos@example.net,+56 2 3855 2025,Cañete,2025-05-16
4184,Dafne Osorio López,matildecisterna@example.org,+56 71 223 7321,La Florida,2022-05-11
4185,Gabriel Camilo Zúñiga Figueroa,palarcon@example.org,+56 2 3471 5143,Yumbel,2023-06-15
4186,Karen Pozo,richard76@example.net,+56 9 8257 3475,Litueche,2022-05-28
4187,Marco Gabriel Martínez Valladares,imorales@example.net,+56 800 745 488,Diego de Almagro,2022-02-18
4188,Carlos César Aránguiz Hernández,jaime72@example.net,+56 2 2274 3049,Combarbalá,2024-03-30
4189,Camila Mireya Hernández Barría,cristina21@example.net,+56 2 3543 1887,Andacollo,2021-11-24
4190,Mónica Sofía Erices Acosta,munozkatherine@example.com,+56 600 863 013,Canela,2025-09-12
4191,Anaís Carrasco,denissesilva@example.com,+56 9 7131 8383,Hualañé,2023-10-14
4192,Pedro Soto,upoblete@example.org,+56 2 3601 1255,Curacaví,2025-11-15
4193,Leonardo Lagos,marcia54@example.net,+56 33 364 4732,Malloa,2025-09-20
4194,Anita Margarita Pizarro Suazo,carlos08@example.com,+56 2 3918 1484,Purén,2023-03-23
4195,Enrique Manuel Cerda Jiménez,mario19@example.org,+56 2 2988 2125,Camarones,2025-04-02
4196,Juan Cristian Ruiz Peña,molinamaria@example.com,+56 9 4172 8225,Los Ángeles,2023-05-04
4197,Isidora Sara Opazo Ávila,tamaravega@example.org,+56 33 358 2819,Rengo,2022-02-21
4198,Ángela Rivera,pvidal@example.net,+56 9 7595 3103,Machalí,2023-05-17
4199,América Henríquez García,surrutia@example.net,+56 9 7552 9783,Pencahue,2022-05-15
4200,Lía Estay,mariapizarro@example.org,+56 9 3489 4510,Talca,2024-01-15
4201,Victoria Marie Castro Contreras,dorismorales@example.net,+56 2 2455 0520,Diego de Almagro,2022-10-10
4202,Manuel Jorge Baeza Vergara,madridsantiago@example.com,+56 2 3650 7618,San Pedro de la Paz,2021-12-24
4203,Ámbar Vargas-Vargas Zapata,moralessebastian@example.org,+56 2 2379 1338,Tierra Amarilla,2021-12-27
4204,Lucía Silvia Fuentes Valencia,herreramarco@example.org,+56 800 239 281,Independencia,2022-01-09
4205,Daniel Alexis García Roa,barbaraescobar@example.com,+56 2 3666 8286,Río Bueno,2023-03-01
4206,Isabel Ruth Alarcón Moraga,franciscohernandez@example.net,+56 600 181 999,La Estrella,2025-07-09
4207,Diego Guerrero Lagos,walbornoz@example.org,+56 9 5490 2519,Curaco de Vélez,2024-11-21
4208,Santino José Delgado Hidalgo,jorgesilva@example.com,+56 43 243 5404,Curaco de Vélez,2026-03-03
4209,Jacqueline Elba Lizama Lagos,zmarchant@example.org,+56 2 3948 9356,Mostazal,2026-04-13
4210,Eliseo Eric Vásquez Espinoza,psandoval@example.org,+56 52 271 3564,Catemu,2024-06-10
4211,Javier Reyes Cuevas,manuel87@example.com,+56 600 266 862,Antofagasta,2026-03-01
4212,Martina Javiera Carrasco Correa,cristobalyanez@example.com,+56 800 865 000,Peumo,2021-09-10
4213,Gladys Jennifer Reyes Díaz,maria90@example.com,+56 2 2806 1669,Talcahuano,2022-03-10
4214,Rodrigo Ulloa Jara,floresfrancisco@example.com,+56 2 2542 6821,Canela,2023-04-26
4215,Claudia Ámbar Castro Figueroa,mariajimenez@example.org,+56 9 8814 6709,Freire,2025-01-15
4216,Héctor Vargas Muñoz,xlobos@example.net,+56 2 3980 3434,Nacimiento,2025-01-05
4217,Bayron Pablo Pacheco Leiva,gcampos@example.com,+56 72 214 4027,Coinco,2024-04-16
4218,Santiago Benjamín Meza Ponce,mancillaaraceli@example.com,+56 2 3906 3719,Camiña,2021-11-07
4219,Margarita Luz Alfaro Muñoz,jgalaz@example.org,+56 2 2761 7094,Licantén,2023-02-19
4220,Alberto García Vergara,hosorio@example.com,+56 800 510 591,Hualaihué,2025-12-22
4221,Delia Guzmán Arenas,nicolmiranda@example.net,+56 33 214 6631,Puqueldón,2025-07-20
4222,Diego Francisco Trujillo Díaz,asepulveda@example.com,+56 800 825 183,Huasco,2026-03-18
4223,Eduardo Lorenzo Bustamante Zúñiga,estrella68@example.net,+56 9 4246 7402,Antofagasta,2025-02-12
4224,Sergio Ricardo Jaque Jaque,maria14@example.net,+56 41 257 0848,Puerto Octay,2023-01-04
4225,Carlos Gustavo Espinoza Galaz,maria24@example.net,+56 71 218 4793,Pelluhue,2025-05-31
4226,Sara Castillo,canalespablo@example.org,+56 2 2987 4240,Padre Las Casas,2024-08-02
4227,Jorge Cisterna,virginia91@example.com,+56 600 354 384,Laja,2025-05-05
4228,Carlos Julio Bobadilla González,palmaisidora@example.net,+56 72 225 7330,Máfil,2022-04-29
4229,Patricia González,miguelgonzalez@example.org,+56 2 3250 5170,Chépica,2023-04-06
4230,María Marín,victormunoz@example.net,+56 41 261 4323,Romeral,2021-10-17
4231,Vicente Renato Riquelme Martínez,uberlindasanchez@example.com,+56 600 247 931,Pumanque,2026-02-22
4232,Patricia Ávila Catalán,rojasjennifer@example.com,+56 43 366 3438,Yungay,2024-01-22
4233,Berta Teresa Ramos Correa,oscar41@example.org,+56 9 6511 5672,San Vicente,2023-11-14
4234,Nicole Angélica Rojas Loyola,oyarzoruth@example.net,+56 9 7653 9889,Peñaflor,2023-07-21
4235,Ángela Hilda Troncoso Aravena,acostacecilia@example.com,+56 32 376 5620,Penco,2023-04-10
4236,Alexander Olivares,savila@example.net,+56 67 285 2605,Timaukel,2023-07-01
4237,María Martinez Muñoz,claudiacastro@example.com,+56 2 3597 7188,Camiña,2023-08-16
4238,María Anahí Carrera Becerra,martaleal@example.org,+56 9 4915 7136,Illapel,2024-10-24
4239,Fernanda Verónica Pérez Figueroa,vargasjoselyn@example.org,+56 2 2406 4918,Codegua,2022-11-21
4240,Claudio Gallegos Godoy,nelidamunoz@example.org,+56 43 247 1857,Quintero,2022-12-10
4241,Armando Cortés Núñez,diegocontreras@example.com,+56 9 6191 1835,Puerto Montt,2025-09-24
4242,Viviana Luz Inostroza Suárez,segundo37@example.org,+56 9 4172 4811,Laguna Blanca,2026-01-16
4243,Pablo Rebolledo González,cornejoignacia@example.com,+56 9 3596 2169,Paillaco,2024-02-25
4244,Sebastián Benjamin Arancibia Muñoz,vasquezjose@example.org,+56 33 348 3038,Hualaihué,2024-03-31
4245,Raúl Bobadilla-Riffo Baez,qorellana@example.org,+56 2 2761 2423,Santiago,2023-01-09
4246,Rosa Daniela Ruiz López,gonzalezteresa@example.net,+56 2 3146 0877,Independencia,2024-04-14
4247,Paulina Elsa Pizarro-Barrios Rivera,alexandraconcha@example.org,+56 73 241 9386,Lago Verde,2021-10-17
4248,Oscar Reinaldo Uribe Araya,dfigueroa@example.com,+56 57 254 8720,Coltauco,2023-07-27
4249,Katherinne Maribel Muñoz Díaz,mancillarene@example.net,+56 63 332 1993,Chimbarongo,2023-04-16
4250,Michael Patricio Núñez Ramírez,silvia69@example.org,+56 67 274 8817,Coihueco,2024-12-12
4251,Ashley Johanna Lara García,juanbernal@example.com,+56 32 341 5299,Calama,2024-12-01
4252,Hernán Sepúlveda,luis80@example.net,+56 2 3443 8660,Quintero,2023-02-10
4253,Héctor Meza Parra,vlopez@example.org,+56 61 371 1167,Vicuña,2022-04-18
4254,Juan Pablo Rubio Contreras,mario62@example.org,+56 2 2599 3611,Puyehue,2022-05-05
4255,Ramón Matías Valladares Araya,josecubillos@example.net,+56 2 2583 4887,La Granja,2021-09-04
4256,Javiera María Cifuentes Poblete,fperez@example.net,+56 52 219 1985,Vitacura,2026-01-25
4257,Fernanda Evelyn Sandoval Lazcano,valenzuelabenjamin@example.org,+56 41 263 9859,Quilleco,2021-12-21
4258,Adrián Lizana,marcosgamboa@example.com,+56 600 546 673,Antártica,2022-03-28
4259,Génesis Urra,antonellaramirez@example.net,+56 9 7465 5431,San Fabián,2022-08-21
4260,María Dafne Miranda Oñate,paola37@example.com,+56 2 3186 6724,Coquimbo,2021-08-16
4261,Natalia Constanza Flores Peña,gonzalezceferino@example.org,+56 600 274 988,San Felipe,2024-03-31
4262,Lucila Yocelyn Fuentes Sanhueza,rfaundez@example.org,+56 2 2209 4756,Sierra Gorda,2024-04-24
4263,Gabriel Díaz,ceciliaguerra@example.org,+56 9 9130 1536,Chimbarongo,2023-09-05
4264,Elsa Mirna Fuentes Miranda,mdiaz@example.org,+56 45 261 7972,San Felipe,2025-05-03
4265,Rebeca Vera,mhernandez@example.org,+56 44 365 2585,Providencia,2021-12-07
4266,Facundo Nicolás Ramírez Carvajal,xcampos@example.org,+56 9 9401 1353,Rinconada,2022-01-25
4267,Anna Rojas,hidalgoclaudio@example.org,+56 35 287 6106,Cauquenes,2022-05-11
4268,Julieta Mirta Moya González,elbavejar@example.org,+56 53 224 9797,Temuco,2025-06-07
4269,Gladys Quiroz Piña,mariasaavedra@example.com,+56 32 331 1411,Rengo,2023-12-08
4270,Emmanuel Gustavo Oyarzún Valenzuela,gcordova@example.org,+56 2 3340 0856,Renca,2022-02-07
4271,Leonardo Cortez García,josefa86@example.org,+56 43 298 2797,Primavera,2026-05-07
4272,Eduardo Arias Ruiz,benito15@example.org,+56 600 416 613,Cerro Navia,2024-07-18
4273,Emma Carvajal,nosorio@example.org,+56 600 663 243,Chile Chico,2021-06-15
4274,Carolina Margarita Campos Jaramillo,rodrigo98@example.com,+56 2 2924 3881,Coquimbo,2022-02-03
4275,Mia Herrera,tobarluis@example.org,+56 32 220 5588,Chillán Viejo,2023-10-21
4276,Francisca Alondra Azócar Palacios,claudio02@example.com,+56 9 7685 0458,Quilleco,2024-10-23
4277,Karina Adriana Cisterna Quispe,menesesramon@example.com,+56 51 214 0992,Sierra Gorda,2025-02-16
4278,Máximo Lukas Sánchez-Castillo Álvarez,ichacon@example.net,+56 9 7119 5743,Galvarino,2023-07-12
4279,Karina María Leiva Montoya,flor82@example.net,+56 67 329 6260,Quilpué,2021-12-06
4280,Claudia Anaís Castillo Villarroel,carmen46@example.org,+56 75 286 9598,Hualqui,2025-09-13
4281,Luis Millán,agurtocarlos@example.org,+56 9 3116 6655,Santa Bárbara,2024-01-17
4282,Francisco Ramiro Saldivia Albornoz,nunezcamila@example.org,+56 9 4160 5990,La Cruz,2021-06-10
4283,Benjamín Luis Parra González,marco73@example.com,+56 9 5974 5686,Quinta de Tilcoco,2024-04-20
4284,María Meneses Guerrero,gabriela87@example.org,+56 2 2885 7708,Molina,2024-02-03
4285,Silvia Osorio,jmondaca@example.org,+56 9 3843 2381,Río Claro,2023-11-22
4286,Arturo Bryan Parra Gutiérrez,mauro09@example.com,+56 600 372 219,Rancagua,2021-12-19
4287,Inés Román,vhernandez@example.net,+56 9 9633 5660,Lampa,2023-01-24
4288,Mercedes Macarena Ruiz Bravo,torresmilena@example.org,+56 52 232 3075,Pedro Aguirre Cerda,2025-11-29
4289,Franklin Gómez Mondaca,wmendoza@example.com,+56 9 6620 1925,San Nicolás,2023-07-01
4290,Víctor Sepúlveda-Meneses,saravenegas@example.net,+56 2 3662 9229,Vallenar,2026-02-01
4291,María Peralta-Avendaño Ahumada,juan96@example.net,+56 53 347 4008,Ercilla,2021-07-12
4292,Magdalena Álvarez Guerrero,alexis74@example.net,+56 2 2653 1003,Maullín,2022-09-21
4293,Ángel Castro Lara,enrique12@example.org,+56 32 311 3085,Combarbalá,2025-03-15
4294,Orlando Jimmy Valderrama Pérez,montenegrocarlos@example.net,+56 2 2598 8383,Colchane,2022-08-24
4295,Constanza Patricia Hernández Quezada,pablosepulveda@example.net,+56 2 2561 4666,Ancud,2022-06-10
4296,Reinaldo Matías Espinoza Pérez,johann96@example.com,+56 2 3824 2339,Ñiquén,2024-01-08
4297,María Javiera Garrido Parra,gajardojose@example.net,+56 9 3611 9846,Santa Cruz,2025-04-28
4298,Francisco Jesús Contreras Pincheira,osvaldo80@example.com,+56 35 367 4827,Placilla,2021-08-07
4299,Gloria Ortega-Solís,lobosjuan@example.com,+56 2 3596 3295,Loncoche,2023-02-20
4300,Krishna Sandra Quiroz Díaz,zramos@example.com,+56 43 372 7835,Malloa,2022-05-26
4301,Patricia Reyes Aguirre,claragonzalez@example.net,+56 58 240 9922,Punitaqui,2022-08-31
4302,Rafael Sanhueza,ilopez@example.net,+56 2 2926 2276,Castro,2025-02-15
4303,Emiliano Dante Rojas Torres,rodriguezgraciela@example.com,+56 73 321 7508,Pitrufquén,2023-11-25
4304,Francisco Aguilera,galazemily@example.com,+56 65 250 6402,Colina,2023-06-21
4305,María Ulloa,leslie44@example.net,+56 73 261 5748,Cerrillos,2021-12-06
4306,Omar Pérez Riquelme,miriammeza@example.org,+56 9 3179 6474,San Rafael,2021-12-05
4307,Fernanda Araya Fuentes,pizarroborja@example.org,+56 600 504 626,Curicó,2021-06-12
4308,Jaime Gabriel Sepúlveda García,osantibanez@example.com,+56 800 472 422,San Clemente,2025-02-13
4309,Beatriz Alejandra Alfaro Carrasco,marionavarrete@example.net,+56 2 3231 4749,Frutillar,2025-10-17
4310,Silvia Hernández Contreras,xmansilla@example.com,+56 600 270 981,San Antonio,2024-07-13
4311,Tulio Ortiz Carvajal,manueldiaz@example.org,+56 63 240 0783,Villa Alegre,2022-07-19
4312,Lucy Paula San Martín Allendes,cortesvanesa@example.net,+56 9 4959 6349,Collipulli,2022-05-03
4313,Marisol Muñoz Herrera,maria78@example.com,+56 2 3888 5938,Lolol,2021-09-01
4314,Salvador Ignacio Pacheco Solar,luis32@example.com,+56 42 381 9637,Llanquihue,2025-07-08
4315,Raúl Huerta,anasilva@example.net,+56 63 349 9663,Puyehue,2023-10-07
4316,Sandra Emilia Ferreira Velásquez,gerardoparra@example.net,+56 63 378 9089,Arauco,2024-11-02
4317,Camila Leiva,henriquezpaola@example.net,+56 45 312 5554,Cerro Navia,2024-04-06
4318,Norma Javiera Pérez Cárdenas,marta81@example.net,+56 9 4379 2800,Ñiquén,2022-11-29
4319,María Consuelo Cares Manríquez,mcontreras@example.com,+56 9 9458 0071,San Pablo,2025-06-18
4320,Oscar Luis Fernández Cortés,julianalbornoz@example.com,+56 2 3849 4160,Collipulli,2022-05-14
4321,Marianela Godoy Melo,flavia90@example.net,+56 2 3527 5445,Petorca,2021-11-03
4322,Marianela Vilches,hahumada@example.net,+56 600 846 915,Tortel,2021-06-02
4323,María Camila Acuña Silva,fernandajara@example.com,+56 58 388 3968,Máfil,2024-01-17
4324,María Cid Carreño,garciaelena@example.net,+56 58 271 1965,Galvarino,2025-07-30
4325,Verónica Florencia Rocha Flores,diegoflores@example.net,+56 55 336 4042,Codegua,2024-06-29
4326,Marcela Pacheco Orellana,erick32@example.net,+56 2 3946 4592,Osorno,2022-05-16
4327,Orlando Cuevas,mauricio32@example.com,+56 600 472 383,Cobquecura,2022-05-22
4328,Matteo Vargas Cisternas,carrascoangelo@example.com,+56 55 231 8137,Talca,2023-06-05
4329,Hilda Rojas Sepúlveda,cguzman@example.net,+56 9 7543 5886,Loncoche,2025-06-12
4330,Constanza Loreto Varela Garrido,maria00@example.com,+56 51 390 1589,Teno,2025-09-02
4331,Gaspar Segundo Gallardo Contreras,palmajose@example.net,+56 2 3464 9274,Sagrada Familia,2024-09-30
4332,María Diana Carreño Navarro,marta85@example.com,+56 45 385 3884,Ancud,2022-04-09
4333,Bernardita Carolina Avendaño Pereira,fperez@example.com,+56 9 9777 7303,Angol,2022-08-30
4334,Nelson Miguel Quezada Peña,marisol13@example.net,+56 72 347 2455,El Quisco,2024-06-05
4335,Nora María Fuentes Morales,rubyromero@example.com,+56 2 3286 5668,Quillón,2025-03-29
4336,Camila Olivares,ceciliacabello@example.net,+56 2 2452 0453,Malloa,2023-02-18
4337,Matías Arriagada Sandoval,magdalenaalarcon@example.org,+56 45 216 2472,Laja,2021-11-01
4338,Juan Aguilera,arojas@example.org,+56 600 455 154,San Pedro,2024-07-24
4339,Patricia Rosalía Alarcón Mancilla,orfelina22@example.org,+56 2 2585 8472,Carahue,2023-03-03
4340,Emilia María Aravena Parra,conchabianca@example.org,+56 42 259 3571,Lolol,2021-06-07
4341,Christian Cristian Vargas Molina,maira39@example.com,+56 2 3444 7869,Galvarino,2025-09-19
4342,Pedro Christopher Chávez Ponce,marianunez@example.com,+56 2 3358 6580,Primavera,2024-05-28
4343,Mateo González Bernal,javier21@example.org,+56 9 5792 7703,Mostazal,2022-10-27
4344,Alicia Muñoz Núñez,cristian58@example.com,+56 9 4455 4936,Arica,2026-04-24
4345,Emilio Lillo,madariagaalonso@example.com,+56 64 377 4182,Puqueldón,2026-01-08
4346,Mauricio Carlos Bustos Caballero,urbinajulio@example.org,+56 2 2397 9705,Catemu,2025-10-01
4347,Pedro Rocha,aburtomaria@example.org,+56 600 593 510,Santiago,2023-06-20
4348,Elías José Bravo Escobar,cristobaltapia@example.org,+56 42 399 5470,Chillán Viejo,2025-12-11
4349,Rosa María Brito Mora,dzapata@example.com,+56 600 817 324,San Rafael,2025-03-01
4350,Tomás José Cabrera Maureira,fcarrillo@example.com,+56 2 2396 4780,Huara,2026-03-21
4351,Bastián González Mondaca,juanpavez@example.net,+56 41 369 9232,El Quisco,2022-02-22
4352,Rosa Rojas Hernández,camilovergara@example.org,+56 44 374 1817,Copiapó,2025-06-07
4353,Fabiola Carrasco,aguilarsofia@example.org,+56 9 3810 4330,Primavera,2025-10-30
4354,Lidia Varas Álvarez,rodrigo64@example.com,+56 51 252 1877,Ovalle,2021-07-02
4355,Ramón Briceño,javier33@example.com,+56 9 4428 0770,Aisén,2025-04-25
4356,Matías Sánchez Guzmán,dandrade@example.com,+56 2 2542 4374,General Lagos,2022-06-29
4357,Evelyn Pinto,jorge37@example.com,+56 9 5663 9859,Ollagüe,2022-04-30
4358,Amaro Cabrera Lorca,allendesjonathan@example.org,+56 2 3910 2702,Pemuco,2026-02-08
4359,Samuel Escobar Parada,duranelizabeth@example.net,+56 2 3501 6931,Cañete,2025-03-23
4360,Máximo Eduardo Castro Navarro,hurtadoemma@example.org,+56 32 313 3217,Antofagasta,2023-10-04
4361,Moisés Córdova Varas,bguzman@example.org,+56 2 3777 1879,Padre Las Casas,2023-09-27
4362,María Catalina Gallegos Arredondo,kzambrano@example.com,+56 2 3578 3730,Nogales,2025-01-16
4363,Victoria Marín Fuenzalida,elianaaedo@example.org,+56 71 335 4432,Chaitén,2022-06-17
4364,Matheo Saavedra Díaz,jenifferescobar@example.org,+56 2 3606 6020,Collipulli,2022-06-23
4365,José Jesús Soto Hernández,carlos57@example.net,+56 2 2211 0897,Lumaco,2022-04-13
4366,Luis Henry González Canales,vortiz@example.com,+56 72 255 9213,Curaco de Vélez,2023-11-06
4367,Victoria Marianela Burgos Vega,pedro38@example.com,+56 2 2118 3625,Buin,2022-11-04
4368,Alexia Peña Acevedo,zdelgado@example.com,+56 800 394 500,Porvenir,2023-09-16
4369,Sonia Erika Pérez Alarcón,felipe10@example.com,+56 2 2116 5228,Diego de Almagro,2022-10-10
4370,Santiago Benjamín Urbina Guerra,arturo77@example.org,+56 45 226 2318,Coihueco,2025-04-15
4371,Maximiliano Ignacio Chamorro Carvajal,zperez@example.com,+56 2 3982 7620,Purranque,2025-12-14
4372,Isabella Agustina Delgado-Cifuentes Faúndez,maria39@example.com,+56 2 3212 5229,Chiguayante,2025-08-26
4373,Enriqueta Pérez,agustina63@example.com,+56 42 336 7464,Calbuco,2025-08-25
4374,Isidora Sofía Sepúlveda Ruiz,raranda@example.com,+56 2 3532 8447,Guaitecas,2022-11-13
4375,Lucas Luis Vidal Araneda,zcarrasco@example.net,+56 53 256 1006,Penco,2022-11-13
4376,Lucía Rosa Vera Carreño,nicoleabarca@example.net,+56 2 2817 8015,Penco,2023-04-03
4377,Colomba Julieta Campos Díaz,camila57@example.org,+56 73 251 8335,Macul,2025-09-09
4378,Cristian Marcelo Toledo Fuentes,martin98@example.net,+56 2 2414 7447,Nacimiento,2022-11-17
4379,Enrique Humberto Jorquera Arias,mariamartinez@example.net,+56 75 230 8509,Constitución,2024-03-15
4380,Claudia Gabriela Oñate Sepúlveda,uortiz@example.com,+56 2 3880 6744,Chile Chico,2023-04-15
4381,Mauricio Patrick López Román,smolina@example.net,+56 800 198 212,Casablanca,2022-01-10
4382,Eliana Muñoz Cárdenas,wvalenzuela@example.net,+56 72 299 7767,Lo Espejo,2021-05-27
4383,Luis Mardones Molina,vivianaaguayo@example.org,+56 2 2841 7991,Navidad,2024-11-06
4384,Patricia Isabel Yáñez Gálvez,valdiviapamela@example.org,+56 9 4378 1443,Copiapó,2023-01-15
4385,María Ana Marchant Carrasco,doralisa10@example.com,+56 32 240 9127,Lo Prado,2021-10-17
4386,Jorge Gutiérrez Leiva,morapablo@example.org,+56 800 583 595,Puente Alto,2023-02-18
4387,Matías Vásquez,juancalderon@example.org,+56 64 248 1662,Huechuraba,2023-05-23
4388,Alonso Daniel Rojas Mella,martin78@example.org,+56 2 3450 6811,El Bosque,2024-01-11
4389,Bruno Tapia Fernández,vreyes@example.org,+56 9 7484 2690,Corral,2022-04-14
4390,María Abigail Navarrete Olivares,karlacastro@example.com,+56 2 3668 2871,Melipilla,2022-02-20
4391,Anastasia María Muñoz Ávila,rnaranjo@example.net,+56 2 3165 4529,Ollagüe,2025-10-20
4392,Stefano Vargas,poncejose@example.com,+56 67 289 1279,Ñiquén,2022-10-01
4393,Nancy Allison Romero Rubilar,zriquelme@example.net,+56 34 344 6016,Combarbalá,2022-12-13
4394,Sonia Elizabeth González Flores,denisseherrera@example.com,+56 2 2353 1480,Cabildo,2022-01-24
4395,Osvaldo Antonio Muñoz Galaz,domingoalarcon@example.org,+56 800 777 513,Curicó,2021-07-23
4396,Jorge Rogelio Castillo Vásquez,iramos@example.com,+56 2 2945 6712,Combarbalá,2021-10-31
4397,Javiera Inostroza,sandovalpamela@example.com,+56 2 3151 1628,Saavedra,2021-07-22
4398,Juan Carlos Fernández Roa,munozignacio@example.com,+56 2 3941 0698,San Clemente,2023-08-03
4399,Natalia Carolina Álvarez Droguett,nicole36@example.com,+56 53 317 8715,Punta Arenas,2022-01-04
4400,Simón Juan Quezada Valdés,tania20@example.org,+56 2 3216 5665,Río Ibáñez,2025-07-01
4401,Julia María Vargas Pavez,soniasoto@example.org,+56 67 359 7911,Santa María,2025-11-10
4402,Isidora Marcela Muñoz Muñoz,christian18@example.net,+56 9 3680 5202,Panquehue,2022-01-21
4403,Alejandra Espinoza Aravena,mariapasten@example.com,+56 71 348 9640,El Tabo,2022-01-06
4404,Miguel Oliver Soto Gallardo,jorgeoyarzun@example.net,+56 2 2710 3235,Puente Alto,2026-01-30
4405,Felipe Vásquez Belmar,cflores@example.net,+56 9 2309 1113,Diego de Almagro,2021-07-20
4406,Teresita Agustina Peña Roa,filomenazuniga@example.com,+56 32 235 2361,Natales,2022-02-12
4407,Jaime Santiago Fernández Retamal,aguilaralonso@example.org,+56 2 2386 3290,Cerro Navia,2024-12-03
4408,Mirko Ricardo Sanhueza Carmona,quezadaclaudia@example.net,+56 42 356 2090,Alhué,2024-08-24
4409,Bernardo Valenzuela Bahamondes,dylan37@example.org,+56 2 3738 6542,Talagante,2023-02-18
4410,Sonia Romina Muñoz González,adrian74@example.com,+56 33 225 5323,Pelluhue,2023-01-05
4411,Valeria Ana Rojas Cifuentes,mlobos@example.com,+56 34 274 0890,Quillón,2026-01-10
4412,Pedro San Martín,tfuentealba@example.net,+56 2 3303 0198,Quillón,2024-09-14
4413,Clementina María Carrillo Moreno,aguileraisidora@example.net,+56 9 7251 8114,Olivar,2021-12-12
4414,Gabriela Gómez,alfarodina@example.net,+56 2 3588 1977,Machalí,2024-09-25
4415,Andrés Rosales,maritzaaranguiz@example.net,+56 9 4962 4546,Chile Chico,2023-03-14
4416,Camila Gaete Yáñez,sandra85@example.com,+56 9 7735 9295,La Florida,2024-07-14
4417,Diego Alarcón Madrid,ismaelbernal@example.com,+56 57 223 2846,Tiltil,2025-04-21
4418,Claudio Albino Toledo Rojas,bustamantefelipe@example.org,+56 2 3147 8488,Cholchol,2021-09-25
4419,Jhon Martín Sepúlveda Sepúlveda,pedro73@example.com,+56 9 3605 8794,Maule,2021-07-22
4420,Joaquín Álvaro Sandoval Rojas,luismunoz@example.org,+56 2 2831 2107,Casablanca,2023-05-18
4421,Erika Carolina Llanos González,cerdaalicia@example.org,+56 64 363 2913,Nueva Imperial,2024-02-11
4422,Paula Elizabeth Iturra Mellado,haliaga@example.com,+56 72 396 0871,Yumbel,2021-10-31
4423,Ricardo Espinosa,anahernandez@example.net,+56 45 340 7285,Rauco,2022-08-01
4424,Beatriz Flores,constanzasanchez@example.net,+56 75 342 3609,Curarrehue,2024-10-11
4425,Erika Alarcón,constanza57@example.org,+56 9 7299 9133,Padre Las Casas,2021-12-08
4426,Máximo Jorge Muñoz González,miguelurbina@example.com,+56 2 2971 4563,Antuco,2024-02-23
4427,Víctor Marcelo Marín García,fmarambio@example.com,+56 51 241 4683,Panguipulli,2021-09-27
4428,Humberto Varas,badillaclara@example.org,+56 32 240 0924,Viña del Mar,2022-04-05
4429,Martina Nilda Palma Montecinos,maria01@example.com,+56 2 3955 2118,Caldera,2023-01-20
4430,Camila Yanira Flores Arriagada,jorgeponce@example.org,+56 600 757 314,Putre,2021-12-08
4431,Nancy Altamirano Díaz,ignaciacartes@example.com,+56 65 397 7640,Quilleco,2025-09-27
4432,José Jaime Vargas Ibarra,carmenguzman@example.com,+56 600 164 259,Cabo de Hornos,2024-10-05
4433,Lía Aguilera-Jaramillo Escobar,domingo63@example.net,+56 42 338 9553,San Miguel,2026-04-20
4434,Hugo Javier Vera Lizama,eduardo53@example.com,+56 600 637 396,Malloa,2025-05-17
4435,Dilan Mamani Rivera,iriquelme@example.com,+56 2 3378 0993,Paillaco,2023-08-11
4436,Alex Juan Aguilera Vargas,rodriguezpaul@example.org,+56 2 3712 1706,Ñiquén,2024-03-21
4437,Rose Huerta Vega,jose80@example.org,+56 9 6905 4543,Villarrica,2025-02-12
4438,Angélica América Estay Villanueva,juana73@example.net,+56 800 683 042,Futaleufú,2025-07-08
4439,Luciano Enrique Fuentes Guzmán,hans50@example.org,+56 9 4354 2850,Gorbea,2022-01-05
4440,Paulina Pérez,dvillar@example.org,+56 75 278 3439,Arauco,2024-04-15
4441,Juan Mardones,qvenegas@example.org,+56 600 491 267,Maullín,2025-10-30
4442,Carol Rosa Parra Cabrera,yolandagalaz@example.net,+56 63 270 9795,Lota,2021-06-27
4443,Esteban Riffo Fernández,utroncoso@example.net,+56 2 2417 3232,Puerto Octay,2026-04-10
4444,Laura Scarlett López Toledo,diazjuan@example.org,+56 9 7223 3964,San Fabián,2024-07-02
4445,Fabiola Noemí Cabrera Páez,matias86@example.org,+56 800 381 833,Puqueldón,2022-11-20
4446,Erika Tobar Peña,eduardo44@example.org,+56 53 234 0048,Padre Hurtado,2021-06-24
4447,Olga Flores,ftorres@example.org,+56 9 3614 5934,Tocopilla,2022-05-18
4448,Victoria Marisa Vicencio Aliaga,moyagladys@example.org,+56 61 349 7340,Talagante,2021-11-12
4449,Camila Ortiz Ramírez,maria32@example.com,+56 9 6968 6874,Villarrica,2022-06-15
4450,Marcos Roa Pereira,nicolas52@example.net,+56 2 2844 2762,Coquimbo,2025-11-27
4451,Felipe Emilio Castillo García,qperez@example.net,+56 800 824 590,Olmué,2022-12-25
4452,Nathalie Noemí Arenas Pacheco,wmansilla@example.net,+56 2 3826 7793,Quilaco,2024-03-26
4453,Pascal González Figueroa,yolanda11@example.org,+56 73 371 7204,San Javier,2026-04-28
4454,Alexis Meneses Reyes,valderramarosa@example.net,+56 2 3961 1112,Torres del Paine,2025-09-19
4455,Beatriz Constanza Muñoz Fernández,alexandra90@example.com,+56 65 237 3028,Porvenir,2025-09-15
4456,Bastián Marcelo Vergara Hidalgo,sreyes@example.org,+56 2 2434 5148,Providencia,2023-08-13
4457,Pablo Figueroa Galleguillos,gonzalezmarcelo@example.net,+56 600 579 893,Mariquina,2022-06-04
4458,Víctor Antonio Medina Fernández,pmarin@example.net,+56 71 317 4027,Cochrane,2023-01-04
4459,Segundo Juan Rocha Castro,castrojaviera@example.com,+56 2 3306 3368,Quilpué,2022-03-17
4460,Rodrigo Luciano Ruiz Berríos,mariaescalona@example.org,+56 2 2939 0115,Cañete,2021-10-04
4461,Luis Hugo Ortiz Olave,juanmamani@example.org,+56 9 7810 8001,Castro,2025-01-11
4462,María Aguilar Garrido,jimenezmilena@example.net,+56 800 675 697,Linares,2025-06-06
4463,Nelly González Ojeda,vicentevenegas@example.net,+56 2 2812 3115,Curicó,2024-04-18
4464,Gonzalo Olivares Moreno,ines08@example.org,+56 600 520 152,San Vicente,2025-07-23
4465,Yessica Véliz,contrerasmireya@example.org,+56 64 292 6597,Rancagua,2023-05-14
4466,Samuel Villalobos Riveros,santibanezgabriel@example.com,+56 63 280 2197,Loncoche,2021-06-24
4467,Carmen Paulina Araya Martínez,silvanasanchez@example.com,+56 2 2772 8796,Tortel,2024-03-23
4468,Maite Arredondo,spincheira@example.org,+56 2 2585 6673,Quinta Normal,2022-06-08
4469,José Mellado,juanalarcon@example.com,+56 9 4250 1416,Santa Juana,2024-11-01
4470,Patricia Consuelo Rodríguez Aburto,wortiz@example.net,+56 52 360 9881,Gorbea,2026-03-19
4471,Víctor González,juanurra@example.net,+56 2 3893 8617,Huasco,2021-09-03
4472,Manuel Paredes,gisela49@example.com,+56 600 773 201,Quintero,2023-05-21
4473,Kiara Mellado Castro,arodriguez@example.org,+56 2 3776 7966,Puerto Varas,2022-08-23
4474,Jorge Rodrigo Vergara Carrasco,gdiaz@example.net,+56 9 8509 4388,San José de Maipo,2025-09-10
4475,Juan Julián Salazar Santander,izapata@example.net,+56 2 3347 4806,La Granja,2024-06-22
4476,Luis Guillermo Rojas León,omarquispe@example.com,+56 2 3687 0166,Curarrehue,2026-01-03
4477,Cristian Fernando Pinto Silva,drojas@example.com,+56 2 2561 5563,Catemu,2021-09-06
4478,Luis Ruiz,nelsonaraya@example.com,+56 2 2591 2561,Requínoa,2022-02-11
4479,Elena Karla Álvarez Candia,claudiaarenas@example.org,+56 9 3682 5391,Cartagena,2024-09-22
4480,Blanca Clara Farías Romero,lacevedo@example.net,+56 2 2440 9903,Los Ángeles,2022-10-23
4481,Blanca Valdés,mirnaherrera@example.com,+56 45 326 6804,Huasco,2024-06-25
4482,Víctor Matthew Rojas Reyes,sramirez@example.com,+56 42 284 9685,Renca,2022-11-29
4483,Valentina Mia Oliva Leyton,julio54@example.org,+56 2 3471 4110,Ránquil,2024-09-30
4484,Vicente Águila Torres,cbarraza@example.org,+56 2 3142 9465,La Ligua,2022-11-14
4485,León Arias Medina,valentinamaldonado@example.net,+56 2 3950 7046,Putaendo,2022-06-10
4486,Maximiliano Toledo,jean53@example.net,+56 600 608 885,Calera,2021-07-12
4487,Guillermo Benjamín Herrera Díaz,marta52@example.com,+56 800 888 218,Pucón,2022-11-16
4488,José Eric Pérez Aedo,wcollao@example.net,+56 67 271 1170,Doñihue,2026-03-22
4489,Luis Roberto Muñoz Quispe,domingo85@example.net,+56 2 2500 6883,Cochamó,2025-11-19
4490,Josué Carlos Veas Cruces,esan-martin@example.org,+56 64 318 8533,Talcahuano,2025-07-25
4491,Digna Zúñiga Henríquez,ccalderon@example.org,+56 41 289 7932,Sierra Gorda,2024-08-02
4492,Pedro Badilla,slagos@example.org,+56 2 3528 1249,Chimbarongo,2025-12-05
4493,Elizabeth Dominga Villarroel Herrera,vmunoz@example.net,+56 2 3372 8684,San Ramón,2023-03-23
4494,Marco Araneda Pino,moralesdoralisa@example.com,+56 2 2686 7797,Coinco,2023-01-26
4495,Margot Rita Escobar Agüero,silvacristian@example.com,+56 63 222 8811,Casablanca,2023-05-24
4496,Karin Espinoza Miranda,joaquinjimenez@example.org,+56 2 3134 6977,Nogales,2024-11-18
4497,Delia María Muñoz Pinto,jose14@example.net,+56 2 2676 6433,Mulchén,2023-11-27
4498,Eduardo Bórquez,francisca42@example.org,+56 2 2982 4876,Bulnes,2023-01-19
4499,Camila Nancy Cofré Moreno,jennymunoz@example.net,+56 600 358 604,Ercilla,2024-04-24
4500,Mauricio Rosales,velosoalejandrina@example.com,+56 73 221 0983,Quellón,2021-10-26
4501,Javiera Urzúa-Flores,jimenezcarolina@example.com,+56 2 3356 7251,Putaendo,2025-06-08
4502,Francisco Jara,lirajoshua@example.com,+56 43 347 7825,Freire,2023-04-28
4503,Camilo Juan Uribe Martínez,cortesana@example.org,+56 2 2765 9998,Maipú,2022-11-02
4504,Marta Bustos Astorga,mflores@example.net,+56 9 6539 9296,Copiapó,2022-11-28
4505,José Leonardo Palacios Bustos,suazoclemente@example.org,+56 800 171 595,Sagrada Familia,2023-10-01
4506,Gaspar Jesús Guerrero Chacón,qbahamondes@example.net,+56 55 382 7453,Dalcahue,2026-02-19
4507,Joaquín Alexis Villagra Soto,orlando98@example.net,+56 35 398 5475,San Vicente,2023-11-16
4508,Soledad Susan Mella Montenegro,jaimeahumada@example.net,+56 67 278 5180,Requínoa,2021-05-14
4509,Florinda Nicol Alvarado Meléndez,nunezluisa@example.net,+56 2 3667 4908,Viña del Mar,2023-03-16
4510,José Rodrigo Bórquez Aguilera,juanmunoz@example.net,+56 9 8955 1554,Primavera,2025-11-04
4511,Ximena Marina Vásquez Mena,mcalderon@example.com,+56 67 229 1999,Calbuco,2024-06-21
4512,Mauricio Delgado,diegomeza@example.com,+56 2 2158 0704,Olmué,2024-05-22
4513,Luis Celso Cerda Torres,matiasrojas@example.org,+56 42 310 5750,Yungay,2022-01-17
4514,Benjamín José Vidal-Morales Donoso,kevin57@example.net,+56 32 254 0715,San Pedro de Atacama,2022-10-13
4515,Jaime Quiroz Barrera,luz21@example.com,+56 2 2268 0404,San Felipe,2024-04-06
4516,Margarita Donoso Cisterna,salazarcarolina@example.org,+56 600 568 850,Peñalolén,2022-09-13
4517,Ana Javiera Cárcamo Quintana,ssalas@example.org,+56 64 276 4657,San Gregorio,2026-01-22
4518,Victoria Espinoza Acevedo,alarconjuan@example.com,+56 2 3558 1444,Tortel,2022-02-09
4519,Bernardita Johanna Ávalos Burgos,lagosjose@example.com,+56 2 2916 5799,Melipilla,2024-10-06
4520,Carmen Urzúa Martínez,uagurto@example.net,+56 2 2425 8872,Quinta de Tilcoco,2021-11-01
4521,Isidro Carrasco,mariogutierrez@example.com,+56 2 3411 6841,Quemchi,2022-12-18
4522,Patricia Donoso,juanaaravena@example.org,+56 53 297 9329,Santa Bárbara,2026-01-15
4523,Miguel Figueroa Román,cristina50@example.com,+56 600 490 933,Parral,2026-05-08
4524,Paula Angélica Veas Corvalán,vilchesisabel@example.net,+56 9 4285 6439,Casablanca,2026-02-10
4525,Guillermo Silva Tapia,abelvergara@example.com,+56 2 3876 8450,Yumbel,2022-05-18
4526,Victorino Silva,rmoreno@example.net,+56 2 2266 0146,Pucón,2025-07-01
4527,Jorge Rojas,spavez@example.net,+56 800 797 869,Mostazal,2024-07-09
4528,Helen Kiara Collao Riveros,marcela47@example.net,+56 2 2503 4121,Romeral,2023-11-21
4529,Celia Florencia Bravo Briones,munozramon@example.net,+56 35 210 6452,Tucapel,2022-10-26
4530,Brayan Núñez Muñoz,barriamarco@example.net,+56 57 277 3823,Tomé,2022-09-22
4531,Luz Carolina Gómez Sepúlveda,ggallardo@example.org,+56 600 501 175,Maule,2024-07-21
4532,Sebastián Pizarro,segueldaniela@example.com,+56 2 2339 3668,Sierra Gorda,2023-01-21
4533,Sofía Silva Ruiz,rpavez@example.org,+56 2 3990 3176,Villarrica,2025-02-03
4534,Marco Acuña Ahumada,ortizpatricia@example.net,+56 9 6563 3853,Dalcahue,2024-08-20
4535,Lorenza Muñoz Ramírez,washington50@example.net,+56 2 3168 2326,Quellón,2024-08-26
4536,Miriam Cuevas Venegas,maria86@example.org,+56 45 257 5477,Ercilla,2021-12-31
4537,Joaquín Ramón Calderón Espinoza,ceciliasoto@example.org,+56 2 2736 4264,Coihaique,2021-06-30
4538,Luis Ponce Piña,uparada@example.com,+56 42 333 2837,Lampa,2021-07-25
4539,Carlos Isaac Cofré Merino,macarenaramirez@example.net,+56 2 2221 0064,La Cisterna,2023-07-16
4540,Rosa Julia Fuentes Ávalos,alicialeal@example.com,+56 800 835 042,Camiña,2023-05-21
4541,José Alessandro Garrido Jara,figueroafelipe@example.net,+56 35 297 2348,Vallenar,2023-07-03
4542,Rosario Mayra Marín Fuentes,marchantclaudia@example.com,+56 72 288 9302,Romeral,2025-12-21
4543,Matías Jorge Ortiz Inzunza,jazminreyes@example.org,+56 2 3379 2976,General Lagos,2025-06-13
4544,María Iris Soto Osorio,qsaavedra@example.net,+56 9 4675 9138,Peñaflor,2024-01-12
4545,Luis Aguilar Núñez,bsilva@example.org,+56 72 353 1356,Curarrehue,2025-03-26
4546,Helena Maturana,bvenegas@example.org,+56 9 5521 5848,Camarones,2025-12-02
4547,Alejandro Olivares Venegas,emilia20@example.com,+56 2 2562 1545,Antártica,2022-11-26
4548,Francisco Quiroz-Osorio,maximomunoz@example.org,+56 34 328 2385,Tucapel,2025-11-01
4549,Emilia Javiera Barrientos Álvarez,dcarreno@example.net,+56 2 3924 2393,Treguaco,2025-01-28
4550,Heriberto Ramírez,projas@example.net,+56 2 2138 5422,Curaco de Vélez,2025-08-08
4551,Pascal Constanza Ramírez Saavedra,jorquerareinaldo@example.net,+56 600 102 543,Yungay,2026-03-09
4552,Juan Álvarez Orellana,ssanhueza@example.net,+56 44 253 4962,Chiguayante,2025-03-05
4553,Valentina Matilde Díaz Pacheco,javiera89@example.com,+56 9 4993 3178,Concón,2025-02-19
4554,Francisco Zapata Aravena,ruben15@example.org,+56 600 763 235,Hualañé,2023-05-27
4555,Matías Zamora,josefina03@example.com,+56 2 3169 2835,Tocopilla,2024-10-12
4556,Magdalena Contreras,claudiaguzman@example.com,+56 72 299 2554,Santa Bárbara,2022-05-22
4557,Sofía Guillermina Méndez González,jose37@example.net,+56 2 3812 9145,Río Ibáñez,2026-03-13
4558,Ignacio Zambrano,isidora38@example.org,+56 2 2112 3835,Lonquimay,2022-03-31
4559,Antonia Pinto,carlosmardones@example.com,+56 2 3956 2015,Isla de Maipo,2025-02-26
4560,Amparo Herminia Ibáñez Farías,nancy48@example.com,+56 34 387 5571,Putre,2024-02-29
4561,Virginia González,rodriguezandrea@example.com,+56 800 794 561,Temuco,2025-11-05
4562,María González Romero,gabriel00@example.com,+56 73 266 7604,Freirina,2021-07-22
4563,Jorge Roberto Reyes Quezada,hramirez@example.org,+56 2 2267 4631,Santiago,2023-07-20
4564,Florencia Gricelda Contreras Cruz,uborquez@example.com,+56 53 311 9701,San Fabián,2024-02-23
4565,Vanessa Arredondo,jaimereyes@example.net,+56 2 3810 3495,Chépica,2025-05-25
4566,Sergio Díaz Valdivia,marcela22@example.com,+56 2 2305 9640,Licantén,2023-12-06
4567,Eva Michelle Cornejo Zúñiga,rojasisidora@example.org,+56 43 234 0777,Teodoro Schmidt,2025-06-27
4568,Rolando Maximiliano Seguel Tapia,nquezada@example.net,+56 800 835 050,Panquehue,2021-08-19
4569,Flor Paredes Garrido,lchavez@example.net,+56 2 3385 5738,Lago Ranco,2024-05-07
4570,Adriana Ramos,ingridcortes@example.com,+56 2 2854 8206,Paillaco,2024-08-13
4571,Antonella Rosa Castañeda Romero,irisrios@example.net,+56 42 289 3656,Cerro Navia,2024-03-24
4572,Carla Elba Ramírez González,verarodrigo@example.com,+56 32 349 9580,Chile Chico,2025-10-08
4573,Iris Vásquez,macarena85@example.com,+56 9 8694 7995,Navidad,2024-09-23
4574,Vicente Thiago Cárdenas Celis,smunoz@example.com,+56 9 8885 4203,Quemchi,2025-12-17
4575,Constanza Muñoz Vergara,marinasanchez@example.com,+56 32 280 6656,Paillaco,2026-02-09
4576,Juan Joaquín Gómez Acevedo,dalvarez@example.com,+56 9 2119 7469,El Carmen,2023-09-21
4577,Víctor Esteban Villa Berríos,yde-la-fuente@example.org,+56 2 3165 9562,El Tabo,2022-09-24
4578,Juan Eric Vera Morales,bneira@example.org,+56 51 366 4516,Futrono,2022-07-22
4579,José Araya,patriciogodoy@example.com,+56 2 2615 6630,Codegua,2024-08-08
4580,Henry Fernández Saavedra,gallardoalan@example.org,+56 63 364 9977,Quilpué,2025-02-09
4581,Sebastián González,fernandocisternas@example.com,+56 2 2962 9006,Máfil,2023-07-11
4582,José Luis Jerez Flores,enriquegallardo@example.org,+56 57 345 6162,Timaukel,2024-08-25
4583,José Acosta Álvarez,carcamoroberto@example.net,+56 9 2156 3922,Saavedra,2023-01-25
4584,María Fernanda Villalobos Aracena,sonia10@example.net,+56 800 745 729,Combarbalá,2023-06-26
4585,Francisco Manuel Inostroza Salazar,javiera97@example.org,+56 800 202 845,Huara,2023-04-24
4586,Sebastián Pérez,earavena@example.net,+56 75 385 1259,San Gregorio,2022-03-02
4587,Matías Mella,gabrielibacache@example.org,+56 9 9969 0644,San Juan de la Costa,2023-06-22
4588,Antonia Maricel Castillo Acuña,gladysfigueroa@example.org,+56 42 299 9904,Quintero,2026-03-08
4589,Génesis Moreno,carlos77@example.net,+56 600 847 936,Curaco de Vélez,2022-05-21
4590,Noemí Jeannette Ramírez Valencia,lopezandrea@example.com,+56 71 326 3139,Quilicura,2021-10-26
4591,Amelia Adriana Torres Aguilera,isidorasantana@example.net,+56 2 2405 1957,Camarones,2024-05-21
4592,Manuel Domingo Sepúlveda Maldonado,raul09@example.com,+56 57 210 2074,Quilaco,2021-09-06
4593,Catalina Susana Quezada Acuña,pamelapoblete@example.org,+56 34 333 9406,Sierra Gorda,2025-09-06
4594,Miguel Céspedes,raquelburgos@example.org,+56 800 969 572,Romeral,2026-03-01
4595,Carlos León García Gómez,alejandratobar@example.com,+56 67 397 8526,Diego de Almagro,2022-09-08
4596,Evelyn Suazo Soto,bmartinez@example.com,+56 73 340 6599,Los Ángeles,2023-01-11
4597,Carlos Aguirre,jfuentes@example.org,+56 2 2933 7130,Punitaqui,2024-06-26
4598,Domingo Espinoza Ramos,monsalveeduardo@example.net,+56 2 3184 0975,Navidad,2025-02-16
4599,Iris Pamela Cofré Torres,zarancibia@example.com,+56 9 9385 6824,María Pinto,2026-03-26
4600,Daniela Pino Gómez,qriquelme@example.net,+56 9 4410 1391,Guaitecas,2025-06-06
4601,Luis Luengo,aliciaramirez@example.org,+56 2 3390 3833,Panguipulli,2024-05-14
4602,Susana Contreras,hsepulveda@example.com,+56 51 258 4065,El Carmen,2024-06-16
4603,Michel Bravo Bustamante,sseguel@example.org,+56 9 9340 1195,Maipú,2025-08-25
4604,Sandra Pavez,perezmoises@example.com,+56 2 2196 1476,Laguna Blanca,2021-09-15
4605,Ivonne Zúñiga Flores,pazsantibanez@example.net,+56 600 756 309,Puqueldón,2023-11-17
4606,Luis Carlos Rodríguez Calderón,lauranunez@example.org,+56 9 3773 2297,Yungay,2021-11-12
4607,Blanca María Pineda Bascuñán,lauragatica@example.org,+56 45 243 1685,Porvenir,2022-07-16
4608,Ariel Juan Orrego Reyes,julietaperez@example.org,+56 55 254 2372,San Ignacio,2024-11-23
4609,Isabella Briones Salamanca,omontecinos@example.org,+56 65 285 7916,Chile Chico,2023-11-09
4610,Anahí Camila Cortés Olivares,tgomez@example.net,+56 2 3998 6249,Tierra Amarilla,2023-04-14
4611,Emilia Javiera Rivera Silva,oastorga@example.com,+56 600 684 530,Negrete,2025-02-08
4612,Dominga Marjorie Díaz Álvarez,paolamunoz@example.net,+56 2 3380 1208,La Estrella,2025-12-31
4613,Melany Mercedes Araya Zapata,bgonzalez@example.org,+56 800 265 474,Nueva Imperial,2026-01-16
4614,Matías Clemente Salazar Adasme,florenciamorales@example.org,+56 2 2989 5825,Los Vilos,2023-01-15
4615,Damián Máximo López Venegas,luissanhueza@example.com,+56 2 2642 4148,Cisnes,2021-08-17
4616,Javiera Bello Bustamante,hidalgojose@example.net,+56 800 924 585,Recoleta,2024-08-29
4617,Nahuel Matías Zapata Molina,fuentesjose@example.org,+56 73 238 5659,Paillaco,2023-07-31
4618,Jacqueline Marisol Molina Mella,espinozaalfonso@example.net,+56 9 8157 4772,Licantén,2025-09-18
4619,Carlos Pedro Hernández Gálvez,hmansilla@example.com,+56 71 390 6422,Lo Espejo,2024-08-16
4620,Juan Alex Cornejo Guzmán,maria10@example.com,+56 51 334 3547,Quintero,2024-11-06
4621,Perla Zunilda Ortega Vergara,danielafonseca@example.org,+56 63 351 3200,Río Negro,2021-05-21
4622,Claudia Patricia Riquelme Díaz,rolando80@example.net,+56 2 3654 9060,Quellón,2026-03-31
4623,Paulina Verónica Millán Concha,ucornejo@example.net,+56 2 3639 6895,Algarrobo,2025-12-28
4624,Rayén Salas,mariaaraya@example.net,+56 9 8964 2140,Tortel,2025-06-04
4625,Orlando Oscar Fredes Matamala,zambranoalexandra@example.com,+56 2 3669 7906,Isla de Maipo,2023-04-17
4626,Felipe Toro,lurzua@example.net,+56 44 220 9191,San Felipe,2024-10-21
4627,Gaspar Bruno Reyes Cárcamo,mgamboa@example.org,+56 600 837 334,Vallenar,2024-05-06
4628,Jeannette Agustina Moya Valdés,sandra10@example.org,+56 2 2148 9753,Vitacura,2022-08-13
4629,Sonia Bascuñán,luis67@example.net,+56 2 3168 7019,Colina,2025-09-22
4630,Carol Marcela Jiménez González,tania97@example.org,+56 2 3170 0503,San Gregorio,2023-03-31
4631,Xavier Córdova Aguilera,josebarraza@example.com,+56 2 3597 5652,Pitrufquén,2021-12-29
4632,Natalia Rosa López Riquelme,vgonzalez@example.com,+56 2 3871 2632,Cochamó,2022-11-10
4633,Pedro Carlos Vega Álvarez,vegaluis@example.net,+56 52 373 8434,Curepto,2022-04-23
4634,Isabella Cecilia Barros Vega,sanchezcarlos@example.org,+56 800 837 853,Colbún,2023-08-05
4635,Isidora Martina Mendoza Espinoza,felipe38@example.org,+56 600 536 222,Monte Patria,2026-03-02
4636,Claudio Rafael Villagra Aguirre,rosa18@example.org,+56 75 353 3803,La Ligua,2025-10-16
4637,Bastián Leonardo García Torres,jimenezpablo@example.com,+56 2 3873 3906,Lebu,2022-05-04
4638,Benjamín Retamal-Soto Acevedo,claudiafuentes@example.com,+56 2 3372 4541,Yumbel,2025-06-20
4639,Rosa Morales Vargas,juansanchez@example.net,+56 2 3329 2620,San Pedro,2026-03-12
4640,Jaime Luis Vidal Orrego,ihermosilla@example.net,+56 600 739 799,Malloa,2021-08-22
4641,Leandro Jonathan Marín Sandoval,camila41@example.com,+56 9 2862 2473,Rengo,2025-03-30
4642,María Ernestina González-Molina Mansilla,ricardo57@example.net,+56 2 2222 0320,Llanquihue,2023-02-24
4643,Giovanny Matías Fuentealba Vera,carlos05@example.org,+56 9 2785 2800,San Carlos,2024-08-09
4644,Juan León Araya,miguel04@example.org,+56 61 262 6545,Cisnes,2026-02-06
4645,Natalia Karin Vásquez Alarcón,joaquin92@example.net,+56 2 3654 0748,Vicuña,2026-02-01
4646,Ignacia Erna Orellana Araya,rafaelazamora@example.org,+56 2 3402 2371,Cochamó,2022-04-20
4647,Silvia Maureira,carrascojorge@example.org,+56 800 222 478,Malloa,2025-01-28
4648,Lucas Soto Contreras,jacintopaz@example.com,+56 9 3633 3213,Máfil,2024-10-11
4649,Carlos Michael Ovalle Sánchez,wsan-martin@example.org,+56 2 2202 2608,Cabo de Hornos,2024-09-03
4650,Jacqueline Moya,vbarrera@example.com,+56 2 3694 6858,O'Higgins,2024-04-12
4651,Tatiana Valdés Carrasco,rodrigocarrasco@example.com,+56 2 3654 4869,Santa María,2021-10-06
4652,Luis Yohan Astorga Toro,valeria65@example.org,+56 33 280 8448,Putaendo,2021-09-01
4653,Natalia Stephanie Mora Tobar,orellanajose@example.org,+56 9 4784 1846,Alhué,2022-12-08
4654,Antonella Maturana,gloria97@example.net,+56 72 238 8482,Río Ibáñez,2023-05-22
4655,Elizabeth Fernández Aracena,jorge86@example.com,+56 35 274 4051,Cabildo,2025-08-14
4656,Josefina Yaritza Castro Gómez,tallende@example.com,+56 43 344 8940,Algarrobo,2025-01-20
4657,Julián Carlos Palma Garrido,gvargas@example.org,+56 2 2621 2148,Calbuco,2023-10-09
4658,George Matías Bustos Molina,patricia44@example.org,+56 9 8560 5348,Negrete,2023-03-22
4659,María Paz Vera Alarcón,salinasgaston@example.org,+56 2 2909 8264,Quintero,2026-02-06
4660,Reynaldo David Miranda Núñez,benjamin96@example.org,+56 9 9230 5615,San Nicolás,2021-10-10
4661,Juan Véliz Carvajal,joserojas@example.net,+56 34 262 0958,Cochamó,2026-03-04
4662,Cristóbal Pérez,pizarrohector@example.org,+56 35 349 2467,San Pedro de Atacama,2021-10-27
4663,Vania Delia Ramírez Díaz,jose98@example.com,+56 32 375 7523,Panquehue,2025-09-23
4664,Cristian Medina,ximenafuentealba@example.net,+56 800 850 319,Illapel,2023-09-21
4665,Jessica Viviana Urra Muñoz,jbahamondes@example.org,+56 44 380 4583,Vicuña,2024-05-02
4666,Rosario Monserrat González Bobadilla,victor36@example.net,+56 800 473 316,Llaillay,2022-06-03
4667,Carlos Juan Castillo Salazar,hormazaballuis@example.com,+56 2 2371 8480,Valparaíso,2026-02-24
4668,Eduardo Luis Herrera Tapia,juan80@example.org,+56 75 278 8999,Ránquil,2025-10-14
4669,Carol González,edison35@example.net,+56 2 3444 3998,Angol,2022-06-05
4670,Camila Vergara Pérez,juliobravo@example.org,+56 42 223 4131,Colina,2024-07-14
4671,Mireya Laura Díaz Peralta,arayamarcelino@example.org,+56 33 365 0087,Pemuco,2023-07-21
4672,Isidora Trujillo Hidalgo,antonioarriagada@example.com,+56 2 2527 1162,Llanquihue,2024-06-19
4673,Víctor Alejandro Céspedes Lizana,avergara@example.net,+56 61 378 9548,Quilleco,2025-09-12
4674,Yohan Mardones Gamboa,valentina38@example.org,+56 800 874 930,Ñuñoa,2021-12-26
4675,Martín Hernán Álvarez Miranda,nazocar@example.org,+56 75 265 1887,Linares,2023-09-12
4676,Abel García,ceciliazuniga@example.com,+56 800 580 219,Los Lagos,2024-03-18
4677,Luis Manuel Villarroel Escalona,orivera@example.net,+56 2 2994 2539,Taltal,2024-02-22
4678,José Pérez,juan18@example.org,+56 2 3830 6324,San Pablo,2022-12-13
4679,Carla Nayaret Contreras Hernández,francisco53@example.com,+56 2 2865 3508,Melipeuco,2022-02-21
4680,Javiera Lucía Pérez Yáñez,knunez@example.com,+56 9 5680 3087,Los Álamos,2023-10-25
4681,Rosa González-Durán,igaldames@example.org,+56 2 2880 7682,Puente Alto,2023-11-22
4682,Lissette Constanza Figueroa Medina,torresalexis@example.com,+56 600 286 795,Marchihue,2021-12-03
4683,María Toro,ritayanez@example.net,+56 600 908 399,Osorno,2024-06-24
4684,Juan Martín Ibáñez Rodríguez,perezmarta@example.net,+56 35 256 3499,Puyehue,2021-05-22
4685,Carlos Angelo Santander Concha,zambranojose@example.net,+56 2 2672 6595,Viña del Mar,2021-09-12
4686,Adrián Javier Lara Galdames,mariazamora@example.net,+56 9 9830 8159,Punitaqui,2026-02-22
4687,Amanda Gutiérrez Hernández,sonia64@example.org,+56 35 275 1623,Tomé,2024-01-13
4688,Camila Ana Molina Inostroza,alonso95@example.net,+56 35 349 2463,Contulmo,2023-05-24
4689,Olivia Carolina Romero Miranda,riquelmepablo@example.com,+56 2 3786 1455,Pumanque,2026-04-22
4690,Mónica Martina Alarcón Gutiérrez,hcastillo@example.org,+56 55 261 0727,Tirúa,2026-03-16
4691,María Rubio Vargas,mrojas@example.org,+56 800 629 126,Pirque,2022-10-22
4692,Dagoberto Pérez,uribeantonia@example.net,+56 2 2352 5492,Illapel,2022-04-07
4693,José Gabriel Castro Carvajal,alexi29@example.net,+56 9 2296 2201,Colbún,2022-07-20
4694,Marcela Vásquez,rafaelherrera@example.org,+56 600 285 546,Chimbarongo,2024-09-06
4695,Juan Sixto Figueroa González,lpino@example.org,+56 9 3265 2397,Talagante,2021-10-24
4696,Pedro Roberto Orellana Silva,zrodriguez@example.net,+56 800 586 482,Empedrado,2026-03-04
4697,Raúl Osvaldo Andrade Espinoza,justohernandez@example.net,+56 2 2180 5424,Chile Chico,2024-12-15
4698,Claudina Astete,manuel99@example.org,+56 600 355 916,Colina,2026-04-18
4699,Bárbara Zúñiga Castro,isalazar@example.com,+56 600 777 142,Ñuñoa,2023-07-27
4700,Elba Celia Sepúlveda Llanos,juan37@example.org,+56 9 8459 6367,Rinconada,2024-05-05
4701,Juan Muñoz,saldiasroxana@example.org,+56 800 310 017,Quintero,2024-12-10
4702,Ida Parra Agüero,patricia40@example.org,+56 51 231 8322,Río Negro,2021-07-09
4703,Santiago Jorge Garcés Molina,angelapereira@example.org,+56 64 247 5585,Cholchol,2021-05-25
4704,Arturo Ramón Rojas Sanhueza,cgonzalez@example.org,+56 9 9528 0295,Renca,2022-09-29
4705,Ana Paula Carvajal Soto,vmiranda@example.org,+56 72 362 2354,San Gregorio,2024-10-19
4706,Yanina Sánchez Henríquez,manuelsaldias@example.net,+56 72 333 0096,Pozo Almonte,2022-08-04
4707,María Riveros Osses,sgarrido@example.com,+56 2 2725 5985,O'Higgins,2022-10-21
4708,Matías Jaime Garcés Bustamante,jesus87@example.org,+56 9 6155 7310,San Ramón,2026-03-01
4709,Pablo Vásquez Reyes,gonzalezclaudio@example.org,+56 2 2400 5796,Retiro,2025-02-15
4710,María Monserrat Espinoza Vicencio,ycisternas@example.net,+56 2 3457 3411,Camarones,2024-06-11
4711,Enrique Vargas,kferreira@example.org,+56 2 3563 3315,Lautaro,2023-10-28
4712,Rubén José Molina Bravo,leonelsalinas@example.net,+56 43 273 7580,Cochrane,2023-04-08
4713,Isabel Fuentealba Cares,nelsonbarra@example.org,+56 2 3630 2555,Futaleufú,2025-01-12
4714,Julián Abraham Aravena Mora,berriosfreddy@example.net,+56 600 377 885,Freire,2022-06-05
4715,Amanda María Arellano Gutiérrez,apablazabeatriz@example.net,+56 9 2141 4421,San Pedro de Atacama,2024-08-01
4716,Sebastián Nelson Cisterna Alvarez,miguelaracena@example.com,+56 2 3371 5747,Independencia,2025-02-04
4717,Anita Vicencio Torres,apaez@example.org,+56 65 337 2616,Panguipulli,2023-02-11
4718,Sofía Camila Fuentealba González,nolguin@example.org,+56 9 3144 5776,Chanco,2025-05-29
4719,Camila Iris Bravo López,manuelaros@example.com,+56 800 260 903,Los Muermos,2021-06-22
4720,Alonso Roberto Cid Berríos,isidoratapia@example.org,+56 63 219 2810,Ñiquén,2025-12-14
4721,Aurelio Lara Romero,qsepulveda@example.com,+56 67 237 4369,Coltauco,2024-06-20
4722,Daniel Hernán Delgado Silva,danielamontecinos@example.com,+56 800 963 902,Iquique,2023-04-20
4723,Jael Gaete Valenzuela,zde-la-fuente@example.net,+56 44 223 8764,Tirúa,2026-04-28
4724,Dayana Daisy Duarte Díaz,tomas74@example.org,+56 9 5768 0832,Putaendo,2024-11-21
4725,Myriam Guerra,javier01@example.org,+56 61 215 3910,La Cruz,2025-07-04
4726,Clemente Jonas Carvajal Guerra,dpoblete@example.net,+56 2 2547 1632,Taltal,2024-05-30
4727,Segundo Felipe Parra Páez,bastian95@example.org,+56 2 2745 0265,Angol,2022-08-05
4728,Fernanda Cristina Orellana Godoy,mathias42@example.net,+56 2 2715 0053,San Pedro de Atacama,2024-09-24
4729,José Matías Molina Escobar,matias27@example.net,+56 600 731 589,Santiago,2022-07-18
4730,Cecilia Irene Saavedra Leiva,antoniaespinoza@example.org,+56 2 3842 2671,Teno,2025-10-17
4731,Berta Flores Torres,danielamoyano@example.com,+56 2 3877 9322,Quellón,2024-03-12
4732,Rodrigo Moraga Cruz,sergio44@example.org,+56 9 9981 6041,Renaico,2021-12-28
4733,Sebastián Navarrete Marchant,langulo@example.net,+56 600 284 521,Combarbalá,2023-08-23
4734,Martina Milena Valenzuela Núñez,guevarajuana@example.org,+56 2 2607 7804,Cabildo,2022-12-05
4735,Miguel Daniel Rojas Azócar,luisperez@example.org,+56 41 289 8078,Nogales,2025-02-01
4736,Carolina Casanova Aguilera,ltroncoso@example.net,+56 32 325 8322,Conchalí,2022-04-21
4737,Isidora Silva Palacios,valenzuelagonzalo@example.com,+56 2 3225 1792,Quintero,2024-01-21
4738,Sofía Rojas,juanyanez@example.com,+56 42 319 0330,La Cisterna,2024-03-05
4739,Ramón Díaz Vargas,hyanez@example.org,+56 2 2182 3091,Arica,2026-04-20
4740,José Juan Espinoza Montecino,camilasilva@example.com,+56 9 6406 1566,Alto Hospicio,2024-12-08
4741,Gustavo Gómez Almonacid,mariaossandon@example.org,+56 2 3167 7837,Monte Patria,2022-01-20
4742,Teresa Avendaño,ugarrido@example.net,+56 51 380 5554,Curepto,2021-07-21
4743,Eduardo Quintana,rcortes@example.net,+56 2 3463 8782,Empedrado,2024-10-18
4744,Fernando Ramos Sobarzo,fernandezandrea@example.net,+56 2 3567 4768,San Pedro de Atacama,2024-07-16
4745,Claudio Cuevas Rojas,molinasandra@example.com,+56 2 2481 6667,Olivar,2024-05-12
4746,Luz Álvarez Retamal,angelgajardo@example.com,+56 64 225 7881,Tortel,2022-04-29
4747,José González Pastén,ufigueroa@example.org,+56 2 2353 4719,Puente Alto,2022-12-18
4748,Herminia María Ramírez González,jarayohana@example.org,+56 43 341 7372,Lago Ranco,2024-02-07
4749,Lidia Liliana Carreño Gutiérrez,francesca34@example.net,+56 2 3617 2643,Quinchao,2022-12-10
4750,María Sáez-Alfaro,domingaborquez@example.com,+56 600 210 645,Freire,2021-10-15
4751,Isabella Luciana Carmona Moya,cristophersantibanez@example.org,+56 45 267 7546,Coinco,2025-03-01
4752,José Chávez Maldonado,zunigalaura@example.net,+56 67 347 5587,Fresia,2024-02-09
4753,Yesica Ana Castillo Fredes,mercedesespinoza@example.net,+56 2 2218 7131,Guaitecas,2025-12-02
4754,Camila Dafne Estay Tapia,ialvarez@example.net,+56 600 126 415,Coihueco,2023-07-18
4755,Beatriz Concha,raul68@example.org,+56 35 270 5679,San Ramón,2024-02-20
4756,Gilda Pérez Gómez,contrerasthiare@example.net,+56 35 227 5113,Longaví,2021-08-27
4757,Edgard Pedro Saavedra Sandoval,adela97@example.org,+56 9 2870 2382,Quilpué,2023-06-26
4758,Pamela Chamorro González,maureirarosalia@example.org,+56 9 8140 0317,Putaendo,2022-02-22
4759,Manuela Acevedo-González Morán,javier30@example.net,+56 2 3774 8106,Toltén,2023-01-12
4760,Víctor Baltazar Moya Rojas,khernandez@example.org,+56 2 3811 5046,Valparaíso,2026-02-17
4761,Mónica Anahí Cárdenas Arias,nadia91@example.net,+56 2 3278 0245,Pelarco,2022-02-10
4762,José Matías Soto Vargas,andradecolomba@example.net,+56 2 3721 2343,El Monte,2023-11-14
4763,Sebastián Rafael Salas Miranda,privera@example.com,+56 34 226 9683,San José de Maipo,2026-03-03
4764,Marcial Navarro Parra,ctorres@example.com,+56 52 270 2925,Talcahuano,2022-05-08
4765,Clara Flores,molinasoledad@example.net,+56 34 385 0085,Coelemu,2022-07-06
4766,Renzo Julio Riquelme Parada,uurra@example.net,+56 2 2290 0617,Ovalle,2022-03-14
4767,María Matilde González-Aravena Donoso,iris42@example.org,+56 2 2609 1133,San Javier,2025-10-27
4768,Manuel Martín Ahumada Henríquez,barriasamantha@example.org,+56 600 791 225,Primavera,2025-05-11
4769,Elsa Gabriela Tapia Gutiérrez,bleon@example.org,+56 800 917 805,Vallenar,2024-06-20
4770,Ramón Jorge Prieto Araneda,aaguirre@example.net,+56 75 258 3049,Huasco,2022-06-04
4771,Hilda Yessica Torres Contreras,francisco29@example.org,+56 2 2338 8285,Olivar,2024-07-19
4772,Mario Barría,mariaibarra@example.net,+56 800 613 301,Coihueco,2022-12-02
4773,Álvaro José Fica Hernández,lcortes@example.org,+56 800 136 878,Máfil,2025-11-24
4774,María Chacón Villarroel,veronicaduran@example.net,+56 2 2112 2773,Cabrero,2024-08-27
4775,Angelo José Fuentes Orellana,pilar43@example.com,+56 2 3853 0936,Quilleco,2022-04-13
4776,Orlando Fernández Vicencio,tapiajuan@example.com,+56 67 358 6338,Chillán,2025-03-28
4777,Felipe Cerda Vásquez,arayaelsa@example.net,+56 53 240 5189,Collipulli,2025-09-02
4778,Nelson Albornoz Monsalve,mamanidavid@example.org,+56 2 3964 6846,Puerto Octay,2025-01-23
4779,Héctor Jiménez Gómez,valentina15@example.com,+56 600 686 157,Cobquecura,2026-01-01
4780,Marcela Calderón Hormazábal,amaro96@example.org,+56 9 4344 1724,Tirúa,2022-01-11
4781,María Zapata,nmora@example.net,+56 800 635 557,Licantén,2022-02-26
4782,Ignacio Soto Aguilera,gasparsaez@example.net,+56 9 6328 0861,Penco,2025-11-06
4783,Constanza Zapata,guillermomoreno@example.com,+56 2 2445 7144,Rinconada,2025-01-19
4784,Jorge Castillo,manuel73@example.net,+56 600 760 126,Navidad,2021-10-18
4785,Scarleth Cancino Mella,britomaria@example.org,+56 2 3308 1485,Teno,2023-11-11
4786,Mateo Sánchez,castillojose@example.org,+56 2 3609 6769,Constitución,2025-08-22
4787,Olga Alarcón Rodríguez,marceloarriagada@example.org,+56 2 2539 1538,Lolol,2021-07-29
4788,Rosa Catalina Cifuentes Jaramillo,rafaellopez@example.com,+56 2 2572 5610,Rancagua,2021-09-14
4789,María Mónica Osorio Mancilla,rleal@example.org,+56 9 2579 1931,Cartagena,2022-04-29
4790,Sebastián Simón Espinoza Villalobos,margaritarojas@example.org,+56 33 365 2110,Vallenar,2022-01-25
4791,Carlos Rojas Peña,aaron96@example.com,+56 9 3119 2102,Quemchi,2023-04-17
4792,Dominga Carla Salas Ruiz,nayarethrebolledo@example.com,+56 32 385 8326,Coltauco,2024-02-15
4793,Cinthia Soto,abrahamsanchez@example.com,+56 600 596 470,Rauco,2024-01-04
4794,Víctor Olate,diego80@example.net,+56 9 8121 8985,Natales,2023-06-06
4795,Isabel Ramírez,tgomez@example.org,+56 2 2954 8484,Constitución,2023-05-02
4796,Yolanda Medina Maldonado,veronica69@example.com,+56 2 2995 2625,Chillán,2024-09-30
4797,Hernán López,qreyes@example.org,+56 800 189 621,Torres del Paine,2024-09-22
4798,Leonardo Manuel Gajardo Villablanca,tmunoz@example.com,+56 9 7695 3510,Olmué,2021-07-20
4799,Luis Pinto Lagos,munozjose@example.com,+56 2 3614 9303,Fresia,2025-08-27
4800,Rodrigo Gustavo Gómez Pérez,michaellagos@example.net,+56 800 192 891,Río Hurtado,2025-12-25
4801,Virginia Antonia Cartes Guevara,migueldiaz@example.org,+56 41 274 4297,Mostazal,2024-07-19
4802,María Teresita San Martín Faúndez,miguel27@example.org,+56 2 2345 9184,Quirihue,2025-06-07
4803,José Alvarado Cifuentes,maricel97@example.org,+56 9 4187 9904,Lumaco,2024-10-31
4804,Franklin Moreno,santibanezcolomba@example.com,+56 73 388 6014,Maule,2025-07-13
4805,Ana Luz Millán Tapia,cristian90@example.com,+56 2 2942 6901,Lampa,2023-09-18
4806,Andrés Rodríguez Reyes,moracarmen@example.net,+56 800 343 301,Antuco,2024-08-30
4807,Francisca Rocha Cortés,sotofrancisca@example.net,+56 2 3169 6216,Olivar,2023-02-19
4808,Matías Pacheco León,ramosfrancisco@example.net,+56 61 285 6649,Quilleco,2025-12-14
4809,Isabella Valenzuela,fvasquez@example.org,+56 55 220 1642,Rengo,2025-04-18
4810,Rosa María Villagrán Echeverría,soniaespinoza@example.net,+56 9 7664 2559,Lota,2024-12-11
4811,Francisca Isabella Moreno Herrera,xguerrero@example.com,+56 2 3453 4164,Copiapó,2026-05-07
4812,Amanda Catherine Oyarce Muñoz,ricardo40@example.org,+56 2 3573 3377,Vicuña,2025-09-22
4813,Carmen Peralta,alejandro42@example.com,+56 2 2475 9973,Teno,2025-01-27
4814,Hugo Eloy Villarroel Muñoz,andrea37@example.com,+56 71 359 8190,Pinto,2024-08-09
4815,Cristian David Espinoza Navarro,erika66@example.com,+56 71 360 6965,Curicó,2024-04-13
4816,Juan Adolfo Aguirre Inostroza,evelyn85@example.com,+56 9 9430 5473,Freire,2023-03-01
4817,Francisco Álvaro Almonacid Bastías,campospia@example.com,+56 9 4338 1629,Macul,2022-02-01
4818,Sebastián Moya Rojas,qguerrero@example.com,+56 34 299 7150,Antofagasta,2025-04-17
4819,Víctor Paredes Reyes,dcruces@example.net,+56 53 356 2699,Traiguén,2024-01-13
4820,Elizabeth Katherinne Ceballos Gallardo,mespinoza@example.net,+56 9 8593 6683,Quilaco,2024-03-20
4821,María Sofía Rojas Montenegro,sanchezlissette@example.org,+56 800 240 493,Quinta Normal,2022-01-15
4822,Brian Carlos Rosales-Tapia Pinto,juancarrera@example.com,+56 2 3704 9481,Victoria,2024-08-17
4823,Gilberto Suárez Videla,fernandezcamila@example.org,+56 9 2582 3038,Litueche,2022-04-19
4824,Benjamín Felipe Rodríguez Reyes,cancinosofia@example.org,+56 800 748 123,Vilcún,2023-05-01
4825,Priscilla María Castro Riquelme,ceciliapizarro@example.com,+56 600 640 175,Los Vilos,2024-05-26
4826,Claudio López,ruben06@example.net,+56 65 228 5043,Placilla,2021-11-08
4827,Domingo Cristian Martínez-Abarca Sandoval,fabianmadrid@example.com,+56 600 745 896,Ercilla,2025-09-09
4828,María Hilda Moya Zúñiga,gustavojara@example.com,+56 67 394 0718,Cerro Navia,2022-09-08
4829,Sergio Alejandro Acuña Alvear,perezximena@example.org,+56 600 325 887,Peumo,2021-08-17
4830,Miguel Ortiz Campos,isolina46@example.net,+56 2 2915 5259,Pica,2023-08-16
4831,Paulina Luz Canales Santibáñez,elsa78@example.org,+56 32 335 9453,Estación Central,2023-11-15
4832,Juana Rodríguez Morán,manueliturra@example.org,+56 2 3424 0137,Antofagasta,2023-11-26
4833,Antonella Francisca Sáez García,luisaltamirano@example.org,+56 73 355 4711,San Pedro de la Paz,2023-01-27
4834,Desiderio José Matamala Carrasco,claudia48@example.com,+56 2 3938 6533,Peralillo,2021-10-07
4835,Valentina Rojas-Briones,dgonzalez@example.com,+56 800 536 075,Huasco,2023-02-17
4836,Valentina Ramírez Lagos,reyeskarina@example.org,+56 600 708 934,Quintero,2026-03-14
4837,David Leonel Martínez Merino,jose70@example.net,+56 2 3247 6603,Chonchi,2023-11-27
4838,Yonatan Retamal,gcerda@example.net,+56 800 667 305,Fresia,2025-01-26
4839,María Flores Martínez,zfigueroa@example.net,+56 72 224 3056,Las Cabras,2024-08-30
4840,Marco Ruiz,ppardo@example.com,+56 800 753 725,Hualañé,2023-10-24
4841,Manuel Tomás González Arias,felipeaguilar@example.com,+56 9 4820 3739,Santo Domingo,2022-10-21
4842,Guillermo Gálvez González,maureirajuan@example.net,+56 63 225 1522,Putre,2021-11-17
4843,Juan Raúl Maturana Ramírez,gutierrezmartin@example.net,+56 2 3420 4785,Villa Alegre,2022-10-17
4844,Consuelo Luisa Cortés Matamala,anayanez@example.net,+56 41 362 4271,Las Condes,2024-10-17
4845,María Hormazábal,ggonzalez@example.com,+56 33 279 1820,Concón,2022-08-19
4846,Sonia Fuentealba,nlagos@example.org,+56 2 3695 8063,Paine,2024-12-03
4847,Ignacio Valenzuela Godoy,cuevasvicente@example.com,+56 2 3618 6244,Yungay,2026-01-15
4848,Erica González Baeza,victorcarreno@example.net,+56 9 4834 4966,Renaico,2023-08-25
4849,Octavio Leonel Candia Guzmán,barrianicole@example.com,+56 9 3415 8421,Curarrehue,2021-08-18
4850,Juan Díaz,gmoreno@example.org,+56 600 887 608,Nancagua,2025-03-14
4851,Gabriel Alonso Cubillos Villarroel,diazdelfina@example.com,+56 9 3990 5671,Catemu,2025-02-06
4852,Pablo Morales Orellana,moyarce@example.org,+56 2 3124 0445,Teodoro Schmidt,2025-12-04
4853,Mónica Figueroa Rojas,fernando27@example.org,+56 2 2801 7976,Pelluhue,2024-10-07
4854,Baltazar Dagoberto Villegas Bernal,nahuel82@example.com,+56 2 3151 5787,Chaitén,2023-07-09
4855,José Andrés García Morales,rriquelme@example.com,+56 2 3451 0666,Nueva Imperial,2026-03-03
4856,Tomás González,hmoraga@example.net,+56 57 361 8622,Talca,2023-01-16
4857,Aracely Alicia Sánchez Riquelme,cuevaswalter@example.com,+56 2 3289 8904,Nueva Imperial,2023-10-05
4858,Marisol Michelle Vega Díaz,rosalesjuan@example.net,+56 2 3885 7148,Papudo,2025-12-27
4859,Hilda Alejandra Fuentealba Flores,lagosgenoveva@example.org,+56 600 244 348,Portezuelo,2023-09-16
4860,Patricia Maura Hurtado Vega,azocarconstanza@example.org,+56 44 233 6385,Coelemu,2023-02-09
4861,Luciano Emiliano Marín Mercado,valdivialuis@example.com,+56 2 3714 6586,Alto del Carmen,2022-10-01
4862,Bernardo Claudio Díaz Núñez,atilioaraneda@example.com,+56 44 318 7669,San Ignacio,2025-06-12
4863,Denisse Marta Correa Silva,amora@example.com,+56 57 356 9423,Tirúa,2024-02-02
4864,Catherine Solange Olivares Arcos,rosa65@example.net,+56 600 671 787,Villarrica,2024-03-04
4865,José Cortés,leticiarubilar@example.org,+56 2 3349 0513,Peralillo,2025-11-17
4866,Sandra Ester Ruz Huerta,matiastoro@example.net,+56 600 941 958,Chimbarongo,2021-06-20
4867,Elsa Catalina Aránguiz Beltrán,pobletehortensia@example.net,+56 2 2910 5692,Cauquenes,2021-10-13
4868,Lilian Lía López Calderón,borisleiva@example.org,+56 41 259 9541,Lo Barnechea,2022-10-15
4869,José Nelson Orellana Espinoza,maximilianofernandez@example.net,+56 2 2868 8386,Timaukel,2025-02-04
4870,Florencia Correa,erika96@example.org,+56 2 2197 1318,Hualaihué,2024-11-09
4871,Lucía Ortega,aguileraalejandro@example.com,+56 9 6502 8411,Independencia,2025-03-26
4872,Yesica Salas,paolovergara@example.net,+56 35 251 6248,Llaillay,2022-03-28
4873,Javiera Pereira Olivares,yguzman@example.com,+56 67 271 1348,Quinta Normal,2023-09-05
4874,Abraham Ian Rojas Carrasco,luis34@example.com,+56 51 222 2482,Portezuelo,2025-07-29
4875,Felipe Quintana Morales,agutierrez@example.com,+56 9 5930 5294,Puerto Montt,2022-09-22
4876,Pamela María Pérez Pincheira,wespinoza@example.com,+56 64 310 6241,Coihueco,2023-01-09
4877,Richard Maximiliano Cárcamo Monsalve,nicolebastias@example.com,+56 800 484 480,Panquehue,2021-12-18
4878,León Diego Jiménez Herrera,rafael08@example.net,+56 72 247 5602,Rauco,2021-10-04
4879,Jordán José Ortega Rebolledo,camilanavarro@example.org,+56 9 8483 9979,Taltal,2023-06-02
4880,Carlos Francisco Tello Farías,gladys60@example.org,+56 9 4331 8998,Frutillar,2023-06-18
4881,Rocío Olga Araya Durán,filomena71@example.org,+56 9 7942 1613,San Nicolás,2022-06-29
4882,Fernanda Maureira Aguilera,lcastillo@example.com,+56 9 9532 0078,La Cisterna,2022-09-18
4883,Ricardo Simón Fuentealba Morales,caraya@example.com,+56 75 265 7385,Llanquihue,2025-10-05
4884,Luis Ricardo Ahumada León,johanacornejo@example.com,+56 9 4147 7704,O'Higgins,2025-03-25
4885,Roberto Alex Morales Álvarez,omar14@example.com,+56 2 3733 1390,Río Hurtado,2021-10-28
4886,Jacqueline Beltrán Sepúlveda,juanvaldebenito@example.net,+56 75 233 5565,Villa Alegre,2023-11-15
4887,Eva Hernández,xcornejo@example.org,+56 55 321 7403,Coltauco,2025-06-11
4888,Vicente García-Guerrero,eliasastudillo@example.org,+56 2 3965 1075,Quinta de Tilcoco,2025-03-15
4889,Sofía Ferrada,wjerez@example.net,+56 800 329 421,San Juan de la Costa,2024-05-07
4890,Lucas Andrés Valdés Barría,javiera88@example.com,+56 2 2671 4959,Arica,2024-05-01
4891,Víctor Reinaldo Rozas Alvarado,cristianrivas@example.com,+56 2 2652 5991,Talcahuano,2025-03-08
4892,Jorge Lucas Sanhueza Alfaro,trojas@example.org,+56 57 278 8450,Las Cabras,2025-07-11
4893,Sergio Vejar Mella,yaraya@example.com,+56 9 7724 9872,Chillán Viejo,2022-09-02
4894,Jacqueline Moya Cea,eduardogomez@example.net,+56 41 227 7484,Quilpué,2023-08-28
4895,Laura Vanessa González Muñoz,ramoncastillo@example.net,+56 2 3397 5132,Laja,2023-11-07
4896,Claudio Valdés,mirandacarolina@example.net,+56 600 367 139,Antártica,2024-01-17
4897,Luisa Regina Olivares Sánchez,achamorro@example.com,+56 2 2647 7490,Chimbarongo,2026-03-28
4898,Luis Jaime Salazar Maldonado,ignaciojimenez@example.com,+56 9 9730 9986,Quillota,2026-01-16
4899,Richard Avilés Navarro,constanza32@example.org,+56 75 289 4210,Curicó,2022-09-23
4900,Tania Graciela Lagos Cortez,nicole05@example.net,+56 600 630 011,Papudo,2024-02-24
4901,Rodrigo Waldo Miranda Molina,hector38@example.org,+56 9 5412 7006,Estación Central,2021-08-17
4902,Oscar Manuel Espinosa Rocha,kmorales@example.net,+56 2 3407 0542,Río Ibáñez,2024-03-06
4903,Marta María Cisternas-Flores Muñoz,ctroncoso@example.com,+56 71 371 1137,Loncoche,2023-12-17
4904,Antonia Sepúlveda Durán,solisvictor@example.com,+56 2 2620 5801,Padre Hurtado,2023-08-26
4905,Adelaida Contreras,jaramacarena@example.org,+56 2 3862 9481,Pedro Aguirre Cerda,2022-05-13
4906,Cristina Victoria Sepúlveda Fuentes,ojedamanuela@example.net,+56 600 809 264,Fresia,2025-06-08
4907,Carola Jacqueline Núñez Mejías,cmartinez@example.com,+56 9 5449 9481,Licantén,2026-02-20
4908,María Isidora Salinas Toro,tomas42@example.com,+56 43 295 0557,Colina,2024-08-29
4909,Renato Salazar,rafael63@example.net,+56 9 9761 6379,San Ramón,2026-04-06
4910,Martín Soto,luztorres@example.org,+56 2 2654 7422,Lebu,2022-11-12
4911,Estefanía Yanet Vargas Escobar,josenavarro@example.org,+56 9 2477 4282,Taltal,2026-03-30
4912,Amanda Cubillos Riquelme,acunayasna@example.org,+56 2 2130 6372,Quilicura,2023-07-18
4913,Elsa Constanza Salas Osorio,lauranavarrete@example.org,+56 2 2764 1206,Porvenir,2021-11-30
4914,Michael Benjamín Allende Díaz,maximogatica@example.org,+56 9 6493 1310,Paine,2025-02-06
4915,Antonio Juan González González,osvaldo67@example.com,+56 42 345 6256,Tortel,2026-02-24
4916,Ana Sara Parra Gutiérrez,yasnapacheco@example.com,+56 9 5255 7484,San Ramón,2021-06-20
4917,Bernardita Inés Salazar Marchant,edwin01@example.com,+56 2 2663 0568,Olmué,2023-03-13
4918,Marcela Violeta Acevedo Sánchez,cgonzalez@example.com,+56 2 2268 0390,Freirina,2026-01-17
4919,María Karina Olave Bastías,xherrera@example.net,+56 2 2931 8941,Mariquina,2024-01-15
4920,Patricia García Riquelme,herrerafilomena@example.com,+56 800 173 446,Requínoa,2023-10-18
4921,Rodrigo Joaquín Sepúlveda Valdivia,wcid@example.org,+56 600 172 679,Alto Biobío,2024-08-01
4922,Norma Ninoska Rojas Correa,ediaz@example.com,+56 9 6525 7949,O'Higgins,2022-04-20
4923,Valentina Mirtha Cancino Mena,gcontreras@example.net,+56 57 239 2515,Huechuraba,2022-05-15
4924,Sofía Soto,jleon@example.com,+56 2 3568 9327,Saavedra,2021-08-05
4925,Mirta Francisca Salazar Carrillo,alvarezmaria@example.net,+56 800 337 660,Constitución,2025-12-30
4926,Fabiola Loreto Cárcamo Rodríguez,rivasfernando@example.com,+56 67 337 3049,Yerbas Buenas,2024-04-04
4927,Ingrid Leidy Riquelme Moreno,martingonzalez@example.org,+56 71 232 5917,Tiltil,2021-07-30
4928,Paulette Inzunza,vlorca@example.org,+56 63 344 4531,Tierra Amarilla,2024-10-14
4929,Marcia Hernández,aguilarcamila@example.net,+56 9 4792 6601,Hijuelas,2026-02-11
4930,Luis Jonathan Durán González,natalyruiz@example.net,+56 75 350 3223,Paiguano,2023-07-01
4931,María López,hidalgomillaray@example.net,+56 9 4432 1082,Colbún,2026-04-19
4932,Álvaro Alexander Soto Urra,munozana@example.com,+56 2 3761 6984,Peumo,2021-12-03
4933,Natalia Vilches,rubilarfrancisca@example.org,+56 52 222 5722,Santa Juana,2023-04-25
4934,Teresa Zúñiga Ramos,penabernardo@example.org,+56 2 3728 9584,Quemchi,2025-02-25
4935,Dennis Juan Hernández Peña,antonella10@example.com,+56 9 3321 7868,Vicuña,2023-07-20
4936,Rigoberto Aladino Briceño Carrasco,johanacontreras@example.net,+56 2 3851 9509,Coinco,2022-02-07
4937,Víctor Pedro Castro Méndez,maria65@example.net,+56 600 345 424,Chillán,2022-09-30
4938,Cristian Sebastián Sierra Oliva,guzmanelizabeth@example.net,+56 41 218 6634,San Vicente,2023-03-19
4939,Myriam Eloísa Aburto Muñoz,arayacarolina@example.net,+56 55 327 8264,Laja,2021-05-15
4940,Isidora Dominique Soto Jaramillo,camposdavid@example.com,+56 53 382 0707,Lota,2025-04-23
4941,Ana Silvia Astudillo Reyes,jhonvega@example.com,+56 58 281 7104,Yumbel,2023-11-03
4942,Rosa Myriam Rodríguez Naranjo,olucero@example.net,+56 9 3437 4034,Punitaqui,2024-01-27
4943,Luis Josue Castillo Silva,wcarrasco@example.com,+56 2 3881 7989,Cerro Navia,2026-04-03
4944,Liliana Emelina Torres Morales,wvera@example.net,+56 600 363 725,Melipeuco,2023-08-07
4945,Mauricio Zúñiga Núñez,ahumadagustavo@example.org,+56 600 999 099,Los Sauces,2023-01-22
4946,Oscar Espinoza Ríos,pojeda@example.com,+56 9 7754 1136,Alto Hospicio,2024-01-18
4947,Francisco Jara,ufigueroa@example.net,+56 72 381 3895,Codegua,2025-01-18
4948,Juan Silva-Pizarro Sepúlveda,felipe07@example.net,+56 9 2235 1180,Lampa,2025-04-22
4949,Francisco Carlos Castro Letelier,tgarcia@example.org,+56 600 857 093,Santa María,2022-02-22
4950,Juana Emilia Lobos Medina,zmedina@example.org,+56 43 361 0833,Constitución,2026-02-17
4951,José David Paredes Olivares,eduardo23@example.net,+56 43 341 4817,Los Andes,2025-01-07
4952,Omar Pavez González,vidalgabriela@example.org,+56 2 2535 6846,Santa Cruz,2022-03-24
4953,Pamela Karla Hidalgo Ortiz,pcortes@example.com,+56 600 246 561,Alto Biobío,2024-02-07
4954,Anahí Poblete-Lagos González,jarajaviera@example.net,+56 65 278 4460,Ñuñoa,2021-12-04
4955,Ximena Rafaela Maldonado Jara,abarraza@example.com,+56 43 242 6807,Teodoro Schmidt,2021-12-31
4956,Enrique Ronald Fuentes Paz,floridorplaza@example.org,+56 67 322 6843,Peumo,2023-04-07
4957,Eduardo Mancilla Flores,sergiopena@example.org,+56 2 3478 7486,Lo Barnechea,2025-03-20
4958,Isabel Medina,felipeherrera@example.net,+56 2 2770 0962,Colbún,2022-10-12
4959,María Cisternas Romero,moralesjohana@example.net,+56 600 509 875,San José de Maipo,2021-05-22
4960,Katherine Carrera Olivares,bibanez@example.net,+56 2 3941 5309,Los Muermos,2024-03-31
4961,Rigoberto Oscar Farías Hidalgo,diaztomas@example.org,+56 2 3569 4723,Isla de Maipo,2025-08-30
4962,Camila Alondra Carrillo Escalona,jlobos@example.org,+56 600 995 840,Paine,2022-07-20
4963,Sara Carrasco-Norambuena Manríquez,marisol75@example.com,+56 9 3925 6838,Cauquenes,2024-12-12
4964,Pedro Matamala Garrido,aldopino@example.com,+56 600 957 424,La Cisterna,2022-03-02
4965,Andrea Brito Toro,rosacerda@example.com,+56 64 282 6506,Cañete,2024-05-22
4966,Juan Cáceres Navarrete,gonzalovega@example.net,+56 32 220 6958,Coinco,2023-06-19
4967,Sergio Rivera Vega,joseguerra@example.org,+56 9 7839 1160,Sierra Gorda,2023-06-27
4968,Alejandra Sáez Díaz,mhernandez@example.net,+56 2 3722 7031,Peñalolén,2024-09-02
4969,Viviana María Mercado Guerrero,catalanjose@example.com,+56 65 273 2754,Calama,2021-07-26
4970,Thomas José González Moreno,john31@example.com,+56 9 8940 1659,San Ramón,2025-04-20
4971,Sebastián González Valdebenito,galvezmaria@example.net,+56 34 382 4390,Nacimiento,2024-09-24
4972,César Oliver Acuña Arce,yolandamora@example.net,+56 9 9998 2293,Yerbas Buenas,2023-12-24
4973,Richard Eduardo Pérez Sánchez,brunogallardo@example.org,+56 2 3961 0980,Peumo,2024-06-12
4974,Verónica Escobar Díaz,petronila80@example.net,+56 65 238 5467,Andacollo,2025-05-18
4975,Cristian Mondaca Castillo,rosafernandez@example.net,+56 9 9674 4164,Quillota,2025-08-07
4976,Anahí Ortiz Morales,estebanolivares@example.org,+56 9 3346 6770,Quemchi,2024-10-11
4977,Luciano Emilio Gajardo Zamora,manuelopazo@example.net,+56 44 345 7536,San Juan de la Costa,2023-02-15
4978,Isidora Osorio Faúndez,patriciamunoz@example.com,+56 2 2803 7265,Pencahue,2025-10-08
4979,Matías Marco Vásquez Carrillo,videlajuan@example.com,+56 2 3627 9381,María Pinto,2021-07-20
4980,Héctor Claudio Ibarra Vallejos,arevalomartina@example.org,+56 800 297 695,Villarrica,2024-09-21
4981,Johans Contreras Inostroza,maria39@example.org,+56 2 3398 0892,Quirihue,2023-12-02
4982,Olga Guerrero,dantesegura@example.net,+56 600 198 076,Dalcahue,2025-07-27
4983,Juan Bruno González Uribe,svega@example.org,+56 800 999 868,Calle Larga,2024-03-12
4984,Pablo Ronald Urrutia Muñoz,trinidadmolina@example.org,+56 32 233 5497,Corral,2024-02-06
4985,Ana Díaz Contreras,sotoandres@example.org,+56 800 527 928,Cañete,2021-10-16
4986,Luis Urra Pérez,lvargas@example.net,+56 9 9800 7836,Curaco de Vélez,2024-11-27
4987,Maite Morales Fuenzalida,castilloesteban@example.net,+56 2 3376 5181,Ránquil,2023-01-21
4988,María Iturra,juangarcia@example.net,+56 2 3845 6879,Hijuelas,2024-02-11
4989,Héctor Raúl Mardones Ibarra,cesar35@example.net,+56 33 350 7773,Antofagasta,2021-11-08
4990,Josefina Carolina García Herrera,anahigarrido@example.org,+56 2 2320 6077,Quintero,2023-05-16
4991,Mónica Rivas Zúñiga,vmunoz@example.org,+56 2 2488 3376,Frutillar,2021-08-17
4992,Benjamín Patricio Galleguillos Pacheco,renata62@example.net,+56 43 373 3953,Lo Barnechea,2025-01-04
4993,José Juan Varas Mendoza,oorellana@example.org,+56 35 288 1568,Negrete,2024-11-12
4994,Daniel Matías Trujillo Silva,rubenhernandez@example.org,+56 800 488 175,Cabrero,2022-01-29
4995,María Patricia Choque Uribe,patriciofarias@example.org,+56 2 2190 2366,Punta Arenas,2022-01-12
4996,Alicia Aravena,lopezjaime@example.org,+56 2 3630 3769,Talagante,2025-11-23
4997,Junior Juan Bravo Hernández,castillojuan@example.org,+56 9 5433 9007,Máfil,2024-07-09
4998,María Berta Leiva Rivas,cristobalmunoz@example.net,+56 9 7646 8560,Mulchén,2024-05-25
4999,Pedro Víctor Villalobos Aguilar,letelierana@example.org,+56 2 2727 7608,Frutillar,2023-05-31
5000,Luisa Lilian Pizarro Araya,bdelgado@example.org,+56 2 2486 9801,General Lagos,2023-12-09
