policy_id,customer_id,policy_type,start_date,end_date,premium_amount
1,118,PREMIUM,2025-12-28,2026-12-28,2992.3
2,2985,THIRD_PARTY,2023-05-31,2024-05-30,2331.7
3,3185,THIRD_PARTY,2025-04-14,2026-04-14,1288.14
4,1221,PREMIUM,2025-08-18,2026-08-18,1999.42
5,3913,PREMIUM,2023-09-10,2024-09-09,2630.24
6,2208,THIRD_PARTY,2024-11-21,2025-11-21,1059.18
7,3081,PREMIUM,2025-01-22,2026-01-22,1924.73
8,1583,FULL_COVERAGE,2025-11-12,2026-11-12,1446.83
9,3527,FULL_COVERAGE,2023-10-31,2024-10-30,1191.8
10,2138,PREMIUM,2024-03-27,2025-03-27,1613.56
11,1738,FULL_COVERAGE,2023-12-02,2024-12-01,1753.29
12,130,FULL_COVERAGE,2023-09-18,2024-09-17,2097.72
13,3429,FULL_COVERAGE,2025-06-18,2026-06-18,2137.51
14,4407,FULL_COVERAGE,2023-10-02,2024-10-01,338.07
15,2428,PREMIUM,2025-01-24,2026-01-24,454.58
16,975,PREMIUM,2026-02-04,2027-02-04,1313.67
17,2235,PREMIUM,2025-12-25,2026-12-25,516.68
18,16,FULL_COVERAGE,2025-07-07,2026-07-07,1448.78
19,2626,PREMIUM,2024-05-12,2025-05-12,2354.86
20,3692,FULL_COVERAGE,2024-07-31,2025-07-31,609.12
21,4966,FULL_COVERAGE,2024-12-27,2025-12-27,1301.92
22,35,PREMIUM,2025-11-05,2026-11-05,1797.55
23,2211,FULL_COVERAGE,2025-05-23,2026-05-23,2486.46
24,3075,FULL_COVERAGE,2026-01-02,2027-01-02,1861.99
25,2353,FULL_COVERAGE,2024-02-08,2025-02-07,1090.97
26,595,FULL_COVERAGE,2025-02-11,2026-02-11,2615.9
27,3975,FULL_COVERAGE,2025-01-15,2026-01-15,348.83
28,4835,FULL_COVERAGE,2025-01-08,2026-01-08,478.05
29,1232,FULL_COVERAGE,2025-09-08,2026-09-08,1738.97
30,2413,THIRD_PARTY,2023-12-15,2024-12-14,2390.23
31,4351,THIRD_PARTY,2023-08-10,2024-08-09,1552.3
32,4828,THIRD_PARTY,2024-11-29,2025-11-29,2854.28
33,4221,PREMIUM,2023-06-03,2024-06-02,2809.89
34,3890,PREMIUM,2025-01-03,2026-01-03,1934.93
35,1441,THIRD_PARTY,2023-08-13,2024-08-12,1539.06
36,119,THIRD_PARTY,2023-05-26,2024-05-25,1140.75
37,3515,PREMIUM,2025-05-21,2026-05-21,1321.7
38,4128,PREMIUM,2026-01-12,2027-01-12,844.66
39,4741,PREMIUM,2024-02-24,2025-02-23,1272.21
40,1081,THIRD_PARTY,2025-12-17,2026-12-17,1455.35
41,1455,FULL_COVERAGE,2023-05-16,2024-05-15,2171.12
42,300,FULL_COVERAGE,2023-12-23,2024-12-22,548.38
43,1466,PREMIUM,2025-08-06,2026-08-06,1540.35
44,475,PREMIUM,2024-02-02,2025-02-01,1153.55
45,1387,FULL_COVERAGE,2025-10-01,2026-10-01,766.42
46,3416,THIRD_PARTY,2024-11-19,2025-11-19,922.92
47,611,PREMIUM,2025-04-26,2026-04-26,2074.99
48,3464,THIRD_PARTY,2023-10-08,2024-10-07,2088.07
49,713,PREMIUM,2024-01-27,2025-01-26,575.79
50,1941,THIRD_PARTY,2026-01-21,2027-01-21,852.02
51,3727,PREMIUM,2024-05-08,2025-05-08,2139.31
52,1827,FULL_COVERAGE,2024-08-08,2025-08-08,1186.85
53,4046,PREMIUM,2023-12-22,2024-12-21,846.83
54,1577,FULL_COVERAGE,2023-09-03,2024-09-02,2118.24
55,3113,FULL_COVERAGE,2023-08-05,2024-08-04,1031.42
56,1862,THIRD_PARTY,2026-04-04,2027-04-04,474.63
57,3586,FULL_COVERAGE,2023-11-04,2024-11-03,2280.96
58,3450,THIRD_PARTY,2024-07-02,2025-07-02,1673.32
59,2524,PREMIUM,2025-05-11,2026-05-11,1247.61
60,2282,PREMIUM,2025-01-10,2026-01-10,1180.29
61,2868,THIRD_PARTY,2023-06-02,2024-06-01,809.99
62,3572,THIRD_PARTY,2026-01-29,2027-01-29,1138.13
63,1210,PREMIUM,2025-03-25,2026-03-25,1649.99
64,3342,PREMIUM,2025-12-06,2026-12-06,495.36
65,4883,THIRD_PARTY,2024-05-04,2025-05-04,407.94
66,4316,PREMIUM,2023-09-01,2024-08-31,2083.09
67,2934,PREMIUM,2025-07-04,2026-07-04,2640.14
68,4520,PREMIUM,2025-10-10,2026-10-10,2707.6
69,3704,FULL_COVERAGE,2025-03-13,2026-03-13,2433.49
70,11,FULL_COVERAGE,2025-11-03,2026-11-03,1944.28
71,3342,PREMIUM,2026-02-17,2027-02-17,2950.61
72,878,FULL_COVERAGE,2025-08-12,2026-08-12,2237.88
73,520,FULL_COVERAGE,2025-08-20,2026-08-20,2538.3
74,3201,PREMIUM,2024-06-24,2025-06-24,2379.84
75,1407,FULL_COVERAGE,2023-09-03,2024-09-02,1089.29
76,4566,PREMIUM,2023-08-07,2024-08-06,958.04
77,3332,THIRD_PARTY,2025-08-03,2026-08-03,1800.11
78,3792,FULL_COVERAGE,2024-06-19,2025-06-19,950.11
79,2896,FULL_COVERAGE,2024-09-02,2025-09-02,608.93
80,3180,THIRD_PARTY,2025-04-14,2026-04-14,2562.33
81,2,PREMIUM,2025-03-13,2026-03-13,1933.58
82,2165,THIRD_PARTY,2025-01-23,2026-01-23,855.91
83,9,THIRD_PARTY,2025-06-14,2026-06-14,1184.73
84,2424,PREMIUM,2024-01-07,2025-01-06,945.8
85,3293,FULL_COVERAGE,2024-10-08,2025-10-08,884.48
86,1602,FULL_COVERAGE,2025-04-25,2026-04-25,1876.37
87,855,FULL_COVERAGE,2024-12-16,2025-12-16,2992.67
88,4534,THIRD_PARTY,2025-02-05,2026-02-05,395.49
89,2574,THIRD_PARTY,2026-02-18,2027-02-18,757.6
90,3499,PREMIUM,2025-05-28,2026-05-28,1213.83
91,314,FULL_COVERAGE,2025-03-12,2026-03-12,1665.16
92,1647,FULL_COVERAGE,2024-04-06,2025-04-06,1789.25
93,2073,PREMIUM,2024-10-17,2025-10-17,2194.06
94,898,PREMIUM,2025-08-09,2026-08-09,1733.19
95,3729,PREMIUM,2025-01-31,2026-01-31,1433.82
96,4621,PREMIUM,2026-03-02,2027-03-02,1522.1
97,4757,THIRD_PARTY,2025-09-30,2026-09-30,1982.77
98,911,PREMIUM,2025-04-27,2026-04-27,1080.65
99,2517,PREMIUM,2025-03-27,2026-03-27,1347.99
100,294,THIRD_PARTY,2024-12-27,2025-12-27,2424.03
101,3989,THIRD_PARTY,2023-11-14,2024-11-13,968.83
102,3428,THIRD_PARTY,2023-12-15,2024-12-14,1071.21
103,4572,FULL_COVERAGE,2024-07-03,2025-07-03,2406.07
104,1700,THIRD_PARTY,2025-04-05,2026-04-05,910.85
105,4094,THIRD_PARTY,2023-07-19,2024-07-18,307.26
106,2007,PREMIUM,2025-09-10,2026-09-10,2450.1
107,3052,THIRD_PARTY,2024-01-26,2025-01-25,1533.39
108,3259,FULL_COVERAGE,2024-09-09,2025-09-09,1377.22
109,2702,FULL_COVERAGE,2024-06-25,2025-06-25,2268.57
110,74,PREMIUM,2024-10-23,2025-10-23,2328.09
111,2317,THIRD_PARTY,2023-06-05,2024-06-04,425.34
112,872,THIRD_PARTY,2024-09-29,2025-09-29,2676.44
113,4007,THIRD_PARTY,2024-08-21,2025-08-21,1567.47
114,1023,THIRD_PARTY,2024-09-13,2025-09-13,2514.42
115,4398,FULL_COVERAGE,2023-07-01,2024-06-30,1256.08
116,274,PREMIUM,2025-11-16,2026-11-16,2992.1
117,1144,FULL_COVERAGE,2025-11-23,2026-11-23,2240.76
118,382,THIRD_PARTY,2023-06-11,2024-06-10,2170.19
119,910,FULL_COVERAGE,2025-12-02,2026-12-02,2121.25
120,4971,THIRD_PARTY,2023-08-12,2024-08-11,946.69
121,2791,PREMIUM,2025-02-24,2026-02-24,417.26
122,3310,FULL_COVERAGE,2025-12-04,2026-12-04,1494.87
123,3219,THIRD_PARTY,2023-12-08,2024-12-07,1757.92
124,1067,FULL_COVERAGE,2024-01-05,2025-01-04,708.77
125,4800,PREMIUM,2024-07-21,2025-07-21,2283.32
126,4960,THIRD_PARTY,2024-09-12,2025-09-12,2537.26
127,2022,PREMIUM,2023-09-11,2024-09-10,1898.45
128,2123,PREMIUM,2025-11-03,2026-11-03,1063.5
129,690,FULL_COVERAGE,2024-02-10,2025-02-09,2943.73
130,1351,FULL_COVERAGE,2025-05-23,2026-05-23,1485.63
131,2571,PREMIUM,2025-03-23,2026-03-23,2570.29
132,3210,FULL_COVERAGE,2024-10-25,2025-10-25,1948.76
133,2284,PREMIUM,2025-07-29,2026-07-29,684.99
134,3637,FULL_COVERAGE,2024-02-01,2025-01-31,1867.0
135,1932,THIRD_PARTY,2023-08-26,2024-08-25,1942.51
136,3966,PREMIUM,2026-01-18,2027-01-18,2034.48
137,4552,PREMIUM,2023-07-20,2024-07-19,2747.92
138,3346,FULL_COVERAGE,2023-08-11,2024-08-10,555.96
139,1443,FULL_COVERAGE,2024-08-21,2025-08-21,2796.1
140,1112,PREMIUM,2024-03-02,2025-03-02,1504.28
141,4348,PREMIUM,2024-01-08,2025-01-07,1295.04
142,1760,THIRD_PARTY,2025-02-04,2026-02-04,2643.41
143,774,FULL_COVERAGE,2023-11-30,2024-11-29,868.05
144,2731,PREMIUM,2024-11-26,2025-11-26,2518.76
145,1368,FULL_COVERAGE,2023-12-07,2024-12-06,1732.36
146,4929,THIRD_PARTY,2023-05-26,2024-05-25,2957.52
147,559,PREMIUM,2024-08-26,2025-08-26,1028.91
148,3588,FULL_COVERAGE,2025-06-06,2026-06-06,847.41
149,1835,THIRD_PARTY,2024-07-08,2025-07-08,592.97
150,1262,THIRD_PARTY,2025-03-26,2026-03-26,755.22
151,1290,THIRD_PARTY,2025-02-21,2026-02-21,2228.27
152,3162,PREMIUM,2025-10-18,2026-10-18,1974.48
153,4633,PREMIUM,2024-07-04,2025-07-04,2142.03
154,324,FULL_COVERAGE,2023-06-12,2024-06-11,2020.07
155,3587,FULL_COVERAGE,2025-06-04,2026-06-04,1890.58
156,1041,FULL_COVERAGE,2024-05-21,2025-05-21,2383.43
157,314,THIRD_PARTY,2025-01-08,2026-01-08,2355.62
158,1326,FULL_COVERAGE,2024-07-04,2025-07-04,2884.17
159,558,FULL_COVERAGE,2024-08-21,2025-08-21,1034.13
160,831,THIRD_PARTY,2024-12-19,2025-12-19,1460.2
161,2508,FULL_COVERAGE,2023-06-01,2024-05-31,2160.2
162,3772,PREMIUM,2024-02-07,2025-02-06,2500.8
163,2281,PREMIUM,2025-11-30,2026-11-30,2439.6
164,1894,PREMIUM,2026-01-01,2027-01-01,1800.4
165,1190,FULL_COVERAGE,2024-04-17,2025-04-17,1135.81
166,3251,PREMIUM,2024-09-17,2025-09-17,2616.98
167,3873,FULL_COVERAGE,2024-05-17,2025-05-17,1068.72
168,1681,PREMIUM,2025-04-19,2026-04-19,1332.5
169,267,THIRD_PARTY,2025-05-18,2026-05-18,1313.22
170,213,THIRD_PARTY,2025-05-13,2026-05-13,731.6
171,1409,THIRD_PARTY,2023-11-14,2024-11-13,1982.34
172,4667,THIRD_PARTY,2025-06-26,2026-06-26,584.52
173,4415,THIRD_PARTY,2026-01-23,2027-01-23,1087.11
174,1562,THIRD_PARTY,2025-10-01,2026-10-01,2788.67
175,4457,THIRD_PARTY,2023-11-26,2024-11-25,2882.08
176,4562,THIRD_PARTY,2025-09-07,2026-09-07,1777.19
177,829,FULL_COVERAGE,2023-09-06,2024-09-05,2187.59
178,4331,PREMIUM,2024-11-07,2025-11-07,1071.45
179,2112,THIRD_PARTY,2025-10-18,2026-10-18,1056.38
180,4180,PREMIUM,2025-02-08,2026-02-08,758.69
181,3378,THIRD_PARTY,2023-09-26,2024-09-25,2894.95
182,2430,THIRD_PARTY,2024-11-12,2025-11-12,1913.58
183,2646,THIRD_PARTY,2025-07-15,2026-07-15,2256.19
184,4369,FULL_COVERAGE,2025-09-01,2026-09-01,1843.75
185,1050,FULL_COVERAGE,2024-03-28,2025-03-28,2075.16
186,2627,THIRD_PARTY,2025-07-09,2026-07-09,2217.79
187,420,PREMIUM,2025-05-20,2026-05-20,1299.19
188,4603,THIRD_PARTY,2024-02-12,2025-02-11,2225.0
189,2639,PREMIUM,2024-06-05,2025-06-05,2005.99
190,3795,THIRD_PARTY,2023-10-23,2024-10-22,2553.11
191,1935,THIRD_PARTY,2025-01-28,2026-01-28,2379.24
192,4055,FULL_COVERAGE,2025-03-28,2026-03-28,1189.2
193,3901,FULL_COVERAGE,2024-12-08,2025-12-08,2312.22
194,3434,PREMIUM,2025-10-16,2026-10-16,1912.71
195,3896,FULL_COVERAGE,2025-09-02,2026-09-02,560.33
196,2336,FULL_COVERAGE,2024-06-17,2025-06-17,2263.38
197,38,THIRD_PARTY,2026-01-17,2027-01-17,1253.54
198,3880,THIRD_PARTY,2023-07-02,2024-07-01,2477.76
199,1415,PREMIUM,2024-03-27,2025-03-27,749.36
200,3755,FULL_COVERAGE,2024-08-18,2025-08-18,1775.19
201,3215,FULL_COVERAGE,2025-09-23,2026-09-23,1589.72
202,276,FULL_COVERAGE,2025-10-15,2026-10-15,612.52
203,3007,THIRD_PARTY,2025-07-20,2026-07-20,429.63
204,483,FULL_COVERAGE,2025-10-19,2026-10-19,2337.76
205,4414,PREMIUM,2023-12-19,2024-12-18,2728.46
206,3750,FULL_COVERAGE,2024-05-13,2025-05-13,542.26
207,3177,PREMIUM,2026-01-26,2027-01-26,470.93
208,3437,FULL_COVERAGE,2025-10-15,2026-10-15,2990.94
209,2839,FULL_COVERAGE,2025-08-12,2026-08-12,1836.3
210,4811,PREMIUM,2023-09-11,2024-09-10,2813.49
211,3264,FULL_COVERAGE,2025-11-14,2026-11-14,1861.58
212,220,THIRD_PARTY,2024-10-03,2025-10-03,1298.52
213,291,FULL_COVERAGE,2025-08-12,2026-08-12,1888.91
214,2517,THIRD_PARTY,2023-05-17,2024-05-16,2225.91
215,2407,PREMIUM,2025-06-14,2026-06-14,2312.49
216,94,PREMIUM,2024-06-15,2025-06-15,2263.46
217,3371,PREMIUM,2023-06-17,2024-06-16,1727.29
218,2446,FULL_COVERAGE,2024-09-02,2025-09-02,853.93
219,67,THIRD_PARTY,2025-10-11,2026-10-11,314.11
220,4149,FULL_COVERAGE,2025-09-01,2026-09-01,1577.4
221,3096,PREMIUM,2025-01-13,2026-01-13,577.81
222,4777,PREMIUM,2025-01-19,2026-01-19,2155.31
223,2566,FULL_COVERAGE,2023-11-06,2024-11-05,1658.99
224,2705,PREMIUM,2023-07-03,2024-07-02,1472.04
225,4259,FULL_COVERAGE,2024-09-30,2025-09-30,1050.72
226,2243,FULL_COVERAGE,2024-01-18,2025-01-17,1760.45
227,3020,THIRD_PARTY,2023-05-19,2024-05-18,1030.8
228,1182,PREMIUM,2023-09-18,2024-09-17,910.88
229,2629,PREMIUM,2025-12-03,2026-12-03,1297.45
230,2944,PREMIUM,2025-08-05,2026-08-05,1228.31
231,412,THIRD_PARTY,2024-10-03,2025-10-03,854.98
232,1086,FULL_COVERAGE,2025-12-30,2026-12-30,904.96
233,4280,PREMIUM,2026-03-31,2027-03-31,645.57
234,3503,THIRD_PARTY,2025-05-26,2026-05-26,2589.61
235,3778,THIRD_PARTY,2024-02-22,2025-02-21,1477.54
236,3469,FULL_COVERAGE,2024-08-24,2025-08-24,1420.29
237,3258,PREMIUM,2025-07-20,2026-07-20,1567.51
238,881,THIRD_PARTY,2025-02-16,2026-02-16,2831.16
239,1265,PREMIUM,2023-06-13,2024-06-12,2585.59
240,2702,FULL_COVERAGE,2025-05-08,2026-05-08,610.09
241,3802,FULL_COVERAGE,2024-03-19,2025-03-19,2234.68
242,904,PREMIUM,2023-07-26,2024-07-25,1783.62
243,3900,FULL_COVERAGE,2024-02-06,2025-02-05,838.92
244,1973,PREMIUM,2023-08-13,2024-08-12,1687.32
245,316,PREMIUM,2024-01-31,2025-01-30,1430.78
246,2430,THIRD_PARTY,2024-10-19,2025-10-19,2200.86
247,652,FULL_COVERAGE,2023-08-26,2024-08-25,1683.65
248,1989,PREMIUM,2023-08-22,2024-08-21,2280.79
249,3777,FULL_COVERAGE,2024-12-29,2025-12-29,2890.67
250,1212,THIRD_PARTY,2025-10-22,2026-10-22,1257.36
251,3766,THIRD_PARTY,2025-05-22,2026-05-22,2831.55
252,2604,FULL_COVERAGE,2024-12-21,2025-12-21,755.3
253,4089,PREMIUM,2023-10-04,2024-10-03,2100.33
254,1636,THIRD_PARTY,2024-06-21,2025-06-21,732.94
255,3518,PREMIUM,2025-04-22,2026-04-22,1091.66
256,4000,FULL_COVERAGE,2024-02-17,2025-02-16,722.39
257,3874,PREMIUM,2024-12-11,2025-12-11,556.82
258,947,PREMIUM,2024-10-21,2025-10-21,2572.0
259,4696,FULL_COVERAGE,2025-11-16,2026-11-16,727.33
260,4025,PREMIUM,2024-08-30,2025-08-30,1140.32
261,4543,THIRD_PARTY,2024-10-15,2025-10-15,1510.65
262,1108,PREMIUM,2025-03-27,2026-03-27,675.17
263,1375,PREMIUM,2025-01-17,2026-01-17,387.11
264,948,FULL_COVERAGE,2026-03-03,2027-03-03,1983.77
265,3661,THIRD_PARTY,2024-05-21,2025-05-21,1722.04
266,2173,PREMIUM,2025-03-25,2026-03-25,1269.14
267,1872,PREMIUM,2023-08-01,2024-07-31,2137.5
268,3791,THIRD_PARTY,2024-02-12,2025-02-11,347.14
269,1800,THIRD_PARTY,2025-08-02,2026-08-02,2087.99
270,2242,FULL_COVERAGE,2026-04-11,2027-04-11,2203.03
271,4502,FULL_COVERAGE,2025-04-23,2026-04-23,1904.75
272,42,THIRD_PARTY,2023-08-19,2024-08-18,597.94
273,3464,FULL_COVERAGE,2025-07-02,2026-07-02,2510.75
274,201,FULL_COVERAGE,2026-02-04,2027-02-04,642.47
275,2604,FULL_COVERAGE,2025-06-27,2026-06-27,2863.1
276,952,FULL_COVERAGE,2025-03-05,2026-03-05,2271.51
277,4505,FULL_COVERAGE,2025-03-26,2026-03-26,2248.31
278,3517,THIRD_PARTY,2023-12-06,2024-12-05,1190.13
279,2445,PREMIUM,2025-04-28,2026-04-28,2610.11
280,2059,PREMIUM,2023-05-17,2024-05-16,828.74
281,4936,THIRD_PARTY,2025-04-22,2026-04-22,2083.32
282,4413,THIRD_PARTY,2024-02-05,2025-02-04,2893.79
283,4081,PREMIUM,2025-12-10,2026-12-10,744.92
284,2542,PREMIUM,2025-01-22,2026-01-22,1345.85
285,2279,PREMIUM,2024-02-07,2025-02-06,1810.05
286,3458,PREMIUM,2023-07-07,2024-07-06,1704.85
287,3102,PREMIUM,2024-09-03,2025-09-03,1536.67
288,3887,THIRD_PARTY,2025-01-21,2026-01-21,2122.5
289,158,FULL_COVERAGE,2024-06-19,2025-06-19,1575.96
290,2235,FULL_COVERAGE,2026-02-07,2027-02-07,920.06
291,2670,PREMIUM,2023-06-08,2024-06-07,2154.11
292,2420,THIRD_PARTY,2023-07-15,2024-07-14,2412.76
293,4375,FULL_COVERAGE,2025-05-13,2026-05-13,1685.03
294,1930,PREMIUM,2023-09-11,2024-09-10,1324.79
295,2453,FULL_COVERAGE,2024-11-15,2025-11-15,490.22
296,977,PREMIUM,2024-10-19,2025-10-19,1390.24
297,440,THIRD_PARTY,2025-04-14,2026-04-14,2289.82
298,4277,THIRD_PARTY,2024-10-20,2025-10-20,1583.71
299,2134,THIRD_PARTY,2024-05-05,2025-05-05,904.14
300,2325,FULL_COVERAGE,2024-11-23,2025-11-23,492.53
301,1089,FULL_COVERAGE,2025-12-04,2026-12-04,1320.58
302,411,THIRD_PARTY,2023-07-02,2024-07-01,2855.77
303,872,FULL_COVERAGE,2024-01-10,2025-01-09,2942.36
304,419,FULL_COVERAGE,2025-03-04,2026-03-04,2638.8
305,3247,FULL_COVERAGE,2025-09-06,2026-09-06,1225.88
306,3165,THIRD_PARTY,2024-10-14,2025-10-14,1577.91
307,3379,PREMIUM,2025-01-17,2026-01-17,2197.92
308,1348,PREMIUM,2023-06-07,2024-06-06,390.84
309,4968,FULL_COVERAGE,2025-08-09,2026-08-09,342.07
310,4932,THIRD_PARTY,2024-11-04,2025-11-04,2760.0
311,4552,FULL_COVERAGE,2025-03-11,2026-03-11,784.95
312,2776,FULL_COVERAGE,2025-01-19,2026-01-19,1482.5
313,4558,PREMIUM,2024-03-02,2025-03-02,1336.35
314,895,THIRD_PARTY,2023-05-24,2024-05-23,2904.78
315,4615,PREMIUM,2024-03-11,2025-03-11,909.69
316,4753,FULL_COVERAGE,2025-12-22,2026-12-22,2172.82
317,4739,PREMIUM,2025-06-12,2026-06-12,1020.89
318,1570,FULL_COVERAGE,2025-04-04,2026-04-04,1758.61
319,3995,FULL_COVERAGE,2025-03-04,2026-03-04,2936.33
320,2657,PREMIUM,2025-08-14,2026-08-14,2601.62
321,1369,PREMIUM,2025-04-22,2026-04-22,1365.56
322,3100,THIRD_PARTY,2024-12-04,2025-12-04,2774.6
323,2813,FULL_COVERAGE,2026-02-21,2027-02-21,429.3
324,2037,THIRD_PARTY,2025-07-31,2026-07-31,1418.97
325,4951,PREMIUM,2024-03-18,2025-03-18,2344.28
326,3842,FULL_COVERAGE,2024-09-20,2025-09-20,387.1
327,3003,FULL_COVERAGE,2025-06-01,2026-06-01,2745.66
328,765,FULL_COVERAGE,2023-12-23,2024-12-22,674.87
329,1619,PREMIUM,2023-07-30,2024-07-29,2465.44
330,1508,FULL_COVERAGE,2025-12-10,2026-12-10,2729.61
331,378,FULL_COVERAGE,2024-05-22,2025-05-22,1709.0
332,4166,PREMIUM,2026-03-12,2027-03-12,2455.14
333,975,THIRD_PARTY,2024-05-31,2025-05-31,360.44
334,581,THIRD_PARTY,2024-03-03,2025-03-03,504.49
335,4392,FULL_COVERAGE,2023-07-23,2024-07-22,2505.96
336,2625,FULL_COVERAGE,2023-07-03,2024-07-02,573.71
337,1247,FULL_COVERAGE,2023-06-11,2024-06-10,574.93
338,203,FULL_COVERAGE,2024-10-09,2025-10-09,768.02
339,2531,THIRD_PARTY,2025-09-22,2026-09-22,2741.23
340,4620,FULL_COVERAGE,2024-03-19,2025-03-19,1923.71
341,1517,FULL_COVERAGE,2026-01-03,2027-01-03,2861.28
342,1585,THIRD_PARTY,2023-10-14,2024-10-13,2332.29
343,315,THIRD_PARTY,2025-11-19,2026-11-19,1748.63
344,4734,FULL_COVERAGE,2024-10-10,2025-10-10,2813.66
345,3132,FULL_COVERAGE,2023-09-29,2024-09-28,1158.78
346,516,PREMIUM,2026-03-04,2027-03-04,1020.78
347,4869,THIRD_PARTY,2024-02-04,2025-02-03,844.94
348,552,THIRD_PARTY,2024-06-18,2025-06-18,1508.85
349,4085,PREMIUM,2024-11-08,2025-11-08,1606.56
350,194,FULL_COVERAGE,2024-08-18,2025-08-18,2108.35
351,2170,PREMIUM,2023-12-18,2024-12-17,554.52
352,346,THIRD_PARTY,2026-01-06,2027-01-06,1299.09
353,2158,FULL_COVERAGE,2025-10-16,2026-10-16,1098.56
354,2730,FULL_COVERAGE,2025-01-07,2026-01-07,2479.89
355,4815,THIRD_PARTY,2024-06-29,2025-06-29,2035.69
356,2964,THIRD_PARTY,2023-10-06,2024-10-05,2356.13
357,4637,THIRD_PARTY,2023-10-22,2024-10-21,1676.71
358,121,FULL_COVERAGE,2025-07-29,2026-07-29,571.5
359,1190,PREMIUM,2025-12-13,2026-12-13,553.95
360,1295,FULL_COVERAGE,2023-05-13,2024-05-12,2537.72
361,719,FULL_COVERAGE,2026-01-21,2027-01-21,1552.41
362,3090,PREMIUM,2024-12-13,2025-12-13,2769.81
363,4565,THIRD_PARTY,2023-09-20,2024-09-19,953.75
364,4000,PREMIUM,2026-03-25,2027-03-25,480.69
365,4672,PREMIUM,2024-08-25,2025-08-25,1439.86
366,4584,THIRD_PARTY,2026-03-25,2027-03-25,794.04
367,3800,PREMIUM,2023-12-30,2024-12-29,2904.58
368,2302,FULL_COVERAGE,2025-02-04,2026-02-04,1244.58
369,787,PREMIUM,2023-08-05,2024-08-04,917.23
370,4436,THIRD_PARTY,2024-01-11,2025-01-10,2599.93
371,3447,PREMIUM,2025-10-10,2026-10-10,1294.23
372,1167,PREMIUM,2024-06-28,2025-06-28,470.56
373,2253,FULL_COVERAGE,2025-06-19,2026-06-19,2144.16
374,4916,THIRD_PARTY,2026-03-03,2027-03-03,2639.22
375,4206,FULL_COVERAGE,2025-07-07,2026-07-07,1348.2
376,2131,FULL_COVERAGE,2025-06-17,2026-06-17,337.48
377,554,FULL_COVERAGE,2025-04-26,2026-04-26,2121.13
378,2746,FULL_COVERAGE,2023-09-16,2024-09-15,1746.06
379,1840,THIRD_PARTY,2024-06-09,2025-06-09,2206.08
380,292,PREMIUM,2025-09-29,2026-09-29,2889.82
381,351,THIRD_PARTY,2025-02-01,2026-02-01,2068.04
382,554,FULL_COVERAGE,2025-03-07,2026-03-07,529.51
383,2492,FULL_COVERAGE,2025-01-06,2026-01-06,2854.48
384,2916,FULL_COVERAGE,2026-02-19,2027-02-19,1836.52
385,4396,PREMIUM,2023-12-06,2024-12-05,856.24
386,4857,THIRD_PARTY,2026-01-18,2027-01-18,2678.33
387,1255,THIRD_PARTY,2025-02-27,2026-02-27,605.18
388,4105,FULL_COVERAGE,2024-03-19,2025-03-19,453.33
389,4411,PREMIUM,2024-03-20,2025-03-20,2955.48
390,2924,THIRD_PARTY,2026-04-10,2027-04-10,1906.72
391,577,FULL_COVERAGE,2025-10-02,2026-10-02,2011.15
392,576,FULL_COVERAGE,2025-02-21,2026-02-21,2785.39
393,772,FULL_COVERAGE,2025-01-22,2026-01-22,391.2
394,3072,FULL_COVERAGE,2025-09-24,2026-09-24,1396.81
395,2851,FULL_COVERAGE,2025-04-16,2026-04-16,1096.62
396,3740,FULL_COVERAGE,2024-12-13,2025-12-13,1452.59
397,93,THIRD_PARTY,2024-07-19,2025-07-19,2300.13
398,3612,THIRD_PARTY,2023-08-06,2024-08-05,2026.3
399,2036,PREMIUM,2023-06-10,2024-06-09,1196.8
400,4817,THIRD_PARTY,2024-12-10,2025-12-10,2352.91
401,1234,FULL_COVERAGE,2024-01-02,2025-01-01,2115.49
402,2002,THIRD_PARTY,2026-01-03,2027-01-03,2938.86
403,4776,THIRD_PARTY,2025-03-08,2026-03-08,1349.17
404,551,FULL_COVERAGE,2025-02-25,2026-02-25,1582.78
405,3198,FULL_COVERAGE,2023-10-23,2024-10-22,2379.12
406,229,PREMIUM,2024-11-29,2025-11-29,2615.49
407,2980,THIRD_PARTY,2025-10-15,2026-10-15,1606.74
408,4748,PREMIUM,2025-06-30,2026-06-30,671.26
409,3958,FULL_COVERAGE,2025-01-20,2026-01-20,891.74
410,3622,PREMIUM,2024-11-26,2025-11-26,2448.47
411,3863,THIRD_PARTY,2025-12-13,2026-12-13,654.71
412,4457,FULL_COVERAGE,2023-06-05,2024-06-04,786.78
413,1030,PREMIUM,2023-07-22,2024-07-21,1200.67
414,2971,PREMIUM,2024-10-08,2025-10-08,2793.1
415,3020,PREMIUM,2025-04-10,2026-04-10,304.8
416,777,THIRD_PARTY,2026-03-03,2027-03-03,1080.82
417,702,THIRD_PARTY,2023-09-11,2024-09-10,857.54
418,4311,PREMIUM,2023-12-17,2024-12-16,2197.56
419,4154,THIRD_PARTY,2023-12-23,2024-12-22,1775.97
420,2109,PREMIUM,2024-03-21,2025-03-21,1052.1
421,2314,PREMIUM,2025-11-28,2026-11-28,2188.73
422,4524,THIRD_PARTY,2025-08-30,2026-08-30,2704.13
423,4297,FULL_COVERAGE,2023-05-28,2024-05-27,485.39
424,4142,FULL_COVERAGE,2024-07-11,2025-07-11,2365.78
425,2578,PREMIUM,2024-01-07,2025-01-06,1464.32
426,1365,PREMIUM,2024-06-27,2025-06-27,2203.86
427,422,PREMIUM,2024-08-15,2025-08-15,1281.59
428,237,FULL_COVERAGE,2026-01-19,2027-01-19,1830.91
429,112,THIRD_PARTY,2023-11-22,2024-11-21,1879.22
430,967,PREMIUM,2023-12-26,2024-12-25,2759.37
431,2898,THIRD_PARTY,2024-05-13,2025-05-13,2342.68
432,1231,FULL_COVERAGE,2026-02-07,2027-02-07,674.31
433,4638,THIRD_PARTY,2026-01-20,2027-01-20,2585.12
434,4598,THIRD_PARTY,2024-06-02,2025-06-02,521.09
435,4843,FULL_COVERAGE,2025-04-22,2026-04-22,2892.66
436,1379,FULL_COVERAGE,2024-06-08,2025-06-08,1201.1
437,3868,PREMIUM,2023-07-19,2024-07-18,1286.01
438,4697,THIRD_PARTY,2023-06-27,2024-06-26,1331.02
439,994,FULL_COVERAGE,2023-08-14,2024-08-13,1379.41
440,3048,PREMIUM,2025-04-21,2026-04-21,1535.79
441,3817,PREMIUM,2025-03-12,2026-03-12,1738.06
442,2943,THIRD_PARTY,2024-12-21,2025-12-21,2849.06
443,4950,PREMIUM,2025-05-07,2026-05-07,2472.4
444,2836,FULL_COVERAGE,2023-09-20,2024-09-19,2524.99
445,4971,PREMIUM,2025-11-01,2026-11-01,503.33
446,3209,PREMIUM,2025-11-02,2026-11-02,2784.01
447,1046,PREMIUM,2023-09-17,2024-09-16,2592.75
448,846,FULL_COVERAGE,2024-09-24,2025-09-24,1016.21
449,4173,FULL_COVERAGE,2023-08-03,2024-08-02,2874.14
450,521,FULL_COVERAGE,2024-07-20,2025-07-20,2285.65
451,2342,THIRD_PARTY,2025-03-17,2026-03-17,369.58
452,2260,FULL_COVERAGE,2023-07-07,2024-07-06,2200.67
453,1380,FULL_COVERAGE,2025-09-23,2026-09-23,420.95
454,2779,FULL_COVERAGE,2024-01-25,2025-01-24,1204.42
455,1144,FULL_COVERAGE,2023-06-23,2024-06-22,836.58
456,4276,FULL_COVERAGE,2026-02-26,2027-02-26,1342.94
457,3281,PREMIUM,2025-11-15,2026-11-15,2402.82
458,3969,THIRD_PARTY,2024-11-09,2025-11-09,445.36
459,3108,FULL_COVERAGE,2023-10-05,2024-10-04,2454.14
460,4297,PREMIUM,2025-07-29,2026-07-29,660.46
461,2893,FULL_COVERAGE,2024-02-20,2025-02-19,1422.48
462,548,PREMIUM,2024-06-01,2025-06-01,2351.27
463,4170,PREMIUM,2024-07-18,2025-07-18,519.33
464,2727,THIRD_PARTY,2023-11-13,2024-11-12,1628.25
465,3612,FULL_COVERAGE,2024-09-02,2025-09-02,1077.13
466,1766,PREMIUM,2025-01-15,2026-01-15,2457.57
467,3023,FULL_COVERAGE,2025-10-06,2026-10-06,1932.07
468,3421,THIRD_PARTY,2025-12-21,2026-12-21,1835.53
469,1237,PREMIUM,2024-05-05,2025-05-05,358.42
470,4580,FULL_COVERAGE,2023-08-27,2024-08-26,533.84
471,4990,FULL_COVERAGE,2023-10-25,2024-10-24,1905.21
472,1965,THIRD_PARTY,2024-03-24,2025-03-24,2577.44
473,2839,PREMIUM,2025-08-17,2026-08-17,2336.09
474,1848,PREMIUM,2024-03-28,2025-03-28,2233.56
475,253,PREMIUM,2024-08-03,2025-08-03,994.35
476,3224,PREMIUM,2025-06-16,2026-06-16,1401.57
477,4087,FULL_COVERAGE,2024-05-30,2025-05-30,2561.22
478,4429,PREMIUM,2025-04-11,2026-04-11,2193.71
479,3249,FULL_COVERAGE,2024-01-31,2025-01-30,1441.04
480,1045,THIRD_PARTY,2024-02-01,2025-01-31,2346.29
481,2436,PREMIUM,2025-02-01,2026-02-01,1580.77
482,4896,PREMIUM,2024-10-08,2025-10-08,672.49
483,94,FULL_COVERAGE,2025-03-13,2026-03-13,782.7
484,2223,THIRD_PARTY,2024-04-19,2025-04-19,680.38
485,2325,THIRD_PARTY,2025-08-04,2026-08-04,1504.35
486,3777,FULL_COVERAGE,2023-12-19,2024-12-18,417.25
487,2657,PREMIUM,2024-09-06,2025-09-06,2611.87
488,1339,PREMIUM,2025-06-18,2026-06-18,1591.83
489,4512,PREMIUM,2025-07-04,2026-07-04,1414.35
490,2826,FULL_COVERAGE,2025-02-19,2026-02-19,2519.48
491,3529,FULL_COVERAGE,2023-09-26,2024-09-25,2377.3
492,2375,THIRD_PARTY,2023-05-30,2024-05-29,650.14
493,2434,PREMIUM,2023-10-22,2024-10-21,1769.0
494,433,FULL_COVERAGE,2024-04-18,2025-04-18,1500.08
495,1463,FULL_COVERAGE,2024-08-30,2025-08-30,1755.16
496,2824,FULL_COVERAGE,2024-08-07,2025-08-07,1222.1
497,412,PREMIUM,2025-09-19,2026-09-19,1504.93
498,827,THIRD_PARTY,2023-11-21,2024-11-20,545.23
499,1474,THIRD_PARTY,2025-06-13,2026-06-13,1785.39
500,2896,THIRD_PARTY,2024-03-30,2025-03-30,839.15
501,463,THIRD_PARTY,2024-10-27,2025-10-27,690.73
502,1831,THIRD_PARTY,2025-09-16,2026-09-16,1697.58
503,4072,PREMIUM,2025-10-03,2026-10-03,834.35
504,635,FULL_COVERAGE,2024-12-09,2025-12-09,1643.99
505,435,THIRD_PARTY,2026-02-05,2027-02-05,2407.07
506,487,FULL_COVERAGE,2026-02-18,2027-02-18,717.77
507,1540,PREMIUM,2025-04-11,2026-04-11,1266.88
508,4432,FULL_COVERAGE,2024-05-25,2025-05-25,973.83
509,1470,FULL_COVERAGE,2025-11-03,2026-11-03,2796.65
510,2215,THIRD_PARTY,2025-10-17,2026-10-17,542.51
511,2280,THIRD_PARTY,2023-09-15,2024-09-14,1642.8
512,4700,FULL_COVERAGE,2024-05-07,2025-05-07,1064.67
513,3669,PREMIUM,2025-11-30,2026-11-30,2520.71
514,4920,PREMIUM,2024-09-05,2025-09-05,1946.88
515,4207,THIRD_PARTY,2024-12-26,2025-12-26,2345.49
516,4434,THIRD_PARTY,2023-07-23,2024-07-22,856.82
517,708,PREMIUM,2024-03-16,2025-03-16,1247.05
518,3345,THIRD_PARTY,2024-12-07,2025-12-07,2573.28
519,1537,FULL_COVERAGE,2025-04-05,2026-04-05,1113.05
520,819,PREMIUM,2023-09-09,2024-09-08,1201.28
521,2675,PREMIUM,2025-01-19,2026-01-19,2517.65
522,2043,PREMIUM,2026-02-27,2027-02-27,2358.9
523,4175,FULL_COVERAGE,2024-06-01,2025-06-01,2853.49
524,2305,FULL_COVERAGE,2026-03-21,2027-03-21,1610.91
525,3336,THIRD_PARTY,2023-07-08,2024-07-07,2783.37
526,4933,PREMIUM,2025-08-19,2026-08-19,2699.64
527,2806,PREMIUM,2025-03-02,2026-03-02,1084.73
528,3750,FULL_COVERAGE,2024-08-15,2025-08-15,1767.31
529,406,FULL_COVERAGE,2025-07-25,2026-07-25,647.36
530,2536,FULL_COVERAGE,2024-03-29,2025-03-29,1089.19
531,3856,PREMIUM,2024-05-31,2025-05-31,540.89
532,379,FULL_COVERAGE,2023-10-07,2024-10-06,1630.32
533,2157,PREMIUM,2025-07-10,2026-07-10,2657.78
534,1012,PREMIUM,2023-06-12,2024-06-11,1801.06
535,3238,FULL_COVERAGE,2023-07-05,2024-07-04,1536.48
536,2006,FULL_COVERAGE,2025-03-10,2026-03-10,996.95
537,4164,THIRD_PARTY,2025-06-26,2026-06-26,2986.57
538,3642,FULL_COVERAGE,2023-10-26,2024-10-25,2274.23
539,3310,PREMIUM,2023-12-02,2024-12-01,2686.76
540,4116,THIRD_PARTY,2024-03-11,2025-03-11,2584.49
541,3301,THIRD_PARTY,2025-03-13,2026-03-13,2066.86
542,3447,PREMIUM,2024-01-02,2025-01-01,1451.61
543,2286,FULL_COVERAGE,2026-01-10,2027-01-10,522.74
544,2427,PREMIUM,2024-05-02,2025-05-02,1124.78
545,4164,FULL_COVERAGE,2023-05-13,2024-05-12,2435.53
546,1154,THIRD_PARTY,2023-09-12,2024-09-11,2003.28
547,2257,FULL_COVERAGE,2024-09-27,2025-09-27,1048.19
548,917,PREMIUM,2024-04-03,2025-04-03,1520.86
549,1091,FULL_COVERAGE,2025-05-06,2026-05-06,2434.9
550,2258,FULL_COVERAGE,2024-12-12,2025-12-12,820.9
551,1757,PREMIUM,2024-05-24,2025-05-24,1776.06
552,3010,FULL_COVERAGE,2024-09-06,2025-09-06,2595.02
553,2110,FULL_COVERAGE,2024-10-23,2025-10-23,2909.21
554,2907,PREMIUM,2025-10-25,2026-10-25,1674.77
555,2341,THIRD_PARTY,2026-04-11,2027-04-11,514.69
556,3413,PREMIUM,2023-10-20,2024-10-19,759.67
557,929,FULL_COVERAGE,2023-09-14,2024-09-13,2585.08
558,1774,FULL_COVERAGE,2024-07-03,2025-07-03,2840.85
559,473,PREMIUM,2023-10-26,2024-10-25,1417.48
560,3016,PREMIUM,2025-08-27,2026-08-27,430.12
561,403,PREMIUM,2024-07-10,2025-07-10,1364.63
562,2789,FULL_COVERAGE,2024-08-27,2025-08-27,1537.63
563,3254,THIRD_PARTY,2025-11-27,2026-11-27,2826.42
564,495,THIRD_PARTY,2023-10-25,2024-10-24,1105.58
565,921,THIRD_PARTY,2024-06-15,2025-06-15,1141.28
566,890,PREMIUM,2023-06-17,2024-06-16,2534.93
567,2144,FULL_COVERAGE,2023-08-14,2024-08-13,839.42
568,1363,THIRD_PARTY,2025-05-07,2026-05-07,1200.06
569,568,PREMIUM,2024-12-14,2025-12-14,1129.35
570,3378,FULL_COVERAGE,2025-06-20,2026-06-20,2819.4
571,745,PREMIUM,2024-02-07,2025-02-06,1695.89
572,3608,PREMIUM,2026-02-07,2027-02-07,1685.16
573,3771,PREMIUM,2024-10-22,2025-10-22,765.3
574,2169,THIRD_PARTY,2024-06-16,2025-06-16,536.99
575,3278,THIRD_PARTY,2023-08-22,2024-08-21,755.41
576,4885,THIRD_PARTY,2024-12-31,2025-12-31,592.39
577,970,FULL_COVERAGE,2026-02-26,2027-02-26,1950.13
578,362,FULL_COVERAGE,2024-10-24,2025-10-24,2504.1
579,905,THIRD_PARTY,2023-08-11,2024-08-10,353.77
580,1380,PREMIUM,2024-05-12,2025-05-12,1579.35
581,2225,PREMIUM,2024-12-13,2025-12-13,2882.16
582,368,PREMIUM,2025-12-05,2026-12-05,1198.21
583,1622,PREMIUM,2023-08-02,2024-08-01,2404.26
584,4295,THIRD_PARTY,2026-02-19,2027-02-19,2415.04
585,694,THIRD_PARTY,2026-03-26,2027-03-26,2705.0
586,4916,PREMIUM,2024-07-08,2025-07-08,1427.96
587,4783,THIRD_PARTY,2023-07-05,2024-07-04,1955.36
588,756,THIRD_PARTY,2025-05-10,2026-05-10,566.73
589,4102,PREMIUM,2023-09-29,2024-09-28,2440.19
590,3352,PREMIUM,2026-04-09,2027-04-09,539.05
591,2643,PREMIUM,2026-04-02,2027-04-02,2504.26
592,1143,THIRD_PARTY,2025-11-25,2026-11-25,1387.39
593,3515,FULL_COVERAGE,2023-08-25,2024-08-24,867.47
594,2042,FULL_COVERAGE,2023-11-27,2024-11-26,447.59
595,1933,PREMIUM,2023-09-23,2024-09-22,2570.48
596,366,PREMIUM,2024-05-25,2025-05-25,1761.14
597,3846,FULL_COVERAGE,2024-11-14,2025-11-14,2139.71
598,4331,THIRD_PARTY,2024-02-05,2025-02-04,2323.35
599,2518,FULL_COVERAGE,2026-03-05,2027-03-05,2551.83
600,4996,FULL_COVERAGE,2024-06-07,2025-06-07,1320.89
601,3550,THIRD_PARTY,2024-05-19,2025-05-19,536.67
602,4251,PREMIUM,2025-12-20,2026-12-20,1497.6
603,1320,THIRD_PARTY,2024-12-10,2025-12-10,2571.27
604,2527,PREMIUM,2025-11-01,2026-11-01,719.65
605,3004,FULL_COVERAGE,2023-05-13,2024-05-12,894.03
606,4616,THIRD_PARTY,2023-12-20,2024-12-19,2472.31
607,652,FULL_COVERAGE,2024-11-22,2025-11-22,539.34
608,2770,THIRD_PARTY,2024-03-16,2025-03-16,1653.71
609,1600,THIRD_PARTY,2025-07-11,2026-07-11,509.94
610,2772,FULL_COVERAGE,2025-02-24,2026-02-24,2669.02
611,2036,FULL_COVERAGE,2026-02-15,2027-02-15,1462.07
612,4171,FULL_COVERAGE,2025-08-06,2026-08-06,1578.79
613,990,PREMIUM,2024-03-05,2025-03-05,731.17
614,2699,PREMIUM,2023-06-20,2024-06-19,2856.16
615,4149,PREMIUM,2023-05-14,2024-05-13,2942.47
616,604,THIRD_PARTY,2025-02-13,2026-02-13,2486.31
617,4506,THIRD_PARTY,2026-01-29,2027-01-29,637.31
618,2388,PREMIUM,2024-04-07,2025-04-07,1350.74
619,134,THIRD_PARTY,2025-02-11,2026-02-11,2528.72
620,1804,FULL_COVERAGE,2025-05-13,2026-05-13,690.46
621,4846,THIRD_PARTY,2025-10-20,2026-10-20,1983.46
622,4975,THIRD_PARTY,2024-07-22,2025-07-22,1441.58
623,896,PREMIUM,2024-02-21,2025-02-20,1533.26
624,1220,FULL_COVERAGE,2025-03-07,2026-03-07,2919.32
625,1193,PREMIUM,2025-10-30,2026-10-30,1819.23
626,3043,THIRD_PARTY,2025-06-03,2026-06-03,2155.41
627,1604,PREMIUM,2024-08-02,2025-08-02,1747.8
628,4083,FULL_COVERAGE,2023-11-20,2024-11-19,1727.76
629,4605,PREMIUM,2024-02-10,2025-02-09,2596.04
630,3835,FULL_COVERAGE,2026-01-03,2027-01-03,2515.72
631,842,THIRD_PARTY,2023-09-09,2024-09-08,1228.92
632,880,FULL_COVERAGE,2025-08-09,2026-08-09,1970.53
633,1658,PREMIUM,2024-12-06,2025-12-06,2733.79
634,504,THIRD_PARTY,2025-04-25,2026-04-25,2802.58
635,2411,PREMIUM,2024-05-30,2025-05-30,1488.26
636,1012,PREMIUM,2025-10-30,2026-10-30,1878.33
637,1895,FULL_COVERAGE,2024-01-22,2025-01-21,1001.26
638,4638,THIRD_PARTY,2025-02-02,2026-02-02,2933.7
639,2781,PREMIUM,2026-02-10,2027-02-10,1614.27
640,4076,FULL_COVERAGE,2023-07-20,2024-07-19,815.1
641,4710,FULL_COVERAGE,2025-04-10,2026-04-10,1852.73
642,3247,THIRD_PARTY,2025-10-19,2026-10-19,796.65
643,3635,FULL_COVERAGE,2025-01-03,2026-01-03,2504.26
644,2183,THIRD_PARTY,2024-09-23,2025-09-23,1672.52
645,4863,THIRD_PARTY,2023-07-04,2024-07-03,1523.63
646,843,THIRD_PARTY,2025-07-31,2026-07-31,1891.18
647,2719,PREMIUM,2024-05-27,2025-05-27,2668.12
648,2209,FULL_COVERAGE,2023-12-12,2024-12-11,2281.01
649,4025,FULL_COVERAGE,2025-06-11,2026-06-11,1974.82
650,1912,FULL_COVERAGE,2024-08-22,2025-08-22,1996.35
651,1209,THIRD_PARTY,2023-12-28,2024-12-27,1741.5
652,429,PREMIUM,2023-10-23,2024-10-22,2202.45
653,3421,THIRD_PARTY,2024-10-19,2025-10-19,1977.91
654,1938,PREMIUM,2024-08-31,2025-08-31,797.86
655,1139,PREMIUM,2024-02-21,2025-02-20,362.84
656,699,FULL_COVERAGE,2023-12-08,2024-12-07,455.71
657,329,PREMIUM,2024-02-13,2025-02-12,1701.63
658,4066,PREMIUM,2023-11-06,2024-11-05,1778.15
659,711,THIRD_PARTY,2025-04-02,2026-04-02,650.21
660,1386,THIRD_PARTY,2026-01-08,2027-01-08,1993.24
661,142,PREMIUM,2024-09-26,2025-09-26,1119.76
662,4336,FULL_COVERAGE,2024-11-03,2025-11-03,2571.92
663,162,PREMIUM,2024-10-01,2025-10-01,2364.49
664,203,THIRD_PARTY,2025-12-30,2026-12-30,2051.56
665,320,FULL_COVERAGE,2025-05-27,2026-05-27,782.42
666,4875,PREMIUM,2025-09-28,2026-09-28,2542.52
667,3933,FULL_COVERAGE,2024-05-09,2025-05-09,1502.68
668,1123,PREMIUM,2024-12-07,2025-12-07,2371.24
669,3882,PREMIUM,2023-09-07,2024-09-06,516.67
670,4873,PREMIUM,2024-06-28,2025-06-28,317.25
671,2996,THIRD_PARTY,2024-04-07,2025-04-07,1099.2
672,385,PREMIUM,2023-11-08,2024-11-07,1514.57
673,4513,THIRD_PARTY,2025-02-26,2026-02-26,710.6
674,2206,FULL_COVERAGE,2025-10-25,2026-10-25,344.14
675,4003,PREMIUM,2023-11-11,2024-11-10,1968.12
676,4561,FULL_COVERAGE,2024-10-20,2025-10-20,1147.58
677,2610,FULL_COVERAGE,2026-01-20,2027-01-20,2979.48
678,784,PREMIUM,2025-10-13,2026-10-13,1102.17
679,856,FULL_COVERAGE,2023-12-02,2024-12-01,1922.62
680,1374,FULL_COVERAGE,2023-10-23,2024-10-22,1337.38
681,1717,PREMIUM,2024-04-07,2025-04-07,1682.98
682,1201,THIRD_PARTY,2025-05-17,2026-05-17,711.2
683,1364,FULL_COVERAGE,2024-10-23,2025-10-23,1224.9
684,3075,FULL_COVERAGE,2024-01-21,2025-01-20,470.76
685,3546,FULL_COVERAGE,2024-02-02,2025-02-01,542.14
686,2344,PREMIUM,2025-09-19,2026-09-19,1746.72
687,3000,PREMIUM,2025-01-31,2026-01-31,548.85
688,738,FULL_COVERAGE,2024-12-06,2025-12-06,1642.26
689,2630,FULL_COVERAGE,2023-05-26,2024-05-25,2698.49
690,1197,FULL_COVERAGE,2025-05-24,2026-05-24,456.74
691,775,FULL_COVERAGE,2025-11-22,2026-11-22,1772.21
692,1534,PREMIUM,2024-01-27,2025-01-26,437.0
693,3045,PREMIUM,2024-10-08,2025-10-08,2765.23
694,513,PREMIUM,2023-09-14,2024-09-13,2950.15
695,2352,FULL_COVERAGE,2025-07-31,2026-07-31,2544.51
696,268,FULL_COVERAGE,2024-03-16,2025-03-16,661.54
697,2043,PREMIUM,2023-07-08,2024-07-07,672.92
698,2889,FULL_COVERAGE,2025-09-20,2026-09-20,1329.14
699,189,THIRD_PARTY,2024-07-26,2025-07-26,2027.99
700,3871,FULL_COVERAGE,2024-11-19,2025-11-19,2820.96
701,3427,PREMIUM,2025-04-30,2026-04-30,1434.94
702,4640,FULL_COVERAGE,2025-02-27,2026-02-27,987.95
703,1289,PREMIUM,2026-01-15,2027-01-15,715.42
704,3388,THIRD_PARTY,2023-12-06,2024-12-05,855.32
705,974,PREMIUM,2024-12-03,2025-12-03,2041.7
706,2955,PREMIUM,2023-08-01,2024-07-31,1257.71
707,4566,PREMIUM,2026-04-02,2027-04-02,402.95
708,3436,FULL_COVERAGE,2024-05-20,2025-05-20,629.95
709,2794,FULL_COVERAGE,2025-08-01,2026-08-01,1711.14
710,4177,THIRD_PARTY,2024-03-12,2025-03-12,1446.63
711,4454,PREMIUM,2024-03-22,2025-03-22,1898.78
712,3582,THIRD_PARTY,2024-01-10,2025-01-09,1530.31
713,447,FULL_COVERAGE,2023-05-22,2024-05-21,1367.31
714,3929,PREMIUM,2025-06-12,2026-06-12,1528.65
715,4116,FULL_COVERAGE,2025-05-16,2026-05-16,818.47
716,1321,FULL_COVERAGE,2025-05-28,2026-05-28,2600.47
717,712,FULL_COVERAGE,2025-01-07,2026-01-07,2218.98
718,2339,PREMIUM,2025-01-27,2026-01-27,1610.38
719,4851,PREMIUM,2024-12-21,2025-12-21,1041.81
720,1954,FULL_COVERAGE,2025-02-06,2026-02-06,1018.22
721,2013,THIRD_PARTY,2024-12-01,2025-12-01,446.12
722,4632,PREMIUM,2026-02-10,2027-02-10,1290.1
723,2243,THIRD_PARTY,2023-11-04,2024-11-03,1018.68
724,3800,THIRD_PARTY,2023-10-17,2024-10-16,2817.76
725,1770,FULL_COVERAGE,2024-10-03,2025-10-03,2674.72
726,4111,PREMIUM,2024-06-23,2025-06-23,2478.65
727,535,FULL_COVERAGE,2024-12-12,2025-12-12,862.71
728,3501,THIRD_PARTY,2024-06-25,2025-06-25,1993.8
729,4743,PREMIUM,2023-12-21,2024-12-20,2365.3
730,1626,PREMIUM,2025-02-22,2026-02-22,2976.75
731,4072,PREMIUM,2025-09-30,2026-09-30,675.66
732,439,THIRD_PARTY,2023-12-02,2024-12-01,2935.79
733,3350,THIRD_PARTY,2024-01-11,2025-01-10,2423.34
734,969,PREMIUM,2024-10-20,2025-10-20,2309.43
735,3326,PREMIUM,2025-04-23,2026-04-23,1157.23
736,227,PREMIUM,2025-03-07,2026-03-07,1109.13
737,4552,FULL_COVERAGE,2025-01-03,2026-01-03,2073.87
738,107,PREMIUM,2025-08-27,2026-08-27,694.75
739,111,THIRD_PARTY,2024-12-14,2025-12-14,379.62
740,228,PREMIUM,2024-05-23,2025-05-23,447.98
741,2839,THIRD_PARTY,2024-03-24,2025-03-24,2057.94
742,1402,THIRD_PARTY,2025-11-12,2026-11-12,2516.24
743,3899,PREMIUM,2025-08-16,2026-08-16,944.86
744,1171,FULL_COVERAGE,2023-11-06,2024-11-05,2393.32
745,2003,PREMIUM,2025-05-07,2026-05-07,2575.1
746,1906,PREMIUM,2025-07-01,2026-07-01,546.81
747,4734,PREMIUM,2025-11-20,2026-11-20,1874.72
748,3231,FULL_COVERAGE,2025-07-23,2026-07-23,2785.02
749,1368,THIRD_PARTY,2025-02-27,2026-02-27,2949.0
750,2394,PREMIUM,2025-01-21,2026-01-21,2834.79
751,4501,PREMIUM,2025-07-30,2026-07-30,2999.54
752,2263,THIRD_PARTY,2025-10-17,2026-10-17,929.32
753,2893,PREMIUM,2026-03-20,2027-03-20,1390.56
754,2737,FULL_COVERAGE,2024-06-21,2025-06-21,1961.93
755,2776,PREMIUM,2023-11-12,2024-11-11,1462.02
756,1856,PREMIUM,2023-05-25,2024-05-24,1956.75
757,1880,FULL_COVERAGE,2025-03-21,2026-03-21,2649.19
758,1066,PREMIUM,2023-06-22,2024-06-21,2693.11
759,4311,THIRD_PARTY,2026-01-07,2027-01-07,2244.45
760,4026,PREMIUM,2024-05-22,2025-05-22,1190.77
761,3478,PREMIUM,2023-10-29,2024-10-28,2344.95
762,4883,PREMIUM,2023-06-03,2024-06-02,1378.43
763,1827,FULL_COVERAGE,2026-01-31,2027-01-31,1168.89
764,2630,THIRD_PARTY,2023-11-23,2024-11-22,2111.78
765,4924,PREMIUM,2024-03-28,2025-03-28,2089.69
766,2466,PREMIUM,2024-09-21,2025-09-21,1411.6
767,648,THIRD_PARTY,2025-11-04,2026-11-04,2961.24
768,2403,FULL_COVERAGE,2023-05-23,2024-05-22,2713.46
769,2930,THIRD_PARTY,2024-03-06,2025-03-06,2778.68
770,35,THIRD_PARTY,2023-10-31,2024-10-30,1909.78
771,3734,PREMIUM,2025-06-27,2026-06-27,1344.64
772,797,THIRD_PARTY,2024-03-11,2025-03-11,872.75
773,1985,THIRD_PARTY,2026-04-02,2027-04-02,648.0
774,3065,FULL_COVERAGE,2024-02-24,2025-02-23,661.12
775,1556,THIRD_PARTY,2025-07-17,2026-07-17,1330.11
776,746,PREMIUM,2025-05-31,2026-05-31,1637.3
777,4074,FULL_COVERAGE,2024-04-22,2025-04-22,2965.46
778,2200,THIRD_PARTY,2023-10-15,2024-10-14,506.22
779,2558,FULL_COVERAGE,2024-11-01,2025-11-01,1458.58
780,2485,FULL_COVERAGE,2023-11-24,2024-11-23,1396.52
781,4409,FULL_COVERAGE,2024-09-19,2025-09-19,562.5
782,449,PREMIUM,2024-11-17,2025-11-17,2058.54
783,3920,THIRD_PARTY,2024-08-16,2025-08-16,1347.41
784,2797,FULL_COVERAGE,2025-01-02,2026-01-02,1834.81
785,38,FULL_COVERAGE,2024-02-11,2025-02-10,845.87
786,513,FULL_COVERAGE,2024-03-29,2025-03-29,1243.67
787,4895,PREMIUM,2024-03-20,2025-03-20,1916.92
788,3129,PREMIUM,2025-07-23,2026-07-23,822.2
789,3956,PREMIUM,2025-04-10,2026-04-10,2253.66
790,31,PREMIUM,2024-12-08,2025-12-08,2596.77
791,2756,FULL_COVERAGE,2023-09-04,2024-09-03,727.28
792,3959,THIRD_PARTY,2026-01-31,2027-01-31,1974.5
793,4003,THIRD_PARTY,2025-12-03,2026-12-03,2164.3
794,1241,PREMIUM,2025-12-12,2026-12-12,1548.14
795,2225,THIRD_PARTY,2026-03-20,2027-03-20,1049.38
796,4697,PREMIUM,2023-06-13,2024-06-12,1716.42
797,1394,THIRD_PARTY,2023-07-15,2024-07-14,361.67
798,1778,THIRD_PARTY,2024-09-26,2025-09-26,307.56
799,2701,FULL_COVERAGE,2024-10-10,2025-10-10,924.38
800,914,THIRD_PARTY,2023-08-19,2024-08-18,1274.97
801,3361,THIRD_PARTY,2026-03-07,2027-03-07,620.23
802,3175,THIRD_PARTY,2023-06-20,2024-06-19,922.06
803,769,THIRD_PARTY,2025-03-16,2026-03-16,864.07
804,248,FULL_COVERAGE,2024-06-03,2025-06-03,1205.54
805,1931,PREMIUM,2024-03-13,2025-03-13,2362.25
806,4729,FULL_COVERAGE,2026-03-04,2027-03-04,1138.23
807,1514,THIRD_PARTY,2026-02-17,2027-02-17,1513.22
808,1446,THIRD_PARTY,2024-09-07,2025-09-07,2443.48
809,3565,PREMIUM,2024-01-22,2025-01-21,671.28
810,3815,FULL_COVERAGE,2025-10-07,2026-10-07,2842.47
811,4006,FULL_COVERAGE,2025-09-30,2026-09-30,1253.14
812,2323,THIRD_PARTY,2026-01-28,2027-01-28,1506.47
813,3850,THIRD_PARTY,2025-09-12,2026-09-12,2353.16
814,3978,THIRD_PARTY,2024-12-04,2025-12-04,1270.87
815,670,PREMIUM,2025-01-09,2026-01-09,626.81
816,2556,PREMIUM,2026-01-04,2027-01-04,804.37
817,792,THIRD_PARTY,2026-04-01,2027-04-01,2519.97
818,629,PREMIUM,2025-05-21,2026-05-21,1990.44
819,2744,FULL_COVERAGE,2023-08-23,2024-08-22,1817.44
820,839,PREMIUM,2025-10-03,2026-10-03,1363.33
821,4990,FULL_COVERAGE,2025-01-30,2026-01-30,1022.35
822,543,FULL_COVERAGE,2024-03-03,2025-03-03,2670.8
823,4895,FULL_COVERAGE,2023-12-22,2024-12-21,508.54
824,1765,PREMIUM,2024-10-20,2025-10-20,586.59
825,4437,FULL_COVERAGE,2023-07-26,2024-07-25,1691.05
826,4222,FULL_COVERAGE,2024-04-28,2025-04-28,668.92
827,4503,THIRD_PARTY,2023-12-12,2024-12-11,2021.23
828,4400,PREMIUM,2025-11-26,2026-11-26,865.21
829,2036,PREMIUM,2026-01-01,2027-01-01,2635.4
830,2370,PREMIUM,2025-11-22,2026-11-22,2999.52
831,1406,THIRD_PARTY,2024-09-11,2025-09-11,1767.89
832,1208,THIRD_PARTY,2026-02-12,2027-02-12,1047.24
833,3923,FULL_COVERAGE,2026-03-26,2027-03-26,1151.57
834,1613,THIRD_PARTY,2026-03-05,2027-03-05,587.7
835,2001,THIRD_PARTY,2026-02-13,2027-02-13,724.67
836,4470,THIRD_PARTY,2025-02-11,2026-02-11,463.01
837,4172,PREMIUM,2024-04-22,2025-04-22,2926.96
838,2892,THIRD_PARTY,2026-03-16,2027-03-16,2542.13
839,4063,FULL_COVERAGE,2023-11-19,2024-11-18,2230.84
840,4168,THIRD_PARTY,2024-06-07,2025-06-07,2007.34
841,4796,FULL_COVERAGE,2025-03-10,2026-03-10,2608.49
842,2930,FULL_COVERAGE,2023-12-19,2024-12-18,914.88
843,4572,PREMIUM,2025-05-16,2026-05-16,2879.69
844,47,FULL_COVERAGE,2026-03-18,2027-03-18,638.08
845,2108,FULL_COVERAGE,2023-10-18,2024-10-17,2919.4
846,635,THIRD_PARTY,2024-09-08,2025-09-08,375.28
847,2291,FULL_COVERAGE,2024-09-12,2025-09-12,2995.44
848,1448,FULL_COVERAGE,2025-04-20,2026-04-20,1617.1
849,4775,PREMIUM,2023-08-05,2024-08-04,2708.27
850,2422,THIRD_PARTY,2023-10-16,2024-10-15,1882.25
851,4747,THIRD_PARTY,2023-05-20,2024-05-19,858.25
852,2606,FULL_COVERAGE,2024-03-08,2025-03-08,2960.84
853,4886,FULL_COVERAGE,2025-03-19,2026-03-19,1481.49
854,890,PREMIUM,2026-02-28,2027-02-28,905.35
855,2260,PREMIUM,2025-08-10,2026-08-10,921.4
856,2469,PREMIUM,2025-11-19,2026-11-19,2072.9
857,1815,THIRD_PARTY,2025-12-24,2026-12-24,1778.25
858,3173,THIRD_PARTY,2025-01-12,2026-01-12,2587.94
859,4021,FULL_COVERAGE,2025-08-14,2026-08-14,1117.6
860,1821,THIRD_PARTY,2024-02-25,2025-02-24,2266.21
861,3608,PREMIUM,2025-06-08,2026-06-08,1553.63
862,3866,PREMIUM,2025-04-27,2026-04-27,1123.45
863,1301,PREMIUM,2026-01-22,2027-01-22,1217.69
864,3105,FULL_COVERAGE,2023-05-27,2024-05-26,2705.61
865,1916,FULL_COVERAGE,2023-11-03,2024-11-02,1000.66
866,932,THIRD_PARTY,2025-02-21,2026-02-21,2469.24
867,1164,FULL_COVERAGE,2024-08-22,2025-08-22,416.27
868,1424,THIRD_PARTY,2023-08-06,2024-08-05,495.0
869,3089,THIRD_PARTY,2024-03-08,2025-03-08,2192.69
870,2873,FULL_COVERAGE,2025-10-10,2026-10-10,1361.6
871,3938,FULL_COVERAGE,2024-12-01,2025-12-01,381.18
872,564,FULL_COVERAGE,2026-03-03,2027-03-03,1185.8
873,532,THIRD_PARTY,2025-09-04,2026-09-04,1053.05
874,2056,THIRD_PARTY,2024-10-22,2025-10-22,1740.31
875,3320,PREMIUM,2023-12-16,2024-12-15,2786.78
876,2650,FULL_COVERAGE,2025-07-08,2026-07-08,1093.14
877,4603,FULL_COVERAGE,2026-01-06,2027-01-06,1580.26
878,2914,THIRD_PARTY,2026-03-18,2027-03-18,2680.95
879,3797,FULL_COVERAGE,2025-12-24,2026-12-24,2229.11
880,1606,FULL_COVERAGE,2025-11-10,2026-11-10,1057.26
881,1717,FULL_COVERAGE,2025-02-09,2026-02-09,2560.51
882,95,PREMIUM,2024-11-20,2025-11-20,2870.99
883,1809,THIRD_PARTY,2024-12-31,2025-12-31,2961.7
884,2105,FULL_COVERAGE,2025-05-06,2026-05-06,1257.68
885,841,FULL_COVERAGE,2023-06-25,2024-06-24,1004.31
886,815,PREMIUM,2024-12-05,2025-12-05,789.63
887,1022,PREMIUM,2023-11-24,2024-11-23,2323.63
888,218,FULL_COVERAGE,2025-08-18,2026-08-18,654.69
889,90,PREMIUM,2023-09-23,2024-09-22,1291.54
890,4850,THIRD_PARTY,2023-06-12,2024-06-11,2911.03
891,2811,PREMIUM,2026-03-11,2027-03-11,2111.64
892,839,PREMIUM,2023-11-24,2024-11-23,633.71
893,4896,FULL_COVERAGE,2023-05-19,2024-05-18,1126.08
894,4069,THIRD_PARTY,2025-06-01,2026-06-01,2631.31
895,918,THIRD_PARTY,2026-04-09,2027-04-09,573.31
896,792,FULL_COVERAGE,2026-03-14,2027-03-14,1379.89
897,1037,FULL_COVERAGE,2024-11-03,2025-11-03,666.36
898,3852,FULL_COVERAGE,2025-07-13,2026-07-13,992.26
899,4190,THIRD_PARTY,2024-08-06,2025-08-06,1534.38
900,2063,PREMIUM,2024-03-20,2025-03-20,675.31
901,1769,THIRD_PARTY,2025-12-28,2026-12-28,557.56
902,4284,THIRD_PARTY,2024-07-07,2025-07-07,2438.17
903,4508,THIRD_PARTY,2023-11-23,2024-11-22,876.38
904,4496,FULL_COVERAGE,2024-08-29,2025-08-29,2627.93
905,3827,THIRD_PARTY,2023-11-05,2024-11-04,434.26
906,1507,THIRD_PARTY,2024-10-29,2025-10-29,2284.02
907,2196,FULL_COVERAGE,2026-03-24,2027-03-24,2947.1
908,1552,PREMIUM,2026-02-19,2027-02-19,2695.8
909,946,PREMIUM,2025-09-05,2026-09-05,1552.81
910,3032,THIRD_PARTY,2024-03-26,2025-03-26,561.65
911,2284,FULL_COVERAGE,2024-09-18,2025-09-18,1708.63
912,3766,PREMIUM,2024-07-24,2025-07-24,2036.2
913,419,PREMIUM,2024-06-05,2025-06-05,458.51
914,679,FULL_COVERAGE,2024-07-25,2025-07-25,1047.45
915,356,THIRD_PARTY,2026-02-07,2027-02-07,954.14
916,4499,FULL_COVERAGE,2023-06-27,2024-06-26,2012.21
917,341,PREMIUM,2024-03-15,2025-03-15,660.64
918,4206,THIRD_PARTY,2023-06-04,2024-06-03,1585.85
919,4223,THIRD_PARTY,2024-02-15,2025-02-14,1282.56
920,4442,FULL_COVERAGE,2023-07-03,2024-07-02,547.07
921,4553,FULL_COVERAGE,2025-07-09,2026-07-09,1549.9
922,796,PREMIUM,2024-09-27,2025-09-27,609.21
923,99,THIRD_PARTY,2024-06-17,2025-06-17,1227.08
924,1981,PREMIUM,2024-02-21,2025-02-20,2870.07
925,1916,THIRD_PARTY,2025-08-21,2026-08-21,1124.31
926,3638,FULL_COVERAGE,2025-11-21,2026-11-21,1050.0
927,3182,THIRD_PARTY,2024-11-06,2025-11-06,2621.32
928,2258,FULL_COVERAGE,2024-04-08,2025-04-08,1760.46
929,804,FULL_COVERAGE,2025-07-28,2026-07-28,2529.05
930,1974,THIRD_PARTY,2025-09-15,2026-09-15,396.59
931,329,PREMIUM,2025-02-27,2026-02-27,2261.5
932,1312,PREMIUM,2024-06-06,2025-06-06,553.86
933,229,THIRD_PARTY,2025-01-09,2026-01-09,1802.08
934,2372,THIRD_PARTY,2024-07-24,2025-07-24,1566.54
935,1530,FULL_COVERAGE,2023-09-13,2024-09-12,1767.38
936,803,PREMIUM,2023-09-27,2024-09-26,2618.04
937,2218,FULL_COVERAGE,2025-04-17,2026-04-17,1343.93
938,733,THIRD_PARTY,2025-02-28,2026-02-28,334.13
939,4390,FULL_COVERAGE,2024-09-13,2025-09-13,2031.48
940,3272,FULL_COVERAGE,2023-09-17,2024-09-16,1604.6
941,3432,THIRD_PARTY,2023-10-13,2024-10-12,2820.87
942,1749,FULL_COVERAGE,2024-04-22,2025-04-22,2586.22
943,2097,FULL_COVERAGE,2025-09-05,2026-09-05,1866.42
944,2108,THIRD_PARTY,2023-12-22,2024-12-21,451.58
945,2159,THIRD_PARTY,2024-08-26,2025-08-26,645.65
946,3474,FULL_COVERAGE,2024-08-04,2025-08-04,574.89
947,1454,FULL_COVERAGE,2023-06-23,2024-06-22,1030.17
948,3710,THIRD_PARTY,2025-02-19,2026-02-19,561.91
949,2171,THIRD_PARTY,2023-09-08,2024-09-07,1368.34
950,3573,THIRD_PARTY,2023-07-17,2024-07-16,1690.98
951,3532,FULL_COVERAGE,2024-09-06,2025-09-06,1028.34
952,1736,FULL_COVERAGE,2025-04-07,2026-04-07,2750.36
953,1543,FULL_COVERAGE,2023-12-14,2024-12-13,1175.14
954,1613,THIRD_PARTY,2024-05-23,2025-05-23,1690.12
955,2209,THIRD_PARTY,2025-08-18,2026-08-18,2263.22
956,4255,PREMIUM,2024-03-05,2025-03-05,2743.93
957,4815,THIRD_PARTY,2023-06-24,2024-06-23,1058.36
958,3181,FULL_COVERAGE,2025-05-19,2026-05-19,980.36
959,327,PREMIUM,2024-05-27,2025-05-27,1245.23
960,4559,PREMIUM,2026-02-17,2027-02-17,715.94
961,4091,THIRD_PARTY,2023-08-30,2024-08-29,2826.27
962,4847,THIRD_PARTY,2023-06-25,2024-06-24,1169.85
963,4396,PREMIUM,2025-10-07,2026-10-07,2312.27
964,3398,FULL_COVERAGE,2023-08-29,2024-08-28,2940.28
965,557,PREMIUM,2025-02-07,2026-02-07,1922.77
966,1501,THIRD_PARTY,2024-12-27,2025-12-27,361.01
967,3805,PREMIUM,2025-07-04,2026-07-04,856.83
968,2696,FULL_COVERAGE,2023-11-18,2024-11-17,652.65
969,568,PREMIUM,2024-11-13,2025-11-13,607.19
970,3191,FULL_COVERAGE,2024-03-24,2025-03-24,2491.37
971,1594,THIRD_PARTY,2023-12-24,2024-12-23,2195.59
972,4649,THIRD_PARTY,2024-01-16,2025-01-15,2747.05
973,3975,PREMIUM,2026-02-15,2027-02-15,645.96
974,148,THIRD_PARTY,2024-04-10,2025-04-10,1932.99
975,2692,PREMIUM,2025-05-09,2026-05-09,2343.14
976,743,PREMIUM,2025-03-25,2026-03-25,2779.99
977,1109,PREMIUM,2024-04-05,2025-04-05,1580.65
978,4860,THIRD_PARTY,2024-12-15,2025-12-15,1171.09
979,3499,THIRD_PARTY,2025-12-26,2026-12-26,1002.77
980,255,PREMIUM,2023-08-08,2024-08-07,588.36
981,526,FULL_COVERAGE,2024-04-27,2025-04-27,486.49
982,1307,THIRD_PARTY,2024-12-21,2025-12-21,2416.17
983,2979,THIRD_PARTY,2024-09-09,2025-09-09,2509.39
984,2401,THIRD_PARTY,2025-12-14,2026-12-14,1788.07
985,3813,FULL_COVERAGE,2023-08-14,2024-08-13,1420.99
986,1020,THIRD_PARTY,2025-09-06,2026-09-06,2646.7
987,2465,THIRD_PARTY,2025-11-23,2026-11-23,1513.58
988,4603,THIRD_PARTY,2025-01-02,2026-01-02,1157.22
989,3551,FULL_COVERAGE,2024-12-11,2025-12-11,2331.9
990,302,PREMIUM,2026-03-22,2027-03-22,1847.78
991,3703,THIRD_PARTY,2023-12-29,2024-12-28,1457.85
992,2676,THIRD_PARTY,2025-07-28,2026-07-28,619.27
993,1630,PREMIUM,2025-01-08,2026-01-08,2625.54
994,1998,PREMIUM,2025-03-24,2026-03-24,2246.0
995,1477,THIRD_PARTY,2025-02-01,2026-02-01,2079.39
996,3500,FULL_COVERAGE,2023-12-30,2024-12-29,1612.02
997,2085,FULL_COVERAGE,2025-03-05,2026-03-05,929.44
998,1086,PREMIUM,2025-09-06,2026-09-06,2802.37
999,2911,THIRD_PARTY,2023-11-05,2024-11-04,569.06
1000,864,THIRD_PARTY,2023-10-17,2024-10-16,350.09
1001,2184,THIRD_PARTY,2023-08-14,2024-08-13,1653.62
1002,4606,PREMIUM,2025-11-26,2026-11-26,1383.24
1003,4705,THIRD_PARTY,2026-02-16,2027-02-16,756.15
1004,258,FULL_COVERAGE,2024-07-12,2025-07-12,1665.47
1005,4055,PREMIUM,2025-03-27,2026-03-27,845.3
1006,410,PREMIUM,2025-10-25,2026-10-25,1929.56
1007,3031,FULL_COVERAGE,2024-02-19,2025-02-18,2866.4
1008,2221,PREMIUM,2025-05-13,2026-05-13,2703.57
1009,420,PREMIUM,2025-01-05,2026-01-05,782.17
1010,3682,PREMIUM,2025-12-16,2026-12-16,1159.42
1011,2244,FULL_COVERAGE,2024-08-12,2025-08-12,2010.12
1012,1806,PREMIUM,2025-08-06,2026-08-06,2826.22
1013,2260,PREMIUM,2024-11-26,2025-11-26,2715.85
1014,2792,FULL_COVERAGE,2025-02-10,2026-02-10,1927.14
1015,4078,THIRD_PARTY,2025-02-04,2026-02-04,532.21
1016,4159,PREMIUM,2025-01-28,2026-01-28,481.5
1017,1745,THIRD_PARTY,2026-01-29,2027-01-29,2935.88
1018,576,PREMIUM,2025-06-03,2026-06-03,1061.6
1019,1709,PREMIUM,2025-12-28,2026-12-28,678.04
1020,161,FULL_COVERAGE,2025-03-28,2026-03-28,966.77
1021,482,THIRD_PARTY,2024-11-25,2025-11-25,2682.63
1022,485,FULL_COVERAGE,2025-05-05,2026-05-05,2720.43
1023,2048,PREMIUM,2023-10-21,2024-10-20,1830.56
1024,99,PREMIUM,2025-12-24,2026-12-24,893.29
1025,4255,PREMIUM,2024-03-14,2025-03-14,2407.99
1026,232,THIRD_PARTY,2026-01-24,2027-01-24,776.74
1027,932,THIRD_PARTY,2026-01-09,2027-01-09,2065.81
1028,2555,THIRD_PARTY,2024-02-07,2025-02-06,1061.56
1029,4807,FULL_COVERAGE,2023-12-04,2024-12-03,2992.28
1030,2673,PREMIUM,2024-12-18,2025-12-18,2014.63
1031,4320,THIRD_PARTY,2025-08-18,2026-08-18,1942.72
1032,495,FULL_COVERAGE,2023-12-07,2024-12-06,2542.06
1033,390,PREMIUM,2024-12-11,2025-12-11,1362.77
1034,3695,PREMIUM,2023-06-09,2024-06-08,2811.12
1035,1198,PREMIUM,2023-11-24,2024-11-23,2849.68
1036,932,THIRD_PARTY,2024-08-28,2025-08-28,1469.52
1037,1909,THIRD_PARTY,2024-02-11,2025-02-10,2002.23
1038,741,FULL_COVERAGE,2024-11-13,2025-11-13,1070.24
1039,1604,THIRD_PARTY,2026-02-26,2027-02-26,2754.38
1040,477,PREMIUM,2024-06-17,2025-06-17,1504.42
1041,3877,PREMIUM,2025-07-15,2026-07-15,2698.73
1042,4140,PREMIUM,2023-06-23,2024-06-22,2383.35
1043,180,THIRD_PARTY,2024-11-15,2025-11-15,1465.31
1044,2425,PREMIUM,2024-11-12,2025-11-12,1580.13
1045,822,THIRD_PARTY,2025-03-21,2026-03-21,1052.07
1046,3556,PREMIUM,2024-04-23,2025-04-23,1061.45
1047,4809,FULL_COVERAGE,2025-09-07,2026-09-07,369.82
1048,4080,PREMIUM,2026-01-05,2027-01-05,2080.25
1049,3335,PREMIUM,2025-03-22,2026-03-22,386.04
1050,4434,PREMIUM,2025-05-02,2026-05-02,2137.78
1051,890,THIRD_PARTY,2024-10-10,2025-10-10,1376.28
1052,3562,PREMIUM,2023-11-01,2024-10-31,305.46
1053,4790,FULL_COVERAGE,2024-08-14,2025-08-14,2140.79
1054,1435,PREMIUM,2024-10-24,2025-10-24,1610.79
1055,4170,PREMIUM,2026-04-02,2027-04-02,1270.84
1056,4391,PREMIUM,2024-04-13,2025-04-13,1878.12
1057,878,PREMIUM,2024-03-10,2025-03-10,1795.6
1058,1592,PREMIUM,2025-03-29,2026-03-29,1017.48
1059,2758,THIRD_PARTY,2025-08-04,2026-08-04,894.73
1060,4580,THIRD_PARTY,2024-07-30,2025-07-30,2063.65
1061,2590,THIRD_PARTY,2025-08-01,2026-08-01,886.75
1062,4065,THIRD_PARTY,2024-10-03,2025-10-03,2114.47
1063,1426,THIRD_PARTY,2024-06-24,2025-06-24,2110.59
1064,3225,FULL_COVERAGE,2024-08-28,2025-08-28,1889.01
1065,1050,PREMIUM,2024-06-28,2025-06-28,885.31
1066,2142,THIRD_PARTY,2024-06-28,2025-06-28,777.71
1067,658,FULL_COVERAGE,2023-08-06,2024-08-05,2449.72
1068,3228,PREMIUM,2024-06-19,2025-06-19,2235.87
1069,311,FULL_COVERAGE,2025-08-24,2026-08-24,2178.23
1070,795,THIRD_PARTY,2025-03-21,2026-03-21,1786.76
1071,3849,FULL_COVERAGE,2024-10-27,2025-10-27,1373.24
1072,421,PREMIUM,2024-10-12,2025-10-12,2372.05
1073,3288,FULL_COVERAGE,2023-08-14,2024-08-13,2122.28
1074,4985,THIRD_PARTY,2023-05-25,2024-05-24,2676.73
1075,1969,FULL_COVERAGE,2024-06-19,2025-06-19,1940.52
1076,740,PREMIUM,2024-02-26,2025-02-25,2885.33
1077,2460,FULL_COVERAGE,2025-05-21,2026-05-21,956.81
1078,3488,PREMIUM,2026-03-04,2027-03-04,1685.24
1079,2633,THIRD_PARTY,2024-08-31,2025-08-31,2191.97
1080,1593,FULL_COVERAGE,2025-12-01,2026-12-01,320.83
1081,1393,FULL_COVERAGE,2023-06-24,2024-06-23,1922.98
1082,4588,FULL_COVERAGE,2024-04-23,2025-04-23,2175.19
1083,2184,PREMIUM,2026-01-18,2027-01-18,1943.58
1084,3850,FULL_COVERAGE,2024-05-03,2025-05-03,313.01
1085,2560,PREMIUM,2024-03-02,2025-03-02,2889.06
1086,2741,THIRD_PARTY,2024-07-07,2025-07-07,1571.98
1087,710,FULL_COVERAGE,2025-01-29,2026-01-29,2916.97
1088,945,THIRD_PARTY,2026-02-03,2027-02-03,2848.83
1089,2144,PREMIUM,2023-12-25,2024-12-24,2727.99
1090,4862,THIRD_PARTY,2024-03-14,2025-03-14,2796.88
1091,2465,THIRD_PARTY,2024-01-04,2025-01-03,2169.16
1092,1480,THIRD_PARTY,2025-03-01,2026-03-01,1033.28
1093,773,THIRD_PARTY,2023-11-23,2024-11-22,432.54
1094,2676,THIRD_PARTY,2026-03-29,2027-03-29,1051.61
1095,1373,FULL_COVERAGE,2025-06-28,2026-06-28,1485.73
1096,1827,PREMIUM,2025-10-21,2026-10-21,719.73
1097,834,PREMIUM,2024-06-11,2025-06-11,1261.45
1098,1122,THIRD_PARTY,2023-12-07,2024-12-06,2045.47
1099,56,THIRD_PARTY,2023-10-22,2024-10-21,784.37
1100,4999,THIRD_PARTY,2025-02-19,2026-02-19,742.7
1101,4591,THIRD_PARTY,2024-09-29,2025-09-29,769.28
1102,4702,THIRD_PARTY,2025-12-03,2026-12-03,1075.55
1103,4807,FULL_COVERAGE,2024-01-22,2025-01-21,1891.32
1104,4676,PREMIUM,2024-03-03,2025-03-03,1870.43
1105,1487,FULL_COVERAGE,2025-09-10,2026-09-10,1884.05
1106,2273,FULL_COVERAGE,2024-03-21,2025-03-21,2471.75
1107,761,PREMIUM,2023-06-03,2024-06-02,2277.73
1108,589,THIRD_PARTY,2025-04-16,2026-04-16,768.91
1109,4594,PREMIUM,2023-07-17,2024-07-16,1727.9
1110,2014,FULL_COVERAGE,2025-07-23,2026-07-23,2001.08
1111,4667,THIRD_PARTY,2024-07-19,2025-07-19,903.69
1112,557,THIRD_PARTY,2023-11-24,2024-11-23,2085.29
1113,4672,FULL_COVERAGE,2024-12-07,2025-12-07,2881.11
1114,3087,PREMIUM,2026-03-05,2027-03-05,2840.59
1115,1328,THIRD_PARTY,2024-05-19,2025-05-19,465.83
1116,4507,PREMIUM,2024-05-21,2025-05-21,1822.34
1117,1602,FULL_COVERAGE,2024-01-07,2025-01-06,1125.39
1118,296,FULL_COVERAGE,2025-03-31,2026-03-31,459.09
1119,3686,PREMIUM,2025-06-29,2026-06-29,1132.29
1120,3014,PREMIUM,2025-03-23,2026-03-23,1259.65
1121,24,FULL_COVERAGE,2024-10-03,2025-10-03,1801.63
1122,4794,FULL_COVERAGE,2023-07-06,2024-07-05,994.06
1123,4092,FULL_COVERAGE,2024-03-07,2025-03-07,2033.91
1124,128,THIRD_PARTY,2025-11-17,2026-11-17,553.03
1125,2073,FULL_COVERAGE,2025-03-27,2026-03-27,1127.82
1126,56,THIRD_PARTY,2023-12-19,2024-12-18,2121.24
1127,1024,FULL_COVERAGE,2025-10-04,2026-10-04,1224.09
1128,937,THIRD_PARTY,2025-07-29,2026-07-29,2062.68
1129,3339,PREMIUM,2023-11-06,2024-11-05,1400.1
1130,3461,FULL_COVERAGE,2025-05-23,2026-05-23,907.57
1131,1890,FULL_COVERAGE,2024-08-07,2025-08-07,2518.76
1132,2336,PREMIUM,2024-08-03,2025-08-03,1727.46
1133,3022,PREMIUM,2024-05-07,2025-05-07,2360.17
1134,4336,THIRD_PARTY,2024-01-06,2025-01-05,484.68
1135,2318,FULL_COVERAGE,2024-06-09,2025-06-09,439.8
1136,1664,FULL_COVERAGE,2023-11-16,2024-11-15,959.89
1137,704,FULL_COVERAGE,2023-05-17,2024-05-16,2581.58
1138,215,PREMIUM,2024-12-06,2025-12-06,2198.75
1139,2965,THIRD_PARTY,2024-04-04,2025-04-04,548.12
1140,4269,FULL_COVERAGE,2024-07-08,2025-07-08,722.61
1141,4568,FULL_COVERAGE,2023-12-29,2024-12-28,346.47
1142,4776,FULL_COVERAGE,2026-03-04,2027-03-04,1539.3
1143,2837,THIRD_PARTY,2024-05-27,2025-05-27,2281.71
1144,2281,PREMIUM,2025-10-02,2026-10-02,2240.24
1145,1120,THIRD_PARTY,2023-09-25,2024-09-24,761.2
1146,3248,THIRD_PARTY,2025-08-09,2026-08-09,2980.03
1147,4572,THIRD_PARTY,2023-11-26,2024-11-25,2722.74
1148,2233,PREMIUM,2023-07-22,2024-07-21,2178.02
1149,2976,THIRD_PARTY,2024-04-27,2025-04-27,1018.88
1150,369,FULL_COVERAGE,2025-10-02,2026-10-02,959.22
1151,2220,THIRD_PARTY,2023-06-12,2024-06-11,1283.3
1152,1803,PREMIUM,2025-10-29,2026-10-29,878.89
1153,971,PREMIUM,2024-06-05,2025-06-05,672.84
1154,4098,PREMIUM,2024-10-17,2025-10-17,2119.03
1155,1777,PREMIUM,2025-06-02,2026-06-02,937.84
1156,152,FULL_COVERAGE,2026-02-24,2027-02-24,712.42
1157,4247,THIRD_PARTY,2024-09-13,2025-09-13,365.4
1158,4297,PREMIUM,2026-01-08,2027-01-08,2810.72
1159,1934,FULL_COVERAGE,2025-10-13,2026-10-13,2731.84
1160,1762,THIRD_PARTY,2024-06-26,2025-06-26,1876.74
1161,4802,PREMIUM,2025-08-01,2026-08-01,1929.78
1162,4475,FULL_COVERAGE,2025-10-30,2026-10-30,2727.98
1163,565,FULL_COVERAGE,2024-07-27,2025-07-27,654.81
1164,84,PREMIUM,2025-05-14,2026-05-14,1187.66
1165,2145,PREMIUM,2025-08-15,2026-08-15,701.67
1166,2395,THIRD_PARTY,2025-11-26,2026-11-26,2941.32
1167,4926,THIRD_PARTY,2024-01-16,2025-01-15,2239.94
1168,4268,THIRD_PARTY,2024-05-14,2025-05-14,935.6
1169,4341,THIRD_PARTY,2024-12-14,2025-12-14,1657.37
1170,1869,THIRD_PARTY,2025-11-11,2026-11-11,1897.28
1171,4280,THIRD_PARTY,2023-07-10,2024-07-09,2918.87
1172,737,THIRD_PARTY,2024-05-30,2025-05-30,1534.48
1173,4937,PREMIUM,2023-11-16,2024-11-15,724.93
1174,3312,PREMIUM,2024-06-20,2025-06-20,1935.99
1175,4957,THIRD_PARTY,2023-11-02,2024-11-01,1596.27
1176,2139,FULL_COVERAGE,2024-04-27,2025-04-27,749.36
1177,259,THIRD_PARTY,2026-03-20,2027-03-20,2860.58
1178,4779,THIRD_PARTY,2023-08-20,2024-08-19,841.12
1179,2790,FULL_COVERAGE,2025-12-08,2026-12-08,2371.07
1180,701,PREMIUM,2025-01-22,2026-01-22,2188.05
1181,975,PREMIUM,2023-09-13,2024-09-12,2656.34
1182,4456,PREMIUM,2026-04-11,2027-04-11,1885.98
1183,3905,FULL_COVERAGE,2023-11-18,2024-11-17,1064.68
1184,2875,THIRD_PARTY,2024-08-06,2025-08-06,886.22
1185,1069,FULL_COVERAGE,2024-07-23,2025-07-23,2411.0
1186,2255,FULL_COVERAGE,2026-01-31,2027-01-31,1916.37
1187,975,FULL_COVERAGE,2024-05-29,2025-05-29,1694.33
1188,2847,FULL_COVERAGE,2025-10-07,2026-10-07,945.56
1189,4327,THIRD_PARTY,2024-07-07,2025-07-07,2142.87
1190,1950,PREMIUM,2024-01-24,2025-01-23,2945.47
1191,829,FULL_COVERAGE,2023-10-31,2024-10-30,2871.7
1192,3470,PREMIUM,2026-01-04,2027-01-04,719.68
1193,2498,PREMIUM,2024-09-13,2025-09-13,2133.14
1194,4207,PREMIUM,2025-12-24,2026-12-24,2944.19
1195,4384,FULL_COVERAGE,2025-05-12,2026-05-12,1098.41
1196,4295,PREMIUM,2026-03-26,2027-03-26,2902.28
1197,181,PREMIUM,2025-05-14,2026-05-14,1734.89
1198,445,PREMIUM,2024-02-05,2025-02-04,465.94
1199,3860,FULL_COVERAGE,2025-09-27,2026-09-27,351.05
1200,214,FULL_COVERAGE,2025-05-19,2026-05-19,608.0
1201,919,PREMIUM,2025-07-12,2026-07-12,350.42
1202,1394,FULL_COVERAGE,2023-07-22,2024-07-21,2336.88
1203,2828,FULL_COVERAGE,2024-01-22,2025-01-21,1210.22
1204,4131,THIRD_PARTY,2024-05-29,2025-05-29,928.21
1205,802,PREMIUM,2023-09-06,2024-09-05,971.96
1206,2797,PREMIUM,2025-06-24,2026-06-24,1041.71
1207,169,THIRD_PARTY,2024-06-27,2025-06-27,1952.08
1208,4508,THIRD_PARTY,2023-07-18,2024-07-17,890.44
1209,1921,THIRD_PARTY,2025-03-24,2026-03-24,2941.5
1210,707,FULL_COVERAGE,2025-01-27,2026-01-27,1598.92
1211,4998,PREMIUM,2025-07-22,2026-07-22,1514.15
1212,962,FULL_COVERAGE,2025-05-31,2026-05-31,2535.74
1213,3252,PREMIUM,2025-06-18,2026-06-18,663.99
1214,3700,FULL_COVERAGE,2024-02-11,2025-02-10,1263.57
1215,2406,THIRD_PARTY,2023-05-19,2024-05-18,1378.38
1216,1932,PREMIUM,2025-06-27,2026-06-27,971.86
1217,2627,THIRD_PARTY,2025-11-07,2026-11-07,380.3
1218,4369,THIRD_PARTY,2023-07-01,2024-06-30,2080.17
1219,2542,PREMIUM,2025-01-25,2026-01-25,1331.77
1220,4670,PREMIUM,2026-03-01,2027-03-01,1703.16
1221,575,FULL_COVERAGE,2024-02-28,2025-02-27,2262.34
1222,1638,FULL_COVERAGE,2026-03-31,2027-03-31,1489.7
1223,692,PREMIUM,2024-01-20,2025-01-19,1499.52
1224,2284,FULL_COVERAGE,2025-10-06,2026-10-06,2911.72
1225,2022,THIRD_PARTY,2024-03-25,2025-03-25,2904.46
1226,4176,THIRD_PARTY,2025-03-13,2026-03-13,2737.21
1227,3005,FULL_COVERAGE,2023-11-28,2024-11-27,1476.85
1228,2469,FULL_COVERAGE,2024-06-07,2025-06-07,1879.18
1229,4091,PREMIUM,2024-10-22,2025-10-22,1850.96
1230,1236,FULL_COVERAGE,2024-06-17,2025-06-17,1099.09
1231,1421,PREMIUM,2023-05-18,2024-05-17,2619.04
1232,3350,THIRD_PARTY,2024-05-13,2025-05-13,2049.28
1233,4335,THIRD_PARTY,2024-06-06,2025-06-06,1346.46
1234,2656,FULL_COVERAGE,2024-01-18,2025-01-17,991.32
1235,3815,FULL_COVERAGE,2024-03-28,2025-03-28,858.74
1236,4281,PREMIUM,2023-11-28,2024-11-27,2028.34
1237,4390,THIRD_PARTY,2023-07-02,2024-07-01,2528.5
1238,4963,THIRD_PARTY,2025-10-03,2026-10-03,2005.48
1239,4473,FULL_COVERAGE,2024-08-18,2025-08-18,2089.79
1240,3824,THIRD_PARTY,2025-11-03,2026-11-03,2911.69
1241,1909,THIRD_PARTY,2024-10-05,2025-10-05,1103.52
1242,4517,PREMIUM,2024-08-31,2025-08-31,1915.21
1243,3777,PREMIUM,2026-03-27,2027-03-27,1198.68
1244,1406,FULL_COVERAGE,2025-10-31,2026-10-31,701.12
1245,800,PREMIUM,2023-09-29,2024-09-28,643.62
1246,833,FULL_COVERAGE,2023-11-14,2024-11-13,2183.82
1247,4578,THIRD_PARTY,2025-02-11,2026-02-11,2890.74
1248,3450,THIRD_PARTY,2025-08-11,2026-08-11,2724.93
1249,4153,THIRD_PARTY,2023-11-27,2024-11-26,2421.21
1250,2304,FULL_COVERAGE,2024-08-23,2025-08-23,2087.61
1251,1940,PREMIUM,2024-09-01,2025-09-01,924.38
1252,2315,THIRD_PARTY,2023-11-09,2024-11-08,1958.93
1253,4103,FULL_COVERAGE,2023-08-27,2024-08-26,572.09
1254,2361,PREMIUM,2024-10-25,2025-10-25,2756.33
1255,2915,PREMIUM,2024-05-15,2025-05-15,1997.94
1256,12,PREMIUM,2025-12-18,2026-12-18,1133.56
1257,927,THIRD_PARTY,2023-08-05,2024-08-04,1419.01
1258,3550,PREMIUM,2026-04-01,2027-04-01,2317.05
1259,4388,THIRD_PARTY,2026-03-25,2027-03-25,2331.76
1260,2542,FULL_COVERAGE,2024-02-29,2025-02-28,1183.62
1261,2504,FULL_COVERAGE,2026-03-12,2027-03-12,476.69
1262,4323,FULL_COVERAGE,2023-12-20,2024-12-19,1636.45
1263,1157,THIRD_PARTY,2023-07-22,2024-07-21,2377.8
1264,1216,PREMIUM,2026-03-08,2027-03-08,1190.22
1265,1850,THIRD_PARTY,2025-12-18,2026-12-18,1215.24
1266,1754,FULL_COVERAGE,2023-11-06,2024-11-05,2026.38
1267,489,PREMIUM,2024-03-12,2025-03-12,600.96
1268,560,THIRD_PARTY,2024-08-04,2025-08-04,2644.47
1269,4157,THIRD_PARTY,2025-07-07,2026-07-07,920.89
1270,3415,PREMIUM,2025-04-29,2026-04-29,2193.63
1271,4621,THIRD_PARTY,2025-08-11,2026-08-11,2166.67
1272,3483,FULL_COVERAGE,2025-01-07,2026-01-07,541.83
1273,2195,THIRD_PARTY,2023-12-06,2024-12-05,736.08
1274,1598,FULL_COVERAGE,2024-03-18,2025-03-18,2117.26
1275,3591,FULL_COVERAGE,2024-10-26,2025-10-26,1328.28
1276,2790,PREMIUM,2025-01-23,2026-01-23,2695.8
1277,294,PREMIUM,2024-05-12,2025-05-12,2476.41
1278,3239,PREMIUM,2025-07-03,2026-07-03,901.43
1279,4630,FULL_COVERAGE,2025-09-26,2026-09-26,2562.26
1280,2435,PREMIUM,2026-02-23,2027-02-23,370.86
1281,3885,THIRD_PARTY,2025-04-25,2026-04-25,1399.54
1282,2366,FULL_COVERAGE,2024-11-10,2025-11-10,2293.54
1283,4051,PREMIUM,2024-05-17,2025-05-17,2639.49
1284,4119,PREMIUM,2025-01-08,2026-01-08,2359.94
1285,1460,PREMIUM,2024-03-05,2025-03-05,1990.08
1286,3762,PREMIUM,2024-11-06,2025-11-06,977.68
1287,659,PREMIUM,2024-03-30,2025-03-30,1851.19
1288,364,FULL_COVERAGE,2026-02-24,2027-02-24,2985.79
1289,3001,PREMIUM,2025-09-30,2026-09-30,1005.11
1290,3665,PREMIUM,2024-11-08,2025-11-08,2736.09
1291,843,PREMIUM,2024-09-13,2025-09-13,2486.55
1292,2293,FULL_COVERAGE,2023-09-09,2024-09-08,2737.75
1293,2385,THIRD_PARTY,2025-07-20,2026-07-20,2637.68
1294,1682,FULL_COVERAGE,2023-08-30,2024-08-29,1914.04
1295,3794,FULL_COVERAGE,2025-07-24,2026-07-24,447.59
1296,3972,FULL_COVERAGE,2025-04-13,2026-04-13,1024.8
1297,1620,FULL_COVERAGE,2024-05-04,2025-05-04,565.96
1298,3614,PREMIUM,2025-09-17,2026-09-17,1027.03
1299,4994,FULL_COVERAGE,2024-07-02,2025-07-02,918.92
1300,801,FULL_COVERAGE,2023-12-15,2024-12-14,1525.68
1301,1047,PREMIUM,2024-11-17,2025-11-17,2055.41
1302,2088,FULL_COVERAGE,2023-07-08,2024-07-07,578.85
1303,1749,PREMIUM,2024-06-16,2025-06-16,2585.61
1304,240,PREMIUM,2025-08-25,2026-08-25,945.34
1305,4139,PREMIUM,2024-02-04,2025-02-03,1094.82
1306,491,PREMIUM,2025-11-18,2026-11-18,2803.58
1307,2258,PREMIUM,2026-01-05,2027-01-05,680.61
1308,2277,THIRD_PARTY,2025-04-30,2026-04-30,1961.38
1309,4070,THIRD_PARTY,2024-07-25,2025-07-25,1618.96
1310,412,THIRD_PARTY,2023-08-29,2024-08-28,2955.15
1311,2898,THIRD_PARTY,2024-04-28,2025-04-28,1905.1
1312,1484,FULL_COVERAGE,2025-07-18,2026-07-18,2596.66
1313,3852,PREMIUM,2023-10-07,2024-10-06,1598.08
1314,2632,THIRD_PARTY,2024-03-13,2025-03-13,1635.79
1315,4220,PREMIUM,2026-03-13,2027-03-13,1832.72
1316,3166,THIRD_PARTY,2024-04-01,2025-04-01,690.82
1317,4718,FULL_COVERAGE,2025-06-05,2026-06-05,1363.35
1318,4977,PREMIUM,2023-05-20,2024-05-19,2419.52
1319,610,THIRD_PARTY,2024-06-20,2025-06-20,2185.68
1320,862,PREMIUM,2025-02-18,2026-02-18,2796.68
1321,3343,FULL_COVERAGE,2025-02-09,2026-02-09,421.89
1322,384,FULL_COVERAGE,2024-12-15,2025-12-15,2568.78
1323,1711,FULL_COVERAGE,2026-02-01,2027-02-01,2893.17
1324,2946,FULL_COVERAGE,2024-10-21,2025-10-21,1639.04
1325,4328,FULL_COVERAGE,2024-12-19,2025-12-19,2973.92
1326,3633,PREMIUM,2024-02-06,2025-02-05,2832.42
1327,3434,PREMIUM,2023-08-10,2024-08-09,731.65
1328,566,THIRD_PARTY,2024-05-08,2025-05-08,2924.26
1329,1118,THIRD_PARTY,2024-02-15,2025-02-14,1912.25
1330,4914,PREMIUM,2026-02-18,2027-02-18,2836.67
1331,3629,PREMIUM,2025-07-09,2026-07-09,1057.87
1332,3768,THIRD_PARTY,2024-07-25,2025-07-25,2669.52
1333,4013,THIRD_PARTY,2026-01-30,2027-01-30,366.87
1334,3710,FULL_COVERAGE,2025-06-19,2026-06-19,932.64
1335,1590,PREMIUM,2023-10-24,2024-10-23,2373.02
1336,3064,FULL_COVERAGE,2024-02-15,2025-02-14,2306.34
1337,275,THIRD_PARTY,2025-02-16,2026-02-16,377.31
1338,3835,FULL_COVERAGE,2026-02-09,2027-02-09,600.36
1339,1837,PREMIUM,2023-07-02,2024-07-01,1433.13
1340,3140,PREMIUM,2024-12-13,2025-12-13,2877.47
1341,4486,FULL_COVERAGE,2025-05-06,2026-05-06,2771.37
1342,1543,THIRD_PARTY,2023-09-29,2024-09-28,2134.46
1343,3845,PREMIUM,2024-02-03,2025-02-02,1118.2
1344,3529,PREMIUM,2023-07-28,2024-07-27,2233.03
1345,114,THIRD_PARTY,2023-10-28,2024-10-27,1108.73
1346,2313,PREMIUM,2025-04-10,2026-04-10,1871.22
1347,1257,PREMIUM,2024-06-13,2025-06-13,513.67
1348,3810,FULL_COVERAGE,2025-08-20,2026-08-20,616.79
1349,2884,THIRD_PARTY,2024-08-07,2025-08-07,2344.53
1350,3588,PREMIUM,2023-11-09,2024-11-08,2535.49
1351,1549,PREMIUM,2024-04-12,2025-04-12,2559.25
1352,267,PREMIUM,2024-08-24,2025-08-24,922.11
1353,1052,FULL_COVERAGE,2025-09-07,2026-09-07,2816.64
1354,2617,FULL_COVERAGE,2025-08-22,2026-08-22,2960.05
1355,326,THIRD_PARTY,2023-06-05,2024-06-04,2398.36
1356,2758,THIRD_PARTY,2023-07-14,2024-07-13,1849.77
1357,2550,PREMIUM,2025-08-17,2026-08-17,412.48
1358,878,FULL_COVERAGE,2024-05-24,2025-05-24,2049.82
1359,4927,THIRD_PARTY,2023-12-03,2024-12-02,1485.35
1360,2644,PREMIUM,2025-10-30,2026-10-30,1043.08
1361,1279,FULL_COVERAGE,2023-12-28,2024-12-27,683.12
1362,4708,FULL_COVERAGE,2024-03-29,2025-03-29,337.94
1363,1346,FULL_COVERAGE,2025-02-26,2026-02-26,1744.26
1364,972,THIRD_PARTY,2023-10-31,2024-10-30,1905.23
1365,2513,THIRD_PARTY,2023-09-13,2024-09-12,1725.23
1366,3718,FULL_COVERAGE,2025-03-13,2026-03-13,427.99
1367,1142,FULL_COVERAGE,2024-01-19,2025-01-18,1950.25
1368,817,THIRD_PARTY,2024-04-13,2025-04-13,761.77
1369,3070,THIRD_PARTY,2024-01-14,2025-01-13,1944.46
1370,3117,PREMIUM,2026-03-11,2027-03-11,1895.71
1371,2011,FULL_COVERAGE,2025-03-07,2026-03-07,1318.45
1372,2954,FULL_COVERAGE,2023-08-24,2024-08-23,2471.84
1373,1255,THIRD_PARTY,2025-07-10,2026-07-10,1387.68
1374,4459,FULL_COVERAGE,2024-05-09,2025-05-09,946.87
1375,2640,THIRD_PARTY,2024-04-23,2025-04-23,1509.89
1376,1714,THIRD_PARTY,2024-05-29,2025-05-29,1018.07
1377,2542,THIRD_PARTY,2026-02-13,2027-02-13,1689.88
1378,3044,THIRD_PARTY,2026-01-03,2027-01-03,405.25
1379,698,FULL_COVERAGE,2024-06-11,2025-06-11,2432.99
1380,3633,FULL_COVERAGE,2025-12-13,2026-12-13,2109.16
1381,2535,FULL_COVERAGE,2024-03-22,2025-03-22,851.36
1382,2828,PREMIUM,2025-07-02,2026-07-02,473.32
1383,661,PREMIUM,2023-06-03,2024-06-02,330.13
1384,2682,FULL_COVERAGE,2025-08-27,2026-08-27,1085.19
1385,3676,PREMIUM,2024-09-01,2025-09-01,2344.26
1386,171,PREMIUM,2026-03-30,2027-03-30,512.99
1387,69,PREMIUM,2023-11-04,2024-11-03,2063.97
1388,1328,THIRD_PARTY,2026-03-01,2027-03-01,2366.69
1389,3525,PREMIUM,2023-10-11,2024-10-10,2028.09
1390,3120,THIRD_PARTY,2023-06-24,2024-06-23,632.5
1391,3135,THIRD_PARTY,2025-12-09,2026-12-09,2206.4
1392,3822,THIRD_PARTY,2026-02-12,2027-02-12,847.25
1393,3695,FULL_COVERAGE,2026-04-07,2027-04-07,1035.24
1394,1102,THIRD_PARTY,2025-11-23,2026-11-23,1667.15
1395,3954,FULL_COVERAGE,2023-12-20,2024-12-19,1141.79
1396,404,FULL_COVERAGE,2025-01-26,2026-01-26,1109.58
1397,937,PREMIUM,2024-04-18,2025-04-18,860.29
1398,445,THIRD_PARTY,2024-05-19,2025-05-19,2794.18
1399,3376,PREMIUM,2023-07-21,2024-07-20,454.76
1400,1949,FULL_COVERAGE,2024-12-13,2025-12-13,2913.73
1401,393,PREMIUM,2023-08-15,2024-08-14,1507.71
1402,4077,PREMIUM,2024-11-21,2025-11-21,2770.01
1403,1869,PREMIUM,2024-02-07,2025-02-06,2042.43
1404,4004,THIRD_PARTY,2025-05-15,2026-05-15,1451.82
1405,3328,THIRD_PARTY,2026-01-13,2027-01-13,2636.14
1406,4715,FULL_COVERAGE,2025-08-16,2026-08-16,2148.52
1407,1856,THIRD_PARTY,2023-06-13,2024-06-12,1959.07
1408,3739,FULL_COVERAGE,2024-08-06,2025-08-06,2551.59
1409,2578,PREMIUM,2023-05-31,2024-05-30,684.01
1410,2336,FULL_COVERAGE,2023-08-15,2024-08-14,408.65
1411,1319,THIRD_PARTY,2025-11-10,2026-11-10,613.74
1412,2387,PREMIUM,2025-11-20,2026-11-20,1223.33
1413,3508,FULL_COVERAGE,2023-10-06,2024-10-05,2351.21
1414,4283,FULL_COVERAGE,2025-03-16,2026-03-16,2333.02
1415,56,PREMIUM,2025-02-08,2026-02-08,1782.87
1416,2699,FULL_COVERAGE,2025-08-04,2026-08-04,1039.42
1417,955,FULL_COVERAGE,2026-01-18,2027-01-18,826.35
1418,899,THIRD_PARTY,2024-03-01,2025-03-01,804.23
1419,1154,FULL_COVERAGE,2023-06-02,2024-06-01,2007.07
1420,2151,THIRD_PARTY,2025-02-27,2026-02-27,1522.84
1421,3820,PREMIUM,2025-09-20,2026-09-20,797.78
1422,1927,FULL_COVERAGE,2024-09-09,2025-09-09,2903.88
1423,4494,THIRD_PARTY,2024-02-15,2025-02-14,789.72
1424,4943,PREMIUM,2025-08-02,2026-08-02,2405.62
1425,2496,FULL_COVERAGE,2023-06-06,2024-06-05,1109.59
1426,4279,FULL_COVERAGE,2023-08-03,2024-08-02,1228.16
1427,1689,THIRD_PARTY,2026-03-11,2027-03-11,1548.65
1428,1337,FULL_COVERAGE,2024-10-06,2025-10-06,2701.83
1429,1408,PREMIUM,2024-06-21,2025-06-21,1597.68
1430,3274,PREMIUM,2023-12-21,2024-12-20,753.63
1431,2203,FULL_COVERAGE,2024-12-02,2025-12-02,2464.59
1432,184,FULL_COVERAGE,2025-11-01,2026-11-01,663.42
1433,2667,THIRD_PARTY,2025-11-11,2026-11-11,2152.09
1434,1672,PREMIUM,2025-07-10,2026-07-10,1516.09
1435,4329,THIRD_PARTY,2023-10-24,2024-10-23,1667.13
1436,1375,THIRD_PARTY,2023-09-18,2024-09-17,2419.91
1437,3516,THIRD_PARTY,2023-11-14,2024-11-13,533.63
1438,154,THIRD_PARTY,2024-02-22,2025-02-21,1141.5
1439,3022,THIRD_PARTY,2024-01-21,2025-01-20,1606.28
1440,4859,THIRD_PARTY,2024-10-28,2025-10-28,1330.09
1441,502,FULL_COVERAGE,2025-06-29,2026-06-29,1763.64
1442,951,THIRD_PARTY,2025-04-08,2026-04-08,2008.95
1443,3326,FULL_COVERAGE,2023-08-03,2024-08-02,1013.74
1444,318,FULL_COVERAGE,2024-06-05,2025-06-05,329.22
1445,2140,FULL_COVERAGE,2024-10-22,2025-10-22,2332.88
1446,2187,THIRD_PARTY,2025-02-20,2026-02-20,2283.18
1447,2579,PREMIUM,2026-01-11,2027-01-11,2180.96
1448,4391,THIRD_PARTY,2024-08-05,2025-08-05,2290.96
1449,1797,FULL_COVERAGE,2023-11-30,2024-11-29,1569.14
1450,2455,PREMIUM,2023-10-15,2024-10-14,836.74
1451,2873,PREMIUM,2024-12-10,2025-12-10,2706.91
1452,3511,THIRD_PARTY,2025-07-14,2026-07-14,994.3
1453,2105,FULL_COVERAGE,2025-07-06,2026-07-06,2920.51
1454,4932,THIRD_PARTY,2025-04-17,2026-04-17,2339.95
1455,2765,THIRD_PARTY,2025-04-18,2026-04-18,2548.28
1456,4539,THIRD_PARTY,2024-08-17,2025-08-17,2281.63
1457,1215,THIRD_PARTY,2023-12-26,2024-12-25,2436.37
1458,370,THIRD_PARTY,2026-02-09,2027-02-09,1495.1
1459,2989,PREMIUM,2026-03-08,2027-03-08,538.29
1460,3876,FULL_COVERAGE,2026-01-09,2027-01-09,2045.43
1461,3749,FULL_COVERAGE,2025-06-30,2026-06-30,2467.15
1462,393,FULL_COVERAGE,2025-07-08,2026-07-08,1628.26
1463,4487,PREMIUM,2025-01-15,2026-01-15,851.49
1464,3796,PREMIUM,2025-10-24,2026-10-24,2863.53
1465,4321,PREMIUM,2025-06-03,2026-06-03,2069.51
1466,3378,THIRD_PARTY,2025-12-13,2026-12-13,533.52
1467,2222,PREMIUM,2025-09-27,2026-09-27,2513.94
1468,307,FULL_COVERAGE,2024-01-11,2025-01-10,1595.3
1469,458,PREMIUM,2024-12-15,2025-12-15,316.92
1470,796,FULL_COVERAGE,2024-04-26,2025-04-26,2767.43
1471,4942,THIRD_PARTY,2025-03-28,2026-03-28,1684.1
1472,4980,PREMIUM,2023-09-23,2024-09-22,1702.33
1473,2150,PREMIUM,2024-06-20,2025-06-20,2710.84
1474,1392,PREMIUM,2023-12-16,2024-12-15,994.03
1475,2224,PREMIUM,2024-12-03,2025-12-03,987.15
1476,1126,THIRD_PARTY,2025-12-31,2026-12-31,1141.13
1477,3690,THIRD_PARTY,2024-05-30,2025-05-30,2390.15
1478,3037,FULL_COVERAGE,2024-03-15,2025-03-15,2999.32
1479,1200,THIRD_PARTY,2024-04-23,2025-04-23,569.39
1480,4861,THIRD_PARTY,2024-03-01,2025-03-01,1876.22
1481,3172,THIRD_PARTY,2024-03-18,2025-03-18,1174.5
1482,793,FULL_COVERAGE,2026-02-27,2027-02-27,1898.03
1483,1281,THIRD_PARTY,2023-07-02,2024-07-01,2137.18
1484,3381,PREMIUM,2024-03-04,2025-03-04,2126.72
1485,458,THIRD_PARTY,2024-07-23,2025-07-23,1339.28
1486,2852,THIRD_PARTY,2024-08-26,2025-08-26,725.2
1487,619,THIRD_PARTY,2023-11-02,2024-11-01,575.93
1488,672,FULL_COVERAGE,2026-01-27,2027-01-27,1440.85
1489,2671,PREMIUM,2023-09-14,2024-09-13,2039.83
1490,4425,PREMIUM,2024-07-22,2025-07-22,1431.07
1491,969,FULL_COVERAGE,2023-07-29,2024-07-28,1259.46
1492,3227,THIRD_PARTY,2023-06-23,2024-06-22,2129.73
1493,2476,FULL_COVERAGE,2025-06-09,2026-06-09,2717.46
1494,3740,THIRD_PARTY,2023-08-03,2024-08-02,2644.97
1495,3154,THIRD_PARTY,2025-05-24,2026-05-24,2081.12
1496,363,FULL_COVERAGE,2025-11-28,2026-11-28,2869.95
1497,4798,PREMIUM,2023-11-23,2024-11-22,2084.0
1498,1139,FULL_COVERAGE,2025-10-05,2026-10-05,963.7
1499,4008,FULL_COVERAGE,2025-02-17,2026-02-17,1031.34
1500,2585,THIRD_PARTY,2024-08-28,2025-08-28,1558.28
1501,1752,PREMIUM,2023-11-28,2024-11-27,382.62
1502,3885,PREMIUM,2024-08-06,2025-08-06,2136.54
1503,698,PREMIUM,2024-08-29,2025-08-29,1783.12
1504,2254,THIRD_PARTY,2025-09-25,2026-09-25,2550.79
1505,3440,PREMIUM,2025-12-13,2026-12-13,2189.81
1506,1623,FULL_COVERAGE,2023-11-09,2024-11-08,963.95
1507,830,THIRD_PARTY,2024-03-12,2025-03-12,2394.02
1508,2510,FULL_COVERAGE,2023-12-29,2024-12-28,2963.36
1509,4538,FULL_COVERAGE,2024-06-07,2025-06-07,681.01
1510,4968,THIRD_PARTY,2024-03-11,2025-03-11,2560.75
1511,758,FULL_COVERAGE,2025-06-15,2026-06-15,1502.99
1512,4079,PREMIUM,2024-01-11,2025-01-10,2590.38
1513,1292,FULL_COVERAGE,2024-02-03,2025-02-02,1441.66
1514,3567,FULL_COVERAGE,2025-05-13,2026-05-13,2897.66
1515,4289,FULL_COVERAGE,2024-03-18,2025-03-18,1263.11
1516,3294,FULL_COVERAGE,2026-02-04,2027-02-04,669.03
1517,2867,PREMIUM,2023-05-15,2024-05-14,763.74
1518,2472,FULL_COVERAGE,2026-04-06,2027-04-06,1076.89
1519,3605,FULL_COVERAGE,2023-05-28,2024-05-27,668.04
1520,4030,THIRD_PARTY,2024-06-10,2025-06-10,2380.72
1521,118,PREMIUM,2024-12-19,2025-12-19,365.1
1522,3169,THIRD_PARTY,2024-08-17,2025-08-17,1380.28
1523,4346,FULL_COVERAGE,2025-03-21,2026-03-21,2104.87
1524,1658,THIRD_PARTY,2024-08-06,2025-08-06,2249.81
1525,1687,PREMIUM,2025-05-05,2026-05-05,2279.33
1526,4205,THIRD_PARTY,2024-07-27,2025-07-27,1690.97
1527,2554,PREMIUM,2023-12-23,2024-12-22,2967.96
1528,3307,PREMIUM,2023-09-02,2024-09-01,1565.54
1529,420,THIRD_PARTY,2025-01-17,2026-01-17,750.56
1530,2067,FULL_COVERAGE,2025-03-27,2026-03-27,909.49
1531,2098,THIRD_PARTY,2023-12-14,2024-12-13,2375.02
1532,3022,FULL_COVERAGE,2024-06-22,2025-06-22,490.83
1533,2817,PREMIUM,2023-12-05,2024-12-04,1475.1
1534,4459,PREMIUM,2024-08-28,2025-08-28,1995.68
1535,2300,PREMIUM,2024-07-25,2025-07-25,947.44
1536,3330,PREMIUM,2024-11-02,2025-11-02,1910.42
1537,2901,FULL_COVERAGE,2024-07-24,2025-07-24,2629.03
1538,2660,PREMIUM,2024-04-12,2025-04-12,2900.76
1539,688,THIRD_PARTY,2025-04-30,2026-04-30,2992.41
1540,3069,THIRD_PARTY,2024-11-05,2025-11-05,1780.33
1541,870,PREMIUM,2025-12-10,2026-12-10,1480.43
1542,4445,FULL_COVERAGE,2024-08-15,2025-08-15,2961.75
1543,4620,THIRD_PARTY,2023-09-02,2024-09-01,1579.91
1544,4462,THIRD_PARTY,2024-07-27,2025-07-27,1881.09
1545,4712,FULL_COVERAGE,2026-01-18,2027-01-18,877.05
1546,431,PREMIUM,2024-02-29,2025-02-28,549.87
1547,3781,FULL_COVERAGE,2026-03-22,2027-03-22,498.01
1548,3826,FULL_COVERAGE,2023-07-18,2024-07-17,2774.58
1549,3225,THIRD_PARTY,2025-12-14,2026-12-14,2876.01
1550,3441,FULL_COVERAGE,2023-08-17,2024-08-16,2673.5
1551,3511,PREMIUM,2024-08-01,2025-08-01,1527.97
1552,4905,FULL_COVERAGE,2025-08-11,2026-08-11,2656.19
1553,2735,THIRD_PARTY,2026-01-25,2027-01-25,2412.3
1554,3376,THIRD_PARTY,2025-05-17,2026-05-17,1605.43
1555,4122,PREMIUM,2026-02-14,2027-02-14,2195.8
1556,2954,THIRD_PARTY,2026-01-14,2027-01-14,2644.36
1557,1101,FULL_COVERAGE,2024-05-06,2025-05-06,421.82
1558,1627,PREMIUM,2023-07-01,2024-06-30,1065.21
1559,3947,FULL_COVERAGE,2025-02-27,2026-02-27,1902.18
1560,1191,PREMIUM,2023-11-30,2024-11-29,2699.66
1561,4594,PREMIUM,2024-12-22,2025-12-22,821.06
1562,1904,FULL_COVERAGE,2025-10-15,2026-10-15,2934.6
1563,1684,PREMIUM,2025-01-29,2026-01-29,336.66
1564,1221,THIRD_PARTY,2023-09-08,2024-09-07,2961.19
1565,3692,FULL_COVERAGE,2023-07-29,2024-07-28,751.11
1566,4689,PREMIUM,2025-07-17,2026-07-17,1689.42
1567,4408,FULL_COVERAGE,2024-12-09,2025-12-09,493.84
1568,986,PREMIUM,2024-12-20,2025-12-20,2911.89
1569,2782,THIRD_PARTY,2024-12-04,2025-12-04,1354.51
1570,666,THIRD_PARTY,2025-01-22,2026-01-22,1490.03
1571,4845,THIRD_PARTY,2023-06-19,2024-06-18,667.09
1572,1729,THIRD_PARTY,2025-06-05,2026-06-05,1433.23
1573,4731,THIRD_PARTY,2025-11-13,2026-11-13,1271.63
1574,1551,THIRD_PARTY,2023-09-16,2024-09-15,2480.5
1575,4727,PREMIUM,2024-11-05,2025-11-05,2013.21
1576,2668,FULL_COVERAGE,2025-11-24,2026-11-24,625.24
1577,1758,FULL_COVERAGE,2024-03-12,2025-03-12,2516.39
1578,1579,THIRD_PARTY,2024-04-30,2025-04-30,2291.15
1579,2176,THIRD_PARTY,2026-02-23,2027-02-23,2485.69
1580,336,PREMIUM,2025-11-02,2026-11-02,1301.27
1581,785,THIRD_PARTY,2025-04-27,2026-04-27,2471.1
1582,3396,PREMIUM,2026-01-01,2027-01-01,852.58
1583,594,PREMIUM,2025-04-13,2026-04-13,1116.05
1584,4266,THIRD_PARTY,2025-08-26,2026-08-26,2748.08
1585,2530,PREMIUM,2023-08-15,2024-08-14,2225.26
1586,3745,THIRD_PARTY,2024-12-25,2025-12-25,784.31
1587,4015,PREMIUM,2023-05-28,2024-05-27,2525.33
1588,966,THIRD_PARTY,2025-12-11,2026-12-11,645.92
1589,3876,PREMIUM,2024-03-21,2025-03-21,2473.46
1590,2166,FULL_COVERAGE,2024-04-19,2025-04-19,2679.69
1591,1838,FULL_COVERAGE,2026-01-03,2027-01-03,1784.65
1592,2653,FULL_COVERAGE,2024-10-14,2025-10-14,1989.06
1593,1777,PREMIUM,2025-04-25,2026-04-25,2336.92
1594,3724,PREMIUM,2025-06-13,2026-06-13,889.52
1595,2607,PREMIUM,2024-09-25,2025-09-25,2810.28
1596,4441,FULL_COVERAGE,2024-03-11,2025-03-11,1911.81
1597,2411,THIRD_PARTY,2024-01-11,2025-01-10,1605.25
1598,968,FULL_COVERAGE,2023-08-31,2024-08-30,1486.23
1599,141,FULL_COVERAGE,2024-08-24,2025-08-24,475.77
1600,171,PREMIUM,2024-10-01,2025-10-01,2479.83
1601,2050,FULL_COVERAGE,2024-06-21,2025-06-21,1148.76
1602,2978,PREMIUM,2025-06-22,2026-06-22,790.78
1603,2850,FULL_COVERAGE,2024-05-08,2025-05-08,2309.16
1604,4467,THIRD_PARTY,2023-12-10,2024-12-09,1070.36
1605,2852,THIRD_PARTY,2025-04-02,2026-04-02,1792.92
1606,1756,THIRD_PARTY,2023-10-23,2024-10-22,1405.5
1607,2748,THIRD_PARTY,2024-03-13,2025-03-13,2704.48
1608,98,THIRD_PARTY,2025-09-03,2026-09-03,2850.92
1609,2695,FULL_COVERAGE,2025-12-10,2026-12-10,1383.23
1610,451,THIRD_PARTY,2024-11-10,2025-11-10,1251.2
1611,361,THIRD_PARTY,2024-05-16,2025-05-16,938.01
1612,216,FULL_COVERAGE,2026-02-17,2027-02-17,762.22
1613,3373,THIRD_PARTY,2025-03-02,2026-03-02,1689.4
1614,217,PREMIUM,2023-08-12,2024-08-11,690.5
1615,664,PREMIUM,2024-04-05,2025-04-05,1914.74
1616,3375,PREMIUM,2026-02-04,2027-02-04,1735.36
1617,2577,FULL_COVERAGE,2024-12-30,2025-12-30,1764.9
1618,1201,FULL_COVERAGE,2024-03-04,2025-03-04,1943.16
1619,4619,THIRD_PARTY,2024-10-02,2025-10-02,2155.19
1620,813,FULL_COVERAGE,2024-12-14,2025-12-14,2447.17
1621,1493,PREMIUM,2024-05-19,2025-05-19,2239.75
1622,1739,PREMIUM,2024-07-11,2025-07-11,2366.9
1623,674,PREMIUM,2023-10-12,2024-10-11,2273.75
1624,1580,THIRD_PARTY,2025-07-15,2026-07-15,582.65
1625,1613,THIRD_PARTY,2025-10-03,2026-10-03,1377.71
1626,1931,THIRD_PARTY,2025-12-21,2026-12-21,2362.53
1627,178,PREMIUM,2023-08-06,2024-08-05,2185.27
1628,2171,PREMIUM,2025-05-06,2026-05-06,558.67
1629,3868,PREMIUM,2026-02-07,2027-02-07,1015.63
1630,3605,THIRD_PARTY,2024-04-21,2025-04-21,2268.45
1631,4611,PREMIUM,2024-11-08,2025-11-08,862.88
1632,4219,THIRD_PARTY,2023-05-25,2024-05-24,2631.57
1633,2263,FULL_COVERAGE,2023-10-16,2024-10-15,1773.67
1634,3564,THIRD_PARTY,2024-05-16,2025-05-16,460.36
1635,3434,FULL_COVERAGE,2023-12-31,2024-12-30,2806.9
1636,2230,THIRD_PARTY,2024-01-20,2025-01-19,795.15
1637,1863,PREMIUM,2023-07-05,2024-07-04,2651.27
1638,2083,FULL_COVERAGE,2023-07-02,2024-07-01,2783.14
1639,768,PREMIUM,2025-11-02,2026-11-02,2220.33
1640,3628,THIRD_PARTY,2023-07-13,2024-07-12,2700.73
1641,2965,THIRD_PARTY,2024-06-20,2025-06-20,970.0
1642,3296,THIRD_PARTY,2023-09-07,2024-09-06,965.4
1643,4997,FULL_COVERAGE,2025-09-12,2026-09-12,1250.59
1644,3943,PREMIUM,2023-06-08,2024-06-07,2292.45
1645,307,FULL_COVERAGE,2023-06-06,2024-06-05,832.97
1646,1168,THIRD_PARTY,2023-07-29,2024-07-28,1729.99
1647,3464,FULL_COVERAGE,2024-08-05,2025-08-05,1384.04
1648,1342,THIRD_PARTY,2024-06-04,2025-06-04,2571.96
1649,2252,THIRD_PARTY,2023-09-08,2024-09-07,2204.8
1650,1077,PREMIUM,2023-06-30,2024-06-29,651.55
1651,3622,PREMIUM,2023-07-18,2024-07-17,2955.23
1652,3970,THIRD_PARTY,2024-09-09,2025-09-09,2346.84
1653,4581,PREMIUM,2023-12-02,2024-12-01,352.69
1654,347,FULL_COVERAGE,2024-03-16,2025-03-16,758.83
1655,1770,THIRD_PARTY,2025-11-25,2026-11-25,1710.02
1656,3168,PREMIUM,2023-05-21,2024-05-20,447.05
1657,1956,FULL_COVERAGE,2024-04-02,2025-04-02,1229.74
1658,3386,FULL_COVERAGE,2025-12-13,2026-12-13,2152.91
1659,2220,THIRD_PARTY,2025-12-13,2026-12-13,2473.81
1660,4206,FULL_COVERAGE,2024-03-30,2025-03-30,2253.68
1661,830,PREMIUM,2026-02-05,2027-02-05,2594.86
1662,3567,FULL_COVERAGE,2025-03-08,2026-03-08,2910.94
1663,485,THIRD_PARTY,2025-08-26,2026-08-26,1752.79
1664,1145,FULL_COVERAGE,2024-01-24,2025-01-23,552.46
1665,4217,PREMIUM,2025-05-07,2026-05-07,2376.4
1666,1967,THIRD_PARTY,2023-09-14,2024-09-13,2717.83
1667,2781,PREMIUM,2024-03-05,2025-03-05,620.89
1668,943,FULL_COVERAGE,2025-07-19,2026-07-19,2222.3
1669,2318,FULL_COVERAGE,2024-07-16,2025-07-16,2300.83
1670,1487,PREMIUM,2023-09-03,2024-09-02,1748.69
1671,1444,THIRD_PARTY,2024-11-07,2025-11-07,2551.74
1672,2465,THIRD_PARTY,2024-04-04,2025-04-04,325.25
1673,2466,PREMIUM,2023-12-13,2024-12-12,882.51
1674,341,FULL_COVERAGE,2023-07-25,2024-07-24,1884.58
1675,2865,FULL_COVERAGE,2025-06-05,2026-06-05,2908.76
1676,2510,FULL_COVERAGE,2024-01-08,2025-01-07,1126.88
1677,1773,THIRD_PARTY,2024-12-03,2025-12-03,2240.27
1678,4693,THIRD_PARTY,2025-08-17,2026-08-17,324.53
1679,457,THIRD_PARTY,2024-07-08,2025-07-08,2905.35
1680,3397,PREMIUM,2026-02-02,2027-02-02,1203.36
1681,4943,PREMIUM,2024-01-08,2025-01-07,1811.23
1682,2143,THIRD_PARTY,2025-04-01,2026-04-01,1505.32
1683,3944,THIRD_PARTY,2023-12-22,2024-12-21,2446.61
1684,2196,PREMIUM,2025-04-13,2026-04-13,529.54
1685,599,PREMIUM,2025-09-19,2026-09-19,2751.63
1686,706,FULL_COVERAGE,2025-09-10,2026-09-10,1083.85
1687,3899,THIRD_PARTY,2023-07-30,2024-07-29,525.71
1688,2647,PREMIUM,2023-10-28,2024-10-27,1658.26
1689,2971,PREMIUM,2025-10-29,2026-10-29,1191.98
1690,1441,PREMIUM,2023-12-29,2024-12-28,2738.06
1691,4711,PREMIUM,2024-01-15,2025-01-14,1551.23
1692,1408,THIRD_PARTY,2025-02-27,2026-02-27,808.6
1693,451,THIRD_PARTY,2025-08-23,2026-08-23,2859.43
1694,400,THIRD_PARTY,2023-09-05,2024-09-04,1153.53
1695,4380,THIRD_PARTY,2023-05-31,2024-05-30,1300.72
1696,3752,PREMIUM,2025-12-13,2026-12-13,401.12
1697,4222,PREMIUM,2024-02-01,2025-01-31,816.6
1698,1696,THIRD_PARTY,2023-10-23,2024-10-22,1922.6
1699,644,FULL_COVERAGE,2024-04-13,2025-04-13,1564.0
1700,1282,PREMIUM,2024-11-22,2025-11-22,1561.98
1701,2729,PREMIUM,2023-11-13,2024-11-12,2945.09
1702,731,FULL_COVERAGE,2025-08-18,2026-08-18,1182.65
1703,3739,PREMIUM,2024-03-10,2025-03-10,2839.19
1704,4601,FULL_COVERAGE,2023-12-22,2024-12-21,1795.78
1705,3761,THIRD_PARTY,2023-05-12,2024-05-11,1538.67
1706,142,THIRD_PARTY,2026-01-31,2027-01-31,1273.43
1707,2398,THIRD_PARTY,2026-03-14,2027-03-14,2039.71
1708,3753,FULL_COVERAGE,2023-06-11,2024-06-10,2384.16
1709,355,THIRD_PARTY,2025-06-02,2026-06-02,401.57
1710,3929,FULL_COVERAGE,2026-04-05,2027-04-05,1700.13
1711,4814,FULL_COVERAGE,2025-11-24,2026-11-24,2363.83
1712,2039,THIRD_PARTY,2025-06-19,2026-06-19,2135.68
1713,1592,FULL_COVERAGE,2023-10-25,2024-10-24,644.44
1714,1098,PREMIUM,2025-10-30,2026-10-30,620.49
1715,4829,FULL_COVERAGE,2024-08-30,2025-08-30,448.36
1716,2884,THIRD_PARTY,2024-01-02,2025-01-01,2565.09
1717,2827,THIRD_PARTY,2026-01-30,2027-01-30,909.71
1718,3926,THIRD_PARTY,2024-01-24,2025-01-23,1990.05
1719,967,THIRD_PARTY,2023-09-20,2024-09-19,755.89
1720,2313,PREMIUM,2024-07-17,2025-07-17,973.8
1721,4104,PREMIUM,2025-11-25,2026-11-25,666.7
1722,3465,FULL_COVERAGE,2026-02-11,2027-02-11,2032.42
1723,3867,PREMIUM,2025-01-14,2026-01-14,2496.78
1724,2203,FULL_COVERAGE,2024-06-29,2025-06-29,2022.19
1725,1826,PREMIUM,2024-12-20,2025-12-20,2585.54
1726,2950,FULL_COVERAGE,2023-12-28,2024-12-27,973.49
1727,355,THIRD_PARTY,2026-03-14,2027-03-14,725.29
1728,1269,THIRD_PARTY,2026-03-16,2027-03-16,2086.0
1729,538,PREMIUM,2025-07-18,2026-07-18,1737.66
1730,3736,PREMIUM,2025-08-05,2026-08-05,2068.61
1731,517,FULL_COVERAGE,2023-10-10,2024-10-09,502.11
1732,300,PREMIUM,2024-05-02,2025-05-02,1597.19
1733,4225,FULL_COVERAGE,2023-09-26,2024-09-25,551.65
1734,3200,FULL_COVERAGE,2024-07-24,2025-07-24,2190.87
1735,1982,PREMIUM,2023-12-14,2024-12-13,2263.31
1736,3344,FULL_COVERAGE,2024-06-25,2025-06-25,1228.43
1737,3728,FULL_COVERAGE,2023-07-01,2024-06-30,2781.6
1738,1357,PREMIUM,2025-04-02,2026-04-02,1873.86
1739,4809,THIRD_PARTY,2024-01-12,2025-01-11,1040.51
1740,365,THIRD_PARTY,2025-06-14,2026-06-14,938.6
1741,2254,FULL_COVERAGE,2024-06-28,2025-06-28,331.62
1742,1352,PREMIUM,2023-10-21,2024-10-20,2527.58
1743,1889,THIRD_PARTY,2023-08-15,2024-08-14,1067.3
1744,106,THIRD_PARTY,2025-08-24,2026-08-24,1566.92
1745,202,THIRD_PARTY,2024-02-01,2025-01-31,2481.87
1746,2593,PREMIUM,2024-04-12,2025-04-12,1186.02
1747,2863,THIRD_PARTY,2024-07-29,2025-07-29,2817.1
1748,3570,THIRD_PARTY,2024-04-13,2025-04-13,2704.11
1749,4179,THIRD_PARTY,2024-01-02,2025-01-01,681.81
1750,1061,PREMIUM,2024-12-29,2025-12-29,630.1
1751,1524,THIRD_PARTY,2024-06-14,2025-06-14,2351.07
1752,1882,THIRD_PARTY,2024-02-10,2025-02-09,2684.22
1753,4692,THIRD_PARTY,2024-09-23,2025-09-23,1286.35
1754,1023,FULL_COVERAGE,2026-01-04,2027-01-04,2583.41
1755,371,THIRD_PARTY,2025-06-07,2026-06-07,1035.61
1756,1627,FULL_COVERAGE,2025-01-07,2026-01-07,1324.34
1757,2610,THIRD_PARTY,2025-03-16,2026-03-16,708.54
1758,2249,PREMIUM,2024-06-23,2025-06-23,1784.95
1759,1194,THIRD_PARTY,2025-11-07,2026-11-07,934.94
1760,3366,THIRD_PARTY,2025-10-16,2026-10-16,2278.97
1761,3153,FULL_COVERAGE,2026-03-06,2027-03-06,401.51
1762,1684,FULL_COVERAGE,2024-01-06,2025-01-05,1064.61
1763,4664,PREMIUM,2025-01-09,2026-01-09,2144.38
1764,4010,FULL_COVERAGE,2025-02-27,2026-02-27,2924.45
1765,768,PREMIUM,2024-10-03,2025-10-03,1049.77
1766,1254,PREMIUM,2024-04-27,2025-04-27,1401.2
1767,836,PREMIUM,2024-02-29,2025-02-28,2782.37
1768,1978,PREMIUM,2026-02-09,2027-02-09,1825.31
1769,4632,PREMIUM,2024-02-19,2025-02-18,2520.54
1770,1644,PREMIUM,2025-08-24,2026-08-24,1539.62
1771,1648,FULL_COVERAGE,2025-10-05,2026-10-05,1803.32
1772,3118,PREMIUM,2025-09-16,2026-09-16,1136.27
1773,3149,FULL_COVERAGE,2024-07-02,2025-07-02,2635.02
1774,3932,THIRD_PARTY,2023-09-22,2024-09-21,569.1
1775,1888,THIRD_PARTY,2023-12-25,2024-12-24,2355.02
1776,4657,THIRD_PARTY,2025-04-30,2026-04-30,2215.96
1777,2788,PREMIUM,2024-10-18,2025-10-18,365.03
1778,2604,PREMIUM,2024-03-18,2025-03-18,2369.1
1779,4852,THIRD_PARTY,2025-05-09,2026-05-09,639.09
1780,4044,FULL_COVERAGE,2025-04-20,2026-04-20,1244.67
1781,1013,FULL_COVERAGE,2023-09-16,2024-09-15,2999.78
1782,4091,PREMIUM,2025-04-19,2026-04-19,1914.5
1783,4039,PREMIUM,2024-10-13,2025-10-13,707.55
1784,1853,FULL_COVERAGE,2025-01-06,2026-01-06,1069.59
1785,3820,THIRD_PARTY,2023-09-19,2024-09-18,1406.25
1786,2087,THIRD_PARTY,2023-09-07,2024-09-06,306.02
1787,4069,PREMIUM,2024-11-17,2025-11-17,1192.0
1788,4138,PREMIUM,2025-12-07,2026-12-07,1987.49
1789,1594,PREMIUM,2026-01-31,2027-01-31,1665.61
1790,1404,PREMIUM,2024-09-28,2025-09-28,2934.3
1791,4588,THIRD_PARTY,2024-09-02,2025-09-02,700.13
1792,4191,FULL_COVERAGE,2025-06-20,2026-06-20,2552.46
1793,2110,THIRD_PARTY,2026-03-12,2027-03-12,532.15
1794,4332,FULL_COVERAGE,2024-10-30,2025-10-30,537.75
1795,2023,PREMIUM,2026-04-08,2027-04-08,1226.0
1796,3599,THIRD_PARTY,2025-08-04,2026-08-04,1845.59
1797,896,THIRD_PARTY,2025-06-28,2026-06-28,2835.56
1798,4540,THIRD_PARTY,2023-05-12,2024-05-11,2433.68
1799,1175,PREMIUM,2025-08-13,2026-08-13,1911.05
1800,2326,THIRD_PARTY,2024-01-21,2025-01-20,1200.04
1801,66,FULL_COVERAGE,2024-11-28,2025-11-28,2871.96
1802,2747,PREMIUM,2025-10-09,2026-10-09,351.22
1803,854,THIRD_PARTY,2026-01-31,2027-01-31,2415.2
1804,3809,THIRD_PARTY,2023-10-30,2024-10-29,2171.74
1805,4699,THIRD_PARTY,2025-09-27,2026-09-27,1427.07
1806,4704,FULL_COVERAGE,2025-10-11,2026-10-11,356.49
1807,142,FULL_COVERAGE,2025-06-13,2026-06-13,1212.86
1808,4253,THIRD_PARTY,2024-06-06,2025-06-06,1583.61
1809,1616,THIRD_PARTY,2024-11-09,2025-11-09,1279.18
1810,4593,THIRD_PARTY,2026-01-05,2027-01-05,1212.39
1811,25,FULL_COVERAGE,2024-11-12,2025-11-12,844.0
1812,4326,FULL_COVERAGE,2024-02-25,2025-02-24,2789.74
1813,460,PREMIUM,2025-07-28,2026-07-28,2841.95
1814,2159,THIRD_PARTY,2024-02-25,2025-02-24,2596.43
1815,1878,FULL_COVERAGE,2026-01-30,2027-01-30,1432.79
1816,613,THIRD_PARTY,2023-06-26,2024-06-25,1893.94
1817,2546,THIRD_PARTY,2025-12-06,2026-12-06,1890.35
1818,194,THIRD_PARTY,2024-08-17,2025-08-17,1241.05
1819,4836,PREMIUM,2024-05-29,2025-05-29,350.33
1820,4305,PREMIUM,2025-01-02,2026-01-02,2231.01
1821,2200,THIRD_PARTY,2025-08-20,2026-08-20,419.31
1822,33,PREMIUM,2023-08-09,2024-08-08,1939.6
1823,407,FULL_COVERAGE,2023-11-08,2024-11-07,1066.64
1824,4005,PREMIUM,2025-12-26,2026-12-26,735.12
1825,1048,THIRD_PARTY,2025-11-16,2026-11-16,2625.45
1826,1451,PREMIUM,2023-06-30,2024-06-29,545.59
1827,3343,PREMIUM,2025-02-06,2026-02-06,1916.79
1828,333,THIRD_PARTY,2023-08-23,2024-08-22,2629.46
1829,3515,PREMIUM,2024-12-05,2025-12-05,2598.26
1830,1307,FULL_COVERAGE,2025-10-19,2026-10-19,2893.17
1831,2857,FULL_COVERAGE,2026-01-05,2027-01-05,1821.67
1832,2003,THIRD_PARTY,2026-02-24,2027-02-24,400.25
1833,464,THIRD_PARTY,2025-05-29,2026-05-29,1867.87
1834,4067,THIRD_PARTY,2025-03-03,2026-03-03,2811.56
1835,3899,THIRD_PARTY,2025-08-19,2026-08-19,1683.27
1836,149,PREMIUM,2024-08-07,2025-08-07,2387.56
1837,3184,THIRD_PARTY,2023-12-25,2024-12-24,494.59
1838,3356,THIRD_PARTY,2026-03-19,2027-03-19,1459.3
1839,1511,THIRD_PARTY,2024-02-13,2025-02-12,846.66
1840,3107,FULL_COVERAGE,2025-02-03,2026-02-03,2023.52
1841,324,FULL_COVERAGE,2025-04-14,2026-04-14,2505.76
1842,240,THIRD_PARTY,2023-10-06,2024-10-05,1083.94
1843,4592,FULL_COVERAGE,2024-03-27,2025-03-27,663.36
1844,877,PREMIUM,2023-11-20,2024-11-19,569.19
1845,557,FULL_COVERAGE,2024-05-14,2025-05-14,2966.25
1846,3475,THIRD_PARTY,2024-04-15,2025-04-15,1189.98
1847,70,THIRD_PARTY,2025-02-19,2026-02-19,848.66
1848,1459,THIRD_PARTY,2023-11-14,2024-11-13,2950.62
1849,3328,FULL_COVERAGE,2025-05-24,2026-05-24,512.09
1850,58,PREMIUM,2025-12-24,2026-12-24,1908.57
1851,731,FULL_COVERAGE,2025-09-30,2026-09-30,2412.6
1852,4517,FULL_COVERAGE,2025-03-23,2026-03-23,1146.8
1853,3347,FULL_COVERAGE,2025-02-12,2026-02-12,2303.92
1854,4857,PREMIUM,2024-05-07,2025-05-07,2945.99
1855,1732,FULL_COVERAGE,2026-01-27,2027-01-27,1448.2
1856,2468,PREMIUM,2023-11-03,2024-11-02,1392.53
1857,4107,THIRD_PARTY,2023-09-19,2024-09-18,2713.63
1858,1136,PREMIUM,2024-06-11,2025-06-11,1205.9
1859,1340,PREMIUM,2024-01-07,2025-01-06,1350.03
1860,3696,PREMIUM,2024-07-09,2025-07-09,2123.33
1861,2805,FULL_COVERAGE,2025-03-02,2026-03-02,1799.63
1862,3287,PREMIUM,2024-10-06,2025-10-06,1961.02
1863,2664,FULL_COVERAGE,2023-10-15,2024-10-14,491.86
1864,2969,FULL_COVERAGE,2026-03-22,2027-03-22,976.28
1865,1378,FULL_COVERAGE,2023-06-09,2024-06-08,2062.57
1866,143,THIRD_PARTY,2024-11-19,2025-11-19,496.8
1867,3566,PREMIUM,2023-10-15,2024-10-14,1125.38
1868,2348,PREMIUM,2024-06-25,2025-06-25,1112.35
1869,939,PREMIUM,2025-04-03,2026-04-03,2423.91
1870,954,THIRD_PARTY,2025-11-21,2026-11-21,529.97
1871,3002,PREMIUM,2023-10-17,2024-10-16,661.34
1872,4478,PREMIUM,2025-04-16,2026-04-16,1592.5
1873,3742,THIRD_PARTY,2024-08-02,2025-08-02,2812.57
1874,482,THIRD_PARTY,2025-07-03,2026-07-03,402.08
1875,4023,THIRD_PARTY,2023-09-16,2024-09-15,2831.53
1876,140,PREMIUM,2025-11-03,2026-11-03,2816.79
1877,565,FULL_COVERAGE,2024-11-24,2025-11-24,972.81
1878,154,FULL_COVERAGE,2023-06-20,2024-06-19,852.85
1879,3841,FULL_COVERAGE,2024-09-02,2025-09-02,1621.68
1880,2870,THIRD_PARTY,2025-10-26,2026-10-26,2161.75
1881,382,THIRD_PARTY,2023-05-26,2024-05-25,2229.79
1882,1696,PREMIUM,2024-08-31,2025-08-31,1907.81
1883,2149,PREMIUM,2024-02-01,2025-01-31,1998.89
1884,95,THIRD_PARTY,2023-08-18,2024-08-17,2702.65
1885,3910,PREMIUM,2024-11-23,2025-11-23,376.69
1886,2530,THIRD_PARTY,2025-02-26,2026-02-26,1299.82
1887,192,PREMIUM,2026-01-24,2027-01-24,2943.41
1888,2797,THIRD_PARTY,2025-04-05,2026-04-05,649.66
1889,4635,FULL_COVERAGE,2025-07-07,2026-07-07,2265.0
1890,1257,PREMIUM,2025-03-04,2026-03-04,2635.01
1891,4068,THIRD_PARTY,2024-08-08,2025-08-08,2416.92
1892,3916,PREMIUM,2024-06-25,2025-06-25,2488.45
1893,1413,FULL_COVERAGE,2025-03-12,2026-03-12,2095.54
1894,279,FULL_COVERAGE,2024-08-12,2025-08-12,414.77
1895,4949,FULL_COVERAGE,2024-08-23,2025-08-23,601.47
1896,808,THIRD_PARTY,2024-09-05,2025-09-05,693.77
1897,706,PREMIUM,2025-11-06,2026-11-06,729.91
1898,1796,THIRD_PARTY,2023-11-17,2024-11-16,1703.28
1899,4492,THIRD_PARTY,2025-11-25,2026-11-25,1103.51
1900,829,FULL_COVERAGE,2026-01-29,2027-01-29,2714.66
1901,1873,FULL_COVERAGE,2025-10-05,2026-10-05,1715.78
1902,3917,THIRD_PARTY,2024-02-27,2025-02-26,923.65
1903,183,FULL_COVERAGE,2024-06-11,2025-06-11,2159.45
1904,2859,THIRD_PARTY,2025-11-08,2026-11-08,613.93
1905,1115,THIRD_PARTY,2025-11-23,2026-11-23,1287.72
1906,1255,THIRD_PARTY,2024-11-10,2025-11-10,2287.4
1907,2296,FULL_COVERAGE,2024-07-20,2025-07-20,2457.76
1908,3652,THIRD_PARTY,2023-05-15,2024-05-14,793.05
1909,2432,PREMIUM,2023-11-03,2024-11-02,2659.44
1910,2353,PREMIUM,2024-04-07,2025-04-07,2986.85
1911,3980,FULL_COVERAGE,2024-05-04,2025-05-04,1621.66
1912,3570,THIRD_PARTY,2025-11-18,2026-11-18,1723.15
1913,4601,FULL_COVERAGE,2023-06-08,2024-06-07,1841.64
1914,2401,FULL_COVERAGE,2026-01-25,2027-01-25,443.5
1915,1090,FULL_COVERAGE,2023-12-02,2024-12-01,1931.09
1916,2535,FULL_COVERAGE,2024-12-06,2025-12-06,2652.86
1917,3788,FULL_COVERAGE,2025-12-06,2026-12-06,2714.26
1918,2504,FULL_COVERAGE,2026-03-10,2027-03-10,2119.02
1919,2627,THIRD_PARTY,2026-01-17,2027-01-17,2999.1
1920,1132,FULL_COVERAGE,2025-06-06,2026-06-06,650.4
1921,2025,THIRD_PARTY,2023-12-21,2024-12-20,1659.7
1922,2102,FULL_COVERAGE,2025-11-08,2026-11-08,1570.76
1923,2236,THIRD_PARTY,2023-05-29,2024-05-28,641.97
1924,1125,PREMIUM,2025-05-17,2026-05-17,1464.92
1925,1382,THIRD_PARTY,2023-08-29,2024-08-28,2509.81
1926,4834,THIRD_PARTY,2023-08-31,2024-08-30,1364.3
1927,2182,PREMIUM,2025-10-24,2026-10-24,2690.16
1928,1281,FULL_COVERAGE,2024-11-22,2025-11-22,2739.75
1929,1856,PREMIUM,2025-11-13,2026-11-13,444.87
1930,225,THIRD_PARTY,2026-03-19,2027-03-19,1516.3
1931,2818,THIRD_PARTY,2025-08-19,2026-08-19,1681.06
1932,2367,PREMIUM,2024-02-16,2025-02-15,2773.72
1933,2671,PREMIUM,2025-01-07,2026-01-07,1017.76
1934,4106,THIRD_PARTY,2023-07-04,2024-07-03,2515.39
1935,3081,THIRD_PARTY,2025-03-06,2026-03-06,2592.84
1936,4009,PREMIUM,2026-03-29,2027-03-29,2233.58
1937,830,THIRD_PARTY,2025-09-26,2026-09-26,2078.42
1938,1365,PREMIUM,2025-04-08,2026-04-08,1482.09
1939,158,THIRD_PARTY,2023-12-27,2024-12-26,1846.64
1940,1783,THIRD_PARTY,2024-01-20,2025-01-19,2961.55
1941,3549,THIRD_PARTY,2025-02-15,2026-02-15,2460.67
1942,4129,THIRD_PARTY,2025-11-18,2026-11-18,1738.69
1943,4650,PREMIUM,2023-07-27,2024-07-26,1625.97
1944,668,PREMIUM,2024-04-15,2025-04-15,1875.03
1945,2886,THIRD_PARTY,2025-06-13,2026-06-13,890.79
1946,2780,FULL_COVERAGE,2024-04-08,2025-04-08,1116.09
1947,4511,FULL_COVERAGE,2023-10-15,2024-10-14,2477.05
1948,2569,THIRD_PARTY,2023-12-02,2024-12-01,2045.18
1949,142,PREMIUM,2023-05-23,2024-05-22,2665.53
1950,1291,FULL_COVERAGE,2025-03-09,2026-03-09,1853.22
1951,2734,PREMIUM,2023-07-19,2024-07-18,694.49
1952,4807,FULL_COVERAGE,2024-12-17,2025-12-17,733.66
1953,1165,FULL_COVERAGE,2025-03-30,2026-03-30,964.56
1954,3395,THIRD_PARTY,2024-05-22,2025-05-22,2980.21
1955,4678,THIRD_PARTY,2025-11-07,2026-11-07,619.65
1956,141,THIRD_PARTY,2025-07-31,2026-07-31,803.67
1957,31,PREMIUM,2024-10-25,2025-10-25,1351.35
1958,2651,THIRD_PARTY,2023-07-21,2024-07-20,2261.11
1959,806,PREMIUM,2024-05-15,2025-05-15,1767.67
1960,3340,FULL_COVERAGE,2023-11-16,2024-11-15,2780.34
1961,3471,THIRD_PARTY,2024-08-29,2025-08-29,804.83
1962,4934,THIRD_PARTY,2026-03-13,2027-03-13,1070.97
1963,2064,PREMIUM,2024-01-25,2025-01-24,1467.75
1964,4787,THIRD_PARTY,2025-03-24,2026-03-24,376.7
1965,3325,FULL_COVERAGE,2025-01-24,2026-01-24,2628.57
1966,4522,PREMIUM,2025-04-11,2026-04-11,1753.77
1967,2425,THIRD_PARTY,2024-12-11,2025-12-11,634.86
1968,187,PREMIUM,2026-02-21,2027-02-21,2622.23
1969,3451,FULL_COVERAGE,2023-05-13,2024-05-12,809.91
1970,4592,FULL_COVERAGE,2025-02-26,2026-02-26,1642.46
1971,1554,THIRD_PARTY,2025-07-08,2026-07-08,2735.02
1972,3851,PREMIUM,2023-10-24,2024-10-23,2382.29
1973,139,PREMIUM,2023-10-21,2024-10-20,488.63
1974,2445,PREMIUM,2024-08-27,2025-08-27,1390.94
1975,2598,PREMIUM,2024-02-26,2025-02-25,1457.68
1976,4811,THIRD_PARTY,2025-10-21,2026-10-21,1057.1
1977,2711,FULL_COVERAGE,2026-03-22,2027-03-22,619.04
1978,1793,FULL_COVERAGE,2026-02-10,2027-02-10,901.33
1979,570,PREMIUM,2026-01-20,2027-01-20,649.64
1980,394,FULL_COVERAGE,2024-07-31,2025-07-31,1783.97
1981,58,PREMIUM,2025-02-23,2026-02-23,2320.45
1982,1380,PREMIUM,2024-11-23,2025-11-23,1045.33
1983,2807,THIRD_PARTY,2023-09-06,2024-09-05,1515.56
1984,2642,THIRD_PARTY,2024-01-28,2025-01-27,427.51
1985,1925,THIRD_PARTY,2026-02-14,2027-02-14,2749.49
1986,4193,PREMIUM,2024-03-16,2025-03-16,783.94
1987,4594,PREMIUM,2024-05-29,2025-05-29,1200.59
1988,2802,PREMIUM,2023-07-13,2024-07-12,2059.66
1989,4914,THIRD_PARTY,2023-07-15,2024-07-14,1914.49
1990,2307,PREMIUM,2024-07-06,2025-07-06,579.64
1991,4933,THIRD_PARTY,2024-06-10,2025-06-10,1700.38
1992,3638,FULL_COVERAGE,2025-07-08,2026-07-08,1270.07
1993,4908,FULL_COVERAGE,2026-01-06,2027-01-06,656.74
1994,786,THIRD_PARTY,2025-07-10,2026-07-10,1170.72
1995,3,THIRD_PARTY,2024-03-16,2025-03-16,1691.04
1996,3375,THIRD_PARTY,2024-11-08,2025-11-08,2513.9
1997,2681,THIRD_PARTY,2024-09-11,2025-09-11,2274.0
1998,3115,PREMIUM,2024-08-22,2025-08-22,524.22
1999,4552,PREMIUM,2026-02-26,2027-02-26,2536.62
2000,2072,PREMIUM,2023-08-16,2024-08-15,2380.57
2001,4232,THIRD_PARTY,2023-12-01,2024-11-30,2057.29
2002,575,THIRD_PARTY,2025-04-04,2026-04-04,1287.3
2003,3493,PREMIUM,2025-04-15,2026-04-15,2994.41
2004,2494,THIRD_PARTY,2023-08-20,2024-08-19,1211.77
2005,2962,FULL_COVERAGE,2024-11-14,2025-11-14,1714.27
2006,3924,FULL_COVERAGE,2024-04-13,2025-04-13,951.34
2007,2117,PREMIUM,2024-07-11,2025-07-11,1753.58
2008,449,PREMIUM,2024-12-25,2025-12-25,549.96
2009,1127,PREMIUM,2024-08-05,2025-08-05,2160.91
2010,2055,PREMIUM,2023-09-15,2024-09-14,828.08
2011,1414,FULL_COVERAGE,2025-03-05,2026-03-05,1959.81
2012,1746,FULL_COVERAGE,2024-12-02,2025-12-02,1165.76
2013,2547,FULL_COVERAGE,2026-01-05,2027-01-05,2178.97
2014,4077,FULL_COVERAGE,2024-09-28,2025-09-28,2102.61
2015,3058,THIRD_PARTY,2024-06-03,2025-06-03,2291.72
2016,3594,PREMIUM,2023-09-28,2024-09-27,305.73
2017,171,FULL_COVERAGE,2024-09-13,2025-09-13,1019.12
2018,1075,THIRD_PARTY,2023-08-17,2024-08-16,2258.79
2019,2662,THIRD_PARTY,2025-10-19,2026-10-19,979.47
2020,4653,PREMIUM,2023-12-10,2024-12-09,889.74
2021,1251,THIRD_PARTY,2023-07-08,2024-07-07,2755.1
2022,20,PREMIUM,2026-02-01,2027-02-01,2876.26
2023,2168,THIRD_PARTY,2025-01-01,2026-01-01,2369.27
2024,3648,FULL_COVERAGE,2024-09-24,2025-09-24,508.79
2025,51,FULL_COVERAGE,2025-08-12,2026-08-12,362.68
2026,2970,THIRD_PARTY,2024-08-30,2025-08-30,1726.36
2027,2494,PREMIUM,2024-12-17,2025-12-17,980.58
2028,205,FULL_COVERAGE,2024-05-13,2025-05-13,2490.17
2029,350,FULL_COVERAGE,2026-02-18,2027-02-18,1170.91
2030,3721,FULL_COVERAGE,2023-12-13,2024-12-12,768.49
2031,3215,THIRD_PARTY,2024-07-19,2025-07-19,1501.39
2032,660,THIRD_PARTY,2024-07-02,2025-07-02,945.02
2033,741,FULL_COVERAGE,2025-01-10,2026-01-10,2574.99
2034,2323,THIRD_PARTY,2024-07-17,2025-07-17,2151.01
2035,4768,PREMIUM,2025-10-08,2026-10-08,616.06
2036,3050,PREMIUM,2024-07-01,2025-07-01,1765.63
2037,4,FULL_COVERAGE,2024-04-06,2025-04-06,787.44
2038,3285,FULL_COVERAGE,2025-07-26,2026-07-26,1124.16
2039,3043,THIRD_PARTY,2023-06-17,2024-06-16,2766.97
2040,588,THIRD_PARTY,2026-02-08,2027-02-08,2220.94
2041,4759,FULL_COVERAGE,2025-08-26,2026-08-26,1666.05
2042,3312,FULL_COVERAGE,2023-09-30,2024-09-29,441.74
2043,1520,PREMIUM,2025-03-13,2026-03-13,852.71
2044,4034,THIRD_PARTY,2026-01-19,2027-01-19,2759.16
2045,1293,THIRD_PARTY,2025-04-22,2026-04-22,430.85
2046,511,PREMIUM,2025-08-09,2026-08-09,572.64
2047,360,THIRD_PARTY,2024-03-22,2025-03-22,906.03
2048,1990,FULL_COVERAGE,2024-04-23,2025-04-23,2774.51
2049,3240,THIRD_PARTY,2024-03-31,2025-03-31,2955.5
2050,3215,FULL_COVERAGE,2023-06-01,2024-05-31,2131.24
2051,660,THIRD_PARTY,2025-10-28,2026-10-28,1339.41
2052,574,FULL_COVERAGE,2025-11-26,2026-11-26,2301.09
2053,105,FULL_COVERAGE,2025-04-19,2026-04-19,1303.98
2054,2472,PREMIUM,2024-03-23,2025-03-23,2256.19
2055,4062,PREMIUM,2024-07-16,2025-07-16,1400.33
2056,3529,PREMIUM,2025-02-09,2026-02-09,2736.92
2057,442,THIRD_PARTY,2024-05-17,2025-05-17,1658.32
2058,4933,PREMIUM,2023-12-12,2024-12-11,2853.74
2059,766,PREMIUM,2023-06-04,2024-06-03,941.12
2060,1388,PREMIUM,2023-12-11,2024-12-10,2905.92
2061,987,THIRD_PARTY,2026-03-13,2027-03-13,2648.62
2062,2064,PREMIUM,2025-04-23,2026-04-23,1468.55
2063,4290,FULL_COVERAGE,2025-12-07,2026-12-07,692.43
2064,2584,FULL_COVERAGE,2026-01-25,2027-01-25,1024.41
2065,3891,PREMIUM,2025-06-29,2026-06-29,1411.71
2066,1249,PREMIUM,2023-09-25,2024-09-24,1982.88
2067,1782,FULL_COVERAGE,2025-09-19,2026-09-19,1014.14
2068,3993,PREMIUM,2024-10-20,2025-10-20,1058.12
2069,1491,FULL_COVERAGE,2024-12-21,2025-12-21,2386.4
2070,638,THIRD_PARTY,2024-02-06,2025-02-05,594.11
2071,1832,THIRD_PARTY,2024-11-23,2025-11-23,1641.81
2072,459,PREMIUM,2024-01-26,2025-01-25,2981.91
2073,1179,FULL_COVERAGE,2023-12-28,2024-12-27,1104.51
2074,3892,FULL_COVERAGE,2024-10-18,2025-10-18,1895.16
2075,3368,THIRD_PARTY,2026-02-02,2027-02-02,1994.54
2076,4417,THIRD_PARTY,2025-08-01,2026-08-01,569.2
2077,283,PREMIUM,2026-01-12,2027-01-12,2905.97
2078,1164,FULL_COVERAGE,2025-09-24,2026-09-24,1020.81
2079,1417,THIRD_PARTY,2025-01-28,2026-01-28,2414.01
2080,3085,THIRD_PARTY,2025-09-15,2026-09-15,1956.35
2081,1923,PREMIUM,2024-03-04,2025-03-04,667.66
2082,4068,PREMIUM,2025-07-21,2026-07-21,1994.39
2083,73,PREMIUM,2024-12-30,2025-12-30,2776.47
2084,2785,THIRD_PARTY,2024-10-19,2025-10-19,1310.82
2085,2548,PREMIUM,2023-06-09,2024-06-08,962.59
2086,4536,PREMIUM,2023-10-13,2024-10-12,460.07
2087,4084,PREMIUM,2025-05-18,2026-05-18,1531.65
2088,1707,FULL_COVERAGE,2025-01-28,2026-01-28,1402.19
2089,2355,THIRD_PARTY,2025-03-16,2026-03-16,2692.0
2090,3351,THIRD_PARTY,2026-02-17,2027-02-17,868.32
2091,714,THIRD_PARTY,2025-12-04,2026-12-04,2299.06
2092,1105,THIRD_PARTY,2024-06-30,2025-06-30,2942.49
2093,187,THIRD_PARTY,2025-09-26,2026-09-26,2306.53
2094,1184,FULL_COVERAGE,2024-03-22,2025-03-22,843.26
2095,2976,FULL_COVERAGE,2023-12-24,2024-12-23,2226.72
2096,4345,THIRD_PARTY,2024-10-04,2025-10-04,334.17
2097,1766,FULL_COVERAGE,2024-11-26,2025-11-26,2131.34
2098,3779,FULL_COVERAGE,2025-02-05,2026-02-05,810.89
2099,3212,FULL_COVERAGE,2024-01-15,2025-01-14,2694.89
2100,3894,THIRD_PARTY,2024-01-26,2025-01-25,821.98
2101,3304,THIRD_PARTY,2023-12-29,2024-12-28,2428.07
2102,863,FULL_COVERAGE,2025-03-03,2026-03-03,1129.98
2103,4840,PREMIUM,2024-12-19,2025-12-19,2561.48
2104,1787,THIRD_PARTY,2025-08-07,2026-08-07,1788.35
2105,1296,FULL_COVERAGE,2023-10-28,2024-10-27,1439.58
2106,1902,PREMIUM,2026-01-09,2027-01-09,759.78
2107,234,PREMIUM,2024-11-01,2025-11-01,1477.79
2108,2118,FULL_COVERAGE,2024-07-07,2025-07-07,832.03
2109,1164,THIRD_PARTY,2023-06-06,2024-06-05,306.4
2110,3232,FULL_COVERAGE,2024-02-24,2025-02-23,2632.17
2111,1266,THIRD_PARTY,2025-10-08,2026-10-08,1190.31
2112,892,THIRD_PARTY,2024-02-22,2025-02-21,2187.21
2113,3426,FULL_COVERAGE,2023-12-04,2024-12-03,926.71
2114,2777,THIRD_PARTY,2024-03-10,2025-03-10,1517.03
2115,4119,THIRD_PARTY,2026-04-08,2027-04-08,319.79
2116,1160,FULL_COVERAGE,2025-06-02,2026-06-02,2955.04
2117,1259,FULL_COVERAGE,2025-02-16,2026-02-16,2846.76
2118,3409,THIRD_PARTY,2024-01-20,2025-01-19,1435.5
2119,2569,PREMIUM,2023-08-23,2024-08-22,893.3
2120,246,FULL_COVERAGE,2023-10-21,2024-10-20,490.04
2121,1256,PREMIUM,2024-07-07,2025-07-07,812.69
2122,4009,PREMIUM,2023-10-20,2024-10-19,1791.46
2123,455,FULL_COVERAGE,2023-05-24,2024-05-23,463.9
2124,2979,PREMIUM,2026-03-14,2027-03-14,2449.35
2125,891,THIRD_PARTY,2024-11-11,2025-11-11,2026.72
2126,771,PREMIUM,2023-11-09,2024-11-08,970.05
2127,3760,THIRD_PARTY,2024-09-21,2025-09-21,1702.29
2128,4731,THIRD_PARTY,2023-11-28,2024-11-27,741.28
2129,987,FULL_COVERAGE,2024-09-07,2025-09-07,904.16
2130,2075,THIRD_PARTY,2025-03-15,2026-03-15,2603.62
2131,1083,PREMIUM,2024-10-06,2025-10-06,2296.5
2132,4180,PREMIUM,2023-09-12,2024-09-11,2571.63
2133,3256,FULL_COVERAGE,2024-09-05,2025-09-05,2494.28
2134,538,FULL_COVERAGE,2025-09-10,2026-09-10,700.56
2135,2480,PREMIUM,2026-01-07,2027-01-07,2282.12
2136,2579,PREMIUM,2026-01-30,2027-01-30,1072.98
2137,304,THIRD_PARTY,2024-07-27,2025-07-27,1447.93
2138,4940,FULL_COVERAGE,2024-07-21,2025-07-21,1609.3
2139,4218,THIRD_PARTY,2025-05-04,2026-05-04,2537.94
2140,780,PREMIUM,2025-03-07,2026-03-07,2803.96
2141,1596,THIRD_PARTY,2023-05-12,2024-05-11,1921.04
2142,4182,PREMIUM,2025-01-27,2026-01-27,543.32
2143,2369,FULL_COVERAGE,2025-06-21,2026-06-21,843.27
2144,392,THIRD_PARTY,2025-12-11,2026-12-11,496.79
2145,3221,PREMIUM,2025-07-16,2026-07-16,2296.1
2146,1108,FULL_COVERAGE,2024-11-09,2025-11-09,1493.98
2147,797,PREMIUM,2025-03-19,2026-03-19,1385.04
2148,779,FULL_COVERAGE,2023-11-12,2024-11-11,1115.53
2149,1364,FULL_COVERAGE,2025-09-26,2026-09-26,1367.6
2150,786,PREMIUM,2023-10-30,2024-10-29,988.37
2151,4779,PREMIUM,2025-10-11,2026-10-11,1210.87
2152,2978,FULL_COVERAGE,2026-03-14,2027-03-14,1887.4
2153,4433,PREMIUM,2025-08-04,2026-08-04,2243.86
2154,679,THIRD_PARTY,2025-09-19,2026-09-19,2416.92
2155,1080,THIRD_PARTY,2024-04-08,2025-04-08,713.87
2156,1403,FULL_COVERAGE,2024-04-07,2025-04-07,1512.0
2157,950,FULL_COVERAGE,2025-07-31,2026-07-31,2763.27
2158,3872,PREMIUM,2025-12-04,2026-12-04,2994.03
2159,3475,THIRD_PARTY,2024-10-28,2025-10-28,585.36
2160,3739,PREMIUM,2024-02-02,2025-02-01,900.3
2161,848,THIRD_PARTY,2024-01-17,2025-01-16,497.99
2162,1356,PREMIUM,2025-08-07,2026-08-07,2799.59
2163,3996,FULL_COVERAGE,2023-12-29,2024-12-28,2870.57
2164,318,THIRD_PARTY,2023-12-21,2024-12-20,1619.29
2165,4691,FULL_COVERAGE,2024-01-26,2025-01-25,1210.97
2166,783,THIRD_PARTY,2024-04-30,2025-04-30,630.12
2167,1949,PREMIUM,2024-01-22,2025-01-21,1048.61
2168,514,PREMIUM,2023-06-01,2024-05-31,2854.39
2169,2542,THIRD_PARTY,2024-03-23,2025-03-23,2053.56
2170,4134,PREMIUM,2026-01-23,2027-01-23,409.43
2171,387,PREMIUM,2024-10-08,2025-10-08,658.35
2172,2039,FULL_COVERAGE,2024-12-04,2025-12-04,2086.54
2173,5000,PREMIUM,2025-08-26,2026-08-26,2633.59
2174,3061,PREMIUM,2023-11-24,2024-11-23,2097.82
2175,2954,THIRD_PARTY,2023-06-23,2024-06-22,897.87
2176,1578,FULL_COVERAGE,2025-02-16,2026-02-16,2729.49
2177,1679,PREMIUM,2024-06-19,2025-06-19,901.92
2178,3565,THIRD_PARTY,2024-10-24,2025-10-24,524.9
2179,3273,PREMIUM,2025-08-26,2026-08-26,1844.83
2180,1681,THIRD_PARTY,2023-06-21,2024-06-20,1275.85
2181,1049,PREMIUM,2024-04-27,2025-04-27,1155.54
2182,4601,PREMIUM,2025-07-22,2026-07-22,895.4
2183,655,THIRD_PARTY,2024-04-23,2025-04-23,2956.24
2184,3317,THIRD_PARTY,2025-12-23,2026-12-23,767.8
2185,4984,PREMIUM,2025-01-15,2026-01-15,520.7
2186,2198,FULL_COVERAGE,2025-11-28,2026-11-28,2572.75
2187,3898,PREMIUM,2024-04-09,2025-04-09,435.43
2188,1886,PREMIUM,2023-07-05,2024-07-04,704.76
2189,170,THIRD_PARTY,2024-04-19,2025-04-19,701.92
2190,4959,FULL_COVERAGE,2023-08-13,2024-08-12,2003.38
2191,1331,PREMIUM,2026-01-24,2027-01-24,1507.95
2192,105,THIRD_PARTY,2023-08-01,2024-07-31,861.85
2193,146,THIRD_PARTY,2025-01-12,2026-01-12,2457.32
2194,1667,THIRD_PARTY,2023-10-26,2024-10-25,1021.53
2195,2230,PREMIUM,2024-10-12,2025-10-12,2870.38
2196,1719,PREMIUM,2024-11-24,2025-11-24,981.64
2197,1985,PREMIUM,2023-05-23,2024-05-22,2985.5
2198,4486,FULL_COVERAGE,2025-10-03,2026-10-03,1714.67
2199,3837,PREMIUM,2024-07-02,2025-07-02,2986.8
2200,1751,THIRD_PARTY,2025-02-24,2026-02-24,1122.52
2201,738,FULL_COVERAGE,2025-12-16,2026-12-16,2353.03
2202,1430,FULL_COVERAGE,2023-09-05,2024-09-04,2818.8
2203,1982,THIRD_PARTY,2024-11-09,2025-11-09,1323.3
2204,4129,FULL_COVERAGE,2023-05-16,2024-05-15,2135.34
2205,2593,PREMIUM,2024-03-08,2025-03-08,2197.22
2206,2971,THIRD_PARTY,2024-08-03,2025-08-03,476.75
2207,3826,PREMIUM,2025-10-19,2026-10-19,2400.6
2208,4282,FULL_COVERAGE,2025-06-27,2026-06-27,1733.26
2209,3921,PREMIUM,2025-04-27,2026-04-27,361.19
2210,2454,PREMIUM,2025-12-21,2026-12-21,2744.56
2211,2037,PREMIUM,2026-02-16,2027-02-16,2903.31
2212,2333,THIRD_PARTY,2023-10-07,2024-10-06,1529.34
2213,518,FULL_COVERAGE,2026-01-06,2027-01-06,2247.08
2214,3223,FULL_COVERAGE,2024-03-21,2025-03-21,1423.37
2215,4668,FULL_COVERAGE,2026-01-12,2027-01-12,308.35
2216,20,THIRD_PARTY,2023-11-23,2024-11-22,852.93
2217,2727,THIRD_PARTY,2024-10-27,2025-10-27,1717.77
2218,3030,THIRD_PARTY,2024-05-29,2025-05-29,1592.28
2219,2043,THIRD_PARTY,2024-01-23,2025-01-22,1191.09
2220,2292,FULL_COVERAGE,2023-11-03,2024-11-02,1714.11
2221,1490,THIRD_PARTY,2024-02-13,2025-02-12,2413.91
2222,1814,FULL_COVERAGE,2025-04-12,2026-04-12,1737.66
2223,2507,PREMIUM,2024-10-05,2025-10-05,1830.38
2224,1025,PREMIUM,2025-08-07,2026-08-07,1006.38
2225,3824,PREMIUM,2023-12-04,2024-12-03,818.03
2226,2694,FULL_COVERAGE,2025-03-13,2026-03-13,2926.03
2227,451,FULL_COVERAGE,2025-09-22,2026-09-22,1047.86
2228,1673,FULL_COVERAGE,2025-08-29,2026-08-29,700.02
2229,3502,THIRD_PARTY,2025-02-26,2026-02-26,982.75
2230,979,THIRD_PARTY,2025-10-11,2026-10-11,2243.76
2231,830,PREMIUM,2024-07-02,2025-07-02,449.04
2232,1095,PREMIUM,2024-03-09,2025-03-09,1919.57
2233,1491,FULL_COVERAGE,2023-10-14,2024-10-13,2174.16
2234,3120,FULL_COVERAGE,2024-12-19,2025-12-19,1281.11
2235,4487,FULL_COVERAGE,2024-07-14,2025-07-14,751.48
2236,2409,PREMIUM,2023-10-15,2024-10-14,2167.63
2237,3268,PREMIUM,2023-07-03,2024-07-02,2731.01
2238,3656,THIRD_PARTY,2023-10-03,2024-10-02,2540.41
2239,714,THIRD_PARTY,2023-05-14,2024-05-13,1534.13
2240,4242,FULL_COVERAGE,2025-04-05,2026-04-05,1493.89
2241,2631,FULL_COVERAGE,2024-10-11,2025-10-11,1688.28
2242,3858,THIRD_PARTY,2025-08-31,2026-08-31,2644.8
2243,3193,PREMIUM,2025-06-01,2026-06-01,1162.22
2244,4538,PREMIUM,2025-10-08,2026-10-08,539.55
2245,4068,PREMIUM,2023-12-15,2024-12-14,1212.79
2246,670,THIRD_PARTY,2024-06-18,2025-06-18,2589.77
2247,2806,THIRD_PARTY,2025-07-20,2026-07-20,1074.85
2248,1989,PREMIUM,2024-03-03,2025-03-03,1828.04
2249,219,FULL_COVERAGE,2023-08-27,2024-08-26,2972.42
2250,4708,THIRD_PARTY,2024-11-27,2025-11-27,2962.27
2251,295,THIRD_PARTY,2025-12-08,2026-12-08,399.96
2252,4560,THIRD_PARTY,2025-01-30,2026-01-30,2351.65
2253,2636,THIRD_PARTY,2023-08-04,2024-08-03,309.33
2254,1694,FULL_COVERAGE,2025-09-09,2026-09-09,2267.57
2255,608,THIRD_PARTY,2025-06-28,2026-06-28,2151.24
2256,3918,FULL_COVERAGE,2024-05-30,2025-05-30,2811.35
2257,867,THIRD_PARTY,2024-08-04,2025-08-04,1394.82
2258,4270,FULL_COVERAGE,2023-12-22,2024-12-21,1725.35
2259,3827,FULL_COVERAGE,2026-02-16,2027-02-16,915.53
2260,4077,THIRD_PARTY,2025-02-11,2026-02-11,2008.54
2261,3930,THIRD_PARTY,2025-08-03,2026-08-03,2445.3
2262,3578,PREMIUM,2024-04-13,2025-04-13,2657.43
2263,2507,FULL_COVERAGE,2023-05-16,2024-05-15,2303.04
2264,2022,PREMIUM,2026-01-20,2027-01-20,2593.18
2265,3660,PREMIUM,2025-03-25,2026-03-25,1116.91
2266,4418,PREMIUM,2026-01-11,2027-01-11,1878.66
2267,1853,FULL_COVERAGE,2025-02-03,2026-02-03,2702.89
2268,1718,PREMIUM,2023-11-21,2024-11-20,1723.91
2269,1361,PREMIUM,2024-03-29,2025-03-29,1760.71
2270,1209,THIRD_PARTY,2025-06-23,2026-06-23,1109.1
2271,2185,PREMIUM,2025-07-09,2026-07-09,1593.45
2272,1780,FULL_COVERAGE,2024-10-10,2025-10-10,2476.38
2273,3639,FULL_COVERAGE,2024-12-24,2025-12-24,647.49
2274,2497,PREMIUM,2024-05-15,2025-05-15,2853.26
2275,2474,THIRD_PARTY,2025-08-12,2026-08-12,2085.02
2276,1129,FULL_COVERAGE,2023-11-12,2024-11-11,2120.41
2277,3045,FULL_COVERAGE,2024-02-24,2025-02-23,585.7
2278,1701,THIRD_PARTY,2023-06-18,2024-06-17,2033.81
2279,3915,THIRD_PARTY,2024-07-25,2025-07-25,744.94
2280,2134,PREMIUM,2025-06-11,2026-06-11,1801.26
2281,1243,THIRD_PARTY,2024-09-05,2025-09-05,2157.08
2282,1124,PREMIUM,2025-09-16,2026-09-16,1033.91
2283,4391,FULL_COVERAGE,2023-10-27,2024-10-26,651.2
2284,3542,THIRD_PARTY,2025-10-15,2026-10-15,2740.34
2285,4285,FULL_COVERAGE,2024-08-25,2025-08-25,2453.64
2286,4793,FULL_COVERAGE,2025-11-14,2026-11-14,2023.31
2287,2547,FULL_COVERAGE,2025-05-22,2026-05-22,2968.79
2288,1888,THIRD_PARTY,2024-01-12,2025-01-11,2023.68
2289,3147,FULL_COVERAGE,2025-07-02,2026-07-02,1176.26
2290,4588,FULL_COVERAGE,2025-09-23,2026-09-23,1168.73
2291,890,PREMIUM,2023-08-12,2024-08-11,1825.66
2292,810,FULL_COVERAGE,2025-03-08,2026-03-08,2592.6
2293,2666,THIRD_PARTY,2024-12-18,2025-12-18,1433.4
2294,2201,FULL_COVERAGE,2024-07-20,2025-07-20,1282.94
2295,1505,FULL_COVERAGE,2024-11-11,2025-11-11,942.54
2296,2237,FULL_COVERAGE,2025-09-13,2026-09-13,1254.32
2297,3150,FULL_COVERAGE,2023-09-23,2024-09-22,1052.04
2298,4789,THIRD_PARTY,2024-01-29,2025-01-28,1186.97
2299,4607,FULL_COVERAGE,2025-07-25,2026-07-25,1589.63
2300,1742,THIRD_PARTY,2023-10-17,2024-10-16,1249.6
2301,2155,FULL_COVERAGE,2024-03-12,2025-03-12,2879.06
2302,4438,THIRD_PARTY,2024-11-09,2025-11-09,1635.39
2303,2918,FULL_COVERAGE,2026-03-16,2027-03-16,773.16
2304,2949,THIRD_PARTY,2024-05-29,2025-05-29,302.28
2305,941,FULL_COVERAGE,2023-08-27,2024-08-26,2401.89
2306,4956,FULL_COVERAGE,2025-03-29,2026-03-29,1576.66
2307,152,PREMIUM,2023-07-15,2024-07-14,2408.72
2308,237,FULL_COVERAGE,2024-06-06,2025-06-06,1335.06
2309,4254,PREMIUM,2023-11-19,2024-11-18,2288.56
2310,2602,PREMIUM,2024-03-11,2025-03-11,2681.72
2311,343,THIRD_PARTY,2025-11-02,2026-11-02,1138.03
2312,4564,THIRD_PARTY,2025-05-17,2026-05-17,403.96
2313,1410,FULL_COVERAGE,2024-11-12,2025-11-12,1319.85
2314,3491,THIRD_PARTY,2025-05-11,2026-05-11,464.92
2315,1111,PREMIUM,2023-06-20,2024-06-19,2235.99
2316,4061,THIRD_PARTY,2026-03-23,2027-03-23,1585.52
2317,2813,THIRD_PARTY,2024-08-10,2025-08-10,1223.2
2318,2942,FULL_COVERAGE,2024-06-12,2025-06-12,858.41
2319,532,PREMIUM,2024-04-14,2025-04-14,1395.55
2320,4021,THIRD_PARTY,2024-10-21,2025-10-21,2486.61
2321,3766,THIRD_PARTY,2024-09-29,2025-09-29,1784.98
2322,3009,PREMIUM,2024-01-16,2025-01-15,824.71
2323,4502,FULL_COVERAGE,2024-01-09,2025-01-08,788.9
2324,2090,THIRD_PARTY,2024-06-18,2025-06-18,2667.53
2325,3749,FULL_COVERAGE,2024-08-26,2025-08-26,1196.71
2326,2781,PREMIUM,2023-06-15,2024-06-14,2025.69
2327,4258,FULL_COVERAGE,2023-08-04,2024-08-03,1300.65
2328,1861,FULL_COVERAGE,2024-11-07,2025-11-07,628.89
2329,3267,FULL_COVERAGE,2025-09-27,2026-09-27,2181.65
2330,3360,PREMIUM,2025-05-27,2026-05-27,2174.15
2331,3588,THIRD_PARTY,2024-05-04,2025-05-04,2189.63
2332,1697,PREMIUM,2025-10-26,2026-10-26,1623.64
2333,1817,PREMIUM,2025-01-25,2026-01-25,955.88
2334,4392,PREMIUM,2024-11-03,2025-11-03,2092.07
2335,4918,PREMIUM,2025-08-21,2026-08-21,2874.25
2336,1948,THIRD_PARTY,2025-02-18,2026-02-18,878.19
2337,507,FULL_COVERAGE,2024-05-30,2025-05-30,723.77
2338,58,PREMIUM,2024-08-01,2025-08-01,979.47
2339,1938,THIRD_PARTY,2025-11-19,2026-11-19,1302.68
2340,4733,PREMIUM,2024-01-30,2025-01-29,571.88
2341,2898,THIRD_PARTY,2025-07-22,2026-07-22,1921.81
2342,4890,PREMIUM,2025-10-27,2026-10-27,1998.66
2343,3658,PREMIUM,2023-10-16,2024-10-15,1288.08
2344,4864,PREMIUM,2023-05-27,2024-05-26,2231.62
2345,2189,FULL_COVERAGE,2025-03-03,2026-03-03,2244.21
2346,50,FULL_COVERAGE,2023-05-23,2024-05-22,709.2
2347,3935,PREMIUM,2023-10-31,2024-10-30,1783.6
2348,1178,THIRD_PARTY,2024-03-12,2025-03-12,944.32
2349,3850,PREMIUM,2026-02-14,2027-02-14,881.74
2350,3267,THIRD_PARTY,2025-10-03,2026-10-03,2298.73
2351,2758,FULL_COVERAGE,2024-10-10,2025-10-10,2131.85
2352,1450,FULL_COVERAGE,2023-07-10,2024-07-09,935.09
2353,1281,THIRD_PARTY,2024-02-11,2025-02-10,2088.4
2354,4715,PREMIUM,2024-08-04,2025-08-04,2498.83
2355,2351,FULL_COVERAGE,2024-08-24,2025-08-24,1347.14
2356,2014,THIRD_PARTY,2025-07-19,2026-07-19,2352.47
2357,3813,FULL_COVERAGE,2026-04-04,2027-04-04,1600.67
2358,19,FULL_COVERAGE,2026-01-02,2027-01-02,1207.65
2359,4642,FULL_COVERAGE,2023-11-25,2024-11-24,1292.86
2360,3582,PREMIUM,2025-08-03,2026-08-03,1523.15
2361,1289,PREMIUM,2024-05-01,2025-05-01,2402.29
2362,1325,THIRD_PARTY,2025-05-31,2026-05-31,1229.77
2363,648,PREMIUM,2023-05-25,2024-05-24,2260.45
2364,343,FULL_COVERAGE,2025-12-09,2026-12-09,928.77
2365,900,PREMIUM,2024-09-16,2025-09-16,1895.53
2366,823,PREMIUM,2025-06-10,2026-06-10,2830.21
2367,4177,FULL_COVERAGE,2023-06-08,2024-06-07,2358.16
2368,4345,FULL_COVERAGE,2023-07-13,2024-07-12,1900.35
2369,4713,FULL_COVERAGE,2025-04-05,2026-04-05,2227.27
2370,103,FULL_COVERAGE,2025-02-05,2026-02-05,2108.36
2371,875,THIRD_PARTY,2025-07-04,2026-07-04,2141.34
2372,2953,FULL_COVERAGE,2025-09-01,2026-09-01,2399.15
2373,501,PREMIUM,2025-07-27,2026-07-27,2772.73
2374,4503,THIRD_PARTY,2025-02-01,2026-02-01,1238.87
2375,1529,FULL_COVERAGE,2024-03-01,2025-03-01,1443.45
2376,1492,FULL_COVERAGE,2023-08-23,2024-08-22,1021.78
2377,2890,PREMIUM,2025-04-30,2026-04-30,1574.28
2378,1765,THIRD_PARTY,2025-11-13,2026-11-13,2804.9
2379,2880,THIRD_PARTY,2025-04-17,2026-04-17,2650.0
2380,2396,PREMIUM,2024-06-14,2025-06-14,1284.8
2381,1135,PREMIUM,2023-08-31,2024-08-30,2699.8
2382,2856,FULL_COVERAGE,2025-01-23,2026-01-23,1438.22
2383,2691,PREMIUM,2023-06-09,2024-06-08,2344.56
2384,1011,THIRD_PARTY,2026-02-12,2027-02-12,2906.16
2385,2293,FULL_COVERAGE,2025-07-26,2026-07-26,641.54
2386,4363,THIRD_PARTY,2024-10-03,2025-10-03,2473.24
2387,1984,THIRD_PARTY,2023-06-23,2024-06-22,2563.11
2388,4063,PREMIUM,2023-09-11,2024-09-10,519.3
2389,37,PREMIUM,2025-09-13,2026-09-13,1768.5
2390,4142,PREMIUM,2025-11-25,2026-11-25,1213.94
2391,9,PREMIUM,2024-06-28,2025-06-28,1517.23
2392,2832,FULL_COVERAGE,2024-11-10,2025-11-10,808.5
2393,2832,FULL_COVERAGE,2025-01-06,2026-01-06,2027.61
2394,4793,THIRD_PARTY,2025-04-26,2026-04-26,2348.96
2395,1662,PREMIUM,2025-03-27,2026-03-27,301.97
2396,3672,PREMIUM,2025-07-14,2026-07-14,2642.27
2397,4539,FULL_COVERAGE,2023-07-29,2024-07-28,2348.31
2398,648,FULL_COVERAGE,2024-09-25,2025-09-25,1893.8
2399,4144,THIRD_PARTY,2024-01-01,2024-12-31,846.85
2400,3311,PREMIUM,2023-07-01,2024-06-30,460.65
2401,2044,THIRD_PARTY,2023-06-20,2024-06-19,2708.82
2402,3511,FULL_COVERAGE,2024-05-21,2025-05-21,2095.0
2403,2203,PREMIUM,2023-07-30,2024-07-29,1471.93
2404,3011,PREMIUM,2025-12-04,2026-12-04,2605.07
2405,718,PREMIUM,2024-04-02,2025-04-02,1821.1
2406,3809,FULL_COVERAGE,2024-11-07,2025-11-07,2298.76
2407,2178,PREMIUM,2025-10-09,2026-10-09,2247.56
2408,1476,PREMIUM,2024-11-06,2025-11-06,1960.48
2409,1062,FULL_COVERAGE,2024-05-10,2025-05-10,1285.54
2410,3076,THIRD_PARTY,2025-12-28,2026-12-28,443.63
2411,64,THIRD_PARTY,2025-07-28,2026-07-28,2107.26
2412,2136,PREMIUM,2025-10-25,2026-10-25,777.05
2413,4948,FULL_COVERAGE,2025-04-10,2026-04-10,2471.47
2414,581,PREMIUM,2025-02-06,2026-02-06,787.78
2415,2431,THIRD_PARTY,2023-11-23,2024-11-22,2658.75
2416,3613,THIRD_PARTY,2025-04-28,2026-04-28,952.97
2417,1400,FULL_COVERAGE,2025-08-05,2026-08-05,1814.88
2418,2424,PREMIUM,2025-11-02,2026-11-02,475.66
2419,1026,FULL_COVERAGE,2024-12-23,2025-12-23,1935.79
2420,669,THIRD_PARTY,2025-07-28,2026-07-28,2081.78
2421,435,FULL_COVERAGE,2023-10-28,2024-10-27,2733.04
2422,3526,PREMIUM,2025-07-31,2026-07-31,1946.72
2423,2726,FULL_COVERAGE,2024-09-20,2025-09-20,2979.53
2424,1994,FULL_COVERAGE,2025-04-20,2026-04-20,433.94
2425,1308,PREMIUM,2023-09-29,2024-09-28,1490.56
2426,4707,PREMIUM,2025-08-03,2026-08-03,2119.62
2427,3577,PREMIUM,2024-02-08,2025-02-07,2612.66
2428,3595,FULL_COVERAGE,2023-09-20,2024-09-19,2727.08
2429,3307,THIRD_PARTY,2025-05-29,2026-05-29,1218.24
2430,4170,FULL_COVERAGE,2024-08-06,2025-08-06,1560.76
2431,2700,THIRD_PARTY,2025-10-09,2026-10-09,2192.18
2432,1613,THIRD_PARTY,2024-08-18,2025-08-18,737.3
2433,2794,FULL_COVERAGE,2023-11-27,2024-11-26,2101.3
2434,1024,PREMIUM,2026-02-17,2027-02-17,2671.15
2435,1260,PREMIUM,2024-09-07,2025-09-07,1659.88
2436,3706,PREMIUM,2025-11-28,2026-11-28,2776.68
2437,3958,THIRD_PARTY,2023-06-29,2024-06-28,2176.65
2438,977,THIRD_PARTY,2023-08-10,2024-08-09,903.2
2439,4344,THIRD_PARTY,2025-07-17,2026-07-17,1244.54
2440,3924,PREMIUM,2024-11-13,2025-11-13,1873.74
2441,432,THIRD_PARTY,2023-12-17,2024-12-16,2587.57
2442,2242,THIRD_PARTY,2023-06-28,2024-06-27,1170.84
2443,542,PREMIUM,2024-09-26,2025-09-26,1200.52
2444,3850,FULL_COVERAGE,2025-05-02,2026-05-02,942.73
2445,3580,PREMIUM,2024-01-03,2025-01-02,871.34
2446,1952,PREMIUM,2024-08-22,2025-08-22,2450.5
2447,2602,FULL_COVERAGE,2023-07-01,2024-06-30,1548.57
2448,4544,FULL_COVERAGE,2024-09-13,2025-09-13,1440.27
2449,3943,THIRD_PARTY,2023-05-12,2024-05-11,1626.84
2450,931,FULL_COVERAGE,2025-08-10,2026-08-10,1428.14
2451,4832,FULL_COVERAGE,2025-05-18,2026-05-18,2475.47
2452,1644,PREMIUM,2026-03-27,2027-03-27,2045.63
2453,759,THIRD_PARTY,2024-08-22,2025-08-22,1675.05
2454,3930,THIRD_PARTY,2026-02-12,2027-02-12,510.94
2455,1973,THIRD_PARTY,2024-10-08,2025-10-08,2992.2
2456,2816,THIRD_PARTY,2024-10-21,2025-10-21,2609.89
2457,952,PREMIUM,2023-07-04,2024-07-03,1536.94
2458,4609,PREMIUM,2024-06-22,2025-06-22,448.62
2459,4700,THIRD_PARTY,2024-12-16,2025-12-16,548.78
2460,4359,THIRD_PARTY,2025-08-17,2026-08-17,2806.66
2461,3704,PREMIUM,2026-04-10,2027-04-10,2441.32
2462,3073,PREMIUM,2026-01-10,2027-01-10,915.91
2463,3216,THIRD_PARTY,2024-07-25,2025-07-25,1199.03
2464,78,FULL_COVERAGE,2023-08-05,2024-08-04,563.91
2465,1588,THIRD_PARTY,2024-07-21,2025-07-21,1634.02
2466,412,PREMIUM,2026-01-03,2027-01-03,1029.33
2467,4660,FULL_COVERAGE,2025-06-28,2026-06-28,1833.3
2468,2499,FULL_COVERAGE,2026-02-05,2027-02-05,403.5
2469,354,PREMIUM,2025-01-25,2026-01-25,2767.11
2470,2340,FULL_COVERAGE,2024-01-31,2025-01-30,1733.12
2471,3634,FULL_COVERAGE,2023-08-25,2024-08-24,2809.4
2472,365,PREMIUM,2024-05-03,2025-05-03,1928.38
2473,3621,THIRD_PARTY,2024-06-03,2025-06-03,1511.55
2474,190,FULL_COVERAGE,2024-08-03,2025-08-03,1612.22
2475,1537,THIRD_PARTY,2025-08-19,2026-08-19,1908.5
2476,4118,PREMIUM,2024-04-09,2025-04-09,2666.33
2477,2986,FULL_COVERAGE,2025-07-04,2026-07-04,1884.27
2478,2232,THIRD_PARTY,2025-06-11,2026-06-11,1114.08
2479,4367,FULL_COVERAGE,2025-12-25,2026-12-25,2604.99
2480,4920,FULL_COVERAGE,2023-11-19,2024-11-18,2034.15
2481,2544,FULL_COVERAGE,2026-01-27,2027-01-27,2937.51
2482,320,PREMIUM,2025-10-30,2026-10-30,2487.43
2483,1272,PREMIUM,2026-02-12,2027-02-12,556.35
2484,1397,THIRD_PARTY,2025-09-15,2026-09-15,500.92
2485,645,THIRD_PARTY,2025-05-09,2026-05-09,1164.0
2486,1110,FULL_COVERAGE,2024-12-22,2025-12-22,1660.63
2487,126,PREMIUM,2025-06-26,2026-06-26,1225.99
2488,44,THIRD_PARTY,2024-03-02,2025-03-02,943.18
2489,4780,THIRD_PARTY,2025-11-22,2026-11-22,1450.0
2490,1010,FULL_COVERAGE,2025-03-08,2026-03-08,1073.54
2491,2822,PREMIUM,2025-06-27,2026-06-27,1312.56
2492,1525,PREMIUM,2023-12-27,2024-12-26,1134.0
2493,389,PREMIUM,2025-11-06,2026-11-06,2399.5
2494,3265,THIRD_PARTY,2025-01-29,2026-01-29,2299.29
2495,4493,PREMIUM,2024-07-29,2025-07-29,2673.8
2496,1307,THIRD_PARTY,2025-06-19,2026-06-19,738.67
2497,822,PREMIUM,2024-06-30,2025-06-30,2178.88
2498,1620,THIRD_PARTY,2026-03-29,2027-03-29,502.82
2499,4772,PREMIUM,2025-09-30,2026-09-30,496.79
2500,561,THIRD_PARTY,2025-04-02,2026-04-02,1208.99
2501,1857,FULL_COVERAGE,2023-07-17,2024-07-16,2740.34
2502,4163,THIRD_PARTY,2024-08-23,2025-08-23,1896.81
2503,3803,FULL_COVERAGE,2025-06-13,2026-06-13,366.51
2504,350,THIRD_PARTY,2023-08-02,2024-08-01,1695.66
2505,4123,FULL_COVERAGE,2024-10-17,2025-10-17,1645.46
2506,4719,THIRD_PARTY,2025-04-14,2026-04-14,2647.21
2507,3247,PREMIUM,2024-10-06,2025-10-06,1897.56
2508,4306,PREMIUM,2024-03-25,2025-03-25,2813.38
2509,2206,PREMIUM,2023-11-23,2024-11-22,2160.41
2510,4933,FULL_COVERAGE,2025-02-08,2026-02-08,2251.94
2511,4436,PREMIUM,2025-06-22,2026-06-22,771.58
2512,2847,PREMIUM,2024-07-25,2025-07-25,685.77
2513,1905,THIRD_PARTY,2023-06-13,2024-06-12,2785.48
2514,1852,PREMIUM,2023-06-25,2024-06-24,2714.77
2515,1086,FULL_COVERAGE,2024-07-05,2025-07-05,2052.05
2516,2983,PREMIUM,2024-07-02,2025-07-02,2797.07
2517,4116,FULL_COVERAGE,2025-07-21,2026-07-21,1784.12
2518,4257,FULL_COVERAGE,2025-07-10,2026-07-10,2591.55
2519,397,THIRD_PARTY,2024-09-06,2025-09-06,2105.69
2520,2132,FULL_COVERAGE,2024-01-10,2025-01-09,811.53
2521,1193,FULL_COVERAGE,2025-06-13,2026-06-13,1862.96
2522,183,PREMIUM,2025-12-11,2026-12-11,314.23
2523,2326,PREMIUM,2024-01-02,2025-01-01,2829.91
2524,4670,THIRD_PARTY,2024-06-29,2025-06-29,2177.14
2525,822,THIRD_PARTY,2026-02-26,2027-02-26,572.93
2526,3322,THIRD_PARTY,2026-02-15,2027-02-15,2947.73
2527,1026,FULL_COVERAGE,2024-10-19,2025-10-19,1389.95
2528,1014,THIRD_PARTY,2026-01-19,2027-01-19,2727.64
2529,969,FULL_COVERAGE,2025-05-28,2026-05-28,2700.88
2530,4341,THIRD_PARTY,2024-08-12,2025-08-12,716.52
2531,3972,PREMIUM,2025-07-26,2026-07-26,2093.48
2532,4861,FULL_COVERAGE,2026-02-06,2027-02-06,1660.42
2533,2363,PREMIUM,2025-12-15,2026-12-15,1432.09
2534,4772,FULL_COVERAGE,2024-11-26,2025-11-26,918.63
2535,2118,THIRD_PARTY,2023-07-03,2024-07-02,1318.13
2536,4913,THIRD_PARTY,2024-09-16,2025-09-16,2432.92
2537,605,FULL_COVERAGE,2024-02-03,2025-02-02,692.46
2538,3174,THIRD_PARTY,2024-09-09,2025-09-09,2361.22
2539,1005,FULL_COVERAGE,2024-09-21,2025-09-21,1608.38
2540,437,THIRD_PARTY,2025-09-19,2026-09-19,866.0
2541,2375,THIRD_PARTY,2025-06-21,2026-06-21,1927.39
2542,1978,THIRD_PARTY,2026-01-06,2027-01-06,2590.1
2543,3250,PREMIUM,2024-12-30,2025-12-30,1998.49
2544,1352,FULL_COVERAGE,2025-04-08,2026-04-08,2532.11
2545,998,FULL_COVERAGE,2024-04-22,2025-04-22,1456.5
2546,3019,THIRD_PARTY,2024-08-05,2025-08-05,771.9
2547,3621,PREMIUM,2025-07-23,2026-07-23,1817.01
2548,796,FULL_COVERAGE,2025-08-24,2026-08-24,1155.01
2549,3863,FULL_COVERAGE,2024-08-14,2025-08-14,693.0
2550,1441,THIRD_PARTY,2025-11-02,2026-11-02,856.44
2551,1597,FULL_COVERAGE,2025-06-08,2026-06-08,906.54
2552,726,PREMIUM,2024-09-14,2025-09-14,2714.97
2553,4128,FULL_COVERAGE,2023-07-23,2024-07-22,407.94
2554,3754,FULL_COVERAGE,2025-10-18,2026-10-18,1357.53
2555,1940,PREMIUM,2023-09-27,2024-09-26,2264.69
2556,1790,FULL_COVERAGE,2025-07-03,2026-07-03,821.6
2557,1286,FULL_COVERAGE,2023-12-17,2024-12-16,991.49
2558,3005,PREMIUM,2023-10-08,2024-10-07,2829.66
2559,488,FULL_COVERAGE,2024-05-05,2025-05-05,1377.71
2560,2803,PREMIUM,2024-12-08,2025-12-08,2349.62
2561,2088,FULL_COVERAGE,2023-05-16,2024-05-15,2241.62
2562,3135,FULL_COVERAGE,2025-05-24,2026-05-24,2756.42
2563,1266,PREMIUM,2025-11-16,2026-11-16,1557.76
2564,1288,THIRD_PARTY,2024-06-04,2025-06-04,2483.47
2565,3882,FULL_COVERAGE,2025-05-22,2026-05-22,1687.54
2566,1312,FULL_COVERAGE,2024-07-17,2025-07-17,1061.4
2567,4422,FULL_COVERAGE,2025-07-09,2026-07-09,2946.39
2568,3158,FULL_COVERAGE,2024-02-05,2025-02-04,492.8
2569,1253,PREMIUM,2024-07-26,2025-07-26,2395.97
2570,3312,THIRD_PARTY,2025-08-27,2026-08-27,2319.29
2571,4140,FULL_COVERAGE,2024-09-10,2025-09-10,1368.04
2572,4607,FULL_COVERAGE,2024-09-12,2025-09-12,2836.7
2573,3383,FULL_COVERAGE,2025-02-08,2026-02-08,1501.1
2574,130,THIRD_PARTY,2024-01-22,2025-01-21,2694.39
2575,274,FULL_COVERAGE,2025-11-15,2026-11-15,2938.88
2576,2224,PREMIUM,2024-04-22,2025-04-22,2260.77
2577,1727,FULL_COVERAGE,2024-07-21,2025-07-21,345.23
2578,2953,THIRD_PARTY,2024-02-19,2025-02-18,1765.83
2579,2345,THIRD_PARTY,2023-08-22,2024-08-21,2687.94
2580,2834,FULL_COVERAGE,2024-10-21,2025-10-21,1043.85
2581,3478,FULL_COVERAGE,2024-07-08,2025-07-08,2382.78
2582,3659,THIRD_PARTY,2025-07-25,2026-07-25,1787.76
2583,2169,THIRD_PARTY,2024-05-29,2025-05-29,2333.43
2584,4376,PREMIUM,2025-09-14,2026-09-14,2794.57
2585,4155,FULL_COVERAGE,2025-05-17,2026-05-17,509.61
2586,979,FULL_COVERAGE,2023-10-31,2024-10-30,1143.86
2587,2400,PREMIUM,2025-02-23,2026-02-23,1659.02
2588,2482,THIRD_PARTY,2026-01-03,2027-01-03,1225.32
2589,849,FULL_COVERAGE,2023-10-04,2024-10-03,1393.47
2590,226,THIRD_PARTY,2023-06-24,2024-06-23,2247.93
2591,1910,THIRD_PARTY,2026-03-23,2027-03-23,1886.7
2592,2778,THIRD_PARTY,2023-11-30,2024-11-29,1665.09
2593,1273,PREMIUM,2025-05-23,2026-05-23,1096.64
2594,3288,PREMIUM,2025-03-02,2026-03-02,2045.71
2595,262,PREMIUM,2025-06-29,2026-06-29,2553.78
2596,770,THIRD_PARTY,2025-09-15,2026-09-15,1251.94
2597,3880,PREMIUM,2023-08-23,2024-08-22,730.71
2598,1392,THIRD_PARTY,2025-07-25,2026-07-25,768.18
2599,1894,THIRD_PARTY,2025-03-11,2026-03-11,1886.25
2600,2223,PREMIUM,2024-04-22,2025-04-22,1886.75
2601,3348,THIRD_PARTY,2026-01-25,2027-01-25,1796.29
2602,801,PREMIUM,2024-05-24,2025-05-24,2382.03
2603,3120,THIRD_PARTY,2025-04-29,2026-04-29,1826.89
2604,2453,PREMIUM,2024-01-29,2025-01-28,1805.85
2605,2640,PREMIUM,2024-07-04,2025-07-04,2321.1
2606,3142,THIRD_PARTY,2024-02-24,2025-02-23,2987.32
2607,2403,THIRD_PARTY,2025-05-08,2026-05-08,1730.44
2608,2463,THIRD_PARTY,2024-04-16,2025-04-16,2406.26
2609,2469,FULL_COVERAGE,2024-04-01,2025-04-01,2102.9
2610,4172,PREMIUM,2025-10-02,2026-10-02,1936.51
2611,1643,THIRD_PARTY,2024-05-26,2025-05-26,2578.23
2612,33,THIRD_PARTY,2023-11-08,2024-11-07,1302.97
2613,3799,THIRD_PARTY,2026-01-13,2027-01-13,1517.03
2614,1365,PREMIUM,2024-07-25,2025-07-25,2077.6
2615,241,THIRD_PARTY,2025-05-24,2026-05-24,384.69
2616,1453,FULL_COVERAGE,2025-12-03,2026-12-03,1607.88
2617,546,THIRD_PARTY,2025-12-06,2026-12-06,1618.38
2618,4996,THIRD_PARTY,2024-08-30,2025-08-30,916.3
2619,3270,PREMIUM,2025-11-29,2026-11-29,1512.04
2620,1908,FULL_COVERAGE,2025-10-27,2026-10-27,2676.64
2621,4616,PREMIUM,2024-06-10,2025-06-10,2701.88
2622,3797,THIRD_PARTY,2024-05-19,2025-05-19,2319.1
2623,4235,PREMIUM,2023-09-01,2024-08-31,1113.52
2624,2670,THIRD_PARTY,2024-06-06,2025-06-06,2747.57
2625,3317,THIRD_PARTY,2024-01-09,2025-01-08,1954.22
2626,59,PREMIUM,2024-02-19,2025-02-18,2846.61
2627,425,FULL_COVERAGE,2024-05-15,2025-05-15,2051.83
2628,1945,FULL_COVERAGE,2024-01-19,2025-01-18,467.57
2629,1248,THIRD_PARTY,2024-08-25,2025-08-25,2389.84
2630,4055,PREMIUM,2023-08-20,2024-08-19,1889.94
2631,3075,FULL_COVERAGE,2024-12-13,2025-12-13,2991.66
2632,2296,FULL_COVERAGE,2025-09-07,2026-09-07,972.25
2633,4414,PREMIUM,2025-12-07,2026-12-07,2699.67
2634,1208,THIRD_PARTY,2025-04-19,2026-04-19,1879.47
2635,4153,FULL_COVERAGE,2024-02-04,2025-02-03,2515.97
2636,4458,PREMIUM,2025-10-28,2026-10-28,1183.56
2637,4402,PREMIUM,2026-02-02,2027-02-02,1007.2
2638,1146,FULL_COVERAGE,2024-04-16,2025-04-16,1892.67
2639,4133,PREMIUM,2023-08-10,2024-08-09,1152.45
2640,4017,PREMIUM,2023-12-02,2024-12-01,2560.21
2641,2243,PREMIUM,2024-12-21,2025-12-21,2136.9
2642,4042,FULL_COVERAGE,2026-01-15,2027-01-15,1552.27
2643,3456,FULL_COVERAGE,2025-05-17,2026-05-17,2074.12
2644,4779,PREMIUM,2024-09-29,2025-09-29,488.91
2645,3764,PREMIUM,2025-03-03,2026-03-03,1772.33
2646,53,THIRD_PARTY,2024-03-12,2025-03-12,2232.11
2647,1080,PREMIUM,2026-03-24,2027-03-24,2090.14
2648,2619,THIRD_PARTY,2023-12-11,2024-12-10,2654.31
2649,4041,FULL_COVERAGE,2023-06-28,2024-06-27,2028.05
2650,2115,FULL_COVERAGE,2025-05-15,2026-05-15,1657.48
2651,4564,THIRD_PARTY,2025-12-14,2026-12-14,1281.9
2652,3369,THIRD_PARTY,2024-05-01,2025-05-01,1800.1
2653,648,FULL_COVERAGE,2024-11-12,2025-11-12,1283.62
2654,4643,PREMIUM,2024-09-04,2025-09-04,1680.58
2655,3539,PREMIUM,2024-03-11,2025-03-11,2253.01
2656,428,THIRD_PARTY,2025-03-26,2026-03-26,2689.19
2657,4821,PREMIUM,2024-08-06,2025-08-06,1478.6
2658,4537,THIRD_PARTY,2025-07-17,2026-07-17,2404.16
2659,375,PREMIUM,2025-06-09,2026-06-09,2182.81
2660,4448,THIRD_PARTY,2024-05-15,2025-05-15,425.02
2661,4584,FULL_COVERAGE,2024-08-24,2025-08-24,1681.37
2662,2770,THIRD_PARTY,2025-06-06,2026-06-06,2838.65
2663,3282,PREMIUM,2026-03-12,2027-03-12,2503.91
2664,2412,PREMIUM,2023-05-25,2024-05-24,808.68
2665,3423,THIRD_PARTY,2025-02-16,2026-02-16,1275.26
2666,3831,PREMIUM,2025-03-19,2026-03-19,2379.56
2667,2158,THIRD_PARTY,2024-07-05,2025-07-05,2773.5
2668,1871,PREMIUM,2023-07-24,2024-07-23,525.23
2669,4699,FULL_COVERAGE,2024-10-16,2025-10-16,2973.71
2670,412,FULL_COVERAGE,2026-01-02,2027-01-02,2844.99
2671,1424,THIRD_PARTY,2024-04-05,2025-04-05,849.13
2672,4775,THIRD_PARTY,2023-07-16,2024-07-15,960.19
2673,395,THIRD_PARTY,2024-05-14,2025-05-14,2928.37
2674,2616,PREMIUM,2023-08-03,2024-08-02,2079.28
2675,1240,THIRD_PARTY,2025-05-24,2026-05-24,1226.76
2676,184,THIRD_PARTY,2024-06-23,2025-06-23,1184.45
2677,2229,PREMIUM,2025-06-30,2026-06-30,706.45
2678,1175,THIRD_PARTY,2023-12-02,2024-12-01,864.83
2679,287,THIRD_PARTY,2024-03-14,2025-03-14,2114.13
2680,2654,FULL_COVERAGE,2024-03-09,2025-03-09,804.2
2681,3727,PREMIUM,2023-10-09,2024-10-08,1606.98
2682,1086,FULL_COVERAGE,2024-12-08,2025-12-08,2225.28
2683,2172,PREMIUM,2025-04-15,2026-04-15,1237.85
2684,597,PREMIUM,2025-02-22,2026-02-22,2331.35
2685,845,THIRD_PARTY,2025-07-25,2026-07-25,2662.35
2686,3858,THIRD_PARTY,2024-09-07,2025-09-07,1463.8
2687,13,THIRD_PARTY,2024-01-25,2025-01-24,2068.02
2688,1039,FULL_COVERAGE,2025-07-19,2026-07-19,1580.32
2689,2141,THIRD_PARTY,2025-03-05,2026-03-05,1090.63
2690,3344,FULL_COVERAGE,2024-10-26,2025-10-26,2035.84
2691,4556,FULL_COVERAGE,2024-09-20,2025-09-20,2418.57
2692,2529,THIRD_PARTY,2023-07-04,2024-07-03,2809.19
2693,4537,FULL_COVERAGE,2025-06-19,2026-06-19,2342.65
2694,2162,THIRD_PARTY,2024-07-30,2025-07-30,2273.39
2695,604,THIRD_PARTY,2024-12-18,2025-12-18,2620.6
2696,238,PREMIUM,2024-05-21,2025-05-21,625.19
2697,3499,THIRD_PARTY,2024-04-07,2025-04-07,2552.43
2698,3715,THIRD_PARTY,2023-11-10,2024-11-09,1855.56
2699,164,FULL_COVERAGE,2023-12-13,2024-12-12,1417.63
2700,4128,PREMIUM,2023-07-22,2024-07-21,1604.36
2701,1900,FULL_COVERAGE,2023-11-24,2024-11-23,2426.34
2702,4574,THIRD_PARTY,2025-01-12,2026-01-12,2775.72
2703,4170,THIRD_PARTY,2024-01-20,2025-01-19,518.07
2704,3131,PREMIUM,2024-07-26,2025-07-26,2994.78
2705,4873,PREMIUM,2023-11-01,2024-10-31,2763.42
2706,2199,THIRD_PARTY,2025-06-22,2026-06-22,844.1
2707,2064,FULL_COVERAGE,2024-10-27,2025-10-27,933.83
2708,4550,THIRD_PARTY,2024-02-12,2025-02-11,1489.1
2709,1963,FULL_COVERAGE,2024-11-24,2025-11-24,1016.34
2710,1872,PREMIUM,2025-05-05,2026-05-05,342.07
2711,903,THIRD_PARTY,2026-03-23,2027-03-23,1124.66
2712,2279,PREMIUM,2025-05-02,2026-05-02,1199.73
2713,308,THIRD_PARTY,2023-09-06,2024-09-05,1186.6
2714,4675,PREMIUM,2025-06-20,2026-06-20,932.86
2715,2504,THIRD_PARTY,2025-11-17,2026-11-17,2335.62
2716,867,PREMIUM,2023-05-29,2024-05-28,470.6
2717,2032,PREMIUM,2023-12-23,2024-12-22,1739.13
2718,1077,PREMIUM,2025-01-11,2026-01-11,1190.24
2719,2914,PREMIUM,2025-09-15,2026-09-15,488.72
2720,3186,PREMIUM,2026-01-27,2027-01-27,1360.75
2721,235,PREMIUM,2023-11-21,2024-11-20,2307.28
2722,3565,THIRD_PARTY,2023-11-06,2024-11-05,352.12
2723,4931,THIRD_PARTY,2024-09-10,2025-09-10,1998.17
2724,280,PREMIUM,2025-07-28,2026-07-28,470.52
2725,4819,THIRD_PARTY,2025-09-19,2026-09-19,772.15
2726,2948,FULL_COVERAGE,2023-11-14,2024-11-13,1083.3
2727,1424,FULL_COVERAGE,2023-11-11,2024-11-10,2030.33
2728,369,PREMIUM,2025-02-26,2026-02-26,611.14
2729,3447,FULL_COVERAGE,2025-06-20,2026-06-20,2259.12
2730,624,FULL_COVERAGE,2024-02-14,2025-02-13,1654.59
2731,2062,PREMIUM,2024-01-17,2025-01-16,2114.58
2732,1434,PREMIUM,2026-01-09,2027-01-09,812.17
2733,814,THIRD_PARTY,2023-08-31,2024-08-30,712.3
2734,2857,FULL_COVERAGE,2025-01-23,2026-01-23,2644.25
2735,3746,THIRD_PARTY,2025-08-27,2026-08-27,680.26
2736,48,PREMIUM,2023-07-18,2024-07-17,2970.26
2737,1171,THIRD_PARTY,2026-01-22,2027-01-22,2631.1
2738,4055,FULL_COVERAGE,2023-05-14,2024-05-13,2799.43
2739,2951,FULL_COVERAGE,2026-01-07,2027-01-07,2848.73
2740,4671,PREMIUM,2024-08-15,2025-08-15,808.73
2741,4722,THIRD_PARTY,2024-05-06,2025-05-06,343.37
2742,3275,THIRD_PARTY,2025-03-03,2026-03-03,2608.34
2743,474,PREMIUM,2023-07-21,2024-07-20,2172.1
2744,4152,FULL_COVERAGE,2024-01-16,2025-01-15,1954.83
2745,4245,PREMIUM,2025-08-14,2026-08-14,1302.22
2746,1731,FULL_COVERAGE,2026-01-18,2027-01-18,533.6
2747,4652,PREMIUM,2026-01-14,2027-01-14,1199.22
2748,631,FULL_COVERAGE,2024-01-23,2025-01-22,2064.17
2749,1942,PREMIUM,2024-10-18,2025-10-18,734.5
2750,3223,THIRD_PARTY,2025-01-24,2026-01-24,1734.84
2751,3642,PREMIUM,2024-05-02,2025-05-02,1256.98
2752,3890,PREMIUM,2025-02-26,2026-02-26,545.4
2753,3093,PREMIUM,2026-01-07,2027-01-07,933.66
2754,376,FULL_COVERAGE,2025-01-01,2026-01-01,2009.77
2755,2731,PREMIUM,2026-03-26,2027-03-26,2942.55
2756,4774,PREMIUM,2024-09-27,2025-09-27,377.45
2757,1199,PREMIUM,2024-07-03,2025-07-03,1470.56
2758,2129,FULL_COVERAGE,2023-07-27,2024-07-26,2361.74
2759,2449,THIRD_PARTY,2024-02-22,2025-02-21,2717.95
2760,3604,THIRD_PARTY,2025-07-08,2026-07-08,1697.15
2761,652,THIRD_PARTY,2025-06-19,2026-06-19,339.27
2762,3143,THIRD_PARTY,2024-02-09,2025-02-08,2495.75
2763,4164,PREMIUM,2026-02-14,2027-02-14,2132.59
2764,308,THIRD_PARTY,2025-05-24,2026-05-24,1275.8
2765,176,THIRD_PARTY,2024-09-16,2025-09-16,1493.98
2766,1089,THIRD_PARTY,2024-04-12,2025-04-12,1167.7
2767,1647,THIRD_PARTY,2025-06-10,2026-06-10,774.01
2768,764,PREMIUM,2024-11-03,2025-11-03,2712.1
2769,4992,FULL_COVERAGE,2026-01-21,2027-01-21,1038.61
2770,2830,FULL_COVERAGE,2023-08-07,2024-08-06,919.78
2771,4808,FULL_COVERAGE,2024-02-25,2025-02-24,2547.02
2772,653,PREMIUM,2025-12-23,2026-12-23,1147.25
2773,2977,FULL_COVERAGE,2024-03-03,2025-03-03,1959.34
2774,2344,PREMIUM,2023-11-29,2024-11-28,2234.7
2775,2369,THIRD_PARTY,2025-12-06,2026-12-06,1987.93
2776,3784,FULL_COVERAGE,2025-03-19,2026-03-19,617.25
2777,2716,PREMIUM,2024-09-06,2025-09-06,2914.63
2778,1375,THIRD_PARTY,2023-08-29,2024-08-28,1538.71
2779,2411,PREMIUM,2025-09-07,2026-09-07,745.01
2780,1071,PREMIUM,2025-09-23,2026-09-23,2306.19
2781,4920,PREMIUM,2024-04-26,2025-04-26,2673.16
2782,2253,THIRD_PARTY,2023-09-06,2024-09-05,1814.32
2783,1318,FULL_COVERAGE,2023-08-21,2024-08-20,1172.35
2784,572,FULL_COVERAGE,2025-10-23,2026-10-23,1749.56
2785,857,FULL_COVERAGE,2024-04-18,2025-04-18,1768.55
2786,3663,PREMIUM,2025-11-05,2026-11-05,2148.66
2787,4556,THIRD_PARTY,2024-05-14,2025-05-14,933.88
2788,238,PREMIUM,2025-04-17,2026-04-17,2068.36
2789,2888,FULL_COVERAGE,2025-06-20,2026-06-20,2517.58
2790,4375,THIRD_PARTY,2023-07-10,2024-07-09,1877.08
2791,4212,FULL_COVERAGE,2025-04-10,2026-04-10,2836.19
2792,3666,THIRD_PARTY,2025-12-23,2026-12-23,2344.47
2793,748,THIRD_PARTY,2025-08-08,2026-08-08,2544.43
2794,3337,PREMIUM,2024-03-20,2025-03-20,1109.93
2795,3594,FULL_COVERAGE,2026-02-22,2027-02-22,2149.52
2796,1646,THIRD_PARTY,2025-01-21,2026-01-21,1608.29
2797,2917,FULL_COVERAGE,2024-03-24,2025-03-24,1604.19
2798,4612,PREMIUM,2024-03-02,2025-03-02,403.6
2799,1510,PREMIUM,2024-01-14,2025-01-13,1793.91
2800,3100,THIRD_PARTY,2024-03-23,2025-03-23,2710.55
2801,4821,PREMIUM,2026-02-08,2027-02-08,1998.16
2802,4579,PREMIUM,2024-05-03,2025-05-03,2114.97
2803,4139,THIRD_PARTY,2023-08-25,2024-08-24,1869.06
2804,4360,THIRD_PARTY,2023-12-06,2024-12-05,1660.99
2805,713,FULL_COVERAGE,2023-10-22,2024-10-21,1600.46
2806,3981,FULL_COVERAGE,2023-06-13,2024-06-12,1171.51
2807,309,THIRD_PARTY,2024-04-06,2025-04-06,384.84
2808,4561,PREMIUM,2024-04-25,2025-04-25,2640.12
2809,4557,FULL_COVERAGE,2024-11-04,2025-11-04,1971.33
2810,3651,FULL_COVERAGE,2024-01-23,2025-01-22,2649.94
2811,898,FULL_COVERAGE,2024-10-18,2025-10-18,2758.35
2812,3499,THIRD_PARTY,2026-02-28,2027-02-28,2902.82
2813,542,THIRD_PARTY,2024-04-15,2025-04-15,781.72
2814,3595,FULL_COVERAGE,2023-11-17,2024-11-16,979.89
2815,4456,PREMIUM,2023-07-27,2024-07-26,596.93
2816,178,THIRD_PARTY,2023-08-11,2024-08-10,1407.15
2817,2557,THIRD_PARTY,2024-02-08,2025-02-07,2385.07
2818,1038,FULL_COVERAGE,2026-01-22,2027-01-22,1260.14
2819,3497,FULL_COVERAGE,2026-01-12,2027-01-12,866.54
2820,1484,FULL_COVERAGE,2023-09-17,2024-09-16,2029.73
2821,531,FULL_COVERAGE,2025-06-16,2026-06-16,2461.24
2822,3897,FULL_COVERAGE,2023-10-13,2024-10-12,1987.56
2823,3754,PREMIUM,2025-11-05,2026-11-05,346.08
2824,2960,PREMIUM,2024-04-26,2025-04-26,2971.38
2825,2117,FULL_COVERAGE,2023-10-16,2024-10-15,1762.73
2826,4387,PREMIUM,2024-05-31,2025-05-31,2053.12
2827,589,FULL_COVERAGE,2025-09-11,2026-09-11,568.93
2828,643,FULL_COVERAGE,2024-09-01,2025-09-01,1449.03
2829,1609,PREMIUM,2024-06-04,2025-06-04,2529.29
2830,4233,PREMIUM,2023-09-09,2024-09-08,381.9
2831,2450,PREMIUM,2025-03-13,2026-03-13,2719.55
2832,2435,PREMIUM,2024-07-16,2025-07-16,2525.74
2833,4638,THIRD_PARTY,2025-10-30,2026-10-30,767.83
2834,2434,FULL_COVERAGE,2025-12-30,2026-12-30,2489.86
2835,2088,FULL_COVERAGE,2023-09-20,2024-09-19,903.64
2836,7,THIRD_PARTY,2025-08-08,2026-08-08,426.9
2837,2425,FULL_COVERAGE,2025-12-06,2026-12-06,2048.28
2838,2080,PREMIUM,2024-10-27,2025-10-27,2809.68
2839,2631,THIRD_PARTY,2025-01-14,2026-01-14,619.15
2840,4857,THIRD_PARTY,2025-04-27,2026-04-27,1731.98
2841,1327,PREMIUM,2024-02-22,2025-02-21,2168.99
2842,447,THIRD_PARTY,2024-10-21,2025-10-21,2819.36
2843,948,FULL_COVERAGE,2024-01-17,2025-01-16,2230.82
2844,1512,THIRD_PARTY,2023-12-10,2024-12-09,2008.46
2845,4032,FULL_COVERAGE,2023-06-22,2024-06-21,1183.85
2846,4430,FULL_COVERAGE,2024-02-28,2025-02-27,1329.35
2847,4924,FULL_COVERAGE,2025-04-11,2026-04-11,2072.83
2848,2958,THIRD_PARTY,2024-07-05,2025-07-05,2366.72
2849,4610,PREMIUM,2023-08-16,2024-08-15,1099.3
2850,1679,FULL_COVERAGE,2026-01-16,2027-01-16,1244.86
2851,4800,PREMIUM,2023-08-12,2024-08-11,338.25
2852,3926,FULL_COVERAGE,2024-03-01,2025-03-01,658.8
2853,1063,THIRD_PARTY,2024-04-14,2025-04-14,1786.27
2854,1959,THIRD_PARTY,2024-08-31,2025-08-31,2403.92
2855,928,PREMIUM,2025-12-21,2026-12-21,1688.65
2856,953,THIRD_PARTY,2024-07-05,2025-07-05,2555.32
2857,3810,FULL_COVERAGE,2026-02-06,2027-02-06,1890.71
2858,2368,FULL_COVERAGE,2025-06-03,2026-06-03,661.18
2859,3307,PREMIUM,2025-07-03,2026-07-03,673.13
2860,2196,PREMIUM,2024-11-14,2025-11-14,1085.33
2861,953,PREMIUM,2025-04-27,2026-04-27,1998.64
2862,581,FULL_COVERAGE,2026-01-01,2027-01-01,2091.72
2863,3136,FULL_COVERAGE,2025-07-07,2026-07-07,2278.38
2864,590,THIRD_PARTY,2023-08-14,2024-08-13,1934.86
2865,1987,FULL_COVERAGE,2026-03-12,2027-03-12,2486.58
2866,436,PREMIUM,2024-07-12,2025-07-12,901.71
2867,4115,FULL_COVERAGE,2025-08-30,2026-08-30,2564.62
2868,4870,FULL_COVERAGE,2024-09-05,2025-09-05,463.4
2869,1501,FULL_COVERAGE,2025-02-11,2026-02-11,2895.46
2870,1619,PREMIUM,2024-01-05,2025-01-04,675.14
2871,1236,PREMIUM,2024-04-08,2025-04-08,2451.12
2872,554,FULL_COVERAGE,2024-08-27,2025-08-27,1013.54
2873,1527,FULL_COVERAGE,2023-06-22,2024-06-21,2128.35
2874,1982,THIRD_PARTY,2026-01-24,2027-01-24,2783.41
2875,2322,FULL_COVERAGE,2025-07-24,2026-07-24,2375.7
2876,3238,THIRD_PARTY,2024-03-20,2025-03-20,1879.58
2877,1572,FULL_COVERAGE,2023-09-16,2024-09-15,1412.3
2878,1544,PREMIUM,2025-05-31,2026-05-31,2860.21
2879,3281,THIRD_PARTY,2023-12-09,2024-12-08,1587.48
2880,1449,FULL_COVERAGE,2025-12-22,2026-12-22,2108.63
2881,2680,THIRD_PARTY,2024-06-04,2025-06-04,1038.37
2882,2800,FULL_COVERAGE,2023-07-24,2024-07-23,1328.92
2883,674,PREMIUM,2025-08-08,2026-08-08,1292.6
2884,1717,THIRD_PARTY,2023-10-20,2024-10-19,1897.67
2885,4628,PREMIUM,2025-02-24,2026-02-24,2114.94
2886,571,PREMIUM,2023-09-04,2024-09-03,2023.98
2887,677,THIRD_PARTY,2025-05-13,2026-05-13,932.04
2888,2675,THIRD_PARTY,2023-12-31,2024-12-30,1873.27
2889,2813,FULL_COVERAGE,2025-07-13,2026-07-13,2765.93
2890,2948,FULL_COVERAGE,2024-04-14,2025-04-14,2997.73
2891,2459,PREMIUM,2025-10-14,2026-10-14,433.55
2892,2039,FULL_COVERAGE,2025-03-05,2026-03-05,1732.72
2893,3370,PREMIUM,2025-03-09,2026-03-09,994.77
2894,971,FULL_COVERAGE,2024-07-16,2025-07-16,981.97
2895,3404,THIRD_PARTY,2023-09-01,2024-08-31,2353.52
2896,2399,PREMIUM,2024-03-08,2025-03-08,2483.9
2897,4471,FULL_COVERAGE,2025-09-08,2026-09-08,687.58
2898,2784,PREMIUM,2026-03-11,2027-03-11,2276.74
2899,2154,PREMIUM,2026-03-29,2027-03-29,536.6
2900,612,THIRD_PARTY,2023-07-03,2024-07-02,1013.99
2901,3375,PREMIUM,2025-11-03,2026-11-03,2987.12
2902,2761,PREMIUM,2025-12-20,2026-12-20,2325.89
2903,4866,FULL_COVERAGE,2024-03-27,2025-03-27,1974.42
2904,3926,THIRD_PARTY,2025-12-23,2026-12-23,655.11
2905,2180,FULL_COVERAGE,2023-11-23,2024-11-22,1933.94
2906,3827,FULL_COVERAGE,2025-05-16,2026-05-16,2925.64
2907,3972,FULL_COVERAGE,2023-05-30,2024-05-29,462.21
2908,1944,THIRD_PARTY,2024-09-01,2025-09-01,1719.72
2909,2184,FULL_COVERAGE,2024-02-28,2025-02-27,491.16
2910,3953,THIRD_PARTY,2023-06-26,2024-06-25,634.24
2911,4220,THIRD_PARTY,2026-01-09,2027-01-09,2223.02
2912,1772,THIRD_PARTY,2023-05-20,2024-05-19,2436.81
2913,4978,PREMIUM,2024-06-04,2025-06-04,787.36
2914,2437,PREMIUM,2024-12-12,2025-12-12,769.98
2915,3629,PREMIUM,2024-02-10,2025-02-09,2061.17
2916,1618,PREMIUM,2023-05-25,2024-05-24,1256.15
2917,2186,THIRD_PARTY,2025-03-08,2026-03-08,2874.02
2918,1122,PREMIUM,2023-07-14,2024-07-13,1958.15
2919,3603,FULL_COVERAGE,2024-04-06,2025-04-06,1363.64
2920,2402,THIRD_PARTY,2024-09-19,2025-09-19,1133.82
2921,2811,THIRD_PARTY,2026-03-30,2027-03-30,2634.88
2922,2456,FULL_COVERAGE,2023-07-16,2024-07-15,1908.87
2923,401,PREMIUM,2024-03-31,2025-03-31,858.88
2924,1169,THIRD_PARTY,2023-05-16,2024-05-15,2493.49
2925,986,PREMIUM,2023-11-15,2024-11-14,667.41
2926,4161,FULL_COVERAGE,2023-10-17,2024-10-16,1722.52
2927,2150,THIRD_PARTY,2024-09-10,2025-09-10,619.43
2928,468,PREMIUM,2023-10-24,2024-10-23,2591.16
2929,2867,FULL_COVERAGE,2024-11-03,2025-11-03,2866.01
2930,3911,FULL_COVERAGE,2023-12-12,2024-12-11,1626.65
2931,1809,PREMIUM,2023-07-02,2024-07-01,2956.99
2932,4865,FULL_COVERAGE,2026-01-16,2027-01-16,2687.53
2933,4352,THIRD_PARTY,2025-03-22,2026-03-22,681.65
2934,2835,FULL_COVERAGE,2024-09-25,2025-09-25,2171.92
2935,2348,FULL_COVERAGE,2025-01-23,2026-01-23,2702.89
2936,2685,THIRD_PARTY,2025-03-12,2026-03-12,1522.66
2937,3248,THIRD_PARTY,2025-04-06,2026-04-06,332.05
2938,1881,FULL_COVERAGE,2026-02-16,2027-02-16,502.5
2939,618,PREMIUM,2023-07-19,2024-07-18,1405.09
2940,3764,PREMIUM,2025-01-28,2026-01-28,2305.42
2941,3185,PREMIUM,2024-07-28,2025-07-28,829.9
2942,104,PREMIUM,2025-11-20,2026-11-20,2033.77
2943,854,FULL_COVERAGE,2024-09-16,2025-09-16,1042.64
2944,3760,THIRD_PARTY,2024-10-30,2025-10-30,2175.55
2945,1809,FULL_COVERAGE,2024-10-13,2025-10-13,2524.52
2946,3291,FULL_COVERAGE,2026-02-10,2027-02-10,2330.55
2947,3991,FULL_COVERAGE,2024-11-28,2025-11-28,2333.98
2948,25,THIRD_PARTY,2024-12-10,2025-12-10,871.19
2949,2822,THIRD_PARTY,2025-02-15,2026-02-15,1499.1
2950,389,THIRD_PARTY,2026-04-02,2027-04-02,1044.76
2951,1025,PREMIUM,2025-02-06,2026-02-06,2886.92
2952,1836,PREMIUM,2025-02-24,2026-02-24,2140.76
2953,1172,FULL_COVERAGE,2025-10-03,2026-10-03,408.56
2954,2935,FULL_COVERAGE,2026-04-06,2027-04-06,2934.37
2955,4440,THIRD_PARTY,2024-07-19,2025-07-19,2763.5
2956,1886,THIRD_PARTY,2024-05-08,2025-05-08,1719.51
2957,3804,THIRD_PARTY,2024-11-26,2025-11-26,2728.58
2958,1541,THIRD_PARTY,2025-01-23,2026-01-23,2225.18
2959,1645,THIRD_PARTY,2025-02-17,2026-02-17,484.05
2960,4797,THIRD_PARTY,2023-06-16,2024-06-15,1117.13
2961,3408,FULL_COVERAGE,2025-01-24,2026-01-24,585.84
2962,1210,PREMIUM,2025-04-16,2026-04-16,315.54
2963,4122,PREMIUM,2024-06-04,2025-06-04,2440.59
2964,469,PREMIUM,2024-10-04,2025-10-04,2136.0
2965,49,THIRD_PARTY,2026-02-02,2027-02-02,1833.89
2966,919,THIRD_PARTY,2023-09-16,2024-09-15,1784.01
2967,2677,THIRD_PARTY,2025-11-06,2026-11-06,1138.41
2968,1287,THIRD_PARTY,2025-08-15,2026-08-15,1880.77
2969,694,THIRD_PARTY,2024-05-24,2025-05-24,1820.8
2970,1601,FULL_COVERAGE,2024-10-13,2025-10-13,2409.62
2971,2486,PREMIUM,2024-01-16,2025-01-15,902.01
2972,4384,PREMIUM,2024-12-28,2025-12-28,2245.79
2973,3045,PREMIUM,2024-11-23,2025-11-23,2785.27
2974,2668,THIRD_PARTY,2025-09-25,2026-09-25,996.44
2975,3538,PREMIUM,2024-01-16,2025-01-15,927.43
2976,3900,THIRD_PARTY,2023-05-13,2024-05-12,2848.89
2977,847,FULL_COVERAGE,2025-02-14,2026-02-14,1048.72
2978,4522,THIRD_PARTY,2025-08-07,2026-08-07,1760.27
2979,4774,FULL_COVERAGE,2023-09-19,2024-09-18,2941.47
2980,2031,FULL_COVERAGE,2025-01-26,2026-01-26,1244.96
2981,4258,PREMIUM,2024-02-26,2025-02-25,800.71
2982,1528,PREMIUM,2024-09-14,2025-09-14,767.22
2983,3257,PREMIUM,2023-09-09,2024-09-08,1231.17
2984,1699,PREMIUM,2025-05-15,2026-05-15,2749.89
2985,1044,PREMIUM,2026-03-25,2027-03-25,791.58
2986,4352,PREMIUM,2025-06-08,2026-06-08,2229.16
2987,1233,PREMIUM,2024-08-15,2025-08-15,2135.99
2988,2434,FULL_COVERAGE,2025-02-11,2026-02-11,1504.24
2989,486,FULL_COVERAGE,2026-02-20,2027-02-20,651.56
2990,3707,THIRD_PARTY,2024-08-18,2025-08-18,735.01
2991,4248,THIRD_PARTY,2024-01-15,2025-01-14,1229.21
2992,2807,PREMIUM,2025-03-10,2026-03-10,2154.13
2993,4261,THIRD_PARTY,2025-06-26,2026-06-26,1556.89
2994,1094,PREMIUM,2023-06-16,2024-06-15,741.99
2995,2838,PREMIUM,2023-09-02,2024-09-01,1646.35
2996,4172,THIRD_PARTY,2023-08-03,2024-08-02,755.21
2997,4562,FULL_COVERAGE,2026-01-26,2027-01-26,1729.26
2998,4222,FULL_COVERAGE,2024-09-23,2025-09-23,2577.92
2999,1657,PREMIUM,2026-01-10,2027-01-10,2872.34
3000,1818,FULL_COVERAGE,2025-12-05,2026-12-05,1274.3
3001,644,PREMIUM,2025-11-24,2026-11-24,1504.74
3002,1573,FULL_COVERAGE,2023-09-25,2024-09-24,2245.26
3003,306,THIRD_PARTY,2025-02-15,2026-02-15,1200.61
3004,3515,PREMIUM,2024-04-11,2025-04-11,1324.48
3005,2385,FULL_COVERAGE,2026-02-19,2027-02-19,1200.12
3006,2527,THIRD_PARTY,2023-11-28,2024-11-27,2119.34
3007,4126,THIRD_PARTY,2026-03-24,2027-03-24,2023.53
3008,4162,PREMIUM,2023-06-30,2024-06-29,2093.34
3009,132,THIRD_PARTY,2023-10-29,2024-10-28,401.44
3010,2259,PREMIUM,2025-08-02,2026-08-02,693.8
3011,2666,THIRD_PARTY,2025-06-03,2026-06-03,1244.2
3012,1938,THIRD_PARTY,2023-10-07,2024-10-06,1610.99
3013,3062,THIRD_PARTY,2024-07-24,2025-07-24,1439.34
3014,3040,THIRD_PARTY,2025-02-01,2026-02-01,1196.73
3015,1708,PREMIUM,2025-05-29,2026-05-29,1330.4
3016,2491,FULL_COVERAGE,2025-09-05,2026-09-05,1279.04
3017,326,PREMIUM,2023-05-15,2024-05-14,1609.4
3018,1138,THIRD_PARTY,2023-09-23,2024-09-22,2802.93
3019,1083,PREMIUM,2025-03-19,2026-03-19,2124.16
3020,4341,THIRD_PARTY,2024-02-22,2025-02-21,485.54
3021,4839,THIRD_PARTY,2025-04-25,2026-04-25,879.5
3022,3831,THIRD_PARTY,2025-01-05,2026-01-05,2280.9
3023,4998,THIRD_PARTY,2025-10-07,2026-10-07,1901.34
3024,804,PREMIUM,2025-06-04,2026-06-04,1097.44
3025,2370,PREMIUM,2024-11-08,2025-11-08,2741.47
3026,3098,FULL_COVERAGE,2025-03-16,2026-03-16,2270.17
3027,2469,THIRD_PARTY,2024-03-10,2025-03-10,797.99
3028,2237,THIRD_PARTY,2025-12-31,2026-12-31,2914.66
3029,701,FULL_COVERAGE,2025-01-12,2026-01-12,1181.57
3030,2614,THIRD_PARTY,2025-03-31,2026-03-31,2097.96
3031,1102,THIRD_PARTY,2024-11-13,2025-11-13,2908.14
3032,2241,THIRD_PARTY,2024-09-26,2025-09-26,2139.73
3033,1703,THIRD_PARTY,2025-06-24,2026-06-24,2270.15
3034,832,THIRD_PARTY,2023-12-31,2024-12-30,1112.08
3035,2621,PREMIUM,2023-07-23,2024-07-22,1995.82
3036,4377,FULL_COVERAGE,2024-07-08,2025-07-08,1490.37
3037,2807,FULL_COVERAGE,2024-07-17,2025-07-17,1527.81
3038,4479,THIRD_PARTY,2023-07-21,2024-07-20,1669.67
3039,734,PREMIUM,2025-06-07,2026-06-07,1201.03
3040,1353,PREMIUM,2023-12-25,2024-12-24,2884.27
3041,3142,THIRD_PARTY,2025-08-03,2026-08-03,1604.31
3042,1565,FULL_COVERAGE,2025-07-12,2026-07-12,2668.5
3043,2864,PREMIUM,2023-10-16,2024-10-15,2411.15
3044,2769,PREMIUM,2025-08-29,2026-08-29,1145.49
3045,4746,PREMIUM,2024-03-07,2025-03-07,1865.03
3046,1557,THIRD_PARTY,2025-12-01,2026-12-01,410.49
3047,4526,FULL_COVERAGE,2024-10-30,2025-10-30,2054.06
3048,1059,THIRD_PARTY,2024-08-25,2025-08-25,2881.58
3049,2961,FULL_COVERAGE,2025-03-12,2026-03-12,2942.49
3050,3761,PREMIUM,2024-04-23,2025-04-23,2533.5
3051,4493,PREMIUM,2024-08-01,2025-08-01,1721.81
3052,532,THIRD_PARTY,2024-02-21,2025-02-20,1009.31
3053,2119,FULL_COVERAGE,2025-07-01,2026-07-01,323.21
3054,400,FULL_COVERAGE,2025-12-29,2026-12-29,1526.22
3055,4075,FULL_COVERAGE,2026-02-25,2027-02-25,1192.54
3056,772,FULL_COVERAGE,2025-01-28,2026-01-28,1304.95
3057,2609,PREMIUM,2023-06-04,2024-06-03,876.16
3058,890,THIRD_PARTY,2025-05-27,2026-05-27,2938.12
3059,3593,FULL_COVERAGE,2024-07-17,2025-07-17,1604.12
3060,2435,THIRD_PARTY,2023-05-21,2024-05-20,395.36
3061,2207,FULL_COVERAGE,2025-10-08,2026-10-08,1971.36
3062,666,THIRD_PARTY,2025-10-24,2026-10-24,2309.51
3063,4211,PREMIUM,2024-04-27,2025-04-27,2462.36
3064,2783,PREMIUM,2023-06-04,2024-06-03,1971.94
3065,2567,PREMIUM,2025-08-18,2026-08-18,1005.76
3066,3446,PREMIUM,2024-12-02,2025-12-02,572.64
3067,4525,THIRD_PARTY,2025-04-06,2026-04-06,2875.46
3068,4533,FULL_COVERAGE,2025-07-17,2026-07-17,623.14
3069,4166,PREMIUM,2023-06-05,2024-06-04,594.75
3070,3226,PREMIUM,2024-08-21,2025-08-21,1016.35
3071,3743,THIRD_PARTY,2023-08-09,2024-08-08,1277.19
3072,4821,FULL_COVERAGE,2024-07-27,2025-07-27,1873.55
3073,4332,FULL_COVERAGE,2025-09-22,2026-09-22,1673.34
3074,924,THIRD_PARTY,2025-02-13,2026-02-13,535.83
3075,1359,PREMIUM,2024-01-06,2025-01-05,1428.89
3076,95,FULL_COVERAGE,2024-12-01,2025-12-01,1641.33
3077,2728,PREMIUM,2024-08-27,2025-08-27,2182.57
3078,449,THIRD_PARTY,2024-12-01,2025-12-01,2832.11
3079,2338,THIRD_PARTY,2025-08-10,2026-08-10,1306.19
3080,2618,THIRD_PARTY,2023-09-25,2024-09-24,2436.93
3081,1968,PREMIUM,2024-06-10,2025-06-10,848.0
3082,371,PREMIUM,2025-06-09,2026-06-09,2443.36
3083,4276,PREMIUM,2025-10-22,2026-10-22,796.56
3084,3579,PREMIUM,2024-07-06,2025-07-06,2433.14
3085,4957,THIRD_PARTY,2025-03-14,2026-03-14,2481.57
3086,2632,THIRD_PARTY,2024-02-16,2025-02-15,1951.49
3087,4524,PREMIUM,2025-09-10,2026-09-10,458.65
3088,1057,THIRD_PARTY,2024-08-23,2025-08-23,700.02
3089,3340,THIRD_PARTY,2024-07-01,2025-07-01,2426.5
3090,4598,FULL_COVERAGE,2025-05-05,2026-05-05,1373.88
3091,2636,PREMIUM,2025-09-02,2026-09-02,804.28
3092,1313,FULL_COVERAGE,2024-12-18,2025-12-18,1368.86
3093,4826,THIRD_PARTY,2025-04-13,2026-04-13,2376.26
3094,3778,THIRD_PARTY,2024-12-31,2025-12-31,2512.14
3095,339,THIRD_PARTY,2024-06-10,2025-06-10,433.13
3096,4436,PREMIUM,2025-07-17,2026-07-17,1444.13
3097,4869,THIRD_PARTY,2023-10-28,2024-10-27,905.61
3098,4395,PREMIUM,2026-03-17,2027-03-17,669.57
3099,4361,FULL_COVERAGE,2023-06-09,2024-06-08,1482.27
3100,309,PREMIUM,2024-10-31,2025-10-31,621.77
3101,513,PREMIUM,2025-01-03,2026-01-03,1853.67
3102,2725,THIRD_PARTY,2024-06-13,2025-06-13,468.82
3103,930,PREMIUM,2025-11-26,2026-11-26,1249.2
3104,4171,PREMIUM,2025-10-08,2026-10-08,685.32
3105,1928,THIRD_PARTY,2023-05-27,2024-05-26,1397.75
3106,1150,PREMIUM,2025-12-21,2026-12-21,2598.42
3107,2573,PREMIUM,2026-02-08,2027-02-08,1451.22
3108,4650,FULL_COVERAGE,2026-01-15,2027-01-15,2152.59
3109,3122,THIRD_PARTY,2025-02-21,2026-02-21,963.42
3110,2585,FULL_COVERAGE,2023-09-21,2024-09-20,1465.65
3111,789,PREMIUM,2025-01-14,2026-01-14,2088.97
3112,1143,PREMIUM,2023-12-18,2024-12-17,677.91
3113,2089,FULL_COVERAGE,2024-07-17,2025-07-17,391.82
3114,4965,THIRD_PARTY,2025-12-02,2026-12-02,1100.25
3115,2827,PREMIUM,2025-06-17,2026-06-17,2586.29
3116,714,FULL_COVERAGE,2024-08-31,2025-08-31,2450.58
3117,2551,THIRD_PARTY,2023-06-13,2024-06-12,1690.54
3118,2935,PREMIUM,2026-01-07,2027-01-07,532.93
3119,3551,PREMIUM,2025-09-01,2026-09-01,689.2
3120,32,PREMIUM,2024-09-18,2025-09-18,382.82
3121,4487,THIRD_PARTY,2025-09-15,2026-09-15,981.91
3122,265,PREMIUM,2026-02-25,2027-02-25,316.44
3123,2887,FULL_COVERAGE,2025-05-18,2026-05-18,2741.92
3124,952,THIRD_PARTY,2023-12-08,2024-12-07,2407.03
3125,2114,THIRD_PARTY,2024-01-25,2025-01-24,1792.34
3126,128,THIRD_PARTY,2025-11-12,2026-11-12,2363.96
3127,2436,FULL_COVERAGE,2025-09-27,2026-09-27,1148.59
3128,2158,PREMIUM,2023-11-27,2024-11-26,1275.93
3129,1656,PREMIUM,2023-10-11,2024-10-10,2850.77
3130,1606,PREMIUM,2025-04-25,2026-04-25,1904.46
3131,3327,PREMIUM,2025-01-24,2026-01-24,441.25
3132,2507,FULL_COVERAGE,2024-07-10,2025-07-10,2843.73
3133,2997,FULL_COVERAGE,2024-02-04,2025-02-03,2812.36
3134,1959,THIRD_PARTY,2026-01-01,2027-01-01,1441.31
3135,1902,PREMIUM,2023-12-26,2024-12-25,2356.8
3136,1773,FULL_COVERAGE,2023-08-05,2024-08-04,463.95
3137,829,THIRD_PARTY,2025-06-21,2026-06-21,833.08
3138,2446,THIRD_PARTY,2024-05-28,2025-05-28,929.35
3139,719,THIRD_PARTY,2023-09-18,2024-09-17,1202.23
3140,2554,THIRD_PARTY,2026-04-01,2027-04-01,1342.31
3141,1803,THIRD_PARTY,2025-12-04,2026-12-04,573.56
3142,3369,FULL_COVERAGE,2024-12-01,2025-12-01,1995.15
3143,1884,FULL_COVERAGE,2024-10-19,2025-10-19,1662.72
3144,895,FULL_COVERAGE,2025-04-18,2026-04-18,371.74
3145,4816,PREMIUM,2024-08-20,2025-08-20,2774.96
3146,3113,FULL_COVERAGE,2024-01-16,2025-01-15,812.92
3147,2218,THIRD_PARTY,2024-06-13,2025-06-13,1519.15
3148,817,THIRD_PARTY,2025-08-09,2026-08-09,2461.4
3149,4302,PREMIUM,2025-10-10,2026-10-10,442.54
3150,491,THIRD_PARTY,2025-12-10,2026-12-10,2983.78
3151,1088,THIRD_PARTY,2025-05-27,2026-05-27,2756.43
3152,4037,FULL_COVERAGE,2023-06-08,2024-06-07,2062.26
3153,2404,PREMIUM,2024-12-04,2025-12-04,2000.81
3154,861,PREMIUM,2025-03-10,2026-03-10,846.36
3155,1342,THIRD_PARTY,2025-01-10,2026-01-10,455.56
3156,4892,PREMIUM,2025-02-21,2026-02-21,576.76
3157,3550,THIRD_PARTY,2023-09-27,2024-09-26,1945.41
3158,540,PREMIUM,2024-04-14,2025-04-14,1156.83
3159,3035,THIRD_PARTY,2023-11-12,2024-11-11,539.89
3160,4706,PREMIUM,2024-06-06,2025-06-06,2564.22
3161,3014,THIRD_PARTY,2026-01-15,2027-01-15,1063.35
3162,4101,THIRD_PARTY,2025-07-20,2026-07-20,724.23
3163,4800,THIRD_PARTY,2025-03-24,2026-03-24,2403.4
3164,1065,FULL_COVERAGE,2024-03-26,2025-03-26,575.46
3165,110,PREMIUM,2023-08-13,2024-08-12,481.71
3166,273,FULL_COVERAGE,2023-06-13,2024-06-12,1505.52
3167,3348,PREMIUM,2025-09-21,2026-09-21,2719.09
3168,1281,FULL_COVERAGE,2025-09-06,2026-09-06,593.36
3169,2119,THIRD_PARTY,2024-05-25,2025-05-25,892.25
3170,3307,PREMIUM,2025-01-27,2026-01-27,1985.71
3171,683,PREMIUM,2025-11-05,2026-11-05,868.52
3172,3856,FULL_COVERAGE,2023-05-20,2024-05-19,1693.54
3173,3581,FULL_COVERAGE,2024-04-12,2025-04-12,651.31
3174,890,FULL_COVERAGE,2024-11-15,2025-11-15,2252.12
3175,3092,THIRD_PARTY,2025-03-30,2026-03-30,2604.99
3176,2919,FULL_COVERAGE,2024-11-25,2025-11-25,583.45
3177,4508,PREMIUM,2024-03-01,2025-03-01,2411.58
3178,1084,FULL_COVERAGE,2025-03-05,2026-03-05,2624.76
3179,809,FULL_COVERAGE,2024-03-06,2025-03-06,2710.22
3180,2025,FULL_COVERAGE,2024-08-04,2025-08-04,504.95
3181,1770,THIRD_PARTY,2025-08-21,2026-08-21,1698.1
3182,1602,FULL_COVERAGE,2025-11-30,2026-11-30,2186.27
3183,1791,PREMIUM,2025-09-24,2026-09-24,2132.22
3184,277,THIRD_PARTY,2025-12-10,2026-12-10,2933.01
3185,4152,THIRD_PARTY,2026-02-08,2027-02-08,329.34
3186,2517,THIRD_PARTY,2024-02-19,2025-02-18,2747.4
3187,3813,PREMIUM,2023-12-17,2024-12-16,1799.38
3188,2167,PREMIUM,2025-01-11,2026-01-11,2955.13
3189,4832,FULL_COVERAGE,2025-10-08,2026-10-08,2270.98
3190,4750,FULL_COVERAGE,2024-04-07,2025-04-07,1589.19
3191,4172,THIRD_PARTY,2024-10-25,2025-10-25,1886.19
3192,1683,THIRD_PARTY,2024-01-14,2025-01-13,1850.67
3193,1659,THIRD_PARTY,2023-05-26,2024-05-25,2347.55
3194,4094,FULL_COVERAGE,2024-10-20,2025-10-20,1503.96
3195,2235,FULL_COVERAGE,2025-01-29,2026-01-29,1644.05
3196,322,THIRD_PARTY,2026-04-03,2027-04-03,762.26
3197,2862,THIRD_PARTY,2024-09-05,2025-09-05,300.05
3198,3166,THIRD_PARTY,2024-08-01,2025-08-01,2729.1
3199,1257,THIRD_PARTY,2025-04-06,2026-04-06,875.22
3200,2475,PREMIUM,2024-11-01,2025-11-01,1759.08
3201,4657,FULL_COVERAGE,2025-10-10,2026-10-10,400.14
3202,460,THIRD_PARTY,2023-05-16,2024-05-15,1930.41
3203,134,THIRD_PARTY,2023-10-19,2024-10-18,2577.56
3204,1217,PREMIUM,2025-11-05,2026-11-05,1905.68
3205,299,PREMIUM,2025-11-19,2026-11-19,1544.21
3206,3165,FULL_COVERAGE,2024-08-04,2025-08-04,604.09
3207,4849,THIRD_PARTY,2024-08-14,2025-08-14,1847.53
3208,185,PREMIUM,2026-02-13,2027-02-13,2107.35
3209,1877,PREMIUM,2024-12-04,2025-12-04,532.57
3210,3124,PREMIUM,2023-08-18,2024-08-17,2902.95
3211,3045,THIRD_PARTY,2023-05-15,2024-05-14,1553.34
3212,2879,PREMIUM,2026-03-26,2027-03-26,427.83
3213,902,PREMIUM,2024-11-10,2025-11-10,546.76
3214,3362,FULL_COVERAGE,2026-03-06,2027-03-06,2212.89
3215,1159,PREMIUM,2024-11-18,2025-11-18,2512.05
3216,984,PREMIUM,2024-08-01,2025-08-01,2525.63
3217,3430,THIRD_PARTY,2024-04-02,2025-04-02,2380.33
3218,3381,FULL_COVERAGE,2025-06-15,2026-06-15,727.12
3219,1707,PREMIUM,2024-12-24,2025-12-24,1838.55
3220,1057,THIRD_PARTY,2025-05-26,2026-05-26,1346.16
3221,3039,THIRD_PARTY,2025-07-28,2026-07-28,479.69
3222,1114,FULL_COVERAGE,2024-10-26,2025-10-26,2530.71
3223,527,THIRD_PARTY,2024-11-29,2025-11-29,2911.81
3224,4986,THIRD_PARTY,2025-08-11,2026-08-11,1628.38
3225,1243,FULL_COVERAGE,2023-10-08,2024-10-07,2963.06
3226,2931,PREMIUM,2026-02-26,2027-02-26,2496.47
3227,4529,FULL_COVERAGE,2025-11-25,2026-11-25,2914.21
3228,1941,THIRD_PARTY,2025-08-13,2026-08-13,1653.09
3229,2709,THIRD_PARTY,2023-08-06,2024-08-05,2956.35
3230,4914,FULL_COVERAGE,2025-02-01,2026-02-01,342.12
3231,940,FULL_COVERAGE,2025-09-24,2026-09-24,926.31
3232,4507,FULL_COVERAGE,2025-03-02,2026-03-02,2857.99
3233,4270,FULL_COVERAGE,2023-08-12,2024-08-11,2588.85
3234,208,THIRD_PARTY,2024-12-28,2025-12-28,2847.04
3235,4959,PREMIUM,2024-05-28,2025-05-28,1785.76
3236,4443,FULL_COVERAGE,2024-09-18,2025-09-18,699.08
3237,3207,THIRD_PARTY,2024-10-05,2025-10-05,2143.63
3238,1581,PREMIUM,2023-08-12,2024-08-11,877.64
3239,4661,PREMIUM,2025-03-31,2026-03-31,1579.82
3240,3580,FULL_COVERAGE,2026-01-23,2027-01-23,1861.17
3241,2517,FULL_COVERAGE,2024-02-22,2025-02-21,1033.85
3242,3883,PREMIUM,2024-04-01,2025-04-01,1685.5
3243,4978,PREMIUM,2024-07-22,2025-07-22,2757.97
3244,3901,PREMIUM,2025-11-13,2026-11-13,2771.89
3245,4844,THIRD_PARTY,2025-11-12,2026-11-12,1977.34
3246,2009,THIRD_PARTY,2023-09-01,2024-08-31,1653.26
3247,721,PREMIUM,2024-09-21,2025-09-21,1081.98
3248,1143,THIRD_PARTY,2025-05-05,2026-05-05,1687.02
3249,3326,PREMIUM,2025-04-28,2026-04-28,1999.57
3250,625,FULL_COVERAGE,2024-07-02,2025-07-02,607.32
3251,1625,FULL_COVERAGE,2025-11-14,2026-11-14,613.14
3252,2488,PREMIUM,2024-12-13,2025-12-13,1332.0
3253,1131,FULL_COVERAGE,2025-08-13,2026-08-13,888.25
3254,2609,THIRD_PARTY,2023-11-10,2024-11-09,840.39
3255,4608,THIRD_PARTY,2026-03-16,2027-03-16,949.69
3256,4622,PREMIUM,2024-11-01,2025-11-01,1945.1
3257,1433,FULL_COVERAGE,2023-06-04,2024-06-03,2755.97
3258,3519,FULL_COVERAGE,2023-06-05,2024-06-04,1278.31
3259,1404,FULL_COVERAGE,2025-02-24,2026-02-24,950.14
3260,3727,PREMIUM,2025-10-01,2026-10-01,2104.5
3261,4044,THIRD_PARTY,2025-04-04,2026-04-04,2302.42
3262,1143,FULL_COVERAGE,2025-06-26,2026-06-26,2069.63
3263,3864,PREMIUM,2024-11-19,2025-11-19,976.74
3264,2250,THIRD_PARTY,2025-08-09,2026-08-09,345.06
3265,2957,PREMIUM,2025-07-27,2026-07-27,1233.75
3266,1421,FULL_COVERAGE,2024-12-23,2025-12-23,711.52
3267,3767,THIRD_PARTY,2023-11-14,2024-11-13,357.16
3268,281,THIRD_PARTY,2025-06-01,2026-06-01,1738.06
3269,42,THIRD_PARTY,2025-03-23,2026-03-23,409.68
3270,4383,THIRD_PARTY,2024-03-23,2025-03-23,1555.94
3271,1798,FULL_COVERAGE,2024-03-18,2025-03-18,816.13
3272,1149,THIRD_PARTY,2024-04-04,2025-04-04,843.87
3273,4120,FULL_COVERAGE,2024-07-14,2025-07-14,1744.19
3274,4759,FULL_COVERAGE,2024-08-16,2025-08-16,841.18
3275,4506,THIRD_PARTY,2024-01-08,2025-01-07,2072.56
3276,2539,PREMIUM,2025-02-18,2026-02-18,800.42
3277,4969,PREMIUM,2025-05-09,2026-05-09,1061.38
3278,4350,FULL_COVERAGE,2025-07-11,2026-07-11,411.85
3279,529,FULL_COVERAGE,2023-08-08,2024-08-07,2736.24
3280,66,THIRD_PARTY,2024-12-19,2025-12-19,1239.97
3281,600,PREMIUM,2025-06-21,2026-06-21,1263.69
3282,1453,PREMIUM,2026-01-25,2027-01-25,2677.95
3283,3839,PREMIUM,2023-10-14,2024-10-13,2085.51
3284,2313,PREMIUM,2024-02-25,2025-02-24,2657.24
3285,1295,FULL_COVERAGE,2023-06-03,2024-06-02,1090.76
3286,1055,FULL_COVERAGE,2025-11-23,2026-11-23,2485.79
3287,4071,THIRD_PARTY,2026-03-28,2027-03-28,1146.44
3288,4639,FULL_COVERAGE,2025-01-03,2026-01-03,633.14
3289,2219,PREMIUM,2023-11-18,2024-11-17,1687.78
3290,1939,PREMIUM,2024-07-15,2025-07-15,2909.06
3291,1084,PREMIUM,2024-10-31,2025-10-31,443.75
3292,3340,FULL_COVERAGE,2023-06-04,2024-06-03,2349.47
3293,4065,FULL_COVERAGE,2025-07-13,2026-07-13,2406.21
3294,4565,THIRD_PARTY,2025-03-14,2026-03-14,1385.37
3295,4252,PREMIUM,2023-11-16,2024-11-15,1887.63
3296,6,THIRD_PARTY,2024-08-09,2025-08-09,1037.2
3297,4530,FULL_COVERAGE,2024-11-11,2025-11-11,1940.55
3298,252,PREMIUM,2024-07-21,2025-07-21,424.78
3299,535,PREMIUM,2024-08-31,2025-08-31,333.76
3300,3873,THIRD_PARTY,2024-04-17,2025-04-17,350.3
3301,2989,THIRD_PARTY,2025-08-13,2026-08-13,536.07
3302,776,THIRD_PARTY,2024-04-27,2025-04-27,1876.95
3303,4495,THIRD_PARTY,2025-11-12,2026-11-12,561.32
3304,2199,FULL_COVERAGE,2023-07-28,2024-07-27,2385.81
3305,3364,THIRD_PARTY,2025-06-04,2026-06-04,642.63
3306,974,PREMIUM,2024-06-18,2025-06-18,1724.98
3307,1693,THIRD_PARTY,2024-04-17,2025-04-17,796.03
3308,1297,FULL_COVERAGE,2024-12-22,2025-12-22,2452.9
3309,4831,FULL_COVERAGE,2025-03-23,2026-03-23,2304.25
3310,4324,FULL_COVERAGE,2023-09-06,2024-09-05,320.91
3311,204,PREMIUM,2023-09-28,2024-09-27,1512.58
3312,4226,FULL_COVERAGE,2024-12-26,2025-12-26,2311.27
3313,4677,PREMIUM,2025-01-28,2026-01-28,827.71
3314,4286,PREMIUM,2025-12-04,2026-12-04,1055.33
3315,1734,THIRD_PARTY,2025-01-02,2026-01-02,1862.19
3316,4874,PREMIUM,2026-01-14,2027-01-14,1190.37
3317,3393,THIRD_PARTY,2023-07-08,2024-07-07,2650.86
3318,1599,FULL_COVERAGE,2025-05-07,2026-05-07,1033.54
3319,4770,FULL_COVERAGE,2023-07-27,2024-07-26,2086.61
3320,1951,FULL_COVERAGE,2024-11-29,2025-11-29,1468.23
3321,640,PREMIUM,2024-04-12,2025-04-12,2279.12
3322,2096,FULL_COVERAGE,2024-12-12,2025-12-12,2750.12
3323,2886,THIRD_PARTY,2025-09-30,2026-09-30,2352.23
3324,1506,PREMIUM,2023-09-13,2024-09-12,2684.26
3325,4941,THIRD_PARTY,2024-08-25,2025-08-25,1556.83
3326,2290,THIRD_PARTY,2023-08-11,2024-08-10,699.84
3327,2423,PREMIUM,2026-03-05,2027-03-05,2447.66
3328,248,THIRD_PARTY,2024-03-01,2025-03-01,820.41
3329,4107,PREMIUM,2024-10-07,2025-10-07,1939.21
3330,3160,THIRD_PARTY,2023-05-21,2024-05-20,703.35
3331,955,PREMIUM,2024-03-12,2025-03-12,2881.89
3332,2137,FULL_COVERAGE,2025-04-01,2026-04-01,2518.68
3333,3834,PREMIUM,2025-11-14,2026-11-14,678.73
3334,207,FULL_COVERAGE,2025-01-25,2026-01-25,323.13
3335,1957,FULL_COVERAGE,2024-03-21,2025-03-21,542.41
3336,2734,FULL_COVERAGE,2023-10-12,2024-10-11,2408.23
3337,1332,PREMIUM,2025-03-15,2026-03-15,1479.97
3338,4717,PREMIUM,2025-05-05,2026-05-05,2246.65
3339,3031,FULL_COVERAGE,2023-10-03,2024-10-02,508.13
3340,1012,THIRD_PARTY,2024-10-09,2025-10-09,312.43
3341,4184,FULL_COVERAGE,2026-01-21,2027-01-21,1890.23
3342,4322,FULL_COVERAGE,2024-03-22,2025-03-22,2106.76
3343,4163,THIRD_PARTY,2024-08-15,2025-08-15,1594.75
3344,4238,THIRD_PARTY,2025-11-08,2026-11-08,1816.56
3345,1360,PREMIUM,2023-05-21,2024-05-20,1215.27
3346,1223,THIRD_PARTY,2023-09-06,2024-09-05,2589.94
3347,4426,PREMIUM,2025-12-25,2026-12-25,782.45
3348,2245,THIRD_PARTY,2023-09-23,2024-09-22,1036.32
3349,834,FULL_COVERAGE,2025-08-07,2026-08-07,1446.34
3350,3925,PREMIUM,2025-11-07,2026-11-07,1858.43
3351,3571,THIRD_PARTY,2024-07-11,2025-07-11,1503.31
3352,426,THIRD_PARTY,2024-02-05,2025-02-04,2874.17
3353,529,PREMIUM,2024-12-27,2025-12-27,949.74
3354,4992,FULL_COVERAGE,2024-07-07,2025-07-07,1852.75
3355,683,FULL_COVERAGE,2025-12-14,2026-12-14,1799.17
3356,3542,FULL_COVERAGE,2025-02-24,2026-02-24,2508.06
3357,2690,PREMIUM,2023-05-22,2024-05-21,2043.34
3358,3089,THIRD_PARTY,2024-06-27,2025-06-27,1717.44
3359,4100,PREMIUM,2025-02-22,2026-02-22,2715.26
3360,2170,THIRD_PARTY,2024-07-10,2025-07-10,1252.58
3361,463,THIRD_PARTY,2025-08-28,2026-08-28,2406.8
3362,1750,THIRD_PARTY,2025-08-26,2026-08-26,2389.63
3363,1850,PREMIUM,2023-10-05,2024-10-04,2983.19
3364,526,THIRD_PARTY,2024-05-20,2025-05-20,2093.03
3365,4574,PREMIUM,2026-01-24,2027-01-24,2330.75
3366,2908,PREMIUM,2023-12-31,2024-12-30,2550.54
3367,2034,PREMIUM,2024-02-09,2025-02-08,2548.74
3368,1616,FULL_COVERAGE,2024-07-09,2025-07-09,2420.95
3369,2463,THIRD_PARTY,2025-11-04,2026-11-04,1187.31
3370,3648,FULL_COVERAGE,2023-11-29,2024-11-28,2171.64
3371,4408,THIRD_PARTY,2023-05-24,2024-05-23,1828.95
3372,2932,PREMIUM,2026-03-31,2027-03-31,2870.65
3373,3599,THIRD_PARTY,2025-12-25,2026-12-25,822.16
3374,2243,PREMIUM,2023-06-11,2024-06-10,1574.02
3375,1021,FULL_COVERAGE,2024-12-01,2025-12-01,822.47
3376,415,FULL_COVERAGE,2024-05-13,2025-05-13,2488.87
3377,2345,THIRD_PARTY,2025-06-18,2026-06-18,2132.96
3378,696,PREMIUM,2024-02-24,2025-02-23,2545.99
3379,4541,FULL_COVERAGE,2025-04-14,2026-04-14,874.5
3380,4610,THIRD_PARTY,2024-05-27,2025-05-27,728.77
3381,4306,FULL_COVERAGE,2025-09-29,2026-09-29,889.26
3382,188,PREMIUM,2023-07-17,2024-07-16,2012.96
3383,90,PREMIUM,2024-09-01,2025-09-01,2961.06
3384,1655,THIRD_PARTY,2023-10-05,2024-10-04,987.79
3385,2891,PREMIUM,2023-12-12,2024-12-11,2616.65
3386,1835,PREMIUM,2025-01-15,2026-01-15,1168.56
3387,4024,FULL_COVERAGE,2023-05-28,2024-05-27,433.94
3388,1499,PREMIUM,2025-11-13,2026-11-13,2594.38
3389,1128,FULL_COVERAGE,2024-03-24,2025-03-24,1080.44
3390,125,PREMIUM,2025-04-30,2026-04-30,1629.38
3391,3510,PREMIUM,2025-10-03,2026-10-03,1185.08
3392,1062,FULL_COVERAGE,2025-04-04,2026-04-04,1988.87
3393,4407,THIRD_PARTY,2025-01-20,2026-01-20,458.3
3394,869,THIRD_PARTY,2026-03-31,2027-03-31,1198.57
3395,3562,FULL_COVERAGE,2024-05-18,2025-05-18,2376.01
3396,3028,THIRD_PARTY,2025-02-11,2026-02-11,1942.59
3397,4880,THIRD_PARTY,2025-12-06,2026-12-06,1781.69
3398,2750,PREMIUM,2025-04-27,2026-04-27,2377.18
3399,765,FULL_COVERAGE,2024-07-14,2025-07-14,2155.98
3400,2401,THIRD_PARTY,2025-05-13,2026-05-13,2249.28
3401,441,FULL_COVERAGE,2024-05-06,2025-05-06,2937.9
3402,910,PREMIUM,2025-06-11,2026-06-11,664.76
3403,1973,THIRD_PARTY,2023-06-14,2024-06-13,2989.04
3404,1763,THIRD_PARTY,2023-08-29,2024-08-28,806.53
3405,3093,PREMIUM,2025-05-05,2026-05-05,1258.7
3406,1012,FULL_COVERAGE,2025-01-27,2026-01-27,1166.11
3407,1645,THIRD_PARTY,2024-06-30,2025-06-30,2417.23
3408,1498,FULL_COVERAGE,2025-08-22,2026-08-22,992.33
3409,2874,FULL_COVERAGE,2023-12-09,2024-12-08,2094.59
3410,802,FULL_COVERAGE,2026-03-01,2027-03-01,934.98
3411,3141,FULL_COVERAGE,2023-10-04,2024-10-03,2961.51
3412,895,PREMIUM,2025-06-22,2026-06-22,2168.83
3413,4504,THIRD_PARTY,2025-06-02,2026-06-02,448.77
3414,3946,THIRD_PARTY,2025-02-04,2026-02-04,1823.73
3415,3426,FULL_COVERAGE,2025-06-13,2026-06-13,918.22
3416,4516,FULL_COVERAGE,2025-01-23,2026-01-23,1777.68
3417,2855,PREMIUM,2024-03-22,2025-03-22,2661.64
3418,4757,PREMIUM,2023-05-24,2024-05-23,2344.68
3419,2398,PREMIUM,2024-08-25,2025-08-25,888.27
3420,1150,FULL_COVERAGE,2024-08-22,2025-08-22,1530.31
3421,2948,FULL_COVERAGE,2025-03-11,2026-03-11,1969.18
3422,3200,FULL_COVERAGE,2023-08-10,2024-08-09,1148.86
3423,2710,FULL_COVERAGE,2025-05-27,2026-05-27,667.93
3424,507,FULL_COVERAGE,2023-06-03,2024-06-02,2783.22
3425,4115,PREMIUM,2025-01-16,2026-01-16,1915.67
3426,4549,THIRD_PARTY,2024-03-21,2025-03-21,307.46
3427,179,PREMIUM,2025-04-07,2026-04-07,2070.51
3428,4894,PREMIUM,2025-04-27,2026-04-27,1132.24
3429,2209,THIRD_PARTY,2024-05-15,2025-05-15,1651.66
3430,3655,FULL_COVERAGE,2026-02-15,2027-02-15,1144.64
3431,3669,PREMIUM,2023-09-09,2024-09-08,1344.42
3432,3983,FULL_COVERAGE,2025-10-22,2026-10-22,1306.35
3433,1098,THIRD_PARTY,2024-02-07,2025-02-06,1776.24
3434,723,PREMIUM,2024-03-07,2025-03-07,977.57
3435,2220,FULL_COVERAGE,2025-05-01,2026-05-01,1569.09
3436,4083,FULL_COVERAGE,2025-09-30,2026-09-30,2246.21
3437,3136,FULL_COVERAGE,2026-03-13,2027-03-13,1875.16
3438,4019,THIRD_PARTY,2024-12-03,2025-12-03,1539.45
3439,4285,THIRD_PARTY,2023-12-10,2024-12-09,476.99
3440,3883,FULL_COVERAGE,2024-10-13,2025-10-13,454.59
3441,1983,PREMIUM,2025-03-08,2026-03-08,1702.02
3442,2511,THIRD_PARTY,2023-06-14,2024-06-13,1660.93
3443,60,PREMIUM,2025-10-21,2026-10-21,2616.63
3444,4500,THIRD_PARTY,2024-03-08,2025-03-08,2731.37
3445,1573,FULL_COVERAGE,2024-08-31,2025-08-31,463.83
3446,4527,THIRD_PARTY,2024-09-07,2025-09-07,2264.47
3447,2899,PREMIUM,2024-10-21,2025-10-21,2891.88
3448,1864,PREMIUM,2025-11-29,2026-11-29,1985.56
3449,1377,THIRD_PARTY,2025-07-15,2026-07-15,2824.52
3450,2661,THIRD_PARTY,2023-11-26,2024-11-25,1744.69
3451,1846,FULL_COVERAGE,2024-08-21,2025-08-21,2398.15
3452,326,PREMIUM,2024-03-15,2025-03-15,1183.46
3453,4066,PREMIUM,2025-12-25,2026-12-25,2244.67
3454,2481,THIRD_PARTY,2024-08-13,2025-08-13,641.28
3455,3302,THIRD_PARTY,2023-06-21,2024-06-20,482.32
3456,4567,FULL_COVERAGE,2024-10-18,2025-10-18,1761.36
3457,136,PREMIUM,2023-07-08,2024-07-07,2807.68
3458,4074,FULL_COVERAGE,2023-09-05,2024-09-04,1408.97
3459,1266,FULL_COVERAGE,2025-10-13,2026-10-13,2115.82
3460,3148,THIRD_PARTY,2025-09-27,2026-09-27,1425.97
3461,4040,PREMIUM,2024-09-13,2025-09-13,2004.49
3462,3344,THIRD_PARTY,2023-08-20,2024-08-19,769.82
3463,3210,FULL_COVERAGE,2026-01-27,2027-01-27,2068.9
3464,565,THIRD_PARTY,2023-10-01,2024-09-30,976.14
3465,1199,THIRD_PARTY,2025-11-07,2026-11-07,2182.14
3466,1010,THIRD_PARTY,2024-03-24,2025-03-24,1701.21
3467,4885,THIRD_PARTY,2024-08-18,2025-08-18,1787.17
3468,2948,THIRD_PARTY,2025-05-30,2026-05-30,646.83
3469,168,PREMIUM,2023-12-10,2024-12-09,922.47
3470,2631,PREMIUM,2024-07-25,2025-07-25,1820.93
3471,4311,FULL_COVERAGE,2024-07-07,2025-07-07,2864.98
3472,3254,THIRD_PARTY,2024-08-24,2025-08-24,321.58
3473,2208,THIRD_PARTY,2025-02-25,2026-02-25,643.85
3474,1987,THIRD_PARTY,2026-02-08,2027-02-08,2389.64
3475,4318,FULL_COVERAGE,2025-09-17,2026-09-17,2783.08
3476,119,THIRD_PARTY,2023-06-24,2024-06-23,1315.72
3477,3354,PREMIUM,2024-06-08,2025-06-08,2286.83
3478,1907,FULL_COVERAGE,2025-10-17,2026-10-17,981.25
3479,2123,PREMIUM,2023-09-09,2024-09-08,1758.27
3480,491,FULL_COVERAGE,2023-11-12,2024-11-11,2235.8
3481,912,THIRD_PARTY,2024-09-06,2025-09-06,316.48
3482,3425,THIRD_PARTY,2025-10-19,2026-10-19,2664.28
3483,3689,PREMIUM,2023-09-12,2024-09-11,1683.91
3484,4313,THIRD_PARTY,2026-03-31,2027-03-31,2842.39
3485,518,FULL_COVERAGE,2024-09-30,2025-09-30,1862.52
3486,347,PREMIUM,2023-06-08,2024-06-07,946.67
3487,3883,THIRD_PARTY,2024-08-08,2025-08-08,692.68
3488,3033,PREMIUM,2024-10-01,2025-10-01,2229.74
3489,2922,THIRD_PARTY,2023-11-03,2024-11-02,2873.22
3490,2816,FULL_COVERAGE,2025-12-04,2026-12-04,1929.56
3491,4895,FULL_COVERAGE,2024-02-28,2025-02-27,1847.31
3492,412,FULL_COVERAGE,2024-06-05,2025-06-05,1243.83
3493,3318,FULL_COVERAGE,2024-08-31,2025-08-31,2029.76
3494,390,THIRD_PARTY,2024-02-06,2025-02-05,1303.39
3495,1426,THIRD_PARTY,2025-02-08,2026-02-08,2591.74
3496,1312,PREMIUM,2023-09-13,2024-09-12,1394.67
3497,3446,PREMIUM,2024-03-29,2025-03-29,1632.21
3498,4012,THIRD_PARTY,2025-11-08,2026-11-08,2894.49
3499,3556,THIRD_PARTY,2026-03-13,2027-03-13,2739.17
3500,1459,PREMIUM,2023-05-30,2024-05-29,2942.02
3501,1171,FULL_COVERAGE,2025-11-10,2026-11-10,1639.78
3502,3623,PREMIUM,2025-06-09,2026-06-09,421.15
3503,1676,PREMIUM,2024-04-12,2025-04-12,2251.16
3504,685,PREMIUM,2025-06-13,2026-06-13,1010.14
3505,706,THIRD_PARTY,2023-06-23,2024-06-22,2963.35
3506,631,THIRD_PARTY,2024-01-13,2025-01-12,991.79
3507,1004,PREMIUM,2025-11-09,2026-11-09,1188.78
3508,852,PREMIUM,2024-04-22,2025-04-22,2745.62
3509,1369,PREMIUM,2023-10-11,2024-10-10,2616.62
3510,1600,FULL_COVERAGE,2023-12-27,2024-12-26,459.47
3511,3294,PREMIUM,2025-07-11,2026-07-11,471.19
3512,3982,FULL_COVERAGE,2023-12-19,2024-12-18,2084.37
3513,1330,FULL_COVERAGE,2023-10-18,2024-10-17,813.77
3514,2410,THIRD_PARTY,2025-04-26,2026-04-26,2636.15
3515,1583,THIRD_PARTY,2024-09-15,2025-09-15,2455.66
3516,4310,PREMIUM,2025-01-16,2026-01-16,1748.41
3517,1036,PREMIUM,2024-05-04,2025-05-04,2626.59
3518,91,PREMIUM,2024-11-03,2025-11-03,1746.83
3519,3920,THIRD_PARTY,2024-06-26,2025-06-26,1347.4
3520,2563,THIRD_PARTY,2025-10-11,2026-10-11,1020.51
3521,280,FULL_COVERAGE,2024-10-08,2025-10-08,2203.64
3522,2685,FULL_COVERAGE,2024-11-09,2025-11-09,2465.4
3523,1263,FULL_COVERAGE,2023-12-02,2024-12-01,1267.13
3524,4591,FULL_COVERAGE,2025-08-31,2026-08-31,2978.85
3525,2313,THIRD_PARTY,2024-03-23,2025-03-23,1985.87
3526,531,THIRD_PARTY,2024-05-08,2025-05-08,770.71
3527,1132,THIRD_PARTY,2025-03-09,2026-03-09,947.46
3528,3966,PREMIUM,2025-03-09,2026-03-09,1050.69
3529,829,FULL_COVERAGE,2025-03-21,2026-03-21,421.09
3530,4290,THIRD_PARTY,2024-07-29,2025-07-29,920.09
3531,3941,THIRD_PARTY,2023-11-18,2024-11-17,2691.99
3532,647,FULL_COVERAGE,2025-11-18,2026-11-18,2244.97
3533,1057,FULL_COVERAGE,2024-10-05,2025-10-05,1736.8
3534,1046,PREMIUM,2024-01-02,2025-01-01,2724.1
3535,2740,FULL_COVERAGE,2024-05-17,2025-05-17,1957.74
3536,3138,FULL_COVERAGE,2025-05-31,2026-05-31,2153.6
3537,1492,THIRD_PARTY,2024-10-28,2025-10-28,1502.29
3538,1573,FULL_COVERAGE,2024-03-05,2025-03-05,670.66
3539,706,FULL_COVERAGE,2023-11-13,2024-11-12,1899.74
3540,2652,FULL_COVERAGE,2024-06-25,2025-06-25,1449.14
3541,3907,THIRD_PARTY,2024-12-30,2025-12-30,2126.4
3542,4340,PREMIUM,2024-10-18,2025-10-18,1870.69
3543,4004,THIRD_PARTY,2024-08-07,2025-08-07,420.64
3544,723,PREMIUM,2023-05-27,2024-05-26,1585.03
3545,97,FULL_COVERAGE,2023-07-10,2024-07-09,1658.01
3546,918,FULL_COVERAGE,2024-12-03,2025-12-03,1832.18
3547,3509,PREMIUM,2023-07-30,2024-07-29,1077.02
3548,910,THIRD_PARTY,2024-05-31,2025-05-31,2000.05
3549,1930,PREMIUM,2025-03-06,2026-03-06,819.67
3550,2173,PREMIUM,2024-02-09,2025-02-08,2292.46
3551,1168,THIRD_PARTY,2025-03-07,2026-03-07,429.57
3552,1353,THIRD_PARTY,2024-01-05,2025-01-04,2793.14
3553,724,PREMIUM,2024-09-13,2025-09-13,2294.23
3554,4809,FULL_COVERAGE,2026-01-16,2027-01-16,949.29
3555,2885,FULL_COVERAGE,2024-12-31,2025-12-31,2399.92
3556,3244,THIRD_PARTY,2025-02-11,2026-02-11,306.9
3557,2325,PREMIUM,2024-06-26,2025-06-26,2933.86
3558,4669,PREMIUM,2024-05-30,2025-05-30,521.95
3559,1061,PREMIUM,2023-08-29,2024-08-28,2717.41
3560,484,THIRD_PARTY,2025-04-07,2026-04-07,1297.88
3561,2029,PREMIUM,2025-01-18,2026-01-18,974.14
3562,4844,FULL_COVERAGE,2023-05-23,2024-05-22,2298.92
3563,2494,FULL_COVERAGE,2025-05-21,2026-05-21,2192.37
3564,3141,PREMIUM,2024-06-13,2025-06-13,847.09
3565,2961,THIRD_PARTY,2023-11-29,2024-11-28,2452.38
3566,1061,FULL_COVERAGE,2024-01-08,2025-01-07,1839.69
3567,337,THIRD_PARTY,2024-12-02,2025-12-02,684.23
3568,180,PREMIUM,2024-10-03,2025-10-03,1184.37
3569,1994,THIRD_PARTY,2026-01-12,2027-01-12,2019.29
3570,581,PREMIUM,2024-12-26,2025-12-26,2314.16
3571,3591,THIRD_PARTY,2024-03-27,2025-03-27,1352.36
3572,2767,FULL_COVERAGE,2024-10-04,2025-10-04,1758.02
3573,1307,FULL_COVERAGE,2026-02-07,2027-02-07,654.3
3574,4771,THIRD_PARTY,2026-03-28,2027-03-28,2305.67
3575,1879,PREMIUM,2024-06-09,2025-06-09,2642.83
3576,4521,FULL_COVERAGE,2023-08-09,2024-08-08,1486.95
3577,1695,FULL_COVERAGE,2023-06-11,2024-06-10,2471.46
3578,2720,PREMIUM,2023-07-03,2024-07-02,1238.17
3579,4776,THIRD_PARTY,2026-01-22,2027-01-22,424.47
3580,958,PREMIUM,2023-05-21,2024-05-20,2437.61
3581,2377,FULL_COVERAGE,2026-03-01,2027-03-01,2237.93
3582,600,FULL_COVERAGE,2024-03-03,2025-03-03,2726.35
3583,943,THIRD_PARTY,2023-11-21,2024-11-20,856.15
3584,583,THIRD_PARTY,2023-10-11,2024-10-10,345.97
3585,2193,PREMIUM,2025-05-13,2026-05-13,1812.09
3586,646,THIRD_PARTY,2025-10-10,2026-10-10,2350.86
3587,2142,THIRD_PARTY,2024-04-05,2025-04-05,2140.52
3588,1362,PREMIUM,2023-07-07,2024-07-06,707.01
3589,4681,PREMIUM,2024-04-28,2025-04-28,953.1
3590,3142,PREMIUM,2025-12-22,2026-12-22,615.08
3591,2321,FULL_COVERAGE,2023-10-28,2024-10-27,2460.79
3592,4229,THIRD_PARTY,2026-03-06,2027-03-06,2425.0
3593,2710,FULL_COVERAGE,2024-06-07,2025-06-07,1813.13
3594,3811,PREMIUM,2025-08-27,2026-08-27,2904.74
3595,4118,THIRD_PARTY,2024-12-24,2025-12-24,2170.97
3596,869,THIRD_PARTY,2025-04-08,2026-04-08,573.1
3597,1459,THIRD_PARTY,2025-02-25,2026-02-25,947.63
3598,1727,THIRD_PARTY,2024-07-28,2025-07-28,2840.2
3599,2784,PREMIUM,2024-09-28,2025-09-28,1719.29
3600,1317,PREMIUM,2024-03-06,2025-03-06,1316.07
3601,4416,THIRD_PARTY,2023-06-11,2024-06-10,411.76
3602,4560,PREMIUM,2024-10-20,2025-10-20,625.64
3603,3704,FULL_COVERAGE,2024-11-25,2025-11-25,850.18
3604,2086,FULL_COVERAGE,2024-05-05,2025-05-05,1279.58
3605,233,THIRD_PARTY,2023-09-18,2024-09-17,1326.49
3606,2832,FULL_COVERAGE,2023-08-29,2024-08-28,2198.19
3607,2907,FULL_COVERAGE,2026-04-08,2027-04-08,1710.36
3608,4819,THIRD_PARTY,2025-10-18,2026-10-18,2284.52
3609,164,PREMIUM,2026-01-12,2027-01-12,1985.36
3610,1313,FULL_COVERAGE,2024-03-07,2025-03-07,1066.65
3611,698,FULL_COVERAGE,2025-11-10,2026-11-10,1026.65
3612,3245,PREMIUM,2024-02-25,2025-02-24,2609.02
3613,1502,THIRD_PARTY,2025-06-28,2026-06-28,536.46
3614,3321,THIRD_PARTY,2025-06-10,2026-06-10,2417.27
3615,2529,FULL_COVERAGE,2025-02-07,2026-02-07,432.56
3616,2637,PREMIUM,2025-06-05,2026-06-05,2550.81
3617,429,THIRD_PARTY,2024-11-05,2025-11-05,1898.94
3618,1233,THIRD_PARTY,2024-01-11,2025-01-10,2621.53
3619,631,PREMIUM,2025-02-19,2026-02-19,1447.62
3620,2974,PREMIUM,2024-11-16,2025-11-16,2857.96
3621,4885,THIRD_PARTY,2023-06-15,2024-06-14,2871.01
3622,115,THIRD_PARTY,2024-02-23,2025-02-22,1728.66
3623,1652,PREMIUM,2024-08-15,2025-08-15,2744.76
3624,2156,FULL_COVERAGE,2026-03-20,2027-03-20,1370.58
3625,2019,PREMIUM,2024-11-30,2025-11-30,830.27
3626,17,PREMIUM,2024-02-23,2025-02-22,2768.6
3627,2475,PREMIUM,2025-10-07,2026-10-07,989.57
3628,936,FULL_COVERAGE,2024-02-24,2025-02-23,2914.56
3629,4800,PREMIUM,2024-05-22,2025-05-22,2581.69
3630,3568,FULL_COVERAGE,2024-03-17,2025-03-17,494.01
3631,4271,THIRD_PARTY,2024-09-25,2025-09-25,2416.17
3632,3401,PREMIUM,2023-10-16,2024-10-15,1361.71
3633,3958,THIRD_PARTY,2025-07-24,2026-07-24,1443.28
3634,3632,PREMIUM,2025-10-18,2026-10-18,2079.18
3635,1170,FULL_COVERAGE,2025-06-18,2026-06-18,639.65
3636,4708,THIRD_PARTY,2024-05-12,2025-05-12,2346.28
3637,2431,THIRD_PARTY,2024-12-19,2025-12-19,2982.39
3638,405,PREMIUM,2024-09-09,2025-09-09,2114.18
3639,1425,FULL_COVERAGE,2025-01-01,2026-01-01,329.04
3640,2572,THIRD_PARTY,2026-01-21,2027-01-21,488.9
3641,2167,THIRD_PARTY,2024-11-19,2025-11-19,2900.52
3642,3060,FULL_COVERAGE,2025-07-24,2026-07-24,718.46
3643,2940,FULL_COVERAGE,2023-07-13,2024-07-12,2036.52
3644,2682,PREMIUM,2023-12-01,2024-11-30,2083.91
3645,38,THIRD_PARTY,2023-08-13,2024-08-12,1684.23
3646,1445,PREMIUM,2024-01-27,2025-01-26,1713.48
3647,21,FULL_COVERAGE,2023-07-30,2024-07-29,2105.33
3648,2585,THIRD_PARTY,2024-08-16,2025-08-16,695.99
3649,2521,THIRD_PARTY,2024-11-17,2025-11-17,2418.42
3650,1429,FULL_COVERAGE,2025-02-18,2026-02-18,2285.83
3651,956,FULL_COVERAGE,2024-06-06,2025-06-06,1011.75
3652,2007,THIRD_PARTY,2026-01-05,2027-01-05,1998.25
3653,1150,PREMIUM,2024-12-06,2025-12-06,903.8
3654,1240,FULL_COVERAGE,2023-06-11,2024-06-10,2318.4
3655,1780,THIRD_PARTY,2024-09-09,2025-09-09,785.84
3656,717,PREMIUM,2024-12-11,2025-12-11,2017.18
3657,1888,PREMIUM,2024-03-22,2025-03-22,1089.48
3658,732,PREMIUM,2026-04-08,2027-04-08,2639.42
3659,69,THIRD_PARTY,2025-01-28,2026-01-28,1561.23
3660,2634,FULL_COVERAGE,2024-10-08,2025-10-08,512.69
3661,3303,FULL_COVERAGE,2023-07-24,2024-07-23,358.53
3662,4507,FULL_COVERAGE,2024-05-07,2025-05-07,713.12
3663,3463,FULL_COVERAGE,2023-09-16,2024-09-15,1241.31
3664,2245,PREMIUM,2023-10-18,2024-10-17,982.3
3665,2474,FULL_COVERAGE,2023-11-18,2024-11-17,722.69
3666,2649,FULL_COVERAGE,2024-08-26,2025-08-26,381.28
3667,1841,THIRD_PARTY,2024-03-14,2025-03-14,2086.08
3668,429,THIRD_PARTY,2025-05-27,2026-05-27,1371.79
3669,2516,THIRD_PARTY,2025-05-27,2026-05-27,2765.59
3670,3984,THIRD_PARTY,2023-10-07,2024-10-06,413.1
3671,4157,THIRD_PARTY,2025-09-04,2026-09-04,546.93
3672,4558,PREMIUM,2025-08-24,2026-08-24,1925.08
3673,3043,PREMIUM,2025-01-25,2026-01-25,789.3
3674,4307,FULL_COVERAGE,2024-11-15,2025-11-15,2288.02
3675,2253,FULL_COVERAGE,2025-11-06,2026-11-06,960.75
3676,4798,THIRD_PARTY,2025-11-02,2026-11-02,2458.62
3677,773,THIRD_PARTY,2023-10-13,2024-10-12,1648.86
3678,4524,THIRD_PARTY,2023-10-04,2024-10-03,673.58
3679,191,PREMIUM,2024-06-16,2025-06-16,1559.31
3680,884,FULL_COVERAGE,2023-12-18,2024-12-17,651.51
3681,3377,PREMIUM,2026-02-16,2027-02-16,1917.46
3682,3856,PREMIUM,2023-07-30,2024-07-29,1781.59
3683,4444,FULL_COVERAGE,2026-01-31,2027-01-31,352.92
3684,2733,THIRD_PARTY,2023-10-13,2024-10-12,322.53
3685,2829,PREMIUM,2024-06-28,2025-06-28,2639.51
3686,2421,PREMIUM,2025-07-17,2026-07-17,2556.99
3687,2115,FULL_COVERAGE,2024-12-12,2025-12-12,493.79
3688,352,THIRD_PARTY,2025-03-15,2026-03-15,1429.12
3689,1763,FULL_COVERAGE,2026-03-29,2027-03-29,1086.33
3690,346,THIRD_PARTY,2024-11-19,2025-11-19,1035.0
3691,4802,FULL_COVERAGE,2025-05-17,2026-05-17,1392.25
3692,3206,PREMIUM,2026-01-16,2027-01-16,2104.55
3693,72,THIRD_PARTY,2024-01-14,2025-01-13,1769.62
3694,4773,THIRD_PARTY,2024-06-13,2025-06-13,2452.9
3695,1447,THIRD_PARTY,2024-05-17,2025-05-17,2839.04
3696,3385,PREMIUM,2023-11-10,2024-11-09,2678.21
3697,2397,THIRD_PARTY,2024-09-22,2025-09-22,2208.78
3698,3162,THIRD_PARTY,2025-08-29,2026-08-29,2079.2
3699,2338,THIRD_PARTY,2024-11-27,2025-11-27,1250.84
3700,3409,FULL_COVERAGE,2025-02-13,2026-02-13,1385.38
3701,2272,FULL_COVERAGE,2024-02-05,2025-02-04,2672.4
3702,1317,PREMIUM,2025-12-16,2026-12-16,1760.28
3703,2508,PREMIUM,2023-12-19,2024-12-18,2407.44
3704,4976,THIRD_PARTY,2024-10-29,2025-10-29,2024.4
3705,2764,PREMIUM,2024-04-26,2025-04-26,2472.83
3706,1830,FULL_COVERAGE,2024-07-04,2025-07-04,1610.02
3707,4115,PREMIUM,2023-09-20,2024-09-19,1775.46
3708,2821,THIRD_PARTY,2024-04-04,2025-04-04,1448.79
3709,856,FULL_COVERAGE,2024-02-17,2025-02-16,1522.37
3710,653,THIRD_PARTY,2023-07-12,2024-07-11,1099.11
3711,4446,FULL_COVERAGE,2025-07-11,2026-07-11,2787.23
3712,1404,FULL_COVERAGE,2023-11-21,2024-11-20,2925.16
3713,4404,THIRD_PARTY,2025-06-13,2026-06-13,1540.07
3714,760,PREMIUM,2024-05-15,2025-05-15,867.59
3715,2687,FULL_COVERAGE,2023-05-23,2024-05-22,751.33
3716,4807,THIRD_PARTY,2024-08-11,2025-08-11,1782.63
3717,3101,THIRD_PARTY,2024-05-30,2025-05-30,479.78
3718,4055,THIRD_PARTY,2024-01-08,2025-01-07,1948.26
3719,4271,FULL_COVERAGE,2025-09-15,2026-09-15,1045.35
3720,4802,FULL_COVERAGE,2025-02-23,2026-02-23,943.02
3721,219,THIRD_PARTY,2023-06-08,2024-06-07,1375.37
3722,756,FULL_COVERAGE,2025-05-03,2026-05-03,2976.71
3723,4611,PREMIUM,2024-03-14,2025-03-14,2545.8
3724,2852,THIRD_PARTY,2026-02-12,2027-02-12,2284.09
3725,3523,FULL_COVERAGE,2025-03-09,2026-03-09,2249.93
3726,3798,THIRD_PARTY,2024-01-02,2025-01-01,1936.81
3727,359,THIRD_PARTY,2025-06-25,2026-06-25,823.62
3728,4779,FULL_COVERAGE,2025-04-13,2026-04-13,637.92
3729,621,PREMIUM,2025-10-20,2026-10-20,1324.83
3730,6,PREMIUM,2023-10-01,2024-09-30,1992.11
3731,64,THIRD_PARTY,2025-12-03,2026-12-03,884.49
3732,578,PREMIUM,2024-05-01,2025-05-01,2660.84
3733,940,FULL_COVERAGE,2023-08-09,2024-08-08,851.21
3734,3880,PREMIUM,2024-04-08,2025-04-08,2065.94
3735,3950,THIRD_PARTY,2023-09-29,2024-09-28,1599.65
3736,1821,PREMIUM,2025-12-04,2026-12-04,1229.89
3737,245,PREMIUM,2024-01-25,2025-01-24,2233.7
3738,1336,THIRD_PARTY,2024-07-16,2025-07-16,2963.1
3739,3097,THIRD_PARTY,2026-03-11,2027-03-11,2455.25
3740,202,THIRD_PARTY,2023-10-08,2024-10-07,2333.2
3741,377,PREMIUM,2025-03-14,2026-03-14,1309.24
3742,3629,FULL_COVERAGE,2024-10-27,2025-10-27,2624.04
3743,2064,FULL_COVERAGE,2024-06-23,2025-06-23,1506.38
3744,2453,PREMIUM,2024-01-27,2025-01-26,1237.53
3745,3119,PREMIUM,2023-09-14,2024-09-13,2589.59
3746,1898,PREMIUM,2025-04-18,2026-04-18,1426.52
3747,200,PREMIUM,2024-09-28,2025-09-28,2374.41
3748,3589,FULL_COVERAGE,2025-03-01,2026-03-01,1837.47
3749,321,THIRD_PARTY,2023-11-02,2024-11-01,1651.28
3750,3269,FULL_COVERAGE,2024-07-14,2025-07-14,2351.43
3751,952,FULL_COVERAGE,2025-04-10,2026-04-10,1984.28
3752,1009,FULL_COVERAGE,2024-01-01,2024-12-31,1534.92
3753,1365,PREMIUM,2023-05-17,2024-05-16,1124.71
3754,1635,THIRD_PARTY,2024-08-13,2025-08-13,1768.92
3755,3470,FULL_COVERAGE,2025-04-25,2026-04-25,2924.04
3756,4968,FULL_COVERAGE,2026-01-29,2027-01-29,946.25
3757,1602,PREMIUM,2023-05-25,2024-05-24,622.32
3758,3843,FULL_COVERAGE,2025-04-20,2026-04-20,797.24
3759,361,PREMIUM,2023-10-26,2024-10-25,1448.37
3760,2215,PREMIUM,2024-12-06,2025-12-06,1168.91
3761,4376,FULL_COVERAGE,2023-09-04,2024-09-03,649.39
3762,2755,PREMIUM,2024-07-09,2025-07-09,1992.15
3763,699,FULL_COVERAGE,2023-06-15,2024-06-14,2459.84
3764,3047,THIRD_PARTY,2025-12-18,2026-12-18,1422.95
3765,4351,FULL_COVERAGE,2023-10-09,2024-10-08,510.65
3766,1849,PREMIUM,2024-09-06,2025-09-06,2490.93
3767,4008,THIRD_PARTY,2026-03-03,2027-03-03,2715.81
3768,3356,PREMIUM,2026-02-05,2027-02-05,2453.71
3769,50,PREMIUM,2024-06-22,2025-06-22,1846.24
3770,2187,THIRD_PARTY,2023-10-30,2024-10-29,1911.44
3771,1138,PREMIUM,2026-03-31,2027-03-31,1456.69
3772,3129,PREMIUM,2024-09-18,2025-09-18,2205.07
3773,976,FULL_COVERAGE,2026-03-06,2027-03-06,2822.43
3774,336,THIRD_PARTY,2024-08-16,2025-08-16,2558.26
3775,3879,THIRD_PARTY,2026-01-24,2027-01-24,394.2
3776,4329,FULL_COVERAGE,2024-07-16,2025-07-16,2380.65
3777,3439,PREMIUM,2025-06-28,2026-06-28,2472.21
3778,131,PREMIUM,2023-09-21,2024-09-20,2274.74
3779,3405,THIRD_PARTY,2024-03-06,2025-03-06,904.42
3780,3660,PREMIUM,2024-10-11,2025-10-11,2929.85
3781,4264,FULL_COVERAGE,2026-02-15,2027-02-15,2180.53
3782,2261,THIRD_PARTY,2025-02-10,2026-02-10,2032.1
3783,809,FULL_COVERAGE,2024-05-28,2025-05-28,2940.25
3784,4291,THIRD_PARTY,2024-02-12,2025-02-11,1265.01
3785,459,THIRD_PARTY,2024-08-13,2025-08-13,2128.94
3786,322,THIRD_PARTY,2026-03-09,2027-03-09,1127.06
3787,4342,FULL_COVERAGE,2025-02-07,2026-02-07,2993.02
3788,2870,THIRD_PARTY,2024-03-11,2025-03-11,1321.84
3789,4119,THIRD_PARTY,2025-04-30,2026-04-30,2090.49
3790,233,THIRD_PARTY,2024-10-31,2025-10-31,955.79
3791,1954,PREMIUM,2023-11-11,2024-11-10,2588.53
3792,4184,PREMIUM,2024-09-13,2025-09-13,1428.01
3793,956,FULL_COVERAGE,2024-09-25,2025-09-25,1109.8
3794,3966,THIRD_PARTY,2024-03-25,2025-03-25,1682.56
3795,1186,PREMIUM,2025-04-24,2026-04-24,2922.9
3796,1499,THIRD_PARTY,2024-01-22,2025-01-21,1565.69
3797,236,PREMIUM,2023-07-24,2024-07-23,1298.68
3798,348,FULL_COVERAGE,2023-11-29,2024-11-28,491.55
3799,1325,FULL_COVERAGE,2025-07-18,2026-07-18,631.74
3800,3647,THIRD_PARTY,2023-12-04,2024-12-03,1751.15
3801,1133,THIRD_PARTY,2026-02-12,2027-02-12,2096.14
3802,303,FULL_COVERAGE,2023-08-30,2024-08-29,2735.37
3803,2575,PREMIUM,2024-11-26,2025-11-26,2186.9
3804,1657,FULL_COVERAGE,2025-10-13,2026-10-13,2112.65
3805,722,FULL_COVERAGE,2024-09-18,2025-09-18,745.99
3806,2111,FULL_COVERAGE,2024-04-25,2025-04-25,1412.18
3807,4390,FULL_COVERAGE,2026-03-31,2027-03-31,2263.24
3808,133,THIRD_PARTY,2026-03-12,2027-03-12,2379.36
3809,813,PREMIUM,2023-07-29,2024-07-28,2918.57
3810,1022,THIRD_PARTY,2023-11-30,2024-11-29,1762.09
3811,3469,PREMIUM,2026-02-11,2027-02-11,332.65
3812,118,THIRD_PARTY,2026-04-11,2027-04-11,1244.87
3813,1618,PREMIUM,2025-06-04,2026-06-04,329.3
3814,3792,THIRD_PARTY,2026-02-24,2027-02-24,1736.66
3815,4962,PREMIUM,2023-11-17,2024-11-16,1266.6
3816,1177,PREMIUM,2023-07-29,2024-07-28,2038.78
3817,3680,THIRD_PARTY,2024-05-17,2025-05-17,2767.58
3818,3733,FULL_COVERAGE,2024-01-31,2025-01-30,1840.17
3819,1772,PREMIUM,2025-03-28,2026-03-28,2736.99
3820,2773,FULL_COVERAGE,2024-08-23,2025-08-23,1513.29
3821,1734,FULL_COVERAGE,2024-04-02,2025-04-02,2792.22
3822,969,PREMIUM,2024-12-17,2025-12-17,1547.66
3823,4698,PREMIUM,2025-03-07,2026-03-07,1648.85
3824,2579,THIRD_PARTY,2023-08-27,2024-08-26,673.01
3825,1001,FULL_COVERAGE,2024-02-13,2025-02-12,1979.49
3826,839,FULL_COVERAGE,2023-11-01,2024-10-31,2609.34
3827,3484,FULL_COVERAGE,2025-10-01,2026-10-01,1176.91
3828,4283,THIRD_PARTY,2025-07-10,2026-07-10,634.77
3829,1212,FULL_COVERAGE,2024-05-10,2025-05-10,2212.64
3830,727,FULL_COVERAGE,2025-02-08,2026-02-08,2286.29
3831,2013,FULL_COVERAGE,2025-06-06,2026-06-06,1461.37
3832,3679,PREMIUM,2023-05-27,2024-05-26,2019.5
3833,3773,THIRD_PARTY,2024-09-30,2025-09-30,2020.81
3834,280,PREMIUM,2024-03-08,2025-03-08,2453.82
3835,2104,FULL_COVERAGE,2025-11-01,2026-11-01,2435.74
3836,3891,THIRD_PARTY,2023-08-14,2024-08-13,382.21
3837,3275,FULL_COVERAGE,2024-12-19,2025-12-19,1986.5
3838,2773,THIRD_PARTY,2023-06-23,2024-06-22,2362.89
3839,639,PREMIUM,2023-05-17,2024-05-16,2081.87
3840,1833,PREMIUM,2025-07-09,2026-07-09,1703.87
3841,3389,PREMIUM,2024-01-07,2025-01-06,779.03
3842,1122,PREMIUM,2023-12-05,2024-12-04,2947.89
3843,624,THIRD_PARTY,2024-02-24,2025-02-23,2030.14
3844,707,PREMIUM,2025-02-22,2026-02-22,1187.5
3845,225,FULL_COVERAGE,2024-05-27,2025-05-27,2209.97
3846,2761,FULL_COVERAGE,2023-09-11,2024-09-10,2002.33
3847,3502,THIRD_PARTY,2026-03-14,2027-03-14,873.35
3848,94,PREMIUM,2026-03-29,2027-03-29,813.2
3849,4422,FULL_COVERAGE,2023-05-23,2024-05-22,1651.76
3850,539,FULL_COVERAGE,2025-04-06,2026-04-06,1596.06
3851,2048,PREMIUM,2025-02-15,2026-02-15,428.21
3852,2442,PREMIUM,2025-10-26,2026-10-26,1818.75
3853,1923,FULL_COVERAGE,2025-08-31,2026-08-31,1900.28
3854,673,FULL_COVERAGE,2026-01-19,2027-01-19,2634.34
3855,1968,FULL_COVERAGE,2024-01-09,2025-01-08,818.39
3856,2570,PREMIUM,2026-03-31,2027-03-31,2529.17
3857,2798,THIRD_PARTY,2024-05-27,2025-05-27,2378.21
3858,417,FULL_COVERAGE,2024-10-02,2025-10-02,1679.51
3859,2067,FULL_COVERAGE,2023-08-19,2024-08-18,2063.79
3860,3101,PREMIUM,2023-09-28,2024-09-27,853.41
3861,1049,THIRD_PARTY,2024-01-26,2025-01-25,611.7
3862,2264,FULL_COVERAGE,2024-07-26,2025-07-26,386.91
3863,4659,FULL_COVERAGE,2024-05-22,2025-05-22,2910.44
3864,1100,PREMIUM,2025-08-13,2026-08-13,1878.38
3865,2174,PREMIUM,2024-12-26,2025-12-26,2956.51
3866,2604,THIRD_PARTY,2025-12-03,2026-12-03,2834.43
3867,3525,THIRD_PARTY,2024-08-20,2025-08-20,2890.09
3868,4389,PREMIUM,2024-01-05,2025-01-04,970.39
3869,2971,PREMIUM,2023-07-18,2024-07-17,415.55
3870,1063,PREMIUM,2023-12-29,2024-12-28,1252.91
3871,3262,THIRD_PARTY,2023-07-20,2024-07-19,2309.42
3872,2530,PREMIUM,2025-04-07,2026-04-07,2920.19
3873,4051,FULL_COVERAGE,2023-05-25,2024-05-24,1252.48
3874,2131,PREMIUM,2023-09-11,2024-09-10,2444.2
3875,1326,PREMIUM,2025-06-17,2026-06-17,2111.78
3876,4859,PREMIUM,2023-11-23,2024-11-22,2915.81
3877,1518,FULL_COVERAGE,2026-01-17,2027-01-17,966.19
3878,2402,FULL_COVERAGE,2023-10-30,2024-10-29,491.74
3879,4646,THIRD_PARTY,2023-07-28,2024-07-27,2178.14
3880,303,PREMIUM,2023-10-29,2024-10-28,2969.05
3881,1278,FULL_COVERAGE,2024-02-22,2025-02-21,2507.91
3882,3263,THIRD_PARTY,2023-07-20,2024-07-19,1849.95
3883,103,PREMIUM,2026-02-19,2027-02-19,386.78
3884,55,PREMIUM,2025-04-28,2026-04-28,1238.82
3885,628,THIRD_PARTY,2024-07-11,2025-07-11,2481.31
3886,1965,THIRD_PARTY,2023-10-29,2024-10-28,802.58
3887,3428,PREMIUM,2024-07-03,2025-07-03,2725.55
3888,4690,THIRD_PARTY,2025-09-24,2026-09-24,2345.46
3889,812,FULL_COVERAGE,2026-03-10,2027-03-10,1523.7
3890,737,THIRD_PARTY,2026-03-23,2027-03-23,2636.96
3891,357,THIRD_PARTY,2025-02-05,2026-02-05,1238.67
3892,107,FULL_COVERAGE,2024-05-14,2025-05-14,1537.17
3893,1589,THIRD_PARTY,2026-01-28,2027-01-28,638.49
3894,2428,THIRD_PARTY,2024-10-12,2025-10-12,1667.33
3895,1221,PREMIUM,2025-04-10,2026-04-10,1607.86
3896,51,PREMIUM,2024-12-27,2025-12-27,763.14
3897,3025,THIRD_PARTY,2023-07-16,2024-07-15,746.01
3898,4574,PREMIUM,2025-05-13,2026-05-13,2239.5
3899,2743,PREMIUM,2025-09-18,2026-09-18,1279.56
3900,104,THIRD_PARTY,2025-04-15,2026-04-15,924.66
3901,3002,FULL_COVERAGE,2025-06-08,2026-06-08,2257.74
3902,4314,PREMIUM,2023-07-13,2024-07-12,2186.06
3903,4540,FULL_COVERAGE,2026-03-08,2027-03-08,2691.72
3904,2887,FULL_COVERAGE,2024-02-14,2025-02-13,366.86
3905,155,FULL_COVERAGE,2026-01-25,2027-01-25,2488.41
3906,3101,FULL_COVERAGE,2024-02-05,2025-02-04,1331.61
3907,4443,THIRD_PARTY,2023-07-27,2024-07-26,494.59
3908,4760,FULL_COVERAGE,2023-08-01,2024-07-31,653.18
3909,4708,THIRD_PARTY,2024-10-21,2025-10-21,1361.04
3910,3349,PREMIUM,2024-03-24,2025-03-24,897.34
3911,2898,THIRD_PARTY,2024-05-07,2025-05-07,2037.12
3912,3298,FULL_COVERAGE,2025-06-03,2026-06-03,1327.43
3913,4088,PREMIUM,2023-06-20,2024-06-19,2000.67
3914,1205,FULL_COVERAGE,2024-03-20,2025-03-20,706.49
3915,1053,PREMIUM,2023-11-07,2024-11-06,1153.6
3916,4868,FULL_COVERAGE,2025-06-04,2026-06-04,2947.17
3917,3569,FULL_COVERAGE,2025-07-14,2026-07-14,2222.16
3918,4725,PREMIUM,2025-12-13,2026-12-13,1260.04
3919,1899,PREMIUM,2025-04-28,2026-04-28,2411.78
3920,2475,THIRD_PARTY,2025-09-23,2026-09-23,1928.58
3921,1273,PREMIUM,2024-01-09,2025-01-08,791.3
3922,2086,PREMIUM,2026-02-26,2027-02-26,2308.78
3923,4600,PREMIUM,2023-10-04,2024-10-03,2930.64
3924,4062,PREMIUM,2026-02-06,2027-02-06,1657.7
3925,2397,PREMIUM,2024-11-27,2025-11-27,2383.69
3926,2344,PREMIUM,2025-05-02,2026-05-02,307.81
3927,769,FULL_COVERAGE,2023-12-15,2024-12-14,2391.28
3928,1930,THIRD_PARTY,2023-07-25,2024-07-24,585.29
3929,2934,PREMIUM,2023-12-11,2024-12-10,821.47
3930,3218,PREMIUM,2023-09-05,2024-09-04,1546.24
3931,4723,FULL_COVERAGE,2025-04-15,2026-04-15,2840.76
3932,305,THIRD_PARTY,2025-03-18,2026-03-18,604.66
3933,2321,PREMIUM,2025-07-28,2026-07-28,1218.5
3934,4532,THIRD_PARTY,2024-12-13,2025-12-13,1127.09
3935,362,FULL_COVERAGE,2025-05-01,2026-05-01,1996.24
3936,38,THIRD_PARTY,2025-02-11,2026-02-11,655.67
3937,2910,THIRD_PARTY,2023-10-21,2024-10-20,2836.9
3938,3990,THIRD_PARTY,2025-10-07,2026-10-07,1912.41
3939,1389,FULL_COVERAGE,2025-06-23,2026-06-23,2072.74
3940,1132,PREMIUM,2023-06-22,2024-06-21,652.62
3941,2190,FULL_COVERAGE,2024-11-23,2025-11-23,478.53
3942,4035,FULL_COVERAGE,2023-07-19,2024-07-18,544.7
3943,72,PREMIUM,2024-05-03,2025-05-03,666.35
3944,699,THIRD_PARTY,2023-08-17,2024-08-16,1359.12
3945,1036,THIRD_PARTY,2026-02-12,2027-02-12,1812.68
3946,3014,FULL_COVERAGE,2026-03-13,2027-03-13,2572.67
3947,4867,PREMIUM,2025-04-25,2026-04-25,924.46
3948,2071,FULL_COVERAGE,2025-03-29,2026-03-29,2442.74
3949,4717,FULL_COVERAGE,2025-01-15,2026-01-15,642.9
3950,905,PREMIUM,2026-03-04,2027-03-04,2747.56
3951,3609,FULL_COVERAGE,2025-08-25,2026-08-25,2876.98
3952,218,FULL_COVERAGE,2024-01-16,2025-01-15,1961.43
3953,4229,PREMIUM,2024-10-01,2025-10-01,2918.11
3954,3441,FULL_COVERAGE,2024-06-19,2025-06-19,2786.69
3955,4740,THIRD_PARTY,2023-08-28,2024-08-27,1723.17
3956,2634,FULL_COVERAGE,2024-12-05,2025-12-05,1075.53
3957,2461,THIRD_PARTY,2025-12-07,2026-12-07,1739.51
3958,3454,THIRD_PARTY,2025-09-02,2026-09-02,2214.86
3959,56,FULL_COVERAGE,2025-06-09,2026-06-09,824.66
3960,584,THIRD_PARTY,2023-11-12,2024-11-11,2417.76
3961,2297,FULL_COVERAGE,2024-06-24,2025-06-24,472.81
3962,1942,THIRD_PARTY,2023-08-30,2024-08-29,1250.46
3963,2899,FULL_COVERAGE,2023-05-12,2024-05-11,382.22
3964,3554,THIRD_PARTY,2024-11-16,2025-11-16,1671.44
3965,4268,FULL_COVERAGE,2024-02-09,2025-02-08,1105.32
3966,1141,FULL_COVERAGE,2025-11-30,2026-11-30,1477.5
3967,1069,THIRD_PARTY,2024-04-25,2025-04-25,2927.07
3968,1797,PREMIUM,2024-11-17,2025-11-17,464.69
3969,654,THIRD_PARTY,2026-02-05,2027-02-05,2615.4
3970,4852,FULL_COVERAGE,2023-06-26,2024-06-25,1907.67
3971,4061,THIRD_PARTY,2024-12-05,2025-12-05,2272.54
3972,3032,PREMIUM,2023-08-13,2024-08-12,2992.37
3973,1106,FULL_COVERAGE,2023-10-05,2024-10-04,2181.17
3974,2285,FULL_COVERAGE,2024-06-08,2025-06-08,1277.01
3975,1041,FULL_COVERAGE,2023-07-01,2024-06-30,2850.19
3976,1278,PREMIUM,2023-11-01,2024-10-31,2605.88
3977,4893,FULL_COVERAGE,2026-04-01,2027-04-01,2726.32
3978,4075,PREMIUM,2025-08-30,2026-08-30,1114.75
3979,4840,THIRD_PARTY,2023-06-22,2024-06-21,958.83
3980,1152,PREMIUM,2024-05-12,2025-05-12,1578.65
3981,2276,FULL_COVERAGE,2025-06-02,2026-06-02,1323.88
3982,2064,PREMIUM,2025-10-22,2026-10-22,1405.69
3983,4845,THIRD_PARTY,2026-02-08,2027-02-08,2459.82
3984,1421,THIRD_PARTY,2023-12-28,2024-12-27,491.47
3985,2417,THIRD_PARTY,2024-10-04,2025-10-04,2463.49
3986,3470,PREMIUM,2024-07-07,2025-07-07,1186.76
3987,3174,FULL_COVERAGE,2025-10-22,2026-10-22,757.03
3988,1417,FULL_COVERAGE,2024-08-01,2025-08-01,1101.8
3989,3879,THIRD_PARTY,2024-09-25,2025-09-25,2200.98
3990,1741,THIRD_PARTY,2024-06-14,2025-06-14,1380.26
3991,2647,THIRD_PARTY,2023-09-13,2024-09-12,2917.17
3992,154,FULL_COVERAGE,2025-02-17,2026-02-17,312.76
3993,1783,PREMIUM,2025-07-09,2026-07-09,1886.15
3994,751,THIRD_PARTY,2026-01-27,2027-01-27,1857.29
3995,4661,FULL_COVERAGE,2024-12-13,2025-12-13,2371.86
3996,1390,THIRD_PARTY,2025-12-26,2026-12-26,555.05
3997,3513,PREMIUM,2025-09-12,2026-09-12,650.9
3998,3358,FULL_COVERAGE,2024-07-09,2025-07-09,2320.99
3999,2111,FULL_COVERAGE,2024-07-06,2025-07-06,1370.51
4000,4618,THIRD_PARTY,2024-03-07,2025-03-07,2546.3
4001,2419,THIRD_PARTY,2024-03-23,2025-03-23,2185.44
4002,166,FULL_COVERAGE,2024-07-01,2025-07-01,2337.07
4003,2203,FULL_COVERAGE,2025-10-07,2026-10-07,1207.29
4004,2479,FULL_COVERAGE,2024-02-06,2025-02-05,1781.14
4005,2530,PREMIUM,2025-12-18,2026-12-18,2661.95
4006,2817,PREMIUM,2023-07-25,2024-07-24,601.67
4007,47,PREMIUM,2025-01-18,2026-01-18,1482.42
4008,1259,FULL_COVERAGE,2025-08-28,2026-08-28,326.82
4009,4270,THIRD_PARTY,2026-02-17,2027-02-17,2020.4
4010,346,FULL_COVERAGE,2023-12-17,2024-12-16,1278.33
4011,1321,FULL_COVERAGE,2025-11-30,2026-11-30,2685.51
4012,1707,PREMIUM,2025-05-14,2026-05-14,739.14
4013,4637,THIRD_PARTY,2024-08-15,2025-08-15,2185.61
4014,1076,PREMIUM,2023-06-13,2024-06-12,1964.16
4015,4538,FULL_COVERAGE,2023-07-27,2024-07-26,570.33
4016,4125,FULL_COVERAGE,2025-10-01,2026-10-01,2676.43
4017,1807,PREMIUM,2026-02-11,2027-02-11,2953.19
4018,2736,THIRD_PARTY,2024-05-24,2025-05-24,1864.72
4019,4014,FULL_COVERAGE,2024-11-04,2025-11-04,469.68
4020,4820,PREMIUM,2025-05-18,2026-05-18,1610.31
4021,2059,PREMIUM,2023-05-16,2024-05-15,468.96
4022,4946,FULL_COVERAGE,2024-06-13,2025-06-13,2432.49
4023,2123,PREMIUM,2024-03-02,2025-03-02,2015.3
4024,1101,THIRD_PARTY,2023-08-01,2024-07-31,673.91
4025,3877,THIRD_PARTY,2024-06-14,2025-06-14,1677.64
4026,4856,FULL_COVERAGE,2024-04-22,2025-04-22,2128.29
4027,2357,PREMIUM,2025-10-01,2026-10-01,1193.77
4028,2128,FULL_COVERAGE,2025-05-17,2026-05-17,1719.26
4029,2004,FULL_COVERAGE,2024-07-28,2025-07-28,1548.05
4030,1361,FULL_COVERAGE,2024-05-27,2025-05-27,1339.69
4031,2784,PREMIUM,2025-03-29,2026-03-29,1181.23
4032,196,PREMIUM,2023-09-23,2024-09-22,479.0
4033,2423,THIRD_PARTY,2024-02-15,2025-02-14,502.39
4034,3001,THIRD_PARTY,2025-02-04,2026-02-04,982.64
4035,4659,PREMIUM,2025-05-01,2026-05-01,1612.54
4036,2135,FULL_COVERAGE,2024-06-11,2025-06-11,2766.42
4037,4333,PREMIUM,2025-04-05,2026-04-05,2364.08
4038,1772,PREMIUM,2026-03-25,2027-03-25,1483.26
4039,3682,PREMIUM,2024-12-15,2025-12-15,2559.05
4040,3587,PREMIUM,2023-06-08,2024-06-07,2724.2
4041,3455,FULL_COVERAGE,2026-03-03,2027-03-03,2322.99
4042,1167,THIRD_PARTY,2024-12-31,2025-12-31,1264.65
4043,1294,PREMIUM,2024-10-08,2025-10-08,1810.54
4044,4456,PREMIUM,2024-11-03,2025-11-03,2492.77
4045,2079,THIRD_PARTY,2025-04-11,2026-04-11,1365.1
4046,4312,PREMIUM,2024-09-04,2025-09-04,1436.65
4047,1364,THIRD_PARTY,2025-12-16,2026-12-16,998.46
4048,4615,PREMIUM,2023-10-07,2024-10-06,2352.82
4049,1050,THIRD_PARTY,2025-12-02,2026-12-02,2889.4
4050,2620,PREMIUM,2024-10-26,2025-10-26,527.23
4051,2458,FULL_COVERAGE,2025-06-05,2026-06-05,2329.17
4052,1982,THIRD_PARTY,2024-04-25,2025-04-25,537.22
4053,3398,PREMIUM,2025-10-26,2026-10-26,2829.92
4054,928,PREMIUM,2025-04-27,2026-04-27,363.2
4055,3785,THIRD_PARTY,2025-09-16,2026-09-16,2450.74
4056,3439,PREMIUM,2024-10-02,2025-10-02,303.62
4057,4913,FULL_COVERAGE,2023-07-16,2024-07-15,1291.45
4058,3098,THIRD_PARTY,2025-10-20,2026-10-20,1622.09
4059,3845,PREMIUM,2024-02-12,2025-02-11,356.13
4060,4035,THIRD_PARTY,2024-03-08,2025-03-08,1171.84
4061,2303,FULL_COVERAGE,2025-06-23,2026-06-23,1413.05
4062,1478,PREMIUM,2025-05-19,2026-05-19,1019.67
4063,2718,FULL_COVERAGE,2025-10-24,2026-10-24,940.27
4064,4150,FULL_COVERAGE,2024-09-24,2025-09-24,2601.16
4065,635,PREMIUM,2024-05-07,2025-05-07,1296.57
4066,3871,PREMIUM,2025-06-22,2026-06-22,490.14
4067,647,PREMIUM,2025-02-05,2026-02-05,904.4
4068,1397,PREMIUM,2023-12-01,2024-11-30,1906.81
4069,4994,THIRD_PARTY,2024-09-21,2025-09-21,1611.46
4070,862,PREMIUM,2024-06-10,2025-06-10,2418.62
4071,3728,PREMIUM,2026-01-11,2027-01-11,2658.63
4072,649,PREMIUM,2025-02-07,2026-02-07,1809.36
4073,4446,PREMIUM,2024-01-15,2025-01-14,579.57
4074,4387,FULL_COVERAGE,2024-02-24,2025-02-23,1505.78
4075,548,FULL_COVERAGE,2025-02-22,2026-02-22,2045.53
4076,4428,FULL_COVERAGE,2023-10-03,2024-10-02,1063.74
4077,660,THIRD_PARTY,2024-12-11,2025-12-11,2056.39
4078,4364,PREMIUM,2025-06-21,2026-06-21,2092.98
4079,1223,FULL_COVERAGE,2023-11-27,2024-11-26,433.93
4080,4827,PREMIUM,2025-12-27,2026-12-27,1201.37
4081,1836,FULL_COVERAGE,2025-07-02,2026-07-02,1252.13
4082,753,FULL_COVERAGE,2026-02-28,2027-02-28,2703.74
4083,4804,FULL_COVERAGE,2024-02-16,2025-02-15,1248.53
4084,1025,THIRD_PARTY,2024-07-16,2025-07-16,1600.68
4085,3849,THIRD_PARTY,2025-03-20,2026-03-20,535.79
4086,672,THIRD_PARTY,2024-04-02,2025-04-02,1992.15
4087,4936,PREMIUM,2025-11-17,2026-11-17,515.62
4088,2895,FULL_COVERAGE,2025-05-27,2026-05-27,2072.69
4089,1957,FULL_COVERAGE,2025-05-29,2026-05-29,2124.31
4090,1736,PREMIUM,2024-06-21,2025-06-21,1572.63
4091,1017,THIRD_PARTY,2025-01-09,2026-01-09,1345.66
4092,2590,FULL_COVERAGE,2023-08-18,2024-08-17,2314.97
4093,473,PREMIUM,2024-01-10,2025-01-09,610.78
4094,4622,THIRD_PARTY,2024-07-29,2025-07-29,2345.97
4095,1145,PREMIUM,2024-12-07,2025-12-07,1812.36
4096,4578,THIRD_PARTY,2024-08-11,2025-08-11,648.86
4097,60,THIRD_PARTY,2025-11-19,2026-11-19,1807.21
4098,1083,FULL_COVERAGE,2024-03-23,2025-03-23,516.01
4099,1692,PREMIUM,2025-02-19,2026-02-19,2852.28
4100,2175,PREMIUM,2024-08-02,2025-08-02,2415.66
4101,4686,THIRD_PARTY,2025-12-24,2026-12-24,2289.76
4102,4281,FULL_COVERAGE,2023-08-13,2024-08-12,2071.25
4103,2606,THIRD_PARTY,2024-07-19,2025-07-19,1550.62
4104,2267,PREMIUM,2023-06-08,2024-06-07,2343.94
4105,1882,FULL_COVERAGE,2023-05-19,2024-05-18,476.43
4106,3284,PREMIUM,2024-04-18,2025-04-18,2127.48
4107,4261,PREMIUM,2024-03-13,2025-03-13,407.51
4108,1338,FULL_COVERAGE,2024-09-08,2025-09-08,830.12
4109,371,FULL_COVERAGE,2024-05-23,2025-05-23,2278.4
4110,4216,FULL_COVERAGE,2024-03-15,2025-03-15,1296.91
4111,3482,THIRD_PARTY,2023-07-24,2024-07-23,1137.74
4112,104,PREMIUM,2023-06-23,2024-06-22,2297.58
4113,488,THIRD_PARTY,2025-12-30,2026-12-30,2823.41
4114,1912,PREMIUM,2023-09-13,2024-09-12,711.0
4115,8,THIRD_PARTY,2024-11-01,2025-11-01,2812.43
4116,4222,PREMIUM,2024-12-23,2025-12-23,2792.38
4117,273,PREMIUM,2023-08-23,2024-08-22,1700.96
4118,4910,FULL_COVERAGE,2025-10-03,2026-10-03,2848.95
4119,1910,FULL_COVERAGE,2024-05-16,2025-05-16,1080.02
4120,4244,FULL_COVERAGE,2023-11-21,2024-11-20,330.54
4121,716,PREMIUM,2024-09-02,2025-09-02,2154.42
4122,3374,THIRD_PARTY,2024-04-12,2025-04-12,312.9
4123,1504,PREMIUM,2024-01-15,2025-01-14,2970.78
4124,4204,PREMIUM,2024-03-23,2025-03-23,811.46
4125,1508,PREMIUM,2026-01-30,2027-01-30,2292.99
4126,2804,PREMIUM,2023-06-15,2024-06-14,612.45
4127,4050,PREMIUM,2025-03-02,2026-03-02,926.56
4128,896,PREMIUM,2025-03-30,2026-03-30,794.84
4129,1975,PREMIUM,2024-07-02,2025-07-02,2187.44
4130,3365,PREMIUM,2023-09-05,2024-09-04,568.78
4131,4442,PREMIUM,2023-07-02,2024-07-01,626.46
4132,3163,THIRD_PARTY,2025-04-03,2026-04-03,2682.18
4133,1923,THIRD_PARTY,2024-03-24,2025-03-24,1839.35
4134,4991,THIRD_PARTY,2024-02-01,2025-01-31,2628.54
4135,3392,PREMIUM,2024-01-03,2025-01-02,1795.07
4136,3198,THIRD_PARTY,2023-10-02,2024-10-01,568.21
4137,872,THIRD_PARTY,2023-11-20,2024-11-19,1003.17
4138,12,FULL_COVERAGE,2025-08-11,2026-08-11,2797.24
4139,1353,THIRD_PARTY,2025-12-25,2026-12-25,2258.31
4140,3849,FULL_COVERAGE,2025-01-23,2026-01-23,2854.57
4141,2920,THIRD_PARTY,2024-09-06,2025-09-06,2873.18
4142,1859,THIRD_PARTY,2025-12-02,2026-12-02,435.47
4143,2239,FULL_COVERAGE,2024-05-22,2025-05-22,366.12
4144,3474,FULL_COVERAGE,2023-07-15,2024-07-14,2575.29
4145,3561,PREMIUM,2026-03-09,2027-03-09,2532.97
4146,3400,PREMIUM,2024-09-22,2025-09-22,435.57
4147,470,FULL_COVERAGE,2024-11-27,2025-11-27,1066.26
4148,4361,FULL_COVERAGE,2023-08-27,2024-08-26,1868.33
4149,4159,THIRD_PARTY,2023-05-18,2024-05-17,911.13
4150,4089,PREMIUM,2026-04-08,2027-04-08,1392.53
4151,1612,THIRD_PARTY,2025-08-14,2026-08-14,1918.69
4152,3977,THIRD_PARTY,2023-11-11,2024-11-10,2844.1
4153,1681,PREMIUM,2024-02-04,2025-02-03,2855.95
4154,1926,FULL_COVERAGE,2024-02-18,2025-02-17,2765.68
4155,2149,FULL_COVERAGE,2025-06-27,2026-06-27,596.7
4156,3578,PREMIUM,2025-11-13,2026-11-13,1966.45
4157,4766,PREMIUM,2025-03-11,2026-03-11,2685.32
4158,1947,FULL_COVERAGE,2023-12-01,2024-11-30,2028.58
4159,1452,PREMIUM,2023-07-11,2024-07-10,2607.24
4160,3784,PREMIUM,2024-02-04,2025-02-03,746.12
4161,3139,THIRD_PARTY,2024-06-07,2025-06-07,1931.63
4162,814,FULL_COVERAGE,2024-11-27,2025-11-27,2352.93
4163,1251,THIRD_PARTY,2024-11-19,2025-11-19,2430.3
4164,40,PREMIUM,2023-12-27,2024-12-26,2808.32
4165,764,PREMIUM,2024-04-12,2025-04-12,987.13
4166,1096,PREMIUM,2025-08-27,2026-08-27,1271.73
4167,1305,PREMIUM,2024-09-27,2025-09-27,2533.36
4168,4036,PREMIUM,2024-06-24,2025-06-24,2749.47
4169,4223,FULL_COVERAGE,2024-08-30,2025-08-30,2784.41
4170,2734,FULL_COVERAGE,2023-06-05,2024-06-04,850.5
4171,1720,PREMIUM,2025-05-13,2026-05-13,679.72
4172,2633,FULL_COVERAGE,2025-07-28,2026-07-28,2366.09
4173,1755,PREMIUM,2025-06-22,2026-06-22,888.42
4174,3215,THIRD_PARTY,2025-03-28,2026-03-28,2106.05
4175,2996,FULL_COVERAGE,2026-03-22,2027-03-22,760.58
4176,1449,FULL_COVERAGE,2025-09-30,2026-09-30,1730.04
4177,1973,THIRD_PARTY,2023-11-19,2024-11-18,2625.57
4178,881,FULL_COVERAGE,2026-01-24,2027-01-24,2624.86
4179,2018,FULL_COVERAGE,2023-08-10,2024-08-09,1183.19
4180,4728,PREMIUM,2023-05-20,2024-05-19,2612.82
4181,2605,PREMIUM,2024-09-26,2025-09-26,702.57
4182,3873,PREMIUM,2024-09-27,2025-09-27,1886.67
4183,39,FULL_COVERAGE,2024-01-23,2025-01-22,537.09
4184,2413,PREMIUM,2025-11-10,2026-11-10,1951.2
4185,3979,THIRD_PARTY,2025-02-06,2026-02-06,979.98
4186,2245,PREMIUM,2024-11-17,2025-11-17,1770.21
4187,4616,THIRD_PARTY,2025-04-30,2026-04-30,1804.25
4188,1055,FULL_COVERAGE,2024-07-20,2025-07-20,2503.03
4189,4003,PREMIUM,2024-05-15,2025-05-15,1323.1
4190,4223,FULL_COVERAGE,2023-09-20,2024-09-19,1533.05
4191,473,FULL_COVERAGE,2025-11-06,2026-11-06,457.42
4192,1693,THIRD_PARTY,2023-07-03,2024-07-02,2314.04
4193,4198,PREMIUM,2023-10-03,2024-10-02,2670.54
4194,3717,THIRD_PARTY,2024-09-17,2025-09-17,2552.09
4195,1696,THIRD_PARTY,2023-12-24,2024-12-23,2006.44
4196,990,FULL_COVERAGE,2024-08-27,2025-08-27,2789.38
4197,986,PREMIUM,2023-05-31,2024-05-30,2605.06
4198,2986,FULL_COVERAGE,2026-03-31,2027-03-31,2417.26
4199,4595,PREMIUM,2025-01-01,2026-01-01,1875.19
4200,2145,THIRD_PARTY,2023-09-13,2024-09-12,2411.32
4201,766,FULL_COVERAGE,2024-06-21,2025-06-21,508.68
4202,3239,THIRD_PARTY,2024-11-14,2025-11-14,532.18
4203,1247,PREMIUM,2026-03-03,2027-03-03,471.33
4204,4102,THIRD_PARTY,2026-01-24,2027-01-24,1770.99
4205,1539,FULL_COVERAGE,2025-11-05,2026-11-05,520.33
4206,3287,THIRD_PARTY,2023-10-16,2024-10-15,330.13
4207,3634,FULL_COVERAGE,2023-06-23,2024-06-22,2546.86
4208,470,PREMIUM,2025-04-12,2026-04-12,2004.95
4209,893,PREMIUM,2026-04-08,2027-04-08,1251.3
4210,3762,PREMIUM,2025-02-10,2026-02-10,641.81
4211,2806,PREMIUM,2024-11-02,2025-11-02,1467.18
4212,2252,FULL_COVERAGE,2026-01-30,2027-01-30,590.26
4213,2604,THIRD_PARTY,2024-01-18,2025-01-17,2250.71
4214,2258,PREMIUM,2024-07-25,2025-07-25,1249.52
4215,3162,THIRD_PARTY,2024-05-06,2025-05-06,1173.04
4216,2854,THIRD_PARTY,2025-05-04,2026-05-04,477.05
4217,1720,PREMIUM,2025-08-17,2026-08-17,807.77
4218,4035,THIRD_PARTY,2025-05-12,2026-05-12,513.35
4219,1532,FULL_COVERAGE,2025-11-08,2026-11-08,624.73
4220,2747,PREMIUM,2023-06-19,2024-06-18,444.5
4221,4366,THIRD_PARTY,2024-03-12,2025-03-12,1457.54
4222,3456,THIRD_PARTY,2025-05-20,2026-05-20,2537.92
4223,1812,FULL_COVERAGE,2026-03-05,2027-03-05,889.93
4224,3915,FULL_COVERAGE,2026-01-02,2027-01-02,1580.51
4225,4988,THIRD_PARTY,2025-12-30,2026-12-30,1316.83
4226,2565,PREMIUM,2025-07-22,2026-07-22,1993.02
4227,2281,THIRD_PARTY,2026-01-23,2027-01-23,1560.28
4228,1374,THIRD_PARTY,2025-12-09,2026-12-09,2911.67
4229,3799,PREMIUM,2026-03-08,2027-03-08,1091.33
4230,385,FULL_COVERAGE,2024-02-17,2025-02-16,2110.62
4231,3489,PREMIUM,2025-07-06,2026-07-06,1203.32
4232,2813,PREMIUM,2023-05-17,2024-05-16,865.71
4233,3939,THIRD_PARTY,2026-01-14,2027-01-14,862.9
4234,4819,PREMIUM,2026-03-11,2027-03-11,1724.75
4235,3116,THIRD_PARTY,2023-09-15,2024-09-14,482.97
4236,3350,THIRD_PARTY,2024-07-17,2025-07-17,1745.23
4237,3676,PREMIUM,2024-01-09,2025-01-08,1731.88
4238,660,FULL_COVERAGE,2024-08-01,2025-08-01,1644.55
4239,3430,THIRD_PARTY,2025-04-12,2026-04-12,1032.21
4240,203,PREMIUM,2023-11-26,2024-11-25,2380.66
4241,1177,FULL_COVERAGE,2026-01-12,2027-01-12,2280.63
4242,553,FULL_COVERAGE,2025-12-06,2026-12-06,767.11
4243,3130,PREMIUM,2025-12-24,2026-12-24,2753.72
4244,3201,THIRD_PARTY,2024-03-03,2025-03-03,2359.99
4245,3358,THIRD_PARTY,2025-08-04,2026-08-04,496.21
4246,3070,THIRD_PARTY,2023-05-25,2024-05-24,2488.46
4247,1760,THIRD_PARTY,2025-12-23,2026-12-23,859.33
4248,2110,FULL_COVERAGE,2023-10-23,2024-10-22,1872.79
4249,1068,PREMIUM,2026-01-15,2027-01-15,875.69
4250,478,THIRD_PARTY,2026-03-11,2027-03-11,1261.75
4251,2417,THIRD_PARTY,2024-07-26,2025-07-26,2442.9
4252,187,PREMIUM,2025-03-13,2026-03-13,2133.74
4253,4682,THIRD_PARTY,2024-01-22,2025-01-21,2151.19
4254,4962,THIRD_PARTY,2026-01-13,2027-01-13,2036.18
4255,859,THIRD_PARTY,2023-08-20,2024-08-19,2940.9
4256,2997,FULL_COVERAGE,2025-11-20,2026-11-20,811.43
4257,399,FULL_COVERAGE,2025-09-21,2026-09-21,2093.55
4258,3903,PREMIUM,2026-01-31,2027-01-31,2428.01
4259,2958,PREMIUM,2026-02-22,2027-02-22,339.05
4260,246,THIRD_PARTY,2025-03-09,2026-03-09,2732.11
4261,4209,THIRD_PARTY,2023-07-14,2024-07-13,318.34
4262,2123,PREMIUM,2025-10-03,2026-10-03,1845.82
4263,2532,PREMIUM,2023-07-17,2024-07-16,390.46
4264,4915,PREMIUM,2023-11-03,2024-11-02,2707.1
4265,4152,PREMIUM,2024-04-23,2025-04-23,345.5
4266,3176,THIRD_PARTY,2025-01-28,2026-01-28,2903.3
4267,4831,PREMIUM,2023-11-10,2024-11-09,2169.45
4268,4951,PREMIUM,2024-07-01,2025-07-01,2975.68
4269,139,FULL_COVERAGE,2025-08-30,2026-08-30,2646.78
4270,4101,PREMIUM,2024-06-16,2025-06-16,764.64
4271,4617,PREMIUM,2026-02-08,2027-02-08,953.19
4272,833,THIRD_PARTY,2024-03-23,2025-03-23,1250.78
4273,3692,THIRD_PARTY,2025-01-14,2026-01-14,1327.21
4274,2948,FULL_COVERAGE,2023-11-12,2024-11-11,1298.74
4275,4210,THIRD_PARTY,2024-04-13,2025-04-13,2131.38
4276,1122,PREMIUM,2023-05-25,2024-05-24,924.15
4277,3747,PREMIUM,2025-04-01,2026-04-01,2599.43
4278,3432,PREMIUM,2023-06-25,2024-06-24,1163.51
4279,2274,FULL_COVERAGE,2025-03-10,2026-03-10,2431.03
4280,1348,PREMIUM,2023-10-21,2024-10-20,2534.94
4281,3849,FULL_COVERAGE,2025-12-16,2026-12-16,2776.03
4282,363,PREMIUM,2023-05-27,2024-05-26,1692.08
4283,3831,FULL_COVERAGE,2023-07-23,2024-07-22,2274.92
4284,422,THIRD_PARTY,2026-01-23,2027-01-23,553.97
4285,2770,PREMIUM,2024-09-11,2025-09-11,927.07
4286,1444,PREMIUM,2023-12-09,2024-12-08,820.85
4287,2113,PREMIUM,2024-01-26,2025-01-25,1727.89
4288,2557,THIRD_PARTY,2026-03-10,2027-03-10,676.78
4289,4519,FULL_COVERAGE,2023-09-02,2024-09-01,2820.49
4290,3064,FULL_COVERAGE,2024-07-04,2025-07-04,796.81
4291,3098,FULL_COVERAGE,2025-02-27,2026-02-27,2353.15
4292,165,FULL_COVERAGE,2023-11-19,2024-11-18,1108.53
4293,1519,THIRD_PARTY,2024-12-02,2025-12-02,2443.78
4294,2318,PREMIUM,2025-05-19,2026-05-19,2930.36
4295,4636,PREMIUM,2024-03-04,2025-03-04,1908.31
4296,4874,PREMIUM,2025-08-01,2026-08-01,1201.78
4297,681,PREMIUM,2024-06-22,2025-06-22,2592.78
4298,2473,PREMIUM,2025-08-27,2026-08-27,2818.32
4299,438,FULL_COVERAGE,2024-09-23,2025-09-23,2052.23
4300,389,PREMIUM,2024-02-03,2025-02-02,666.75
4301,2785,THIRD_PARTY,2025-03-21,2026-03-21,418.17
4302,1563,FULL_COVERAGE,2023-07-06,2024-07-05,2017.24
4303,2150,FULL_COVERAGE,2024-06-09,2025-06-09,1658.23
4304,1333,FULL_COVERAGE,2025-05-22,2026-05-22,1915.28
4305,3655,PREMIUM,2025-05-20,2026-05-20,2793.96
4306,4283,PREMIUM,2023-08-17,2024-08-16,2714.73
4307,2448,PREMIUM,2025-02-24,2026-02-24,2388.39
4308,4488,PREMIUM,2025-11-15,2026-11-15,1921.36
4309,2012,THIRD_PARTY,2025-07-02,2026-07-02,2809.38
4310,1351,PREMIUM,2024-06-20,2025-06-20,1848.06
4311,3630,FULL_COVERAGE,2024-04-26,2025-04-26,1549.6
4312,969,THIRD_PARTY,2026-02-23,2027-02-23,1903.05
4313,877,PREMIUM,2023-09-22,2024-09-21,771.65
4314,2017,PREMIUM,2024-08-28,2025-08-28,967.26
4315,1340,THIRD_PARTY,2024-01-24,2025-01-23,2266.04
4316,712,FULL_COVERAGE,2023-06-02,2024-06-01,2872.75
4317,396,THIRD_PARTY,2024-11-22,2025-11-22,2539.48
4318,2394,FULL_COVERAGE,2024-10-08,2025-10-08,715.71
4319,146,FULL_COVERAGE,2024-04-07,2025-04-07,1414.79
4320,2092,PREMIUM,2023-10-12,2024-10-11,1555.25
4321,1444,THIRD_PARTY,2025-08-03,2026-08-03,454.31
4322,3994,THIRD_PARTY,2024-09-04,2025-09-04,902.01
4323,4468,PREMIUM,2025-03-04,2026-03-04,2100.66
4324,846,THIRD_PARTY,2023-07-07,2024-07-06,2527.62
4325,3945,PREMIUM,2024-07-03,2025-07-03,2759.03
4326,500,FULL_COVERAGE,2023-10-04,2024-10-03,1307.47
4327,4494,THIRD_PARTY,2024-10-31,2025-10-31,1257.51
4328,1890,PREMIUM,2023-07-25,2024-07-24,1213.62
4329,2861,PREMIUM,2025-05-10,2026-05-10,1286.38
4330,846,THIRD_PARTY,2023-08-01,2024-07-31,1344.2
4331,4632,THIRD_PARTY,2024-02-26,2025-02-25,1219.64
4332,745,FULL_COVERAGE,2025-08-20,2026-08-20,1961.78
4333,2818,THIRD_PARTY,2024-05-20,2025-05-20,2528.43
4334,2738,PREMIUM,2024-10-02,2025-10-02,914.09
4335,3194,FULL_COVERAGE,2024-01-17,2025-01-16,677.63
4336,993,THIRD_PARTY,2023-08-19,2024-08-18,2408.79
4337,1793,THIRD_PARTY,2024-04-06,2025-04-06,1869.37
4338,2677,PREMIUM,2024-09-17,2025-09-17,1011.03
4339,1579,FULL_COVERAGE,2024-05-07,2025-05-07,307.96
4340,4408,FULL_COVERAGE,2025-02-05,2026-02-05,1839.45
4341,3282,THIRD_PARTY,2024-02-07,2025-02-06,2848.24
4342,4084,FULL_COVERAGE,2026-02-14,2027-02-14,1319.22
4343,3575,FULL_COVERAGE,2026-02-14,2027-02-14,704.58
4344,2397,FULL_COVERAGE,2023-06-10,2024-06-09,1504.98
4345,77,THIRD_PARTY,2023-10-31,2024-10-30,2916.23
4346,1812,FULL_COVERAGE,2024-09-15,2025-09-15,2546.63
4347,1334,THIRD_PARTY,2024-03-19,2025-03-19,397.7
4348,1651,FULL_COVERAGE,2025-07-11,2026-07-11,1929.78
4349,4799,FULL_COVERAGE,2025-09-07,2026-09-07,1966.66
4350,3629,FULL_COVERAGE,2025-05-08,2026-05-08,1205.02
4351,2630,THIRD_PARTY,2024-02-22,2025-02-21,1839.36
4352,3071,THIRD_PARTY,2026-03-03,2027-03-03,1465.75
4353,3022,THIRD_PARTY,2023-07-03,2024-07-02,532.87
4354,4168,FULL_COVERAGE,2024-07-17,2025-07-17,1189.73
4355,2155,THIRD_PARTY,2026-01-13,2027-01-13,2452.0
4356,284,FULL_COVERAGE,2025-11-03,2026-11-03,2147.09
4357,3299,THIRD_PARTY,2024-04-05,2025-04-05,2975.83
4358,4340,FULL_COVERAGE,2024-05-22,2025-05-22,1679.15
4359,3865,THIRD_PARTY,2025-01-26,2026-01-26,656.99
4360,1340,FULL_COVERAGE,2023-11-07,2024-11-06,1872.8
4361,451,THIRD_PARTY,2025-12-21,2026-12-21,2589.1
4362,1563,PREMIUM,2025-10-19,2026-10-19,2517.28
4363,4888,FULL_COVERAGE,2024-04-22,2025-04-22,1546.93
4364,3947,PREMIUM,2025-04-09,2026-04-09,1414.82
4365,3882,THIRD_PARTY,2025-12-27,2026-12-27,1110.93
4366,1218,PREMIUM,2025-05-24,2026-05-24,826.78
4367,3958,FULL_COVERAGE,2025-02-03,2026-02-03,2785.64
4368,1150,FULL_COVERAGE,2024-06-21,2025-06-21,2889.5
4369,34,THIRD_PARTY,2023-07-28,2024-07-27,1469.63
4370,196,FULL_COVERAGE,2026-04-09,2027-04-09,2808.13
4371,4930,PREMIUM,2026-01-14,2027-01-14,2721.85
4372,2908,THIRD_PARTY,2025-10-07,2026-10-07,2492.86
4373,388,THIRD_PARTY,2024-12-06,2025-12-06,2110.03
4374,3226,THIRD_PARTY,2026-03-16,2027-03-16,2422.58
4375,916,PREMIUM,2025-08-03,2026-08-03,1058.47
4376,3176,PREMIUM,2023-07-19,2024-07-18,2861.65
4377,1569,FULL_COVERAGE,2026-02-11,2027-02-11,1190.75
4378,4880,PREMIUM,2025-03-27,2026-03-27,1078.82
4379,4785,PREMIUM,2024-04-19,2025-04-19,1156.27
4380,1842,FULL_COVERAGE,2023-05-20,2024-05-19,2968.84
4381,595,THIRD_PARTY,2025-04-13,2026-04-13,586.45
4382,614,PREMIUM,2023-12-21,2024-12-20,2961.24
4383,3931,THIRD_PARTY,2023-10-12,2024-10-11,1229.67
4384,862,FULL_COVERAGE,2025-04-12,2026-04-12,338.22
4385,2112,FULL_COVERAGE,2026-02-05,2027-02-05,2955.69
4386,3502,THIRD_PARTY,2024-08-09,2025-08-09,2392.24
4387,2393,THIRD_PARTY,2025-06-09,2026-06-09,2838.39
4388,4156,THIRD_PARTY,2024-10-10,2025-10-10,2402.08
4389,4307,FULL_COVERAGE,2026-02-05,2027-02-05,2843.04
4390,4475,FULL_COVERAGE,2024-06-06,2025-06-06,1871.46
4391,4695,PREMIUM,2024-05-01,2025-05-01,1604.13
4392,2932,FULL_COVERAGE,2023-09-15,2024-09-14,759.08
4393,2702,PREMIUM,2024-09-27,2025-09-27,1337.31
4394,1469,PREMIUM,2025-12-30,2026-12-30,2177.82
4395,4567,THIRD_PARTY,2025-06-21,2026-06-21,2797.83
4396,4481,FULL_COVERAGE,2024-05-03,2025-05-03,1152.48
4397,4433,FULL_COVERAGE,2025-06-18,2026-06-18,2376.16
4398,3065,PREMIUM,2025-12-23,2026-12-23,1761.88
4399,500,FULL_COVERAGE,2024-10-08,2025-10-08,730.9
4400,241,PREMIUM,2025-12-22,2026-12-22,1884.36
4401,3309,PREMIUM,2025-06-06,2026-06-06,361.4
4402,4384,PREMIUM,2024-02-10,2025-02-09,2545.66
4403,996,FULL_COVERAGE,2024-12-16,2025-12-16,2249.24
4404,4237,FULL_COVERAGE,2025-06-16,2026-06-16,2583.05
4405,808,FULL_COVERAGE,2023-08-10,2024-08-09,1793.2
4406,410,THIRD_PARTY,2024-10-29,2025-10-29,480.83
4407,1210,PREMIUM,2024-12-13,2025-12-13,653.59
4408,2041,FULL_COVERAGE,2024-09-21,2025-09-21,1747.14
4409,3567,PREMIUM,2025-04-14,2026-04-14,846.0
4410,4169,THIRD_PARTY,2025-04-23,2026-04-23,832.18
4411,1878,PREMIUM,2025-01-18,2026-01-18,1728.65
4412,3741,THIRD_PARTY,2023-10-16,2024-10-15,702.08
4413,2638,FULL_COVERAGE,2023-11-28,2024-11-27,1788.84
4414,3,THIRD_PARTY,2024-03-15,2025-03-15,1591.92
4415,2775,THIRD_PARTY,2024-08-23,2025-08-23,1005.33
4416,2416,PREMIUM,2024-09-21,2025-09-21,1039.92
4417,4540,THIRD_PARTY,2025-05-14,2026-05-14,564.85
4418,492,FULL_COVERAGE,2025-05-15,2026-05-15,1412.83
4419,3443,PREMIUM,2025-02-05,2026-02-05,2430.87
4420,3027,THIRD_PARTY,2024-08-31,2025-08-31,1091.67
4421,4619,THIRD_PARTY,2024-12-07,2025-12-07,1993.09
4422,2081,FULL_COVERAGE,2023-11-04,2024-11-03,1023.2
4423,210,FULL_COVERAGE,2024-09-03,2025-09-03,897.5
4424,3770,FULL_COVERAGE,2025-06-09,2026-06-09,1050.28
4425,3769,PREMIUM,2026-01-12,2027-01-12,1293.71
4426,777,FULL_COVERAGE,2023-09-09,2024-09-08,2498.49
4427,3645,FULL_COVERAGE,2023-09-23,2024-09-22,2600.45
4428,4383,THIRD_PARTY,2024-05-31,2025-05-31,691.18
4429,2637,FULL_COVERAGE,2023-08-19,2024-08-18,456.51
4430,4262,THIRD_PARTY,2025-03-14,2026-03-14,1312.11
4431,1433,FULL_COVERAGE,2024-05-31,2025-05-31,2369.17
4432,3827,PREMIUM,2024-09-03,2025-09-03,2748.17
4433,3289,PREMIUM,2023-09-02,2024-09-01,1415.57
4434,2726,THIRD_PARTY,2023-07-19,2024-07-18,1178.81
4435,1249,THIRD_PARTY,2024-11-13,2025-11-13,1549.78
4436,141,FULL_COVERAGE,2025-02-01,2026-02-01,1030.37
4437,2072,FULL_COVERAGE,2026-03-26,2027-03-26,1713.26
4438,4994,THIRD_PARTY,2023-06-28,2024-06-27,2260.78
4439,1593,THIRD_PARTY,2024-08-11,2025-08-11,2991.66
4440,1629,THIRD_PARTY,2024-10-17,2025-10-17,2818.71
4441,4143,THIRD_PARTY,2025-05-02,2026-05-02,2063.18
4442,3426,FULL_COVERAGE,2024-05-04,2025-05-04,2846.91
4443,1305,THIRD_PARTY,2024-06-04,2025-06-04,591.7
4444,3920,THIRD_PARTY,2024-05-29,2025-05-29,2557.27
4445,2284,PREMIUM,2024-02-16,2025-02-15,2362.73
4446,3734,THIRD_PARTY,2025-08-24,2026-08-24,553.08
4447,18,FULL_COVERAGE,2025-05-02,2026-05-02,2691.83
4448,2126,THIRD_PARTY,2024-08-13,2025-08-13,712.28
4449,2546,THIRD_PARTY,2025-12-19,2026-12-19,2273.89
4450,557,FULL_COVERAGE,2024-02-18,2025-02-17,2209.18
4451,3166,THIRD_PARTY,2025-09-22,2026-09-22,2910.03
4452,3877,FULL_COVERAGE,2025-04-24,2026-04-24,2830.75
4453,2161,THIRD_PARTY,2025-12-26,2026-12-26,1970.49
4454,2083,FULL_COVERAGE,2023-11-08,2024-11-07,2709.82
4455,4849,FULL_COVERAGE,2024-06-05,2025-06-05,2478.34
4456,4656,THIRD_PARTY,2023-08-30,2024-08-29,1738.07
4457,4322,FULL_COVERAGE,2024-07-23,2025-07-23,946.54
4458,3096,FULL_COVERAGE,2023-09-25,2024-09-24,1516.53
4459,723,PREMIUM,2024-12-11,2025-12-11,2531.68
4460,4711,PREMIUM,2025-10-09,2026-10-09,466.69
4461,1710,THIRD_PARTY,2024-05-21,2025-05-21,2516.87
4462,2226,THIRD_PARTY,2024-08-25,2025-08-25,1165.23
4463,2119,FULL_COVERAGE,2025-01-30,2026-01-30,1963.72
4464,754,THIRD_PARTY,2024-12-13,2025-12-13,2767.76
4465,4423,FULL_COVERAGE,2025-06-29,2026-06-29,2046.33
4466,469,FULL_COVERAGE,2025-02-08,2026-02-08,2901.76
4467,4573,THIRD_PARTY,2024-04-03,2025-04-03,1615.85
4468,1124,THIRD_PARTY,2024-01-27,2025-01-26,1621.53
4469,4638,FULL_COVERAGE,2023-11-08,2024-11-07,2820.41
4470,4664,PREMIUM,2024-10-12,2025-10-12,1422.72
4471,3396,THIRD_PARTY,2024-08-03,2025-08-03,1229.47
4472,2438,THIRD_PARTY,2025-01-02,2026-01-02,1852.01
4473,2086,PREMIUM,2026-04-06,2027-04-06,2897.88
4474,1380,FULL_COVERAGE,2025-02-25,2026-02-25,673.9
4475,4568,FULL_COVERAGE,2024-12-20,2025-12-20,2199.53
4476,827,PREMIUM,2025-03-06,2026-03-06,1285.86
4477,3792,THIRD_PARTY,2024-01-24,2025-01-23,2784.86
4478,2830,THIRD_PARTY,2025-09-26,2026-09-26,859.27
4479,693,THIRD_PARTY,2024-12-14,2025-12-14,2783.34
4480,4629,PREMIUM,2024-10-03,2025-10-03,767.02
4481,969,THIRD_PARTY,2023-05-17,2024-05-16,617.39
4482,3961,PREMIUM,2025-03-24,2026-03-24,1315.03
4483,1102,PREMIUM,2025-10-12,2026-10-12,2196.05
4484,4264,THIRD_PARTY,2025-11-05,2026-11-05,477.54
4485,1506,PREMIUM,2024-12-03,2025-12-03,1191.04
4486,3693,PREMIUM,2024-10-16,2025-10-16,1484.66
4487,2020,FULL_COVERAGE,2023-09-12,2024-09-11,2142.78
4488,3270,PREMIUM,2025-11-27,2026-11-27,316.75
4489,3689,FULL_COVERAGE,2024-12-20,2025-12-20,2747.86
4490,4672,PREMIUM,2025-03-29,2026-03-29,504.57
4491,965,THIRD_PARTY,2024-10-03,2025-10-03,1393.08
4492,927,THIRD_PARTY,2024-05-19,2025-05-19,1842.41
4493,3372,FULL_COVERAGE,2024-06-16,2025-06-16,1872.14
4494,4709,FULL_COVERAGE,2024-06-22,2025-06-22,1751.6
4495,4134,THIRD_PARTY,2024-12-19,2025-12-19,2514.5
4496,3652,THIRD_PARTY,2024-05-20,2025-05-20,2494.54
4497,1466,FULL_COVERAGE,2026-01-10,2027-01-10,2337.48
4498,3113,PREMIUM,2023-07-21,2024-07-20,1677.55
4499,4588,FULL_COVERAGE,2023-08-29,2024-08-28,1024.16
4500,1430,FULL_COVERAGE,2023-10-23,2024-10-22,1954.7
4501,321,PREMIUM,2025-12-14,2026-12-14,2976.11
4502,2293,THIRD_PARTY,2023-07-25,2024-07-24,2044.89
4503,781,THIRD_PARTY,2026-03-18,2027-03-18,2772.76
4504,4416,PREMIUM,2024-02-18,2025-02-17,2954.24
4505,350,PREMIUM,2024-06-22,2025-06-22,2155.94
4506,4136,PREMIUM,2024-06-27,2025-06-27,409.35
4507,623,FULL_COVERAGE,2025-06-03,2026-06-03,920.31
4508,3437,FULL_COVERAGE,2025-09-01,2026-09-01,2303.93
4509,720,FULL_COVERAGE,2025-04-10,2026-04-10,1473.33
4510,3871,PREMIUM,2025-07-30,2026-07-30,591.39
4511,321,PREMIUM,2023-05-31,2024-05-30,735.21
4512,4599,FULL_COVERAGE,2025-02-15,2026-02-15,2910.43
4513,1808,PREMIUM,2026-02-07,2027-02-07,1259.57
4514,2653,FULL_COVERAGE,2024-12-13,2025-12-13,966.56
4515,3054,THIRD_PARTY,2023-08-09,2024-08-08,670.78
4516,1254,PREMIUM,2025-12-17,2026-12-17,1847.18
4517,2169,FULL_COVERAGE,2024-10-31,2025-10-31,1374.17
4518,3409,PREMIUM,2025-03-09,2026-03-09,1649.7
4519,3339,PREMIUM,2023-08-03,2024-08-02,2843.89
4520,1714,PREMIUM,2023-12-02,2024-12-01,958.42
4521,1350,FULL_COVERAGE,2026-04-04,2027-04-04,1132.67
4522,3738,THIRD_PARTY,2024-01-14,2025-01-13,2460.81
4523,3359,PREMIUM,2024-02-20,2025-02-19,2842.25
4524,4347,PREMIUM,2025-05-27,2026-05-27,2088.1
4525,4344,FULL_COVERAGE,2023-10-01,2024-09-30,1239.97
4526,2060,PREMIUM,2024-08-15,2025-08-15,1840.27
4527,3237,PREMIUM,2025-08-17,2026-08-17,1518.34
4528,4609,FULL_COVERAGE,2024-12-23,2025-12-23,1055.63
4529,3624,THIRD_PARTY,2024-10-18,2025-10-18,450.16
4530,1276,PREMIUM,2024-10-10,2025-10-10,2251.77
4531,1734,THIRD_PARTY,2026-02-21,2027-02-21,2778.21
4532,1779,THIRD_PARTY,2025-12-08,2026-12-08,1786.1
4533,2861,THIRD_PARTY,2023-05-15,2024-05-14,689.92
4534,186,PREMIUM,2023-11-14,2024-11-13,2273.34
4535,4323,FULL_COVERAGE,2025-10-04,2026-10-04,968.48
4536,2404,PREMIUM,2024-07-28,2025-07-28,1625.08
4537,1972,THIRD_PARTY,2025-03-02,2026-03-02,2737.47
4538,3860,PREMIUM,2026-01-15,2027-01-15,1000.4
4539,768,PREMIUM,2024-11-28,2025-11-28,2182.63
4540,827,FULL_COVERAGE,2025-12-09,2026-12-09,1818.95
4541,2882,THIRD_PARTY,2025-10-11,2026-10-11,2035.63
4542,2594,PREMIUM,2024-12-25,2025-12-25,891.37
4543,3390,FULL_COVERAGE,2024-10-09,2025-10-09,2624.95
4544,4957,FULL_COVERAGE,2023-06-12,2024-06-11,1309.02
4545,1061,PREMIUM,2024-07-15,2025-07-15,1836.29
4546,4508,THIRD_PARTY,2026-01-31,2027-01-31,778.35
4547,2604,PREMIUM,2025-03-07,2026-03-07,2886.89
4548,3612,FULL_COVERAGE,2024-10-16,2025-10-16,2710.26
4549,1629,FULL_COVERAGE,2026-01-27,2027-01-27,721.32
4550,3243,FULL_COVERAGE,2026-02-09,2027-02-09,981.81
4551,4135,THIRD_PARTY,2025-06-19,2026-06-19,1658.81
4552,933,FULL_COVERAGE,2024-01-27,2025-01-26,1941.22
4553,862,THIRD_PARTY,2025-07-20,2026-07-20,2050.76
4554,4774,PREMIUM,2025-01-02,2026-01-02,1046.82
4555,2776,PREMIUM,2025-09-16,2026-09-16,1965.77
4556,4655,PREMIUM,2024-11-10,2025-11-10,2201.16
4557,843,PREMIUM,2023-07-11,2024-07-10,2165.13
4558,3054,THIRD_PARTY,2024-07-27,2025-07-27,2815.73
4559,1501,PREMIUM,2025-04-21,2026-04-21,480.8
4560,3790,THIRD_PARTY,2025-11-20,2026-11-20,2979.0
4561,2967,PREMIUM,2024-11-01,2025-11-01,1783.71
4562,2377,THIRD_PARTY,2023-10-30,2024-10-29,1377.96
4563,2174,THIRD_PARTY,2024-12-15,2025-12-15,2490.24
4564,2499,THIRD_PARTY,2023-08-14,2024-08-13,1059.78
4565,3263,PREMIUM,2024-11-05,2025-11-05,441.83
4566,637,FULL_COVERAGE,2025-10-12,2026-10-12,705.72
4567,884,THIRD_PARTY,2024-04-19,2025-04-19,327.6
4568,3877,FULL_COVERAGE,2023-10-11,2024-10-10,1363.2
4569,631,THIRD_PARTY,2024-08-11,2025-08-11,2861.78
4570,3586,THIRD_PARTY,2026-01-30,2027-01-30,932.76
4571,2209,THIRD_PARTY,2024-02-05,2025-02-04,1790.58
4572,2075,PREMIUM,2023-06-16,2024-06-15,2674.44
4573,4146,PREMIUM,2024-08-17,2025-08-17,1662.14
4574,843,THIRD_PARTY,2024-08-06,2025-08-06,2306.33
4575,47,PREMIUM,2023-06-25,2024-06-24,2366.0
4576,4666,FULL_COVERAGE,2024-09-05,2025-09-05,879.31
4577,1794,PREMIUM,2024-05-31,2025-05-31,2852.97
4578,3285,PREMIUM,2024-08-19,2025-08-19,2984.14
4579,4517,THIRD_PARTY,2025-09-07,2026-09-07,2700.65
4580,1994,THIRD_PARTY,2024-10-19,2025-10-19,652.89
4581,2141,THIRD_PARTY,2025-09-05,2026-09-05,563.15
4582,1973,PREMIUM,2024-05-06,2025-05-06,1679.26
4583,4434,PREMIUM,2025-07-04,2026-07-04,2524.1
4584,4941,PREMIUM,2025-10-30,2026-10-30,567.13
4585,4434,THIRD_PARTY,2024-08-08,2025-08-08,657.32
4586,4256,PREMIUM,2024-02-02,2025-02-01,522.04
4587,1056,PREMIUM,2025-06-16,2026-06-16,2563.85
4588,3695,THIRD_PARTY,2024-01-08,2025-01-07,1561.21
4589,616,FULL_COVERAGE,2023-05-31,2024-05-30,2116.88
4590,4271,THIRD_PARTY,2023-12-07,2024-12-06,1534.33
4591,889,PREMIUM,2025-09-06,2026-09-06,505.78
4592,1891,THIRD_PARTY,2024-06-03,2025-06-03,820.99
4593,3814,PREMIUM,2024-02-05,2025-02-04,902.36
4594,534,FULL_COVERAGE,2025-01-09,2026-01-09,1974.66
4595,2019,THIRD_PARTY,2024-04-02,2025-04-02,1980.75
4596,4430,PREMIUM,2024-04-02,2025-04-02,2223.5
4597,4275,FULL_COVERAGE,2025-05-28,2026-05-28,615.75
4598,175,FULL_COVERAGE,2024-02-16,2025-02-15,919.52
4599,3646,FULL_COVERAGE,2024-08-03,2025-08-03,1558.57
4600,1708,PREMIUM,2023-08-06,2024-08-05,805.93
4601,2579,THIRD_PARTY,2023-05-17,2024-05-16,2167.35
4602,1215,PREMIUM,2024-10-19,2025-10-19,739.53
4603,4095,FULL_COVERAGE,2023-07-11,2024-07-10,562.34
4604,2036,THIRD_PARTY,2024-07-31,2025-07-31,2956.91
4605,4814,THIRD_PARTY,2024-05-09,2025-05-09,2305.47
4606,1969,FULL_COVERAGE,2024-12-22,2025-12-22,2700.93
4607,4936,FULL_COVERAGE,2023-09-25,2024-09-24,2062.7
4608,4725,FULL_COVERAGE,2025-09-04,2026-09-04,889.03
4609,1308,FULL_COVERAGE,2023-08-11,2024-08-10,1551.54
4610,2116,FULL_COVERAGE,2025-10-26,2026-10-26,954.9
4611,4302,PREMIUM,2023-08-10,2024-08-09,862.92
4612,4330,PREMIUM,2025-02-04,2026-02-04,2564.96
4613,2118,THIRD_PARTY,2024-11-23,2025-11-23,1869.19
4614,3410,THIRD_PARTY,2026-02-04,2027-02-04,344.05
4615,730,THIRD_PARTY,2024-07-21,2025-07-21,2652.26
4616,2590,FULL_COVERAGE,2024-11-24,2025-11-24,530.2
4617,2009,PREMIUM,2025-12-29,2026-12-29,1418.22
4618,2723,FULL_COVERAGE,2024-03-22,2025-03-22,682.28
4619,3736,PREMIUM,2023-10-29,2024-10-28,682.44
4620,2405,FULL_COVERAGE,2025-02-17,2026-02-17,539.14
4621,4379,FULL_COVERAGE,2024-07-22,2025-07-22,1350.57
4622,3670,THIRD_PARTY,2025-12-27,2026-12-27,598.35
4623,614,FULL_COVERAGE,2024-08-04,2025-08-04,1868.29
4624,168,THIRD_PARTY,2023-07-22,2024-07-21,1016.9
4625,2855,THIRD_PARTY,2023-07-10,2024-07-09,1542.72
4626,2816,THIRD_PARTY,2025-10-06,2026-10-06,860.31
4627,622,FULL_COVERAGE,2024-11-09,2025-11-09,2830.57
4628,1716,FULL_COVERAGE,2023-07-07,2024-07-06,1111.27
4629,4628,THIRD_PARTY,2024-06-17,2025-06-17,1796.19
4630,4683,THIRD_PARTY,2026-03-29,2027-03-29,1749.89
4631,2922,PREMIUM,2025-04-07,2026-04-07,410.47
4632,1239,THIRD_PARTY,2024-12-20,2025-12-20,2932.52
4633,1281,THIRD_PARTY,2025-07-29,2026-07-29,564.69
4634,2031,FULL_COVERAGE,2025-09-22,2026-09-22,1071.95
4635,3546,THIRD_PARTY,2024-05-15,2025-05-15,2495.1
4636,1994,FULL_COVERAGE,2025-09-16,2026-09-16,2348.82
4637,1894,THIRD_PARTY,2023-06-16,2024-06-15,1312.29
4638,1151,THIRD_PARTY,2025-12-14,2026-12-14,1216.52
4639,3065,PREMIUM,2024-10-25,2025-10-25,2811.64
4640,44,PREMIUM,2024-01-12,2025-01-11,2286.16
4641,3823,PREMIUM,2024-08-19,2025-08-19,658.87
4642,3845,FULL_COVERAGE,2023-09-28,2024-09-27,754.79
4643,3690,FULL_COVERAGE,2024-12-16,2025-12-16,2428.89
4644,138,PREMIUM,2025-09-23,2026-09-23,717.89
4645,3804,FULL_COVERAGE,2025-05-24,2026-05-24,825.86
4646,2414,FULL_COVERAGE,2026-03-07,2027-03-07,1349.76
4647,3404,PREMIUM,2024-11-18,2025-11-18,2415.09
4648,2229,FULL_COVERAGE,2025-05-18,2026-05-18,2753.57
4649,2717,THIRD_PARTY,2025-12-07,2026-12-07,690.19
4650,4627,PREMIUM,2024-05-19,2025-05-19,305.74
4651,3266,FULL_COVERAGE,2024-03-01,2025-03-01,1489.2
4652,1983,PREMIUM,2023-06-15,2024-06-14,563.88
4653,652,FULL_COVERAGE,2024-11-17,2025-11-17,798.97
4654,610,FULL_COVERAGE,2025-10-13,2026-10-13,1057.19
4655,4432,THIRD_PARTY,2024-11-21,2025-11-21,2861.62
4656,711,PREMIUM,2025-03-28,2026-03-28,882.63
4657,1498,PREMIUM,2025-03-25,2026-03-25,2715.6
4658,3906,PREMIUM,2025-01-14,2026-01-14,2500.36
4659,2127,PREMIUM,2025-09-07,2026-09-07,354.81
4660,2036,PREMIUM,2025-10-14,2026-10-14,1024.88
4661,191,FULL_COVERAGE,2025-09-05,2026-09-05,2646.02
4662,93,FULL_COVERAGE,2026-01-20,2027-01-20,684.12
4663,2536,FULL_COVERAGE,2023-09-08,2024-09-07,1848.95
4664,2870,FULL_COVERAGE,2024-08-06,2025-08-06,698.27
4665,1685,THIRD_PARTY,2024-06-13,2025-06-13,1467.35
4666,2637,FULL_COVERAGE,2023-06-03,2024-06-02,2507.04
4667,1691,PREMIUM,2026-01-24,2027-01-24,2267.45
4668,3610,PREMIUM,2025-12-29,2026-12-29,362.85
4669,321,PREMIUM,2024-01-15,2025-01-14,1749.55
4670,1879,PREMIUM,2025-12-12,2026-12-12,1696.09
4671,1371,THIRD_PARTY,2024-04-15,2025-04-15,2289.15
4672,4226,PREMIUM,2024-06-18,2025-06-18,2253.85
4673,2506,FULL_COVERAGE,2023-11-16,2024-11-15,1546.15
4674,2407,FULL_COVERAGE,2024-08-22,2025-08-22,2131.35
4675,2629,THIRD_PARTY,2026-01-14,2027-01-14,422.18
4676,2035,THIRD_PARTY,2024-06-01,2025-06-01,2130.87
4677,2926,THIRD_PARTY,2025-09-09,2026-09-09,2068.39
4678,2707,THIRD_PARTY,2023-10-22,2024-10-21,2010.57
4679,4263,FULL_COVERAGE,2025-09-26,2026-09-26,2368.61
4680,4144,THIRD_PARTY,2024-10-15,2025-10-15,1296.32
4681,1368,FULL_COVERAGE,2023-05-27,2024-05-26,1724.32
4682,3898,THIRD_PARTY,2024-03-09,2025-03-09,2341.1
4683,4902,PREMIUM,2024-06-14,2025-06-14,2412.49
4684,2281,FULL_COVERAGE,2025-06-02,2026-06-02,1061.48
4685,704,THIRD_PARTY,2024-02-05,2025-02-04,2050.74
4686,31,FULL_COVERAGE,2024-06-08,2025-06-08,1401.98
4687,737,FULL_COVERAGE,2024-01-07,2025-01-06,1978.84
4688,2632,FULL_COVERAGE,2023-12-26,2024-12-25,2776.68
4689,2194,PREMIUM,2024-11-07,2025-11-07,707.55
4690,88,FULL_COVERAGE,2023-08-03,2024-08-02,537.82
4691,2699,FULL_COVERAGE,2023-07-20,2024-07-19,349.69
4692,1956,FULL_COVERAGE,2023-11-30,2024-11-29,2526.18
4693,252,PREMIUM,2025-02-26,2026-02-26,772.71
4694,1050,THIRD_PARTY,2023-11-27,2024-11-26,2448.0
4695,2926,THIRD_PARTY,2024-08-22,2025-08-22,1716.83
4696,2313,PREMIUM,2025-03-19,2026-03-19,1435.22
4697,1498,FULL_COVERAGE,2024-11-10,2025-11-10,728.16
4698,3638,FULL_COVERAGE,2024-12-09,2025-12-09,784.56
4699,2331,THIRD_PARTY,2025-10-17,2026-10-17,1339.56
4700,4830,THIRD_PARTY,2024-07-01,2025-07-01,2935.65
4701,1897,THIRD_PARTY,2024-08-22,2025-08-22,2777.64
4702,4034,FULL_COVERAGE,2025-05-22,2026-05-22,769.47
4703,2297,THIRD_PARTY,2024-08-01,2025-08-01,1844.28
4704,4677,THIRD_PARTY,2023-08-17,2024-08-16,1702.44
4705,1837,THIRD_PARTY,2023-07-06,2024-07-05,579.21
4706,2321,FULL_COVERAGE,2023-08-06,2024-08-05,2670.79
4707,3032,PREMIUM,2023-12-15,2024-12-14,1090.85
4708,557,FULL_COVERAGE,2026-04-07,2027-04-07,1835.4
4709,844,PREMIUM,2024-02-10,2025-02-09,384.77
4710,188,PREMIUM,2024-03-28,2025-03-28,986.22
4711,3533,FULL_COVERAGE,2024-04-26,2025-04-26,2621.84
4712,4458,THIRD_PARTY,2024-06-03,2025-06-03,1576.57
4713,2635,THIRD_PARTY,2026-02-10,2027-02-10,1342.86
4714,3680,FULL_COVERAGE,2024-02-10,2025-02-09,1748.19
4715,277,PREMIUM,2024-03-28,2025-03-28,2038.37
4716,4421,THIRD_PARTY,2024-02-23,2025-02-22,1571.54
4717,4073,FULL_COVERAGE,2025-07-26,2026-07-26,764.92
4718,174,PREMIUM,2025-01-24,2026-01-24,1508.77
4719,1635,PREMIUM,2024-08-30,2025-08-30,685.36
4720,4048,THIRD_PARTY,2023-09-21,2024-09-20,1352.88
4721,4731,THIRD_PARTY,2023-10-05,2024-10-04,2453.92
4722,4874,THIRD_PARTY,2026-01-10,2027-01-10,1567.34
4723,3524,THIRD_PARTY,2024-04-03,2025-04-03,1942.1
4724,2390,THIRD_PARTY,2024-02-11,2025-02-10,801.83
4725,1299,THIRD_PARTY,2024-04-04,2025-04-04,2108.05
4726,1304,PREMIUM,2025-02-22,2026-02-22,993.0
4727,2889,PREMIUM,2025-11-16,2026-11-16,1098.07
4728,502,PREMIUM,2023-11-14,2024-11-13,2748.48
4729,3048,THIRD_PARTY,2025-06-18,2026-06-18,1068.04
4730,2268,FULL_COVERAGE,2023-05-14,2024-05-13,776.67
4731,944,PREMIUM,2025-03-20,2026-03-20,2488.18
4732,2865,PREMIUM,2025-05-04,2026-05-04,621.61
4733,3824,PREMIUM,2023-12-02,2024-12-01,850.33
4734,4877,THIRD_PARTY,2025-09-24,2026-09-24,1898.61
4735,199,FULL_COVERAGE,2023-09-13,2024-09-12,2764.23
4736,3805,PREMIUM,2025-06-22,2026-06-22,526.98
4737,745,PREMIUM,2026-02-28,2027-02-28,2512.47
4738,4608,THIRD_PARTY,2023-12-19,2024-12-18,2239.0
4739,2788,PREMIUM,2024-03-28,2025-03-28,1974.23
4740,1909,PREMIUM,2025-07-24,2026-07-24,1697.44
4741,1951,PREMIUM,2024-08-26,2025-08-26,2493.76
4742,4677,FULL_COVERAGE,2024-04-29,2025-04-29,1241.63
4743,670,PREMIUM,2024-08-27,2025-08-27,1902.99
4744,4226,THIRD_PARTY,2024-12-29,2025-12-29,1883.81
4745,466,FULL_COVERAGE,2024-03-02,2025-03-02,2230.02
4746,3700,FULL_COVERAGE,2026-03-15,2027-03-15,464.96
4747,710,PREMIUM,2024-08-15,2025-08-15,2500.44
4748,3500,FULL_COVERAGE,2025-08-11,2026-08-11,2585.53
4749,3831,FULL_COVERAGE,2025-11-14,2026-11-14,579.28
4750,2770,PREMIUM,2023-09-18,2024-09-17,1428.39
4751,209,PREMIUM,2024-09-27,2025-09-27,2012.29
4752,1495,THIRD_PARTY,2025-02-17,2026-02-17,2478.21
4753,2003,FULL_COVERAGE,2025-04-12,2026-04-12,1952.59
4754,971,FULL_COVERAGE,2024-05-29,2025-05-29,2671.41
4755,324,FULL_COVERAGE,2023-07-04,2024-07-03,1365.88
4756,3976,FULL_COVERAGE,2023-05-16,2024-05-15,422.48
4757,3359,THIRD_PARTY,2025-10-29,2026-10-29,657.91
4758,4623,PREMIUM,2025-02-23,2026-02-23,1578.01
4759,2088,THIRD_PARTY,2025-01-15,2026-01-15,926.53
4760,1090,FULL_COVERAGE,2025-08-11,2026-08-11,2737.1
4761,2801,THIRD_PARTY,2024-08-30,2025-08-30,2824.56
4762,1871,THIRD_PARTY,2023-08-08,2024-08-07,1600.26
4763,3274,PREMIUM,2026-03-07,2027-03-07,2873.51
4764,3056,THIRD_PARTY,2024-05-21,2025-05-21,707.75
4765,3983,THIRD_PARTY,2023-05-24,2024-05-23,1157.61
4766,2954,PREMIUM,2024-07-19,2025-07-19,663.44
4767,1986,THIRD_PARTY,2025-06-11,2026-06-11,2862.81
4768,4933,PREMIUM,2025-06-16,2026-06-16,2642.55
4769,2933,FULL_COVERAGE,2025-04-21,2026-04-21,372.87
4770,1325,PREMIUM,2023-09-07,2024-09-06,2847.22
4771,2864,FULL_COVERAGE,2025-09-03,2026-09-03,407.16
4772,2880,PREMIUM,2025-04-07,2026-04-07,1212.2
4773,759,THIRD_PARTY,2023-09-21,2024-09-20,2725.61
4774,3674,PREMIUM,2024-08-26,2025-08-26,2248.43
4775,799,PREMIUM,2025-05-01,2026-05-01,698.5
4776,3463,PREMIUM,2025-05-07,2026-05-07,1306.6
4777,4063,PREMIUM,2024-07-07,2025-07-07,1636.46
4778,544,FULL_COVERAGE,2025-09-28,2026-09-28,830.17
4779,775,THIRD_PARTY,2025-10-04,2026-10-04,554.93
4780,1297,THIRD_PARTY,2023-08-22,2024-08-21,827.8
4781,756,FULL_COVERAGE,2023-08-21,2024-08-20,2546.75
4782,4623,PREMIUM,2025-07-18,2026-07-18,2827.24
4783,1906,THIRD_PARTY,2025-11-11,2026-11-11,2038.48
4784,3633,THIRD_PARTY,2024-04-24,2025-04-24,1212.46
4785,1041,THIRD_PARTY,2024-08-21,2025-08-21,533.8
4786,1964,PREMIUM,2023-05-28,2024-05-27,685.04
4787,2640,FULL_COVERAGE,2024-06-24,2025-06-24,2232.16
4788,4366,PREMIUM,2025-12-26,2026-12-26,1561.91
4789,1350,FULL_COVERAGE,2025-08-30,2026-08-30,1099.13
4790,3219,PREMIUM,2023-11-01,2024-10-31,2444.15
4791,1255,THIRD_PARTY,2024-01-17,2025-01-16,1115.27
4792,4712,PREMIUM,2025-12-29,2026-12-29,2805.12
4793,3643,THIRD_PARTY,2026-01-27,2027-01-27,2252.19
4794,4050,THIRD_PARTY,2023-07-06,2024-07-05,316.23
4795,978,PREMIUM,2025-07-21,2026-07-21,2324.39
4796,1601,FULL_COVERAGE,2023-10-04,2024-10-03,2777.17
4797,2992,FULL_COVERAGE,2023-12-15,2024-12-14,942.4
4798,880,THIRD_PARTY,2023-07-05,2024-07-04,726.32
4799,1578,THIRD_PARTY,2024-01-20,2025-01-19,2728.5
4800,3331,THIRD_PARTY,2024-06-19,2025-06-19,311.3
