vehicle_id,customer_id,brand,model,year,plate
1,2343,Suzuki,Baleno,2020,VS-6551
2,4163,Nissan,Sentra,2025,GW-0948
3,3922,Hyundai,Accent,2024,RRLW-63
4,1238,Suzuki,Swift,2018,HXHV-09
5,3223,Kia,Rio,2018,GLFL-60
6,3564,Hyundai,Accent,2018,SXVF-41
7,2740,Hyundai,Tucson,2017,KWLB-53
8,3160,Mazda,Mazda3,2020,XLHD-41
9,3626,Nissan,Sentra,2022,WV-9843
10,2996,Chevrolet,Spark,2014,LS-1250
11,69,Kia,Rio,2017,CTLX-34
12,743,Kia,Rio,2017,JTJV-57
13,1185,Toyota,Corolla,2015,GCST-80
14,4222,Chevrolet,Spark,2015,PRYH-25
15,2619,Chevrolet,Spark,2021,RPLG-48
16,1625,Kia,Rio,2025,JZTX-95
17,3164,Suzuki,Swift,2017,JW-6494
18,1659,Nissan,Sentra,2021,PBHV-69
19,2662,Chevrolet,Tracker,2017,PCLW-98
20,2496,Suzuki,Baleno,2020,VRLZ-83
21,487,Suzuki,Swift,2019,BXRL-94
22,688,Kia,Sportage,2016,WJ-9681
23,1815,Kia,Sportage,2014,BX-7145
24,15,Kia,Rio,2012,PGPP-59
25,4292,Kia,Rio,2021,BT-1011
26,156,Kia,Sportage,2023,KHFG-10
27,3279,Chevrolet,Spark,2013,GJLT-89
28,1716,Mazda,CX-5,2020,GDRG-05
29,3468,Kia,Rio,2025,FCJX-39
30,1879,Chevrolet,Spark,2018,VL-2723
31,508,Kia,Sportage,2023,HZYT-67
32,1970,Hyundai,Tucson,2013,KRRF-56
33,1145,Kia,Rio,2014,WJWX-17
34,4293,Hyundai,Tucson,2022,VS-6059
35,1621,Toyota,Corolla,2023,ZGSL-93
36,649,Chevrolet,Spark,2025,HZCY-54
37,967,Kia,Sportage,2016,GYSH-66
38,2281,Toyota,RAV4,2017,XH-4049
39,1277,Chevrolet,Spark,2021,KRYH-62
40,1098,Chevrolet,Tracker,2023,HP-2253
41,1122,Suzuki,Baleno,2019,CD-1253
42,743,Mazda,Mazda3,2012,SP-8204
43,3973,Mazda,Mazda3,2013,ZWWH-35
44,1281,Toyota,Corolla,2022,TW-8250
45,4749,Suzuki,Swift,2025,KH-8573
46,3421,Kia,Sportage,2021,TRWC-73
47,2043,Suzuki,Swift,2016,KPCD-78
48,1251,Hyundai,Tucson,2017,PR-827
49,1547,Chevrolet,Spark,2017,CA-1390
50,2432,Chevrolet,Tracker,2023,RWTX-74
51,3065,Toyota,Corolla,2013,VCBR-15
52,1070,Toyota,RAV4,2018,BVZR-84
53,1983,Chevrolet,Spark,2014,BGSV-05
54,203,Nissan,Versa,2015,SZXB-24
55,4732,Nissan,Sentra,2013,WT-6056
56,799,Nissan,Sentra,2018,SRTG-77
57,102,Hyundai,Accent,2013,DY-4340
58,3039,Kia,Sportage,2013,PR-678
59,4051,Kia,Sportage,2016,CRKC-75
60,1802,Mazda,CX-5,2022,PB-1801
61,1742,Kia,Sportage,2022,TS-3035
62,2764,Hyundai,Tucson,2020,SJWP-73
63,568,Kia,Sportage,2020,VKJZ-81
64,2790,Chevrolet,Tracker,2024,BSCS-48
65,3257,Toyota,Yaris,2018,KCPF-90
66,2235,Mazda,CX-5,2017,XCSJ-97
67,1610,Kia,Sportage,2015,LXLK-99
68,3283,Toyota,Corolla,2020,FFSY-25
69,1772,Kia,Rio,2024,ZK-9591
70,1299,Mazda,Mazda3,2025,GZBD-06
71,4911,Nissan,Versa,2020,PR-143
72,899,Kia,Rio,2019,Z-0307
73,3095,Nissan,Sentra,2024,KR-3490
74,97,Hyundai,Accent,2022,KPPP-98
75,1513,Toyota,RAV4,2017,HSXV-63
76,4719,Hyundai,Tucson,2021,XS-2692
77,1155,Mazda,Mazda3,2024,JPXT-89
78,4739,Nissan,Versa,2017,VHRR-70
79,2029,Chevrolet,Tracker,2014,RTFP-74
80,497,Toyota,Corolla,2024,ZVDT-85
81,1640,Mazda,CX-5,2015,HSPZ-20
82,520,Chevrolet,Tracker,2016,PR-247
83,198,Hyundai,Tucson,2019,LG-3534
84,4912,Suzuki,Baleno,2022,JJJC-10
85,4382,Chevrolet,Spark,2024,LFXJ-71
86,2376,Mazda,Mazda3,2025,CDCC-22
87,4741,Suzuki,Swift,2012,RP-6359
88,1234,Hyundai,Accent,2016,DPWV-43
89,52,Hyundai,Accent,2017,TP-8907
90,2051,Hyundai,Tucson,2014,WVYF-23
91,3991,Kia,Sportage,2017,YWGP-69
92,1475,Kia,Rio,2016,JW-6111
93,3992,Toyota,Yaris,2012,HHZL-01
94,4248,Nissan,Versa,2023,Z-1692
95,2059,Nissan,Sentra,2021,CSFV-89
96,3334,Hyundai,Tucson,2012,PD-1376
97,3071,Nissan,Sentra,2022,ZBYC-44
98,2320,Suzuki,Swift,2015,KD-5270
99,673,Chevrolet,Tracker,2016,HPTK-77
100,4887,Mazda,CX-5,2020,PWWZ-32
101,2529,Chevrolet,Spark,2016,GY-9532
102,961,Nissan,Sentra,2020,DKSV-74
103,603,Toyota,RAV4,2014,BSZV-41
104,2199,Hyundai,Tucson,2018,Z-1630
105,3451,Chevrolet,Tracker,2012,VXSV-03
106,2335,Chevrolet,Tracker,2012,DCZF-15
107,568,Suzuki,Swift,2013,PYXJ-73
108,4246,Mazda,CX-5,2014,FLCC-14
109,3789,Mazda,CX-5,2024,RPRG-38
110,4288,Hyundai,Accent,2023,YBGT-58
111,2842,Nissan,Versa,2023,GL-7367
112,3198,Kia,Sportage,2012,YGLR-64
113,2647,Chevrolet,Tracker,2013,FKCP-97
114,4529,Kia,Rio,2020,RP-2025
115,4013,Hyundai,Accent,2017,TH-2030
116,4478,Hyundai,Tucson,2025,RLVD-05
117,2407,Mazda,CX-5,2019,SVJH-63
118,1649,Toyota,Corolla,2015,ZHYW-97
119,993,Suzuki,Baleno,2024,LZLW-56
120,283,Toyota,Yaris,2025,PBBR-56
121,3944,Chevrolet,Tracker,2019,TP-8946
122,423,Kia,Rio,2025,VVDD-03
123,1396,Suzuki,Swift,2023,TYRV-07
124,3280,Mazda,CX-5,2015,RP-5788
125,2706,Toyota,Yaris,2013,VGHD-51
126,2368,Hyundai,Tucson,2012,DJ-4298
127,1867,Toyota,Yaris,2023,HXLF-31
128,4475,Chevrolet,Spark,2024,LTKK-88
129,2117,Toyota,Corolla,2025,DZRB-67
130,3982,Chevrolet,Spark,2019,PWTV-62
131,2478,Chevrolet,Tracker,2024,SPBC-36
132,4454,Kia,Sportage,2012,WF-2818
133,2121,Kia,Sportage,2019,TTBC-65
134,1137,Toyota,RAV4,2013,SBKJ-58
135,2544,Mazda,Mazda3,2025,PR-613
136,3350,Kia,Sportage,2020,BC-0264
137,3443,Kia,Rio,2021,AW-1398
138,4727,Hyundai,Accent,2024,LDVP-08
139,4604,Chevrolet,Spark,2019,GDWG-60
140,4873,Kia,Sportage,2021,SGHD-82
141,350,Mazda,Mazda3,2015,TJ-1386
142,906,Kia,Sportage,2013,PR-580
143,2881,Suzuki,Swift,2020,JPBT-67
144,3680,Suzuki,Swift,2023,RY-0691
145,4164,Nissan,Versa,2019,WVRJ-50
146,2765,Kia,Sportage,2015,BFWL-28
147,762,Hyundai,Tucson,2021,CBFS-84
148,4591,Suzuki,Baleno,2023,AH-9575
149,899,Hyundai,Tucson,2016,HHRC-81
150,4000,Mazda,CX-5,2014,CH-8231
151,2136,Suzuki,Baleno,2019,RP-5286
152,1870,Chevrolet,Tracker,2012,TXVB-21
153,2074,Hyundai,Tucson,2019,GX-3466
154,2769,Toyota,Corolla,2024,ZSSC-24
155,3696,Hyundai,Accent,2023,RCYK-67
156,4444,Mazda,Mazda3,2021,TJFW-62
157,3583,Toyota,Corolla,2014,FCGV-42
158,799,Mazda,CX-5,2022,LYLZ-51
159,1982,Suzuki,Swift,2017,LKFD-11
160,4218,Hyundai,Accent,2022,PSVP-78
161,339,Suzuki,Baleno,2012,GYYD-80
162,2274,Hyundai,Accent,2019,XG-5290
163,2036,Nissan,Versa,2023,SV-8106
164,4793,Nissan,Versa,2015,LKFL-36
165,1705,Nissan,Versa,2021,JZ-7077
166,3616,Toyota,RAV4,2020,TFKL-38
167,4278,Chevrolet,Tracker,2022,CD-3150
168,3141,Nissan,Versa,2013,XTKF-77
169,1069,Toyota,Yaris,2019,BVYY-51
170,2255,Chevrolet,Spark,2020,JJ-7156
171,4797,Suzuki,Swift,2016,HZLZ-59
172,173,Chevrolet,Tracker,2012,CC-2195
173,1610,Chevrolet,Tracker,2020,CD-4926
174,3400,Chevrolet,Spark,2024,LBYG-63
175,4579,Nissan,Versa,2013,FTLW-02
176,3822,Chevrolet,Spark,2018,CVXS-64
177,3421,Chevrolet,Spark,2024,RRKT-00
178,3918,Nissan,Versa,2021,TGST-97
179,1605,Mazda,CX-5,2020,LTTF-68
180,32,Toyota,Corolla,2012,LCLF-27
181,3094,Chevrolet,Tracker,2025,WFKD-68
182,4949,Suzuki,Swift,2017,PJLK-04
183,4736,Toyota,Yaris,2022,JXDJ-61
184,3922,Mazda,Mazda3,2019,SGXX-99
185,366,Chevrolet,Tracker,2025,PPVF-48
186,4136,Nissan,Sentra,2020,ZA-2577
187,1209,Mazda,CX-5,2022,PR-878
188,1815,Mazda,Mazda3,2023,CC-1456
189,1981,Kia,Rio,2019,CD-0092
190,2216,Toyota,Corolla,2014,AV-2507
191,1634,Kia,Rio,2018,FDXF-49
192,4709,Chevrolet,Tracker,2019,LDJY-36
193,462,Toyota,Yaris,2012,VKJZ-87
194,1746,Chevrolet,Tracker,2015,SWFP-95
195,2115,Mazda,Mazda3,2025,SDYK-47
196,1830,Chevrolet,Spark,2018,RP-4234
197,3318,Suzuki,Swift,2020,PSCY-48
198,1917,Kia,Sportage,2016,PR-912
199,1496,Mazda,Mazda3,2020,GRPR-54
200,81,Chevrolet,Tracker,2014,WGKF-75
201,3709,Chevrolet,Spark,2020,SKHW-26
202,1570,Hyundai,Tucson,2016,Z-7594
203,4224,Chevrolet,Spark,2018,JZSG-38
204,4072,Mazda,Mazda3,2012,XJTJ-07
205,3998,Mazda,Mazda3,2025,PR-580
206,2436,Nissan,Sentra,2018,XWSD-26
207,2154,Suzuki,Baleno,2012,CRYW-84
208,3569,Chevrolet,Tracker,2019,WFTH-35
209,1879,Nissan,Versa,2023,BL-6427
210,3602,Chevrolet,Spark,2014,GYTP-93
211,1827,Mazda,Mazda3,2021,DV-6886
212,3217,Nissan,Versa,2019,VPFD-62
213,298,Suzuki,Baleno,2017,PR-320
214,2946,Kia,Rio,2018,HA-0477
215,3274,Toyota,Corolla,2016,GGLY-34
216,3652,Hyundai,Accent,2023,PR-977
217,2990,Hyundai,Accent,2020,YW-7332
218,647,Hyundai,Tucson,2020,ZZ-3903
219,2040,Kia,Rio,2015,BCTP-70
220,2054,Nissan,Sentra,2018,WRYK-01
221,1913,Nissan,Versa,2019,HTKR-69
222,2614,Nissan,Sentra,2019,PR-158
223,821,Nissan,Sentra,2016,BA-0691
224,822,Chevrolet,Tracker,2014,VJRT-73
225,4644,Hyundai,Tucson,2021,AL-4535
226,209,Nissan,Versa,2019,JHPD-88
227,2420,Chevrolet,Spark,2024,JR-0469
228,2317,Mazda,CX-5,2015,VRDJ-20
229,1282,Kia,Rio,2016,ZRDP-18
230,2305,Suzuki,Swift,2012,BVRC-94
231,3849,Toyota,Corolla,2014,YWVW-81
232,3407,Mazda,Mazda3,2024,RRDT-67
233,389,Nissan,Sentra,2021,GZKH-85
234,4874,Mazda,Mazda3,2020,RWDV-64
235,4976,Mazda,CX-5,2017,KCXG-11
236,1404,Nissan,Sentra,2015,Z-8250
237,3601,Hyundai,Accent,2012,YL-8167
238,4079,Nissan,Sentra,2022,HYVX-18
239,4129,Suzuki,Baleno,2022,BRRP-37
240,2273,Toyota,Yaris,2017,LHDW-14
241,760,Hyundai,Accent,2014,XCKC-10
242,2225,Chevrolet,Tracker,2025,RSSH-52
243,3364,Kia,Rio,2020,GBBK-28
244,1754,Nissan,Sentra,2022,PR-535
245,779,Toyota,Corolla,2021,JWCH-10
246,4171,Hyundai,Tucson,2018,VF-5798
247,3155,Kia,Sportage,2012,FLVL-45
248,2036,Hyundai,Accent,2024,KYJJ-87
249,3470,Suzuki,Baleno,2019,ST-9461
250,622,Toyota,Corolla,2023,HF-5072
251,4085,Chevrolet,Tracker,2024,HXRF-07
252,4242,Hyundai,Tucson,2023,ZPZZ-29
253,4091,Nissan,Sentra,2013,VCBH-25
254,171,Nissan,Sentra,2012,VDRW-44
255,220,Suzuki,Baleno,2021,Z-4787
256,4713,Nissan,Versa,2025,PJRK-70
257,3506,Toyota,RAV4,2012,WVVD-23
258,1570,Kia,Rio,2020,BZBT-19
259,3995,Mazda,CX-5,2017,FR-1210
260,1968,Kia,Rio,2016,XLFK-94
261,2235,Mazda,Mazda3,2025,SCZR-81
262,2984,Nissan,Sentra,2025,LXPG-78
263,249,Suzuki,Swift,2019,GGSP-30
264,3928,Toyota,Corolla,2018,SFSR-65
265,2654,Hyundai,Accent,2012,ZPFJ-49
266,1974,Toyota,Corolla,2018,LZXC-00
267,2186,Chevrolet,Tracker,2012,LCSV-83
268,2673,Nissan,Sentra,2013,BSPC-50
269,3043,Mazda,Mazda3,2013,JDPH-67
270,4125,Suzuki,Swift,2023,FJXZ-01
271,4841,Chevrolet,Spark,2021,CTGY-75
272,1672,Kia,Sportage,2014,CC-2805
273,1673,Toyota,RAV4,2017,PR-349
274,1912,Kia,Sportage,2017,DZHD-08
275,3510,Mazda,Mazda3,2022,XX-3289
276,1098,Kia,Sportage,2023,SLVL-42
277,4899,Toyota,Yaris,2014,CWPY-89
278,404,Suzuki,Swift,2023,JWGB-72
279,3017,Toyota,Corolla,2025,PR-941
280,2146,Suzuki,Baleno,2023,PSWD-75
281,3775,Chevrolet,Spark,2016,FTHW-99
282,2782,Kia,Rio,2020,KXDJ-63
283,2211,Mazda,Mazda3,2019,Z-8920
284,2079,Mazda,CX-5,2023,RP-0686
285,1614,Toyota,RAV4,2012,LLGV-83
286,548,Chevrolet,Spark,2014,TYLV-21
287,2597,Chevrolet,Spark,2014,DZ-8051
288,2948,Mazda,CX-5,2012,Z-4864
289,2406,Nissan,Sentra,2014,DBCW-20
290,3135,Chevrolet,Spark,2023,RSJD-89
291,2503,Suzuki,Swift,2017,BYGZ-11
292,1821,Chevrolet,Tracker,2016,LKXT-34
293,2845,Chevrolet,Tracker,2022,GYPP-63
294,1559,Suzuki,Swift,2019,TTHX-64
295,3706,Mazda,CX-5,2015,SJKY-58
296,1337,Suzuki,Swift,2013,STST-30
297,2562,Toyota,Corolla,2018,DKJB-12
298,2410,Suzuki,Baleno,2015,HSJZ-42
299,404,Suzuki,Baleno,2018,SFKZ-61
300,3801,Nissan,Sentra,2013,XKJX-63
301,2141,Hyundai,Tucson,2019,XBGK-75
302,812,Suzuki,Baleno,2015,AB-1530
303,3077,Hyundai,Accent,2022,ZDGJ-17
304,926,Kia,Sportage,2022,VR-3448
305,1075,Kia,Sportage,2016,YCVT-15
306,4985,Mazda,Mazda3,2024,CWLC-23
307,1229,Chevrolet,Tracker,2012,DPWH-13
308,73,Hyundai,Tucson,2015,LWCB-40
309,4713,Kia,Sportage,2023,JPVG-75
310,2247,Nissan,Sentra,2025,RP-1621
311,3091,Suzuki,Baleno,2018,TDWP-85
312,164,Chevrolet,Tracker,2016,PR-025
313,2316,Hyundai,Tucson,2019,RSFZ-73
314,4048,Suzuki,Swift,2012,DLYC-94
315,4952,Hyundai,Tucson,2018,VVDF-40
316,3876,Nissan,Versa,2016,RP-7666
317,3849,Toyota,RAV4,2012,TPDD-14
318,4715,Kia,Rio,2019,ZWPK-02
319,1857,Chevrolet,Spark,2024,HDLP-48
320,3302,Suzuki,Baleno,2019,VZFH-51
321,2721,Hyundai,Tucson,2015,PZWH-07
322,2088,Suzuki,Swift,2024,TR-4817
323,119,Kia,Rio,2013,PA-0799
324,4188,Mazda,Mazda3,2020,DLSW-84
325,1675,Toyota,Yaris,2021,PYLK-32
326,135,Chevrolet,Spark,2019,JB-2075
327,1909,Nissan,Sentra,2016,PLXF-01
328,899,Hyundai,Accent,2021,ZRRK-39
329,1678,Kia,Rio,2020,PYFG-79
330,2480,Nissan,Sentra,2014,AL-5155
331,3325,Toyota,Corolla,2022,CS-9274
332,4372,Suzuki,Baleno,2025,GWYV-19
333,3262,Toyota,Yaris,2017,LK-9253
334,4535,Toyota,Yaris,2023,SPCF-73
335,3431,Nissan,Sentra,2019,BY-3990
336,1496,Kia,Sportage,2015,TVYK-22
337,3764,Nissan,Sentra,2025,WZ-6919
338,4099,Suzuki,Swift,2022,GBZV-87
339,341,Chevrolet,Tracker,2014,PCKV-98
340,3596,Mazda,Mazda3,2021,DFDR-08
341,4071,Chevrolet,Spark,2021,GGBL-61
342,3237,Hyundai,Accent,2022,WHDV-78
343,4827,Mazda,CX-5,2014,SZSP-06
344,665,Mazda,CX-5,2021,TWVL-68
345,961,Nissan,Sentra,2020,FWPX-37
346,3009,Chevrolet,Tracker,2014,VR-7198
347,1639,Mazda,CX-5,2025,YPYV-47
348,4185,Kia,Sportage,2012,WJPL-83
349,1106,Suzuki,Baleno,2016,CVFD-13
350,2917,Suzuki,Baleno,2019,KZXT-90
351,967,Kia,Sportage,2019,LV-1721
352,3159,Kia,Rio,2015,TKZY-32
353,721,Toyota,RAV4,2024,KFCZ-21
354,2926,Toyota,Corolla,2017,FWVF-88
355,1324,Chevrolet,Spark,2014,YJGP-99
356,1520,Toyota,RAV4,2019,CP-3978
357,3913,Mazda,CX-5,2019,TRKF-21
358,1997,Kia,Sportage,2012,RP-7197
359,3586,Mazda,CX-5,2024,VSWK-51
360,3391,Nissan,Versa,2025,CC-0028
361,560,Toyota,Corolla,2025,CSZT-64
362,3860,Chevrolet,Tracker,2013,JBTJ-17
363,4281,Kia,Sportage,2023,JHHG-04
364,2923,Kia,Sportage,2021,WW-5896
365,1608,Mazda,Mazda3,2013,KI-6952
366,505,Suzuki,Baleno,2017,FFLK-97
367,196,Chevrolet,Tracker,2012,VXZC-21
368,3995,Chevrolet,Tracker,2022,XPWP-24
369,4461,Mazda,CX-5,2015,WWHG-62
370,32,Nissan,Sentra,2024,KPKH-79
371,3203,Nissan,Sentra,2025,WR-7871
372,2093,Suzuki,Swift,2021,TJRD-30
373,2983,Suzuki,Swift,2013,VT-2151
374,2210,Nissan,Sentra,2015,RCVR-14
375,4986,Kia,Sportage,2020,JPFB-89
376,3821,Kia,Sportage,2012,XJWJ-84
377,3045,Mazda,CX-5,2016,GWCT-18
378,4942,Mazda,CX-5,2014,RBXX-76
379,171,Mazda,CX-5,2015,GXBF-02
380,2857,Mazda,Mazda3,2022,CF-9446
381,2888,Mazda,CX-5,2012,THCC-74
382,4653,Nissan,Sentra,2013,CGRS-10
383,539,Nissan,Versa,2018,YGXT-99
384,3673,Kia,Rio,2025,RP-3210
385,364,Hyundai,Tucson,2016,JJ-4899
386,3527,Kia,Rio,2015,RSZF-54
387,4806,Mazda,Mazda3,2024,JLGS-63
388,915,Kia,Rio,2014,VS-9312
389,2028,Kia,Sportage,2018,HA-0142
390,3515,Mazda,Mazda3,2016,XWCC-73
391,2799,Nissan,Versa,2016,SWLS-54
392,2957,Toyota,Yaris,2015,XJCR-18
393,4494,Hyundai,Tucson,2013,CD-2108
394,3435,Chevrolet,Spark,2014,PR-869
395,4062,Toyota,Corolla,2018,HSZR-59
396,1771,Nissan,Sentra,2021,CGCG-18
397,2907,Mazda,Mazda3,2018,WL-6417
398,3583,Chevrolet,Spark,2020,LK-4366
399,2588,Chevrolet,Tracker,2012,RP-6217
400,1586,Hyundai,Tucson,2016,VJSC-55
401,4286,Nissan,Sentra,2014,PR-076
402,2508,Nissan,Sentra,2013,CYLH-89
403,2027,Nissan,Versa,2023,GLFY-06
404,3010,Toyota,Yaris,2020,LFGZ-72
405,1445,Hyundai,Accent,2022,PRYC-77
406,3533,Suzuki,Swift,2023,PR-619
407,2658,Suzuki,Swift,2025,ZBHR-55
408,612,Nissan,Sentra,2020,FJJX-39
409,1929,Toyota,RAV4,2021,DHGB-81
410,3433,Suzuki,Swift,2019,BPDS-29
411,1432,Nissan,Sentra,2018,FBTH-20
412,3575,Chevrolet,Tracker,2021,GPVC-60
413,3179,Chevrolet,Spark,2016,Z-1973
414,3766,Toyota,RAV4,2021,PR-504
415,529,Mazda,Mazda3,2022,ZRRR-51
416,4109,Hyundai,Accent,2017,HJZF-61
417,714,Hyundai,Accent,2014,VH-3804
418,3576,Toyota,Corolla,2018,JYHB-72
419,1721,Toyota,Corolla,2021,XZ-2192
420,4375,Chevrolet,Tracker,2025,PGJT-57
421,3699,Toyota,Yaris,2012,LLSF-85
422,1580,Nissan,Versa,2012,XC-6743
423,3832,Kia,Sportage,2012,RCYY-27
424,4586,Mazda,Mazda3,2021,XHVB-70
425,4456,Mazda,CX-5,2013,YJRR-35
426,2580,Hyundai,Accent,2016,RP-5617
427,3971,Toyota,RAV4,2017,RC-6363
428,839,Suzuki,Swift,2020,DDRR-38
429,4580,Hyundai,Tucson,2014,WD-2112
430,2857,Kia,Rio,2017,WVVR-99
431,3503,Hyundai,Accent,2022,KFSB-09
432,3182,Chevrolet,Spark,2020,LZZK-98
433,1094,Hyundai,Tucson,2021,TS-4782
434,3477,Toyota,Yaris,2022,GVXF-78
435,3705,Hyundai,Tucson,2025,RSGW-11
436,2516,Toyota,Corolla,2015,CZ-6057
437,869,Hyundai,Tucson,2023,XJSP-21
438,1350,Nissan,Versa,2017,JLHZ-37
439,2880,Chevrolet,Tracker,2012,WKWK-43
440,4227,Hyundai,Accent,2018,CKBW-47
441,2332,Kia,Sportage,2013,FZKY-76
442,525,Kia,Sportage,2019,XXJD-55
443,2049,Mazda,CX-5,2022,VWSL-63
444,2492,Hyundai,Tucson,2014,FYDS-95
445,3212,Chevrolet,Spark,2017,KFHX-09
446,1578,Chevrolet,Tracker,2024,DDLV-41
447,288,Hyundai,Accent,2020,FFTH-53
448,1835,Kia,Rio,2015,CTZF-01
449,1821,Hyundai,Accent,2021,DRZV-25
450,424,Toyota,Corolla,2021,LBVT-42
451,4064,Toyota,Yaris,2018,GGBS-64
452,2375,Hyundai,Accent,2018,BK-3824
453,2322,Chevrolet,Spark,2022,YGTS-07
454,3777,Toyota,Yaris,2018,GBTK-36
455,2885,Kia,Sportage,2019,ZVKV-90
456,1147,Kia,Sportage,2021,FJGJ-39
457,2673,Toyota,RAV4,2023,SBPD-44
458,80,Chevrolet,Tracker,2016,ZYVV-32
459,1749,Chevrolet,Tracker,2022,PR-087
460,1922,Nissan,Sentra,2019,YB-5864
461,4830,Kia,Sportage,2013,FPWX-30
462,1786,Kia,Rio,2020,SS-3807
463,2945,Chevrolet,Spark,2012,LPTK-51
464,4116,Kia,Sportage,2016,WCLF-80
465,4111,Toyota,Corolla,2024,VJ-7986
466,2128,Kia,Sportage,2014,SR-6446
467,4224,Toyota,Corolla,2021,RP-8645
468,3143,Toyota,Corolla,2025,Z-5603
469,989,Chevrolet,Tracker,2023,SZHD-26
470,470,Suzuki,Baleno,2020,PRLJ-24
471,221,Mazda,Mazda3,2022,CP-5367
472,2063,Hyundai,Tucson,2019,FWRL-37
473,526,Kia,Sportage,2018,CGZH-08
474,3740,Chevrolet,Spark,2016,JL-6146
475,4865,Kia,Sportage,2019,PSCT-18
476,4988,Suzuki,Baleno,2014,RL-2118
477,4075,Mazda,Mazda3,2017,Z-7195
478,2820,Chevrolet,Spark,2013,ZSZS-68
479,3228,Toyota,Corolla,2020,ZCTJ-79
480,4644,Chevrolet,Tracker,2017,RTLH-06
481,3473,Nissan,Versa,2014,HPGV-10
482,1482,Chevrolet,Tracker,2020,FTDX-71
483,1850,Chevrolet,Tracker,2012,VDWD-27
484,2498,Toyota,Corolla,2025,FXKX-85
485,2926,Kia,Rio,2023,JGWD-41
486,873,Hyundai,Tucson,2023,RS-4321
487,255,Toyota,Corolla,2025,HDDC-73
488,4483,Nissan,Versa,2022,CWPD-69
489,3442,Toyota,Corolla,2019,Z-9749
490,4416,Chevrolet,Tracker,2022,GGPL-38
491,416,Chevrolet,Tracker,2018,CZBH-50
492,117,Hyundai,Tucson,2017,DKXT-22
493,1750,Suzuki,Baleno,2015,XPTD-62
494,870,Mazda,CX-5,2013,VTYR-03
495,2680,Mazda,Mazda3,2020,HRXS-82
496,1096,Mazda,Mazda3,2013,TH-0066
497,3929,Suzuki,Swift,2020,FGVX-87
498,1484,Hyundai,Tucson,2025,ZLJF-78
499,3201,Nissan,Sentra,2020,VKVC-23
500,3954,Hyundai,Tucson,2013,BXFX-40
501,1924,Mazda,CX-5,2015,JWJW-64
502,1639,Toyota,RAV4,2012,PCGW-35
503,1962,Hyundai,Tucson,2014,DTWH-64
504,2713,Toyota,Corolla,2017,WHPY-49
505,408,Chevrolet,Tracker,2013,KFCR-97
506,4259,Hyundai,Accent,2018,FWVF-95
507,307,Chevrolet,Tracker,2016,KX-9784
508,1173,Suzuki,Swift,2016,GBRJ-04
509,3177,Suzuki,Baleno,2015,VF-4736
510,29,Mazda,Mazda3,2019,PR-525
511,3838,Suzuki,Swift,2014,LTDZ-47
512,4299,Mazda,CX-5,2017,GR-1494
513,1031,Hyundai,Tucson,2017,ZYRD-37
514,2343,Nissan,Versa,2018,WYZW-21
515,2375,Mazda,Mazda3,2023,GS-4942
516,3483,Mazda,CX-5,2018,XV-6218
517,1795,Kia,Sportage,2024,XHKD-59
518,2992,Nissan,Versa,2022,SC-6878
519,1190,Hyundai,Accent,2015,WPPW-47
520,4400,Kia,Rio,2017,RZGD-69
521,4412,Toyota,Corolla,2023,RP-8914
522,5000,Chevrolet,Spark,2014,AZ-5746
523,888,Kia,Rio,2016,VHWH-77
524,4652,Toyota,Yaris,2014,XVPZ-31
525,4290,Nissan,Versa,2012,RP-5544
526,2865,Toyota,Corolla,2023,TX-8874
527,1987,Suzuki,Baleno,2014,LRGG-04
528,4104,Suzuki,Baleno,2020,JSWS-42
529,3914,Chevrolet,Tracker,2018,Z-9814
530,4158,Suzuki,Swift,2016,BP-7698
531,2214,Chevrolet,Spark,2021,XDSF-54
532,3085,Suzuki,Baleno,2017,KZHG-48
533,4194,Suzuki,Swift,2021,LFKB-28
534,1108,Hyundai,Accent,2019,PR-447
535,740,Chevrolet,Tracker,2020,FLZG-46
536,4342,Toyota,Yaris,2021,BT-2581
537,3518,Suzuki,Swift,2018,RR-0935
538,1784,Nissan,Sentra,2016,YYXD-33
539,584,Chevrolet,Tracker,2018,WBFJ-35
540,2393,Chevrolet,Spark,2021,SFSZ-09
541,4876,Mazda,CX-5,2019,HP-8388
542,1122,Suzuki,Baleno,2014,HBJF-97
543,3940,Kia,Sportage,2018,CXYT-23
544,394,Hyundai,Tucson,2020,HRKZ-16
545,4882,Nissan,Sentra,2019,RP-6451
546,4506,Mazda,CX-5,2020,WHKZ-54
547,589,Hyundai,Tucson,2013,BC-5316
548,4038,Suzuki,Swift,2014,HFJH-31
549,1326,Toyota,Corolla,2013,RSLP-82
550,1710,Chevrolet,Tracker,2015,FFFG-21
551,4466,Chevrolet,Tracker,2014,GHHD-92
552,2673,Kia,Rio,2019,GHGT-51
553,3170,Nissan,Sentra,2016,KFZH-48
554,2854,Mazda,Mazda3,2024,ZHGF-31
555,4687,Chevrolet,Spark,2015,VXTK-45
556,1074,Mazda,Mazda3,2022,FZBP-38
557,1483,Mazda,Mazda3,2024,PWSL-77
558,3991,Toyota,RAV4,2025,WSLY-66
559,3530,Nissan,Sentra,2015,HX-7598
560,448,Toyota,Corolla,2023,KF-3222
561,4239,Chevrolet,Tracker,2023,KWJW-10
562,4304,Chevrolet,Tracker,2014,GR-5721
563,4267,Mazda,CX-5,2024,LKZW-57
564,4112,Mazda,CX-5,2018,RP-6067
565,2146,Kia,Sportage,2021,VJGJ-05
566,1894,Mazda,Mazda3,2016,KZPS-75
567,61,Mazda,Mazda3,2022,FV-1648
568,2996,Mazda,CX-5,2020,RPDX-46
569,1447,Kia,Rio,2022,CD-9883
570,2629,Mazda,Mazda3,2023,JLJV-33
571,3012,Suzuki,Baleno,2015,CD-3802
572,318,Kia,Sportage,2016,CZ-8885
573,3857,Kia,Sportage,2017,LT-4934
574,3032,Hyundai,Accent,2013,BXDF-40
575,2250,Chevrolet,Tracker,2021,PSBC-22
576,2949,Mazda,Mazda3,2021,DYYL-49
577,488,Kia,Rio,2014,BR-1723
578,187,Toyota,RAV4,2015,YPZR-12
579,5000,Mazda,Mazda3,2017,XKFK-08
580,4567,Hyundai,Accent,2022,DKRX-59
581,2518,Mazda,CX-5,2025,LDRB-40
582,2885,Nissan,Sentra,2024,PS-4159
583,2739,Nissan,Sentra,2012,JL-6263
584,3286,Mazda,CX-5,2016,Z-8169
585,2811,Suzuki,Swift,2023,JKDW-42
586,4954,Chevrolet,Spark,2012,WCZR-90
587,63,Kia,Rio,2016,LCYX-24
588,310,Chevrolet,Tracker,2017,LW-5908
589,3846,Suzuki,Baleno,2015,WK-4817
590,3062,Mazda,Mazda3,2025,RBWV-44
591,869,Chevrolet,Spark,2021,Z-8880
592,691,Hyundai,Tucson,2019,LXXL-43
593,4598,Hyundai,Tucson,2020,Z-8365
594,1418,Suzuki,Swift,2012,BWFS-69
595,3832,Suzuki,Swift,2024,CL-8502
596,4697,Mazda,Mazda3,2012,VGPJ-96
597,3686,Hyundai,Accent,2013,TCBS-60
598,834,Suzuki,Swift,2017,XZXJ-54
599,1815,Suzuki,Baleno,2013,PR-078
600,3984,Suzuki,Baleno,2023,VBLC-83
601,4523,Hyundai,Tucson,2023,BDSG-63
602,4121,Hyundai,Tucson,2023,XCYY-47
603,3386,Nissan,Versa,2024,HWZW-04
604,1819,Nissan,Versa,2021,FRDH-95
605,4327,Chevrolet,Spark,2021,YL-8078
606,4083,Chevrolet,Spark,2017,DJGS-57
607,4727,Suzuki,Baleno,2015,JVHS-10
608,3752,Nissan,Versa,2012,YGRF-01
609,3909,Toyota,Corolla,2021,KYXJ-05
610,4979,Kia,Sportage,2012,RB-9280
611,3791,Chevrolet,Tracker,2022,WYTX-72
612,4071,Mazda,Mazda3,2020,PR-979
613,4455,Kia,Rio,2023,PRWB-72
614,79,Chevrolet,Spark,2021,Z-8861
615,1345,Toyota,Yaris,2025,JA-3338
616,1938,Kia,Sportage,2013,BYVW-85
617,2980,Chevrolet,Tracker,2016,FJFC-11
618,1272,Toyota,RAV4,2014,PTSR-01
619,1663,Nissan,Sentra,2021,TWLD-33
620,4728,Chevrolet,Tracker,2024,XZ-9952
621,4368,Toyota,Yaris,2020,VGRX-99
622,1190,Chevrolet,Spark,2018,YSPX-71
623,4502,Suzuki,Baleno,2017,XRXS-99
624,3180,Chevrolet,Tracker,2025,SZPX-54
625,4876,Mazda,Mazda3,2024,DSLK-25
626,1037,Toyota,Corolla,2012,FKYD-23
627,1145,Hyundai,Accent,2025,RSHC-85
628,1165,Chevrolet,Tracker,2022,CW-5422
629,3129,Nissan,Versa,2018,WYVD-55
630,664,Suzuki,Baleno,2020,BJTC-37
631,4242,Suzuki,Swift,2023,PR-819
632,4148,Nissan,Versa,2014,PHSF-91
633,4910,Toyota,Corolla,2018,CVKG-40
634,3850,Chevrolet,Spark,2014,Z-3056
635,3170,Kia,Sportage,2025,RYGG-29
636,2737,Kia,Rio,2015,BGBB-21
637,2707,Nissan,Sentra,2014,HW-8593
638,4113,Mazda,Mazda3,2022,RWYW-43
639,585,Suzuki,Swift,2021,DHXH-30
640,4515,Toyota,Yaris,2025,CDXT-31
641,2981,Toyota,RAV4,2025,YX-8206
642,4537,Nissan,Sentra,2021,SJBJ-96
643,4956,Nissan,Sentra,2022,THWS-84
644,3973,Toyota,RAV4,2013,XXKS-17
645,82,Toyota,Yaris,2020,JVKX-34
646,331,Chevrolet,Spark,2022,FJCX-29
647,937,Chevrolet,Spark,2023,PR-124
648,4839,Chevrolet,Tracker,2018,FRZF-85
649,3021,Hyundai,Tucson,2019,VXDB-82
650,4624,Mazda,CX-5,2022,ZRDH-11
651,1609,Mazda,Mazda3,2017,PR-776
652,2780,Chevrolet,Spark,2012,LV-8708
653,1083,Kia,Rio,2021,LFBT-87
654,2233,Mazda,CX-5,2023,PRKC-66
655,2599,Kia,Rio,2020,XDSP-46
656,2380,Mazda,CX-5,2022,PCBH-45
657,1966,Nissan,Versa,2020,GT-7516
658,2705,Hyundai,Accent,2014,YB-4498
659,2970,Nissan,Sentra,2017,FTJZ-19
660,2781,Nissan,Versa,2016,FTZX-35
661,4045,Toyota,Yaris,2023,BWWZ-12
662,3885,Chevrolet,Spark,2025,WHVW-78
663,739,Nissan,Sentra,2014,YBZJ-62
664,2303,Nissan,Versa,2020,KKHC-64
665,1346,Mazda,CX-5,2014,RVPC-30
666,1610,Hyundai,Accent,2021,Z-1853
667,4554,Nissan,Sentra,2019,ZJKD-92
668,3931,Suzuki,Swift,2025,YXZR-66
669,783,Kia,Sportage,2013,RP-5215
670,2167,Kia,Sportage,2017,DRVD-24
671,4966,Suzuki,Baleno,2023,HJZY-94
672,2061,Nissan,Sentra,2021,ZFDW-02
673,4564,Hyundai,Tucson,2019,YFYD-40
674,4630,Hyundai,Tucson,2022,RXLF-38
675,1988,Chevrolet,Spark,2017,CXVL-41
676,3796,Toyota,Corolla,2015,VY-6016
677,3845,Toyota,Yaris,2022,WXDK-62
678,1846,Hyundai,Tucson,2020,SKPF-73
679,3621,Mazda,Mazda3,2015,KHCS-25
680,4047,Toyota,Corolla,2022,JZTB-60
681,4684,Suzuki,Swift,2015,VRZW-06
682,2217,Toyota,RAV4,2014,GCVD-22
683,2184,Toyota,Yaris,2022,ZL-5160
684,2922,Mazda,CX-5,2017,LSHB-07
685,4145,Mazda,Mazda3,2025,ZSTD-12
686,323,Suzuki,Baleno,2016,HVWJ-28
687,2592,Kia,Sportage,2012,CSJP-27
688,334,Nissan,Versa,2023,PLWV-71
689,436,Hyundai,Accent,2025,ZKJR-57
690,3196,Hyundai,Tucson,2013,Z-3750
691,3611,Suzuki,Baleno,2025,RS-5529
692,879,Chevrolet,Spark,2012,TJHD-90
693,49,Hyundai,Tucson,2018,WWRG-00
694,2241,Chevrolet,Spark,2016,VWPK-54
695,4466,Chevrolet,Spark,2024,XX-5911
696,3298,Nissan,Versa,2024,YYVG-11
697,4710,Kia,Rio,2014,FVDR-99
698,235,Kia,Rio,2016,PDZC-34
699,3809,Hyundai,Tucson,2013,GR-4808
700,1190,Mazda,Mazda3,2017,PR-200
701,2617,Hyundai,Accent,2014,RP-6799
702,2489,Suzuki,Swift,2018,XP-6388
703,9,Suzuki,Swift,2012,JRSG-24
704,3383,Kia,Sportage,2022,PJKX-72
705,3391,Suzuki,Swift,2017,BWDY-33
706,3468,Suzuki,Swift,2015,VA-8186
707,907,Kia,Sportage,2020,JLYT-72
708,705,Hyundai,Accent,2015,DB-4726
709,4952,Toyota,RAV4,2022,SXCC-78
710,2569,Mazda,CX-5,2022,ZXKJ-99
711,2205,Toyota,Yaris,2013,TFWV-42
712,4373,Mazda,Mazda3,2018,FXRF-88
713,4003,Nissan,Sentra,2017,KL-8382
714,479,Nissan,Sentra,2025,XI-6556
715,726,Hyundai,Accent,2019,TVHB-39
716,1078,Chevrolet,Tracker,2015,RFBC-77
717,1519,Kia,Sportage,2023,DTHD-06
718,3100,Chevrolet,Spark,2016,BBPB-77
719,3197,Kia,Sportage,2015,VY-3248
720,2222,Chevrolet,Spark,2013,BH-0487
721,4589,Suzuki,Baleno,2013,DZYX-59
722,988,Kia,Rio,2013,YPDY-47
723,4886,Chevrolet,Tracker,2014,KP-3761
724,4204,Chevrolet,Tracker,2015,AJ-1284
725,1716,Toyota,Yaris,2014,RH-1183
726,2970,Mazda,Mazda3,2018,VXBH-05
727,1676,Kia,Sportage,2023,KYFF-07
728,2833,Mazda,CX-5,2012,GSDX-79
729,1753,Nissan,Sentra,2021,RP-0867
730,3280,Toyota,Yaris,2024,CVBX-54
731,672,Mazda,Mazda3,2012,WT-4361
732,1596,Suzuki,Swift,2017,ZW-6669
733,73,Suzuki,Swift,2022,DHDH-03
734,3008,Nissan,Versa,2019,BSBS-71
735,105,Suzuki,Baleno,2018,RP-2468
736,585,Hyundai,Accent,2023,YGHZ-11
737,549,Hyundai,Accent,2018,RFYJ-14
738,3286,Hyundai,Accent,2017,RLDB-26
739,3491,Nissan,Sentra,2013,CPRZ-12
740,1144,Chevrolet,Spark,2015,DPHT-83
741,2665,Toyota,Yaris,2020,HZFP-95
742,4962,Nissan,Versa,2013,PR-373
743,1888,Suzuki,Baleno,2015,DL-8985
744,1588,Chevrolet,Tracker,2023,PR-621
745,4014,Hyundai,Tucson,2019,JKVF-89
746,1022,Mazda,CX-5,2024,KK-3028
747,2212,Nissan,Versa,2021,CC-2514
748,3663,Kia,Rio,2017,THBC-15
749,4481,Suzuki,Swift,2022,GKCV-12
750,4101,Suzuki,Baleno,2021,YRZX-00
751,2638,Nissan,Sentra,2022,LCFT-41
752,3901,Kia,Rio,2023,SBJZ-89
753,4114,Toyota,Yaris,2022,WSTD-25
754,189,Chevrolet,Spark,2025,RP-1649
755,2353,Nissan,Versa,2022,Z-8959
756,823,Suzuki,Swift,2020,JCPR-23
757,2422,Suzuki,Baleno,2021,HDCS-55
758,3629,Chevrolet,Spark,2025,XW-7449
759,183,Toyota,RAV4,2023,BH-6753
760,4443,Nissan,Versa,2019,CYBF-57
761,1967,Kia,Rio,2024,FJRF-62
762,4463,Toyota,RAV4,2019,VKJR-87
763,3509,Suzuki,Baleno,2021,LD-3582
764,1205,Kia,Sportage,2016,PR-594
765,1089,Suzuki,Swift,2012,YSWR-92
766,1806,Kia,Sportage,2014,TRBF-80
767,4601,Chevrolet,Spark,2020,LSSL-08
768,1354,Kia,Sportage,2012,CRWP-43
769,778,Suzuki,Swift,2014,YG-0559
770,488,Mazda,CX-5,2023,PLFJ-09
771,4862,Kia,Sportage,2020,FK-3460
772,1542,Chevrolet,Tracker,2023,HD-1049
773,3574,Mazda,CX-5,2024,GTTG-38
774,1661,Chevrolet,Spark,2018,HL-6729
775,3581,Toyota,Corolla,2014,HC-8347
776,981,Nissan,Versa,2021,JPFV-34
777,2798,Nissan,Sentra,2022,JWDR-90
778,133,Toyota,Yaris,2015,XRDW-78
779,4224,Suzuki,Baleno,2013,JHPZ-36
780,1417,Mazda,CX-5,2016,HYRK-71
781,4897,Nissan,Versa,2019,CHBY-14
782,165,Hyundai,Tucson,2025,VSTD-14
783,930,Hyundai,Tucson,2023,HTRC-54
784,3755,Nissan,Sentra,2019,DVWD-28
785,1752,Suzuki,Baleno,2015,TLWD-10
786,3210,Nissan,Versa,2016,RP-8450
787,2502,Toyota,RAV4,2012,Z-3216
788,1443,Toyota,Corolla,2025,FCJL-56
789,3620,Toyota,Yaris,2017,RLBC-88
790,2886,Hyundai,Tucson,2013,PRLJ-11
791,3078,Hyundai,Accent,2019,VP-5816
792,4055,Suzuki,Swift,2015,TTDY-73
793,3091,Chevrolet,Spark,2015,GA-5763
794,1261,Kia,Rio,2021,DJSX-94
795,1193,Mazda,Mazda3,2013,YD-4106
796,876,Mazda,CX-5,2015,XZKL-08
797,2698,Suzuki,Baleno,2022,FH-8727
798,836,Hyundai,Accent,2012,WYWB-39
799,2328,Chevrolet,Tracker,2023,SHTC-06
800,2603,Nissan,Versa,2019,DSHT-40
801,4408,Mazda,CX-5,2023,LK-5513
802,4367,Nissan,Sentra,2015,VYHZ-42
803,3755,Kia,Sportage,2025,ZCCK-50
804,752,Nissan,Versa,2012,SVXL-78
805,826,Chevrolet,Tracker,2021,ZW-6142
806,847,Kia,Rio,2015,VTKK-93
807,2152,Chevrolet,Tracker,2018,TVLV-81
808,3656,Kia,Sportage,2012,PR-603
809,2911,Mazda,Mazda3,2015,BXFH-79
810,4960,Mazda,Mazda3,2014,DTSX-00
811,2025,Hyundai,Tucson,2024,XJVW-08
812,1825,Hyundai,Accent,2023,XR-4867
813,1888,Hyundai,Accent,2012,DRBJ-72
814,3708,Suzuki,Swift,2012,RZBS-26
815,3300,Suzuki,Baleno,2022,RKDY-86
816,3514,Hyundai,Accent,2016,FPJR-13
817,3882,Chevrolet,Spark,2021,RPKK-41
818,2547,Suzuki,Baleno,2014,CXHZ-30
819,3163,Toyota,Yaris,2012,CZGC-12
820,3357,Nissan,Versa,2014,WCCZ-34
821,2753,Hyundai,Accent,2021,LKPP-21
822,518,Chevrolet,Spark,2020,XPCV-63
823,426,Chevrolet,Tracker,2023,WGRL-15
824,2049,Kia,Rio,2012,PA-7919
825,3658,Suzuki,Baleno,2015,RHPR-11
826,1936,Chevrolet,Spark,2013,YR-8119
827,3195,Kia,Sportage,2023,LLPD-25
828,4061,Toyota,Corolla,2015,PR-695
829,3485,Nissan,Versa,2017,GJHX-82
830,345,Toyota,RAV4,2017,TSSL-09
831,2317,Suzuki,Baleno,2024,FHCT-28
832,3841,Hyundai,Tucson,2017,ZDGD-70
833,192,Suzuki,Baleno,2025,AB-4320
834,2152,Toyota,Yaris,2019,ZI-0165
835,4053,Nissan,Sentra,2024,GY-8912
836,2587,Mazda,CX-5,2020,PHYL-79
837,612,Mazda,Mazda3,2021,TLRH-47
838,1993,Toyota,Yaris,2018,ZZKV-51
839,1310,Mazda,CX-5,2021,CP-3232
840,512,Kia,Sportage,2020,ZLWC-83
841,3804,Mazda,CX-5,2019,CZGR-53
842,2373,Suzuki,Baleno,2016,PRSZ-54
843,2505,Toyota,Corolla,2015,XB-2710
844,2715,Suzuki,Baleno,2016,RTXD-49
845,3671,Toyota,Corolla,2015,CC-2115
846,4731,Nissan,Versa,2023,LD-2635
847,3792,Nissan,Versa,2012,XKVH-94
848,2255,Mazda,Mazda3,2016,RBLP-42
849,2096,Hyundai,Tucson,2024,BSVW-44
850,3598,Chevrolet,Spark,2014,BPBS-50
851,840,Suzuki,Baleno,2019,RX-1494
852,4876,Suzuki,Swift,2018,YVFS-00
853,590,Kia,Rio,2017,YRYS-30
854,3143,Suzuki,Swift,2021,VHTD-38
855,2741,Chevrolet,Tracker,2025,PR-899
856,2674,Kia,Rio,2022,SRBC-88
857,2884,Mazda,CX-5,2022,FHCK-61
858,153,Mazda,Mazda3,2017,HFDF-31
859,1773,Hyundai,Tucson,2012,KGZD-90
860,1592,Hyundai,Tucson,2013,CHXT-22
861,3574,Suzuki,Swift,2015,BDVV-29
862,4611,Suzuki,Baleno,2015,KRRR-61
863,2375,Nissan,Sentra,2020,LG-0668
864,1443,Nissan,Versa,2025,PVWY-75
865,3073,Mazda,CX-5,2014,VTGF-03
866,646,Nissan,Sentra,2015,WD-9133
867,4394,Mazda,CX-5,2020,RP-5515
868,2724,Nissan,Sentra,2022,KGVY-38
869,4780,Chevrolet,Tracker,2019,ZW-6362
870,3199,Mazda,Mazda3,2014,JBJW-65
871,1165,Nissan,Versa,2025,SVHS-37
872,202,Chevrolet,Tracker,2018,FZRD-51
873,4067,Suzuki,Swift,2023,CTPY-18
874,3127,Suzuki,Swift,2014,JZYT-17
875,1923,Hyundai,Accent,2014,GJVT-01
876,2403,Mazda,Mazda3,2014,TGVZ-52
877,1592,Toyota,RAV4,2021,ZXRK-43
878,4854,Chevrolet,Tracker,2017,RPHJ-36
879,268,Mazda,Mazda3,2015,KGSZ-21
880,1557,Toyota,Corolla,2023,SVYD-92
881,516,Mazda,CX-5,2016,JWDD-49
882,4361,Kia,Sportage,2024,ZKXC-65
883,3370,Chevrolet,Tracker,2014,RP-7388
884,2479,Mazda,Mazda3,2018,FFFJ-67
885,2402,Nissan,Sentra,2021,VLZK-28
886,146,Nissan,Versa,2019,XWTX-22
887,1837,Chevrolet,Tracker,2025,FHKJ-50
888,1680,Chevrolet,Tracker,2020,DPGG-49
889,3751,Nissan,Sentra,2023,PR-144
890,2822,Mazda,Mazda3,2012,DG-4786
891,2014,Mazda,Mazda3,2012,YH-2419
892,4184,Suzuki,Baleno,2019,JDGV-28
893,3715,Mazda,Mazda3,2016,ZCWT-43
894,375,Toyota,Yaris,2014,KJCF-66
895,3129,Kia,Rio,2016,XH-1363
896,3371,Mazda,Mazda3,2018,ZSGV-45
897,1256,Toyota,Corolla,2025,ZDFH-05
898,1597,Mazda,CX-5,2018,HTBS-91
899,3503,Kia,Rio,2015,YTTZ-01
900,372,Kia,Sportage,2015,YY-2680
901,1581,Nissan,Sentra,2025,WZLZ-19
902,4065,Hyundai,Accent,2015,PWGK-61
903,2847,Nissan,Sentra,2016,YTFD-32
904,3714,Mazda,CX-5,2022,Z-4426
905,359,Chevrolet,Spark,2025,CVYV-95
906,1289,Suzuki,Swift,2013,RP-1667
907,430,Suzuki,Swift,2015,BFXX-51
908,127,Nissan,Sentra,2014,BDSL-19
909,1890,Kia,Rio,2024,FHPH-84
910,4234,Mazda,CX-5,2023,PJDW-11
911,3465,Chevrolet,Tracker,2020,FPBD-11
912,1356,Nissan,Versa,2015,FS-2452
913,3812,Hyundai,Accent,2024,CV-9524
914,428,Chevrolet,Tracker,2020,CJYH-69
915,2712,Toyota,Yaris,2018,PPCH-54
916,3626,Toyota,RAV4,2021,DLYX-99
917,3838,Mazda,Mazda3,2023,ZFPR-45
918,3372,Toyota,RAV4,2020,HGLJ-24
919,2928,Kia,Sportage,2020,XZ-7086
920,3031,Toyota,Corolla,2015,LS-4475
921,4671,Mazda,CX-5,2016,VZVJ-90
922,800,Kia,Sportage,2013,BDKH-12
923,4357,Toyota,Yaris,2021,KLBZ-57
924,1351,Mazda,CX-5,2017,WP-7462
925,617,Hyundai,Tucson,2017,PR-440
926,2522,Suzuki,Swift,2023,RP-2659
927,684,Chevrolet,Tracker,2017,RRGG-62
928,1571,Toyota,RAV4,2018,TRXC-97
929,2009,Toyota,RAV4,2014,SGRR-52
930,4176,Suzuki,Swift,2017,CYVF-11
931,521,Toyota,Corolla,2024,KT-3503
932,4252,Nissan,Sentra,2025,SVJL-72
933,2635,Toyota,Yaris,2012,CHPG-81
934,3879,Hyundai,Tucson,2021,RPRH-98
935,1806,Suzuki,Swift,2024,DTKR-84
936,717,Chevrolet,Tracker,2019,RXBC-21
937,4292,Hyundai,Tucson,2020,GRJS-14
938,633,Suzuki,Baleno,2013,JJ-8464
939,4521,Chevrolet,Tracker,2019,HFHX-62
940,2574,Suzuki,Swift,2025,AG-5493
941,984,Kia,Sportage,2016,AL-8644
942,3216,Toyota,RAV4,2013,VXHB-05
943,3820,Mazda,CX-5,2015,JF-1137
944,1509,Chevrolet,Spark,2023,KPDT-88
945,4099,Toyota,Yaris,2023,CSFP-12
946,3651,Mazda,Mazda3,2016,CC-7332
947,1993,Mazda,Mazda3,2021,CD-4708
948,3050,Chevrolet,Spark,2023,CD-6106
949,271,Suzuki,Baleno,2017,PJFT-61
950,1127,Hyundai,Tucson,2025,HFCH-86
951,4955,Nissan,Versa,2015,SGZT-58
952,1119,Nissan,Versa,2025,HTPP-30
953,1681,Chevrolet,Spark,2020,CXKS-53
954,3957,Chevrolet,Spark,2014,XCFX-98
955,12,Mazda,Mazda3,2015,HRSJ-88
956,2977,Toyota,RAV4,2023,CYJC-52
957,3254,Mazda,CX-5,2016,RSWK-64
958,637,Mazda,CX-5,2025,RTBJ-83
959,2615,Kia,Rio,2018,LGVK-90
960,4608,Suzuki,Swift,2020,WLTY-91
961,2393,Chevrolet,Spark,2022,GZLF-87
962,2838,Nissan,Sentra,2021,HZYP-40
963,1071,Nissan,Versa,2020,XGDL-71
964,869,Toyota,Yaris,2017,YRLV-01
965,4750,Toyota,Corolla,2020,CCVL-23
966,4454,Kia,Sportage,2025,FWPP-39
967,1583,Kia,Sportage,2022,VHFV-73
968,3519,Hyundai,Tucson,2017,SX-1207
969,3932,Nissan,Sentra,2014,PR-920
970,2474,Kia,Sportage,2019,CPWC-32
971,4933,Toyota,Corolla,2020,PR-945
972,1275,Suzuki,Baleno,2017,YZGC-02
973,2588,Nissan,Versa,2014,VDDJ-06
974,4915,Toyota,Corolla,2015,SZBG-50
975,544,Mazda,CX-5,2020,LVVB-30
976,1118,Hyundai,Accent,2017,RLWJ-77
977,3594,Hyundai,Tucson,2023,PTPW-77
978,1034,Suzuki,Swift,2022,GZVS-99
979,587,Nissan,Sentra,2019,RP-7702
980,4639,Kia,Sportage,2021,BV-5426
981,4613,Mazda,CX-5,2012,VVZP-36
982,4140,Chevrolet,Spark,2020,LDYD-64
983,161,Suzuki,Swift,2015,GJ-0093
984,2621,Chevrolet,Tracker,2020,TG-4456
985,4302,Hyundai,Accent,2021,YZFX-79
986,3553,Suzuki,Baleno,2022,GB-4664
987,2387,Chevrolet,Spark,2015,WTDL-17
988,2611,Hyundai,Tucson,2014,DDSB-30
989,1233,Suzuki,Swift,2019,WDKH-63
990,1752,Chevrolet,Tracker,2022,CD-1674
991,512,Kia,Rio,2025,PC-4039
992,2890,Hyundai,Tucson,2017,TZ-7468
993,3983,Kia,Rio,2018,KG-0706
994,2155,Kia,Rio,2012,RBZR-01
995,4385,Hyundai,Accent,2020,RP-7586
996,3265,Chevrolet,Spark,2019,KA-4769
997,2453,Toyota,Corolla,2018,Z-3912
998,3696,Toyota,RAV4,2022,Z-6562
999,2491,Suzuki,Baleno,2021,WKRH-82
1000,1955,Toyota,Corolla,2017,GXBK-39
1001,3033,Nissan,Sentra,2013,ZYLR-58
1002,769,Kia,Rio,2019,JSPP-45
1003,4900,Chevrolet,Tracker,2022,BTKR-13
1004,388,Hyundai,Tucson,2020,DLTJ-18
1005,3427,Hyundai,Tucson,2013,AB-2420
1006,3821,Toyota,Corolla,2012,TB-0010
1007,4716,Kia,Rio,2022,HL-3875
1008,1474,Toyota,Yaris,2014,PW-7070
1009,470,Hyundai,Tucson,2021,JTTS-31
1010,4294,Toyota,Yaris,2016,VGPT-21
1011,1458,Mazda,Mazda3,2013,Z-7452
1012,4565,Hyundai,Tucson,2018,LB-1645
1013,2473,Suzuki,Swift,2013,PR-692
1014,1361,Kia,Rio,2021,GDSZ-54
1015,4212,Chevrolet,Tracker,2015,RKJS-20
1016,2718,Toyota,RAV4,2012,JH-6829
1017,1604,Suzuki,Swift,2014,BXLS-50
1018,1441,Nissan,Sentra,2016,SS-1474
1019,1302,Mazda,Mazda3,2016,JSJV-44
1020,500,Toyota,Corolla,2023,ZLHK-56
1021,2300,Chevrolet,Tracker,2017,DBTR-08
1022,1375,Mazda,Mazda3,2016,PR-200
1023,3654,Toyota,RAV4,2025,PVPP-06
1024,1820,Chevrolet,Spark,2013,VW-5393
1025,719,Chevrolet,Tracker,2018,PP-9531
1026,4779,Mazda,CX-5,2024,HPVP-26
1027,2078,Hyundai,Tucson,2012,SDRJ-48
1028,924,Kia,Rio,2020,TGST-86
1029,3584,Nissan,Versa,2016,XCYT-06
1030,4585,Nissan,Versa,2016,KPBD-99
1031,1620,Chevrolet,Tracker,2014,BZCL-71
1032,364,Mazda,CX-5,2017,DSHL-96
1033,3365,Hyundai,Accent,2022,DL-3507
1034,1964,Hyundai,Tucson,2018,SKDR-81
1035,4091,Kia,Sportage,2012,VC-2518
1036,4081,Toyota,RAV4,2015,LHXD-86
1037,696,Nissan,Sentra,2021,FG-1694
1038,1632,Chevrolet,Spark,2013,BLXJ-45
1039,618,Toyota,Yaris,2024,Z-1415
1040,4829,Mazda,CX-5,2020,JRJK-28
1041,3393,Hyundai,Tucson,2020,RP-5033
1042,1038,Nissan,Sentra,2024,CBJF-20
1043,3758,Nissan,Sentra,2021,HCJD-32
1044,2457,Suzuki,Swift,2022,PV-8358
1045,2303,Toyota,RAV4,2016,PLHX-02
1046,1917,Chevrolet,Tracker,2018,TWXJ-52
1047,1407,Suzuki,Baleno,2015,AS-7738
1048,196,Nissan,Versa,2012,CHCT-32
1049,3802,Suzuki,Swift,2024,GDVT-98
1050,3166,Hyundai,Tucson,2023,XGSX-09
1051,2076,Suzuki,Swift,2023,HLBR-82
1052,4707,Chevrolet,Tracker,2023,ZCWR-76
1053,1737,Hyundai,Accent,2015,CV-1527
1054,2533,Toyota,Corolla,2014,DXZW-23
1055,3330,Kia,Sportage,2024,PR-957
1056,1057,Chevrolet,Spark,2012,GJ-0203
1057,4924,Chevrolet,Tracker,2016,ZGWP-97
1058,107,Nissan,Sentra,2014,XWGC-89
1059,1405,Hyundai,Tucson,2019,CY-7418
1060,21,Toyota,Corolla,2025,SZPH-65
1061,2936,Toyota,Corolla,2025,RP-1749
1062,1140,Suzuki,Swift,2012,GK-6025
1063,3770,Mazda,Mazda3,2018,RBSK-91
1064,698,Nissan,Sentra,2020,LLYD-01
1065,3033,Chevrolet,Spark,2012,BYWT-83
1066,298,Toyota,Yaris,2020,Z-6673
1067,1619,Hyundai,Accent,2013,SS-5900
1068,2250,Suzuki,Baleno,2021,PPKT-34
1069,2735,Hyundai,Accent,2022,LT-9756
1070,3988,Hyundai,Tucson,2013,VKRH-15
1071,1628,Kia,Sportage,2014,LVYT-19
1072,4593,Toyota,Corolla,2013,FYWX-02
1073,4973,Hyundai,Accent,2022,FWDW-02
1074,3000,Nissan,Sentra,2023,CDJY-27
1075,2837,Kia,Rio,2019,CZJD-40
1076,4583,Kia,Sportage,2015,LXGW-88
1077,1538,Toyota,Corolla,2023,DZKF-42
1078,4523,Mazda,CX-5,2018,PR-822
1079,1717,Mazda,Mazda3,2012,KFYT-73
1080,1297,Toyota,Corolla,2017,FRLS-88
1081,3002,Mazda,Mazda3,2018,SY-0301
1082,3271,Chevrolet,Tracker,2019,HLCV-43
1083,955,Toyota,RAV4,2016,CPXX-66
1084,3300,Toyota,Corolla,2013,CZCT-03
1085,630,Toyota,Yaris,2022,RFYW-65
1086,4611,Suzuki,Swift,2020,JYLL-22
1087,2229,Mazda,CX-5,2025,GPTB-76
1088,360,Mazda,CX-5,2013,Z-7744
1089,4898,Nissan,Versa,2015,CHTY-43
1090,3375,Nissan,Versa,2018,VY-4350
1091,2697,Mazda,Mazda3,2020,PR-530
1092,3138,Nissan,Sentra,2015,KF-5445
1093,4883,Kia,Sportage,2025,VTHP-45
1094,1665,Suzuki,Baleno,2012,LDJT-40
1095,4008,Mazda,Mazda3,2020,FL-9706
1096,4615,Toyota,Yaris,2025,HKKB-55
1097,132,Nissan,Sentra,2023,ZLRJ-48
1098,4343,Hyundai,Tucson,2017,GCTS-97
1099,2232,Mazda,Mazda3,2024,YB-2886
1100,134,Mazda,Mazda3,2015,FH-0684
1101,2669,Hyundai,Accent,2023,XHDK-99
1102,4984,Kia,Rio,2025,PSFY-20
1103,2235,Toyota,Yaris,2017,YLHJ-02
1104,2691,Suzuki,Baleno,2012,BW-6419
1105,220,Toyota,Yaris,2019,VKXF-68
1106,2683,Chevrolet,Tracker,2013,TPGC-99
1107,161,Chevrolet,Spark,2014,FSJH-46
1108,1656,Mazda,CX-5,2021,JSKV-57
1109,2920,Chevrolet,Tracker,2017,PR-443
1110,3166,Suzuki,Swift,2023,TVLR-23
1111,542,Hyundai,Tucson,2023,GH-6525
1112,844,Kia,Rio,2013,YPCD-65
1113,2312,Suzuki,Swift,2024,BTHG-74
1114,2654,Suzuki,Swift,2023,PR-706
1115,1771,Suzuki,Swift,2025,CCDJ-72
1116,1817,Suzuki,Baleno,2023,PG-6663
1117,2840,Nissan,Versa,2021,WBJR-57
1118,1948,Chevrolet,Spark,2023,XGKH-55
1119,3475,Toyota,Yaris,2024,XTKB-01
1120,3515,Suzuki,Swift,2015,PR-050
1121,803,Nissan,Versa,2021,ZC-6952
1122,1038,Hyundai,Tucson,2014,CRCZ-65
1123,4452,Kia,Rio,2024,BPJX-10
1124,3163,Kia,Sportage,2018,JY-4189
1125,2819,Suzuki,Swift,2021,KR-0099
1126,2969,Suzuki,Swift,2012,CFJW-10
1127,3395,Chevrolet,Tracker,2023,DBFD-56
1128,3493,Nissan,Sentra,2012,TGHH-27
1129,2361,Chevrolet,Spark,2014,WRPK-01
1130,958,Nissan,Versa,2025,WF-4177
1131,198,Suzuki,Swift,2013,XD-9795
1132,1156,Toyota,RAV4,2015,BY-0267
1133,3157,Nissan,Versa,2018,HZSV-42
1134,3239,Hyundai,Accent,2015,VPCP-85
1135,4504,Suzuki,Swift,2025,PPDZ-25
1136,3883,Toyota,RAV4,2013,KBFJ-40
1137,4619,Toyota,Corolla,2023,RP-6673
1138,3986,Mazda,CX-5,2024,FL-8604
1139,4168,Nissan,Sentra,2012,SPPW-37
1140,4120,Chevrolet,Tracker,2023,VKRT-36
1141,1629,Kia,Rio,2019,GVGC-30
1142,3722,Suzuki,Baleno,2025,ZVVJ-71
1143,4353,Toyota,Yaris,2013,PR-4073
1144,2996,Kia,Rio,2022,RX-1960
1145,2610,Hyundai,Accent,2020,RP-4184
1146,2787,Hyundai,Accent,2023,BGBX-40
1147,674,Mazda,Mazda3,2017,CXCV-28
1148,3815,Hyundai,Tucson,2019,DI-8712
1149,3511,Mazda,Mazda3,2019,KHZR-35
1150,163,Chevrolet,Tracker,2017,TZBG-13
1151,897,Suzuki,Swift,2018,JJBZ-46
1152,4448,Toyota,RAV4,2023,WYCS-79
1153,1587,Mazda,Mazda3,2018,PR-599
1154,1315,Kia,Rio,2012,JG-9617
1155,3404,Nissan,Versa,2018,GSCL-53
1156,4766,Chevrolet,Spark,2012,JDWT-88
1157,1070,Suzuki,Baleno,2024,KF-3898
1158,4706,Mazda,Mazda3,2018,ZXFG-55
1159,3755,Mazda,Mazda3,2015,SJGX-14
1160,4581,Mazda,Mazda3,2021,PY-5646
1161,1304,Nissan,Sentra,2019,TF-1140
1162,33,Mazda,CX-5,2015,DP-3214
1163,4538,Nissan,Versa,2017,ZV-3462
1164,4563,Nissan,Versa,2019,PR-302
1165,4705,Nissan,Sentra,2024,DGBC-65
1166,4198,Hyundai,Tucson,2025,PR-101
1167,690,Nissan,Versa,2022,VK-8878
1168,1158,Chevrolet,Spark,2017,WYHW-08
1169,2945,Kia,Sportage,2016,TBZT-95
1170,4246,Chevrolet,Spark,2012,XXJV-92
1171,3165,Toyota,RAV4,2024,JCKC-18
1172,4134,Kia,Sportage,2016,RGWP-46
1173,2486,Mazda,CX-5,2012,BKBT-45
1174,365,Toyota,Yaris,2015,PR-502
1175,3096,Hyundai,Tucson,2021,DSDH-48
1176,2812,Hyundai,Accent,2024,XGJD-73
1177,2768,Toyota,RAV4,2014,HLFG-13
1178,4780,Toyota,Corolla,2012,YXDV-53
1179,998,Mazda,CX-5,2019,CPKD-07
1180,3970,Toyota,Yaris,2021,LPKJ-07
1181,4990,Kia,Rio,2020,VWKX-16
1182,2578,Toyota,Yaris,2016,JRVV-45
1183,1719,Nissan,Sentra,2017,KKRW-17
1184,1328,Mazda,CX-5,2018,HZYD-48
1185,3030,Nissan,Sentra,2016,RP-7239
1186,4817,Mazda,Mazda3,2015,BZGH-89
1187,3800,Hyundai,Tucson,2016,HZJX-82
1188,1650,Hyundai,Accent,2020,GI-7982
1189,2961,Hyundai,Accent,2017,VZSX-65
1190,1884,Suzuki,Baleno,2019,DJLD-90
1191,2244,Suzuki,Baleno,2025,KYWX-17
1192,704,Chevrolet,Spark,2014,LA-5570
1193,4807,Kia,Rio,2012,GPGS-60
1194,2833,Chevrolet,Tracker,2012,YT-5786
1195,2410,Suzuki,Swift,2013,SDJW-19
1196,3877,Toyota,Corolla,2021,CI-3914
1197,2014,Nissan,Sentra,2023,YTHP-19
1198,2075,Nissan,Sentra,2016,LF-1167
1199,1359,Nissan,Versa,2023,RV-5249
1200,3272,Chevrolet,Spark,2020,LLJG-22
1201,4868,Hyundai,Tucson,2016,HPVS-68
1202,209,Chevrolet,Tracker,2023,BCHX-43
1203,3309,Nissan,Versa,2023,JCBR-58
1204,4127,Mazda,Mazda3,2020,DKRD-82
1205,3013,Nissan,Versa,2014,BHFY-87
1206,2503,Hyundai,Accent,2014,GZXJ-48
1207,2466,Hyundai,Accent,2013,GP-0451
1208,3943,Nissan,Versa,2020,HVKT-41
1209,1251,Mazda,CX-5,2023,ZGWR-39
1210,4322,Hyundai,Accent,2021,BJHG-97
1211,1846,Kia,Sportage,2013,XZFR-19
1212,3590,Kia,Rio,2015,XCYF-70
1213,3138,Toyota,Corolla,2014,PKJW-97
1214,3049,Hyundai,Accent,2014,ZWKB-52
1215,3638,Toyota,RAV4,2021,HRGT-41
1216,2115,Chevrolet,Spark,2013,Z-4371
1217,2460,Mazda,Mazda3,2013,VWCV-68
1218,3774,Suzuki,Baleno,2014,RDDK-86
1219,750,Mazda,Mazda3,2014,HJBK-45
1220,2098,Suzuki,Baleno,2014,PR-177
1221,1317,Suzuki,Baleno,2018,LDLF-18
1222,2445,Hyundai,Accent,2025,RHLS-61
1223,1866,Toyota,Corolla,2014,VFLD-53
1224,875,Suzuki,Baleno,2014,KI-0056
1225,4446,Suzuki,Swift,2017,WRGV-99
1226,336,Kia,Sportage,2017,FHGF-95
1227,4764,Mazda,CX-5,2012,Z-6103
1228,4165,Chevrolet,Tracker,2019,SRCS-11
1229,3684,Hyundai,Tucson,2025,GJDY-53
1230,2872,Suzuki,Baleno,2016,XWTH-74
1231,398,Mazda,CX-5,2024,HX-9803
1232,1329,Mazda,CX-5,2015,RP-7949
1233,4817,Nissan,Versa,2012,WYXT-03
1234,1592,Hyundai,Accent,2025,LXYB-87
1235,1843,Kia,Sportage,2022,PBPS-01
1236,202,Hyundai,Tucson,2014,BZDX-53
1237,520,Chevrolet,Tracker,2015,LBXP-09
1238,1601,Chevrolet,Tracker,2018,ZZYB-56
1239,3470,Chevrolet,Tracker,2017,BS-5273
1240,2375,Suzuki,Swift,2015,RXTZ-13
1241,3888,Hyundai,Tucson,2014,SVLP-40
1242,4848,Kia,Rio,2016,LSTK-42
1243,224,Mazda,CX-5,2012,RFWB-69
1244,3454,Nissan,Sentra,2020,RL-9054
1245,4179,Mazda,Mazda3,2015,WGBL-05
1246,400,Toyota,Corolla,2013,ZGFC-06
1247,4283,Chevrolet,Tracker,2013,PR-974
1248,2270,Suzuki,Swift,2021,PR-248
1249,1667,Hyundai,Tucson,2014,RP-1052
1250,4555,Hyundai,Tucson,2012,GJSR-62
1251,1928,Nissan,Sentra,2016,VJPY-94
1252,4251,Toyota,Yaris,2023,Z-5561
1253,653,Suzuki,Swift,2018,PR-472
1254,254,Kia,Sportage,2023,DSZB-19
1255,318,Toyota,RAV4,2021,BYPR-60
1256,1370,Nissan,Sentra,2016,XBCL-78
1257,3538,Chevrolet,Spark,2022,VFWV-45
1258,4605,Kia,Rio,2020,XDXC-41
1259,692,Kia,Rio,2021,Z-3213
1260,4138,Hyundai,Accent,2022,HPKG-84
1261,89,Chevrolet,Tracker,2022,PC-3055
1262,4258,Kia,Rio,2013,RBTP-01
1263,206,Nissan,Versa,2024,HTXK-94
1264,244,Chevrolet,Spark,2014,GVJD-81
1265,4268,Suzuki,Baleno,2015,FS-1584
1266,4018,Hyundai,Accent,2021,KSXJ-70
1267,190,Hyundai,Tucson,2017,VS-8912
1268,811,Chevrolet,Tracker,2022,GTGD-37
1269,2680,Kia,Rio,2024,XLTJ-34
1270,1350,Hyundai,Tucson,2015,KHLY-60
1271,1044,Suzuki,Baleno,2016,CYPS-92
1272,4404,Kia,Sportage,2022,DFCV-69
1273,710,Toyota,Yaris,2021,JZLL-89
1274,208,Hyundai,Accent,2016,YB-7353
1275,4087,Mazda,Mazda3,2017,FD-0817
1276,100,Mazda,CX-5,2014,XHLB-37
1277,2722,Kia,Sportage,2015,PR-237
1278,111,Hyundai,Accent,2020,PR-863
1279,4921,Nissan,Versa,2013,SPZV-63
1280,3193,Kia,Rio,2014,FA-7121
1281,1487,Chevrolet,Tracker,2012,LP-8805
1282,1506,Chevrolet,Tracker,2015,SR-9526
1283,1909,Nissan,Sentra,2021,TGFP-47
1284,4888,Nissan,Versa,2013,YX-4414
1285,4999,Toyota,RAV4,2013,FR-4574
1286,1131,Suzuki,Baleno,2019,DLDW-19
1287,2389,Hyundai,Tucson,2013,VYWH-00
1288,1290,Suzuki,Baleno,2017,PR-863
1289,2486,Chevrolet,Spark,2018,CJFR-89
1290,2458,Hyundai,Tucson,2017,VKBS-96
1291,1599,Nissan,Versa,2014,YG-9690
1292,3802,Toyota,Corolla,2019,LSDV-15
1293,710,Nissan,Versa,2018,RV-6565
1294,2391,Toyota,Corolla,2021,GJGY-78
1295,1171,Toyota,RAV4,2018,PR-731
1296,1940,Kia,Rio,2021,XBDC-40
1297,3338,Kia,Rio,2022,WXFG-39
1298,2321,Suzuki,Baleno,2025,GA-5595
1299,3324,Mazda,Mazda3,2016,DY-7459
1300,3816,Nissan,Versa,2017,SGXX-58
1301,476,Toyota,Yaris,2012,JZSW-98
1302,3066,Mazda,Mazda3,2017,JS-0116
1303,4194,Chevrolet,Tracker,2013,SLZL-88
1304,4725,Suzuki,Swift,2020,WR-5076
1305,1832,Kia,Sportage,2016,BWRR-78
1306,3763,Hyundai,Accent,2023,CGPX-49
1307,389,Hyundai,Tucson,2013,LRKP-94
1308,2876,Chevrolet,Tracker,2012,ZTRC-56
1309,3369,Toyota,Yaris,2018,FZTS-97
1310,1249,Mazda,CX-5,2025,Z-0004
1311,2562,Suzuki,Baleno,2020,HZJW-06
1312,2363,Chevrolet,Tracker,2024,JRJC-61
1313,1744,Kia,Sportage,2022,GPXT-55
1314,4166,Nissan,Versa,2014,LYWJ-97
1315,3334,Mazda,Mazda3,2013,CKLV-18
1316,1492,Toyota,Yaris,2018,GSPH-72
1317,3396,Kia,Sportage,2017,CPXL-19
1318,3848,Chevrolet,Tracker,2025,LFPS-73
1319,4742,Hyundai,Accent,2014,CDJG-98
1320,3466,Mazda,Mazda3,2020,CWXF-21
1321,1649,Hyundai,Tucson,2017,JI-4453
1322,1927,Nissan,Sentra,2021,BPSP-87
1323,3918,Mazda,Mazda3,2012,CC-2312
1324,4728,Nissan,Versa,2014,FLBS-57
1325,2275,Mazda,Mazda3,2022,ZSPX-63
1326,280,Toyota,RAV4,2019,JW-4796
1327,2005,Toyota,Corolla,2014,SKWV-76
1328,369,Hyundai,Accent,2022,GCGW-62
1329,4743,Nissan,Sentra,2022,DHWJ-50
1330,2635,Chevrolet,Spark,2021,JJFS-38
1331,4623,Suzuki,Baleno,2016,Z-9625
1332,1131,Chevrolet,Tracker,2012,TVSH-70
1333,4752,Mazda,Mazda3,2024,BJPR-64
1334,3278,Mazda,CX-5,2022,JWFD-58
1335,3502,Toyota,Corolla,2019,AZ-3094
1336,691,Hyundai,Tucson,2020,BSFT-42
1337,4111,Hyundai,Tucson,2020,RDRC-84
1338,2775,Mazda,CX-5,2023,LY-2761
1339,3920,Toyota,RAV4,2012,BTDX-04
1340,1813,Nissan,Sentra,2025,RH-7236
1341,194,Suzuki,Swift,2016,TKSF-60
1342,742,Toyota,Yaris,2023,SBLB-02
1343,623,Kia,Sportage,2017,PVZB-08
1344,3643,Mazda,CX-5,2013,RP-4565
1345,4129,Hyundai,Tucson,2023,PR-171
1346,580,Nissan,Sentra,2024,Z-2368
1347,715,Mazda,CX-5,2020,BK-8020
1348,3426,Suzuki,Baleno,2015,VBHX-94
1349,3781,Chevrolet,Spark,2013,YDKG-48
1350,4894,Suzuki,Baleno,2016,VXRD-49
1351,4422,Hyundai,Accent,2014,YFRC-68
1352,4758,Mazda,CX-5,2016,JGYY-65
1353,3132,Suzuki,Baleno,2013,DR-3485
1354,3141,Chevrolet,Tracker,2017,KKBG-18
1355,3893,Suzuki,Baleno,2019,GBLZ-84
1356,3609,Kia,Sportage,2023,CSHZ-28
1357,4062,Suzuki,Baleno,2021,WZWZ-38
1358,646,Suzuki,Swift,2025,TGFV-91
1359,3185,Nissan,Sentra,2016,CHKF-38
1360,1238,Toyota,Corolla,2023,BJ-3781
1361,53,Nissan,Sentra,2021,FY-0740
1362,1974,Nissan,Versa,2013,JWBB-88
1363,2467,Nissan,Sentra,2012,KWFL-97
1364,2258,Hyundai,Accent,2013,VZZB-82
1365,4241,Kia,Rio,2024,Z-9169
1366,1326,Chevrolet,Spark,2019,AF-2671
1367,1628,Toyota,RAV4,2019,CYRJ-11
1368,3282,Hyundai,Accent,2020,FWFZ-59
1369,77,Kia,Sportage,2021,HKFR-09
1370,297,Chevrolet,Tracker,2022,RJJG-57
1371,4348,Chevrolet,Tracker,2015,SFJT-10
1372,4580,Mazda,CX-5,2024,VFVB-51
1373,606,Toyota,RAV4,2013,FHYK-97
1374,4430,Mazda,CX-5,2022,CJ-8951
1375,2856,Nissan,Versa,2022,GSSZ-98
1376,1040,Kia,Sportage,2023,PR-590
1377,391,Nissan,Versa,2012,AK-7256
1378,2985,Suzuki,Swift,2024,FBZZ-11
1379,3053,Chevrolet,Spark,2012,HZWB-19
1380,2426,Chevrolet,Tracker,2024,HBBS-25
1381,3814,Nissan,Versa,2018,DPYG-56
1382,1810,Suzuki,Swift,2024,RP-8261
1383,1696,Suzuki,Swift,2025,RWKV-88
1384,3757,Kia,Rio,2025,ZSKP-88
1385,2605,Hyundai,Accent,2024,BPTG-29
1386,2647,Chevrolet,Spark,2023,ZS-0597
1387,4452,Suzuki,Swift,2013,GR-8147
1388,1102,Hyundai,Tucson,2018,VDXS-07
1389,742,Kia,Rio,2020,VRWK-08
1390,4733,Kia,Rio,2015,YRJJ-27
1391,957,Nissan,Sentra,2022,ZK-8973
1392,4195,Kia,Sportage,2023,RYFG-04
1393,2978,Hyundai,Accent,2020,WZ-6961
1394,2133,Suzuki,Baleno,2012,WDRH-37
1395,728,Chevrolet,Spark,2017,RXJW-52
1396,3917,Chevrolet,Tracker,2012,JZJZ-37
1397,1259,Mazda,Mazda3,2016,SB-9230
1398,2661,Chevrolet,Tracker,2012,TRFD-93
1399,3124,Mazda,Mazda3,2012,LJSP-14
1400,1152,Mazda,Mazda3,2013,RKCZ-57
1401,357,Hyundai,Tucson,2019,FCPG-75
1402,171,Hyundai,Tucson,2023,LFCC-79
1403,3055,Chevrolet,Spark,2024,CWXR-44
1404,2045,Kia,Sportage,2012,PV-7262
1405,4884,Mazda,CX-5,2021,VDFX-57
1406,528,Hyundai,Tucson,2021,HL-5414
1407,10,Kia,Rio,2025,BDSW-63
1408,2842,Hyundai,Accent,2021,ZBVT-72
1409,3955,Kia,Sportage,2025,ZYKR-41
1410,3662,Hyundai,Tucson,2023,KHVS-25
1411,1010,Mazda,CX-5,2015,KZ-6694
1412,1017,Toyota,Corolla,2014,WTSV-53
1413,688,Nissan,Versa,2017,KKZG-87
1414,870,Nissan,Versa,2022,SRCB-01
1415,3434,Toyota,RAV4,2024,WXJS-68
1416,710,Toyota,Yaris,2021,SXKG-97
1417,4090,Nissan,Versa,2020,YXBP-05
1418,426,Nissan,Sentra,2018,SWTH-85
1419,253,Kia,Sportage,2013,Z-8811
1420,2357,Chevrolet,Tracker,2015,WVDG-31
1421,3854,Nissan,Sentra,2015,DK-7975
1422,3846,Nissan,Sentra,2017,LRHF-29
1423,758,Chevrolet,Tracker,2016,Z-0704
1424,2417,Suzuki,Swift,2014,XL-1404
1425,2057,Suzuki,Baleno,2019,ZBSY-07
1426,1780,Mazda,Mazda3,2022,RP-7314
1427,663,Toyota,Corolla,2017,YVLB-66
1428,4705,Chevrolet,Tracker,2021,KCXJ-17
1429,1813,Nissan,Sentra,2023,CD-9115
1430,2477,Toyota,Corolla,2022,RP-2822
1431,3126,Chevrolet,Tracker,2024,XZBR-84
1432,1283,Nissan,Versa,2018,HD-2645
1433,3006,Toyota,RAV4,2019,DFYH-00
1434,65,Hyundai,Accent,2023,FRLJ-93
1435,4439,Toyota,Yaris,2025,RSKK-66
1436,2515,Toyota,Corolla,2025,GHCJ-62
1437,2344,Chevrolet,Tracker,2015,RFVT-76
1438,1388,Hyundai,Tucson,2021,GPKS-69
1439,3009,Mazda,Mazda3,2021,ZJSS-80
1440,2864,Chevrolet,Tracker,2021,ZZKS-84
1441,2074,Chevrolet,Tracker,2014,CI-2588
1442,4238,Chevrolet,Tracker,2021,HZJZ-12
1443,414,Chevrolet,Spark,2013,SZSX-38
1444,237,Hyundai,Tucson,2020,DKKT-72
1445,2776,Hyundai,Accent,2023,ZP-4968
1446,3855,Suzuki,Swift,2016,VJ-9223
1447,3581,Hyundai,Tucson,2018,XW-7522
1448,3350,Suzuki,Swift,2015,LLBH-28
1449,1830,Toyota,Corolla,2016,XXKV-40
1450,1325,Nissan,Versa,2017,KX-6840
1451,596,Chevrolet,Tracker,2015,ZXKV-66
1452,192,Kia,Rio,2014,TGRH-79
1453,2436,Hyundai,Tucson,2019,PF-9553
1454,371,Nissan,Sentra,2022,FKYF-43
1455,4909,Kia,Sportage,2025,DG-4966
1456,2563,Chevrolet,Spark,2022,LHVZ-84
1457,2181,Hyundai,Tucson,2018,JPJB-10
1458,923,Kia,Rio,2023,BA-2047
1459,2459,Kia,Sportage,2014,LH-3679
1460,4156,Toyota,Yaris,2018,TVZB-97
1461,4898,Suzuki,Swift,2020,DH-4264
1462,1410,Kia,Rio,2013,ZZKY-09
1463,1236,Suzuki,Swift,2013,FRBH-57
1464,457,Chevrolet,Tracker,2015,VWKJ-79
1465,2827,Kia,Rio,2017,SGYL-59
1466,1217,Nissan,Versa,2025,PCVP-64
1467,3197,Kia,Rio,2018,VY-9037
1468,2214,Mazda,CX-5,2018,ZWBB-13
1469,4239,Nissan,Sentra,2023,CGGS-47
1470,2850,Suzuki,Swift,2021,Z-8751
1471,3113,Suzuki,Swift,2014,LFRH-16
1472,3463,Hyundai,Accent,2015,LHBS-63
1473,4500,Hyundai,Accent,2013,Z-0898
1474,4324,Suzuki,Baleno,2022,HPYZ-99
1475,3385,Chevrolet,Tracker,2013,RRLD-44
1476,3502,Mazda,CX-5,2025,WBDY-14
1477,3932,Nissan,Versa,2019,YL-5101
1478,3675,Suzuki,Baleno,2018,KV-1610
1479,4407,Mazda,Mazda3,2020,HSLS-77
1480,2674,Toyota,Yaris,2025,KJDC-24
1481,3460,Chevrolet,Tracker,2021,RXPZ-89
1482,2452,Hyundai,Tucson,2015,ZRPH-53
1483,2429,Chevrolet,Spark,2024,RGKJ-66
1484,3557,Kia,Rio,2025,ZKFD-25
1485,4571,Mazda,Mazda3,2017,XDKD-96
1486,3852,Kia,Sportage,2017,KFJJ-23
1487,431,Kia,Sportage,2018,LVBC-62
1488,2017,Kia,Rio,2018,HDVB-17
1489,2589,Mazda,CX-5,2023,DG-2818
1490,3500,Kia,Rio,2021,TSJT-31
1491,4864,Chevrolet,Spark,2018,WBRX-57
1492,3033,Nissan,Sentra,2015,BHJB-86
1493,4998,Mazda,Mazda3,2025,KLKC-73
1494,2559,Kia,Sportage,2025,DTTR-89
1495,1400,Nissan,Sentra,2013,PR-243
1496,1988,Kia,Rio,2021,TPLS-43
1497,3050,Mazda,Mazda3,2024,RVWX-84
1498,4945,Suzuki,Baleno,2012,BWCZ-10
1499,3696,Toyota,RAV4,2017,TFZJ-32
1500,2266,Toyota,RAV4,2024,TXDR-48
1501,1480,Chevrolet,Spark,2018,LXLX-57
1502,1914,Toyota,Yaris,2012,HJYS-41
1503,2211,Kia,Rio,2023,LWBS-96
1504,1227,Toyota,Yaris,2014,PYXG-99
1505,3474,Chevrolet,Tracker,2016,RP-7892
1506,4633,Toyota,Yaris,2017,YS-7411
1507,316,Mazda,CX-5,2024,WRCV-28
1508,4643,Kia,Sportage,2021,KJWL-33
1509,2354,Nissan,Versa,2018,PR-675
1510,1966,Hyundai,Accent,2022,SHXV-44
1511,3302,Suzuki,Baleno,2022,YZVD-89
1512,2016,Nissan,Versa,2017,ZRPD-44
1513,715,Toyota,RAV4,2022,TJ-9965
1514,1029,Hyundai,Tucson,2025,BVJL-16
1515,2176,Mazda,Mazda3,2022,WYCL-84
1516,1984,Suzuki,Baleno,2012,XKHB-60
1517,1427,Kia,Sportage,2016,CZPT-41
1518,2516,Nissan,Versa,2022,VP-7859
1519,1301,Toyota,RAV4,2020,XJ-2935
1520,176,Chevrolet,Tracker,2019,CC-1214
1521,1681,Hyundai,Accent,2014,SGTX-81
1522,3467,Nissan,Sentra,2014,KRPF-45
1523,2316,Mazda,CX-5,2017,TFYY-73
1524,2446,Kia,Sportage,2013,LB-7171
1525,2036,Chevrolet,Tracker,2014,HT-0377
1526,3178,Suzuki,Swift,2022,YVXP-94
1527,596,Kia,Sportage,2012,ZH-5186
1528,4768,Mazda,CX-5,2024,VWDF-19
1529,2066,Mazda,Mazda3,2021,RKKV-27
1530,3327,Chevrolet,Tracker,2014,KFBT-89
1531,4614,Toyota,RAV4,2012,GTBS-36
1532,1438,Mazda,Mazda3,2015,VGJY-71
1533,3484,Suzuki,Swift,2019,HJVK-28
1534,1371,Mazda,CX-5,2018,KKJP-37
1535,738,Kia,Rio,2025,FVBZ-95
1536,869,Mazda,Mazda3,2015,ZJBT-23
1537,243,Nissan,Versa,2013,VBRV-09
1538,4520,Hyundai,Accent,2024,HWZB-79
1539,2017,Hyundai,Accent,2016,RFKP-89
1540,4606,Nissan,Sentra,2012,PR-854
1541,2981,Nissan,Versa,2025,CC-0649
1542,2758,Kia,Rio,2021,SGCY-42
1543,1353,Nissan,Sentra,2024,GWWZ-53
1544,2142,Toyota,Yaris,2013,CRVR-54
1545,3520,Mazda,Mazda3,2015,LP-4220
1546,2083,Mazda,Mazda3,2016,WLDY-75
1547,2218,Kia,Sportage,2019,DSJR-35
1548,2752,Kia,Sportage,2018,LBCG-71
1549,4630,Nissan,Versa,2020,JCSD-52
1550,2997,Nissan,Versa,2023,BBLK-27
1551,4697,Suzuki,Swift,2012,XPBX-45
1552,1223,Mazda,Mazda3,2013,FFYL-18
1553,384,Toyota,Corolla,2014,TKFY-05
1554,1923,Mazda,Mazda3,2019,DZWD-92
1555,768,Toyota,Corolla,2020,Z-5407
1556,2496,Chevrolet,Spark,2014,FSBR-38
1557,1065,Nissan,Versa,2019,JPVJ-34
1558,987,Mazda,Mazda3,2012,KVYC-61
1559,4936,Toyota,RAV4,2013,TFBT-08
1560,581,Kia,Sportage,2019,CYKV-18
1561,4494,Toyota,RAV4,2014,KVWL-54
1562,2621,Toyota,RAV4,2024,VCZJ-05
1563,4784,Hyundai,Tucson,2014,TA-1788
1564,2262,Chevrolet,Spark,2013,PD-1362
1565,2692,Hyundai,Tucson,2018,XA-5589
1566,320,Chevrolet,Tracker,2020,PRWJ-10
1567,3164,Toyota,Corolla,2022,RP-9819
1568,3200,Toyota,Yaris,2015,XZYR-45
1569,175,Mazda,CX-5,2013,YYZT-16
1570,845,Kia,Sportage,2020,HCDW-34
1571,3209,Toyota,Corolla,2017,YYRH-48
1572,2811,Suzuki,Swift,2022,ZWXK-76
1573,3679,Suzuki,Baleno,2015,CJCG-02
1574,121,Mazda,Mazda3,2013,PR-144
1575,3943,Chevrolet,Tracker,2012,Z-5224
1576,4834,Kia,Sportage,2019,VZSG-94
1577,96,Hyundai,Accent,2024,KKFS-14
1578,2738,Chevrolet,Tracker,2020,GHHD-84
1579,2703,Toyota,Corolla,2015,FDVH-90
1580,1681,Hyundai,Tucson,2024,JH-0026
1581,41,Mazda,CX-5,2025,DR-7898
1582,2044,Mazda,Mazda3,2023,TPHR-89
1583,1972,Toyota,Yaris,2024,SHYJ-29
1584,3037,Mazda,Mazda3,2013,CLSY-42
1585,1848,Suzuki,Swift,2016,BZFV-24
1586,4444,Nissan,Sentra,2019,WZTS-74
1587,4399,Suzuki,Swift,2012,BYLS-90
1588,3577,Kia,Sportage,2021,JKDS-13
1589,1474,Kia,Rio,2015,YFXF-48
1590,3707,Kia,Sportage,2014,LP-3416
1591,2197,Suzuki,Baleno,2012,WRHG-44
1592,3356,Hyundai,Accent,2025,ZKBH-20
1593,4895,Chevrolet,Spark,2022,GPWP-85
1594,825,Nissan,Sentra,2025,DZDX-26
1595,1410,Kia,Sportage,2016,TW-5991
1596,1038,Mazda,CX-5,2017,RLRR-89
1597,3393,Toyota,RAV4,2019,ZGDT-01
1598,897,Chevrolet,Tracker,2024,RP-2620
1599,3699,Toyota,Yaris,2012,RP-6989
1600,1108,Hyundai,Tucson,2016,HTKS-33
1601,587,Toyota,Yaris,2021,KFDW-81
1602,711,Mazda,Mazda3,2014,CL-0974
1603,2827,Chevrolet,Tracker,2024,ZJSK-85
1604,2161,Suzuki,Baleno,2018,RVHX-68
1605,2142,Kia,Rio,2020,YPDY-62
1606,4328,Mazda,CX-5,2017,VV-1139
1607,517,Nissan,Sentra,2017,SXZK-02
1608,4087,Toyota,Corolla,2015,YH-6922
1609,1335,Suzuki,Baleno,2018,HJ-1241
1610,2067,Hyundai,Tucson,2021,LCWR-53
1611,4804,Mazda,CX-5,2019,PR-352
1612,2022,Suzuki,Baleno,2015,XRCL-05
1613,1537,Chevrolet,Spark,2024,PGLB-46
1614,3128,Toyota,Corolla,2019,BJLJ-18
1615,1421,Nissan,Versa,2024,LS-0878
1616,1594,Kia,Sportage,2016,DFCL-19
1617,40,Kia,Sportage,2016,VD-8614
1618,2,Kia,Sportage,2012,DKXF-06
1619,2415,Mazda,Mazda3,2014,SK-3123
1620,1545,Mazda,CX-5,2022,WLXV-25
1621,3376,Hyundai,Tucson,2018,DGLW-45
1622,956,Kia,Sportage,2014,THSX-79
1623,584,Chevrolet,Tracker,2013,CD-1790
1624,4276,Toyota,Corolla,2016,LYWH-11
1625,1136,Mazda,Mazda3,2017,BR-2921
1626,1325,Chevrolet,Spark,2022,YXDG-20
1627,1623,Suzuki,Baleno,2024,PT-4117
1628,1840,Hyundai,Tucson,2015,PR-539
1629,1043,Suzuki,Baleno,2012,WF-0190
1630,636,Chevrolet,Spark,2025,LVWG-90
1631,4342,Hyundai,Accent,2015,ZTYJ-28
1632,588,Kia,Sportage,2023,FK-0639
1633,676,Toyota,Corolla,2014,HFBC-30
1634,4326,Mazda,CX-5,2015,GKDC-54
1635,2490,Chevrolet,Spark,2014,WLXF-76
1636,434,Toyota,RAV4,2025,GHZW-83
1637,2241,Mazda,Mazda3,2018,LG-1808
1638,4721,Nissan,Sentra,2022,WKSX-18
1639,3488,Kia,Sportage,2020,WTRJ-00
1640,2850,Kia,Rio,2021,PJ-8629
1641,2151,Suzuki,Baleno,2018,BXSJ-27
1642,178,Suzuki,Baleno,2013,PR-686
1643,2463,Nissan,Versa,2025,LKVX-49
1644,863,Chevrolet,Tracker,2023,XCYS-42
1645,3051,Nissan,Sentra,2021,KL-3722
1646,4479,Suzuki,Swift,2022,VL-9111
1647,1210,Suzuki,Swift,2016,WWSD-29
1648,3611,Hyundai,Accent,2014,JRZJ-14
1649,33,Mazda,Mazda3,2012,TI-4049
1650,4834,Toyota,Yaris,2025,FHJC-97
1651,2192,Nissan,Sentra,2017,GSCW-63
1652,3965,Mazda,CX-5,2016,FCHG-00
1653,1412,Hyundai,Accent,2014,WXYW-80
1654,1410,Kia,Sportage,2025,ZFTC-79
1655,3070,Suzuki,Baleno,2019,RWZJ-91
1656,2152,Nissan,Versa,2018,ZXWR-43
1657,4525,Hyundai,Tucson,2022,BRLT-79
1658,2685,Chevrolet,Spark,2016,WJXF-74
1659,1913,Suzuki,Swift,2022,RZ-6142
1660,3179,Suzuki,Baleno,2024,PCSG-04
1661,1525,Hyundai,Accent,2024,YP-6080
1662,746,Suzuki,Baleno,2014,KT-7240
1663,3469,Suzuki,Swift,2024,PBYR-59
1664,4657,Kia,Rio,2025,FTBD-58
1665,430,Chevrolet,Tracker,2023,VXGW-98
1666,308,Hyundai,Tucson,2016,BBDW-60
1667,1109,Nissan,Sentra,2021,RP-0016
1668,3726,Hyundai,Accent,2012,PDDP-51
1669,3998,Nissan,Versa,2018,HBGH-65
1670,1750,Suzuki,Baleno,2025,YX-6332
1671,4998,Kia,Sportage,2021,PTVR-65
1672,585,Chevrolet,Spark,2025,WP-4328
1673,120,Toyota,Corolla,2025,HWPC-43
1674,4649,Mazda,CX-5,2013,PT-3165
1675,4559,Hyundai,Tucson,2024,KJHC-92
1676,4728,Toyota,Corolla,2021,ZW-3378
1677,892,Toyota,RAV4,2012,YJGY-89
1678,4449,Toyota,RAV4,2019,WH-7676
1679,4602,Kia,Sportage,2017,CSZW-19
1680,3583,Suzuki,Swift,2014,GJHB-90
1681,4731,Mazda,Mazda3,2016,DDKG-18
1682,2833,Chevrolet,Spark,2014,GFGC-20
1683,4281,Suzuki,Swift,2019,ZGLH-95
1684,3003,Mazda,CX-5,2025,AJ-5236
1685,666,Kia,Sportage,2024,GBFG-07
1686,4920,Nissan,Versa,2017,YRSY-66
1687,3024,Hyundai,Accent,2012,LW-6451
1688,3437,Nissan,Versa,2019,ZHFW-73
1689,1067,Mazda,Mazda3,2015,JI-7502
1690,4213,Nissan,Versa,2023,SPHZ-54
1691,2559,Kia,Sportage,2022,XLHJ-05
1692,2911,Suzuki,Swift,2021,YCWH-05
1693,191,Nissan,Versa,2023,RP-5797
1694,1879,Suzuki,Baleno,2016,Z-9312
1695,3231,Nissan,Sentra,2013,TDKC-51
1696,1610,Kia,Sportage,2021,YVGL-49
1697,4549,Hyundai,Tucson,2023,ZJZD-54
1698,3725,Suzuki,Baleno,2022,VTGZ-55
1699,3650,Mazda,Mazda3,2023,PR-322
1700,4689,Suzuki,Baleno,2021,FZLV-24
1701,442,Toyota,Yaris,2018,PKCY-88
1702,4759,Hyundai,Accent,2020,SGTH-29
1703,4514,Suzuki,Baleno,2013,CZZY-32
1704,4564,Kia,Sportage,2015,GXRL-23
1705,2965,Toyota,Yaris,2012,LW-4095
1706,471,Nissan,Sentra,2025,PKKH-39
1707,1972,Kia,Rio,2025,YTCW-84
1708,2724,Suzuki,Baleno,2019,XS-2570
1709,219,Mazda,Mazda3,2012,RP-7180
1710,4132,Chevrolet,Spark,2025,RP-3136
1711,4120,Nissan,Versa,2020,PR-156
1712,26,Mazda,CX-5,2015,LKVF-36
1713,1107,Mazda,Mazda3,2020,HLBF-57
1714,1722,Kia,Rio,2017,XXFR-65
1715,321,Kia,Rio,2016,Z-2704
1716,2042,Toyota,RAV4,2022,KW-5118
1717,1563,Toyota,Corolla,2014,KSXF-55
1718,2803,Hyundai,Accent,2019,LSLH-17
1719,4663,Mazda,CX-5,2017,HHJL-46
1720,2456,Toyota,Yaris,2017,FXBP-37
1721,2779,Mazda,Mazda3,2014,YWLG-32
1722,4225,Toyota,Corolla,2023,CC-1198
1723,132,Hyundai,Accent,2018,CZXG-59
1724,3025,Toyota,Yaris,2025,XVRB-55
1725,2665,Suzuki,Baleno,2013,FS-1460
1726,2464,Nissan,Versa,2013,HPBK-25
1727,1079,Kia,Sportage,2012,FXDD-91
1728,1950,Toyota,Corolla,2012,Z-9887
1729,1531,Mazda,CX-5,2025,JRXP-64
1730,541,Mazda,CX-5,2019,ZPWH-81
1731,1022,Chevrolet,Tracker,2023,VFRT-33
1732,232,Chevrolet,Tracker,2024,PR-984
1733,1142,Nissan,Versa,2024,CHCD-24
1734,1069,Nissan,Versa,2013,RP-4546
1735,3244,Mazda,Mazda3,2023,ZGTZ-11
1736,2603,Kia,Rio,2024,CVGT-41
1737,4459,Chevrolet,Spark,2016,CDZW-10
1738,1048,Hyundai,Tucson,2023,HPGB-66
1739,1712,Nissan,Versa,2012,RZ-2658
1740,4043,Toyota,RAV4,2021,RC-0098
1741,370,Suzuki,Baleno,2023,FFXG-90
1742,1978,Chevrolet,Tracker,2025,VTCX-73
1743,4719,Mazda,CX-5,2018,LLSJ-26
1744,1801,Toyota,Corolla,2014,FT-1839
1745,879,Nissan,Sentra,2021,SSVP-17
1746,2713,Hyundai,Tucson,2021,AX-9265
1747,4372,Mazda,Mazda3,2019,RDSH-52
1748,3622,Mazda,Mazda3,2013,RP-4769
1749,4523,Hyundai,Tucson,2016,DPSV-14
1750,2302,Hyundai,Accent,2025,FDVJ-84
1751,282,Kia,Sportage,2015,GJ-3343
1752,597,Kia,Rio,2018,KDXC-17
1753,1141,Hyundai,Accent,2016,BSKD-73
1754,142,Kia,Rio,2019,KPRD-54
1755,3871,Hyundai,Tucson,2018,PTZL-00
1756,1951,Mazda,CX-5,2019,GLDL-06
1757,1162,Kia,Rio,2018,GY-8996
1758,4007,Nissan,Versa,2019,KA-3797
1759,3606,Kia,Sportage,2015,PX-9356
1760,3753,Toyota,Yaris,2013,KKCT-33
1761,719,Kia,Sportage,2022,RHVY-76
1762,1398,Kia,Sportage,2020,KX-3850
1763,1925,Hyundai,Accent,2013,JTXP-83
1764,3845,Chevrolet,Spark,2024,Z-3886
1765,4457,Kia,Sportage,2025,GBTB-15
1766,3674,Suzuki,Baleno,2021,PZKS-55
1767,291,Toyota,Yaris,2019,VYGS-62
1768,3211,Mazda,CX-5,2022,XTDG-79
1769,4902,Chevrolet,Spark,2016,AG-3346
1770,1530,Chevrolet,Spark,2025,TWVJ-01
1771,4887,Nissan,Versa,2013,LPGD-12
1772,186,Suzuki,Baleno,2016,DFTH-81
1773,3726,Kia,Rio,2023,KKHZ-01
1774,4447,Suzuki,Baleno,2013,PJWJ-24
1775,342,Toyota,Corolla,2017,SHGS-20
1776,2597,Mazda,CX-5,2020,TSXZ-10
1777,64,Hyundai,Accent,2022,GFSP-72
1778,4054,Chevrolet,Spark,2023,JCGT-51
1779,2198,Hyundai,Tucson,2018,STFW-65
1780,2261,Nissan,Sentra,2020,KFCG-21
1781,4026,Chevrolet,Tracker,2016,TFWL-64
1782,2600,Mazda,Mazda3,2024,JWDH-66
1783,419,Nissan,Sentra,2022,GFCZ-03
1784,1859,Hyundai,Tucson,2012,WDZP-70
1785,1604,Nissan,Versa,2017,THFT-74
1786,3912,Hyundai,Accent,2025,JV-3744
1787,2716,Suzuki,Swift,2019,JKHX-07
1788,363,Hyundai,Accent,2013,FLKZ-01
1789,2240,Chevrolet,Spark,2019,GV-8722
1790,3603,Suzuki,Baleno,2022,WYKX-71
1791,4454,Toyota,RAV4,2014,FH-7080
1792,1825,Toyota,RAV4,2019,RSHF-86
1793,2255,Kia,Sportage,2016,FWPK-28
1794,3025,Suzuki,Baleno,2013,LHJH-88
1795,1031,Kia,Sportage,2018,PR-889
1796,89,Hyundai,Tucson,2020,DDPV-72
1797,1003,Chevrolet,Spark,2017,PR-948
1798,3041,Nissan,Versa,2017,CHRD-44
1799,2960,Nissan,Sentra,2017,KXBC-46
1800,2466,Suzuki,Baleno,2015,LSZH-21
1801,3931,Toyota,RAV4,2015,GLRL-09
1802,139,Nissan,Versa,2023,HHVJ-26
1803,3076,Toyota,Yaris,2021,XKHT-58
1804,1838,Kia,Rio,2013,ZD-6894
1805,954,Suzuki,Baleno,2024,HDYG-17
1806,3723,Nissan,Versa,2012,XWVT-75
1807,1038,Chevrolet,Spark,2025,BX-7694
1808,679,Toyota,Yaris,2022,TT-0776
1809,3302,Mazda,CX-5,2023,JSDK-12
1810,162,Suzuki,Swift,2021,VWVG-77
1811,2953,Suzuki,Swift,2025,CWYV-08
1812,1500,Kia,Rio,2021,SLXP-42
1813,2471,Suzuki,Swift,2022,SVLS-44
1814,2582,Hyundai,Accent,2022,JBCT-62
1815,523,Nissan,Sentra,2021,XJKD-97
1816,2241,Mazda,Mazda3,2025,TRVY-21
1817,763,Chevrolet,Tracker,2014,XFBZ-38
1818,4750,Chevrolet,Tracker,2018,VTGL-98
1819,2874,Mazda,CX-5,2019,AH-9633
1820,170,Nissan,Versa,2016,JC-0585
1821,2312,Hyundai,Tucson,2023,YYDS-01
1822,4406,Kia,Rio,2025,LHFW-45
1823,750,Nissan,Sentra,2021,RL-4093
1824,3027,Chevrolet,Spark,2014,CJPK-82
1825,1719,Hyundai,Tucson,2019,GV-0620
1826,1718,Toyota,RAV4,2025,XW-5387
1827,2620,Toyota,RAV4,2019,BYJY-14
1828,2649,Chevrolet,Tracker,2014,RP-4278
1829,2695,Toyota,Corolla,2017,ZDJP-21
1830,4541,Kia,Sportage,2016,PC-8549
1831,4913,Nissan,Versa,2021,JHZV-22
1832,37,Mazda,CX-5,2016,TRRZ-73
1833,3507,Toyota,RAV4,2013,YLGP-88
1834,1255,Mazda,CX-5,2024,GHZW-05
1835,2523,Suzuki,Baleno,2024,XFLR-49
1836,1027,Nissan,Sentra,2022,CTVZ-54
1837,4423,Mazda,CX-5,2023,CGLR-85
1838,3851,Nissan,Versa,2019,HFDZ-32
1839,1974,Toyota,RAV4,2017,BCRV-12
1840,817,Chevrolet,Tracker,2012,XLXD-87
1841,1972,Nissan,Sentra,2013,SL-8559
1842,722,Chevrolet,Spark,2019,HYRW-45
1843,1907,Nissan,Sentra,2022,XJVX-17
1844,1701,Suzuki,Swift,2022,PR-199
1845,102,Nissan,Versa,2024,VL-5321
1846,2483,Chevrolet,Spark,2014,SZZP-21
1847,2827,Mazda,CX-5,2016,PSWT-01
1848,4432,Mazda,CX-5,2013,DFXG-94
1849,3861,Chevrolet,Spark,2014,TVHH-46
1850,3953,Nissan,Versa,2018,RP-8175
1851,3127,Kia,Rio,2022,GC-0046
1852,4375,Nissan,Versa,2012,FFBD-16
1853,3167,Kia,Sportage,2021,JDHY-96
1854,4821,Chevrolet,Spark,2018,VWFX-08
1855,3954,Nissan,Versa,2012,LFDX-44
1856,2936,Toyota,Corolla,2017,SVFZ-92
1857,3986,Chevrolet,Spark,2016,TSBV-35
1858,560,Toyota,RAV4,2013,PGZL-77
1859,4154,Toyota,Corolla,2012,CPJS-77
1860,2124,Chevrolet,Spark,2016,LRXD-91
1861,3871,Hyundai,Accent,2022,CTCR-86
1862,630,Toyota,Yaris,2021,TLLL-92
1863,2586,Kia,Sportage,2021,CC-6714
1864,51,Chevrolet,Tracker,2020,VGHG-99
1865,3182,Nissan,Sentra,2014,LXWG-24
1866,2492,Kia,Sportage,2016,BSHB-04
1867,378,Kia,Rio,2023,GK-5548
1868,3876,Chevrolet,Spark,2015,DRPD-02
1869,796,Toyota,RAV4,2012,KRXY-62
1870,3165,Chevrolet,Spark,2016,XK-2445
1871,404,Hyundai,Accent,2017,LCZX-91
1872,1342,Toyota,RAV4,2013,PYWZ-58
1873,4522,Hyundai,Tucson,2016,LZBX-25
1874,843,Kia,Sportage,2020,SZ-1532
1875,3946,Suzuki,Baleno,2023,KRZS-84
1876,3759,Suzuki,Baleno,2019,LRBH-64
1877,3717,Mazda,CX-5,2020,GJWR-96
1878,2971,Chevrolet,Spark,2018,PYBT-31
1879,3435,Toyota,RAV4,2023,FPWP-12
1880,1058,Toyota,RAV4,2012,PR-134
1881,1048,Kia,Sportage,2012,ZJYT-88
1882,3947,Suzuki,Swift,2019,RP-9283
1883,568,Toyota,Yaris,2013,Z-9902
1884,3298,Mazda,CX-5,2021,DZ-7855
1885,844,Chevrolet,Spark,2015,HD-1806
1886,2725,Kia,Rio,2019,VTVK-81
1887,1852,Mazda,CX-5,2023,PJZB-39
1888,726,Hyundai,Accent,2025,HLGG-18
1889,412,Mazda,CX-5,2013,WWBZ-57
1890,3345,Suzuki,Swift,2016,RP-6492
1891,2615,Chevrolet,Spark,2021,AZ-2320
1892,121,Chevrolet,Tracker,2022,WZFT-97
1893,1973,Mazda,CX-5,2019,DJPL-31
1894,1693,Mazda,CX-5,2021,XPZH-32
1895,1908,Toyota,RAV4,2024,WVWV-64
1896,1908,Hyundai,Accent,2017,CD-9587
1897,3582,Nissan,Sentra,2021,RP-4083
1898,3182,Chevrolet,Spark,2025,VRZY-84
1899,2224,Kia,Sportage,2016,SA-1014
1900,1125,Nissan,Sentra,2021,RLGC-55
1901,2355,Kia,Sportage,2021,XJTS-23
1902,3613,Mazda,Mazda3,2013,Z-6687
1903,2406,Kia,Sportage,2019,FFBP-80
1904,4087,Toyota,RAV4,2023,SKSL-26
1905,2950,Chevrolet,Spark,2023,RBBT-78
1906,2154,Toyota,RAV4,2014,AC-3743
1907,4904,Toyota,Yaris,2014,ZXBP-71
1908,2400,Nissan,Sentra,2020,PR-827
1909,1766,Hyundai,Tucson,2015,PR-588
1910,134,Hyundai,Tucson,2014,YYHL-36
1911,2233,Suzuki,Baleno,2019,XGVK-67
1912,407,Chevrolet,Tracker,2012,RJFR-98
1913,3880,Mazda,CX-5,2014,XB-3964
1914,3799,Hyundai,Tucson,2025,DRFF-66
1915,4322,Suzuki,Swift,2023,VDSR-70
1916,3877,Mazda,CX-5,2018,FZLT-68
1917,999,Kia,Sportage,2024,DKBG-22
1918,2404,Suzuki,Baleno,2023,TK-0288
1919,2042,Kia,Sportage,2025,GGTJ-91
1920,2468,Mazda,Mazda3,2023,TLFS-48
1921,226,Toyota,RAV4,2020,FSLC-65
1922,4731,Hyundai,Tucson,2022,HJ-9977
1923,1193,Nissan,Sentra,2023,RBSH-49
1924,4793,Toyota,RAV4,2022,CSYZ-01
1925,950,Toyota,Corolla,2023,PR-548
1926,4369,Nissan,Versa,2013,Z-5302
1927,2138,Suzuki,Baleno,2024,GVJS-00
1928,3316,Kia,Rio,2025,RP-0109
1929,1972,Mazda,Mazda3,2015,ZPLY-75
1930,2180,Hyundai,Accent,2015,WC-7543
1931,2155,Kia,Sportage,2024,GSLY-49
1932,4678,Hyundai,Tucson,2023,TZKZ-98
1933,4463,Chevrolet,Tracker,2018,RP-9073
1934,2904,Hyundai,Tucson,2025,HYLB-90
1935,3399,Kia,Sportage,2024,DRSB-23
1936,2446,Suzuki,Baleno,2012,VLTS-35
1937,1565,Kia,Rio,2022,ZVSB-94
1938,1419,Toyota,RAV4,2025,YZ-7346
1939,4949,Toyota,Yaris,2020,CR-4648
1940,1380,Mazda,Mazda3,2019,KHJH-78
1941,3282,Kia,Sportage,2021,JBZY-46
1942,4412,Nissan,Versa,2025,HLYB-76
1943,805,Toyota,RAV4,2016,LSXK-79
1944,1174,Mazda,CX-5,2013,CJPY-57
1945,1576,Chevrolet,Tracker,2023,RXRK-35
1946,1419,Kia,Sportage,2024,FL-4162
1947,3000,Suzuki,Swift,2024,SPSZ-35
1948,4249,Hyundai,Tucson,2017,LTHJ-64
1949,1788,Kia,Sportage,2021,KVBF-89
1950,2791,Suzuki,Baleno,2014,PZ-3513
1951,4220,Nissan,Sentra,2019,HH-8122
1952,610,Hyundai,Tucson,2012,PHDX-54
1953,4308,Mazda,CX-5,2014,HGSY-54
1954,1575,Chevrolet,Tracker,2022,PVFJ-47
1955,2897,Chevrolet,Tracker,2023,DWTX-25
1956,524,Nissan,Versa,2025,HK-3036
1957,1244,Chevrolet,Tracker,2015,GZCY-65
1958,635,Suzuki,Baleno,2023,YTVY-94
1959,3678,Hyundai,Tucson,2023,Z-4264
1960,1432,Hyundai,Tucson,2020,VYRZ-20
1961,197,Toyota,RAV4,2019,RGPT-70
1962,429,Chevrolet,Spark,2025,VYLD-87
1963,1541,Nissan,Versa,2015,WZTH-76
1964,1294,Nissan,Versa,2014,TDTB-50
1965,3548,Suzuki,Swift,2012,RP-9440
1966,2293,Nissan,Versa,2013,XTWX-82
1967,743,Toyota,Corolla,2021,CV-9081
1968,4716,Hyundai,Tucson,2012,RBXP-74
1969,949,Kia,Rio,2016,ZCBG-19
1970,1223,Nissan,Versa,2016,Z-9819
1971,3084,Toyota,Yaris,2025,Z-1730
1972,382,Nissan,Versa,2014,KJBB-10
1973,3616,Nissan,Versa,2024,FC-1658
1974,524,Toyota,Corolla,2024,GDCV-56
1975,2239,Mazda,Mazda3,2016,RP-2453
1976,3031,Mazda,Mazda3,2014,BVBH-33
1977,2545,Toyota,Yaris,2025,GH-1244
1978,3593,Kia,Rio,2024,RVYZ-05
1979,1214,Suzuki,Swift,2014,JLSL-47
1980,2592,Suzuki,Swift,2019,FYDL-40
1981,375,Hyundai,Tucson,2025,FSZJ-94
1982,496,Chevrolet,Tracker,2023,RBTX-89
1983,1313,Kia,Sportage,2021,FBFV-65
1984,3209,Toyota,Yaris,2013,JF-8196
1985,2594,Hyundai,Accent,2016,JC-6568
1986,1861,Kia,Sportage,2017,SKRT-94
1987,3352,Hyundai,Accent,2012,YWBL-55
1988,3983,Kia,Rio,2016,HWKL-50
1989,2334,Toyota,RAV4,2019,XH-1606
1990,1335,Kia,Rio,2020,FG-1128
1991,3417,Chevrolet,Tracker,2022,TA-0379
1992,2738,Nissan,Versa,2024,HHZC-88
1993,3319,Nissan,Versa,2023,ZBYL-75
1994,1571,Nissan,Versa,2024,YXFK-72
1995,3801,Chevrolet,Tracker,2012,YW-7315
1996,4346,Hyundai,Accent,2013,LV-4072
1997,4160,Suzuki,Baleno,2022,KI-7901
1998,2627,Suzuki,Baleno,2024,FJFZ-92
1999,4723,Suzuki,Baleno,2022,LDYS-85
2000,3786,Mazda,Mazda3,2013,YTWD-52
2001,1751,Hyundai,Tucson,2021,SGLZ-17
2002,4802,Chevrolet,Tracker,2022,PR-063
2003,183,Mazda,CX-5,2017,JYDC-93
2004,4934,Suzuki,Baleno,2017,RP-8597
2005,3485,Chevrolet,Tracker,2024,BLXH-08
2006,617,Toyota,RAV4,2018,PCLT-58
2007,3756,Hyundai,Accent,2021,CKJP-33
2008,582,Toyota,RAV4,2023,VYLG-86
2009,4746,Kia,Rio,2023,FRDV-49
2010,3055,Hyundai,Accent,2016,SRZY-05
2011,3655,Chevrolet,Spark,2016,DKGK-40
2012,3979,Mazda,CX-5,2022,KVZY-91
2013,3775,Nissan,Versa,2023,LW-9227
2014,2188,Toyota,RAV4,2015,CWCD-41
2015,4759,Hyundai,Accent,2012,TVTZ-23
2016,1029,Kia,Rio,2017,ZPRX-98
2017,2018,Kia,Sportage,2019,PR-067
2018,3799,Mazda,CX-5,2016,LYTJ-50
2019,2292,Kia,Sportage,2024,Z-3903
2020,2923,Suzuki,Swift,2012,PK-9230
2021,2119,Suzuki,Swift,2014,CD-8850
2022,4561,Suzuki,Swift,2020,LZCT-07
2023,1056,Hyundai,Tucson,2021,TSGV-52
2024,1519,Suzuki,Baleno,2022,GWWS-41
2025,1342,Suzuki,Swift,2016,FG-7545
2026,2932,Mazda,CX-5,2021,VTXF-38
2027,1661,Mazda,Mazda3,2023,GHWZ-94
2028,2079,Toyota,RAV4,2013,VZ-8633
2029,363,Nissan,Versa,2023,VCPP-42
2030,4255,Mazda,Mazda3,2023,CWLD-19
2031,3885,Nissan,Sentra,2019,YLSX-89
2032,3989,Mazda,Mazda3,2016,WVSV-28
2033,68,Chevrolet,Tracker,2018,CWBX-86
2034,4762,Kia,Rio,2024,CGCD-72
2035,2769,Chevrolet,Tracker,2024,PR-9089
2036,2803,Kia,Sportage,2025,FCWX-03
2037,3686,Suzuki,Baleno,2025,CBSX-68
2038,4223,Toyota,Corolla,2021,KWLZ-69
2039,101,Kia,Sportage,2021,PYRW-64
2040,2034,Mazda,CX-5,2019,DK-9306
2041,237,Nissan,Sentra,2015,Z-7571
2042,1662,Toyota,Yaris,2024,DF-0514
2043,912,Toyota,RAV4,2013,CYRH-06
2044,3024,Suzuki,Swift,2013,TTBC-58
2045,4203,Kia,Sportage,2025,PXPS-49
2046,4283,Kia,Sportage,2018,DFLV-87
2047,1824,Toyota,Yaris,2020,TYHG-56
2048,4340,Chevrolet,Spark,2023,FWRV-89
2049,4466,Hyundai,Tucson,2024,RPLJ-18
2050,4701,Mazda,CX-5,2025,GZCJ-61
2051,490,Suzuki,Baleno,2021,RRXV-44
2052,3537,Nissan,Versa,2023,HWYW-75
2053,4834,Suzuki,Baleno,2012,CXWD-58
2054,3458,Mazda,CX-5,2019,CVFS-40
2055,4608,Hyundai,Accent,2025,BHJK-03
2056,4184,Nissan,Sentra,2012,TB-0961
2057,4260,Nissan,Sentra,2018,SBWJ-44
2058,973,Mazda,Mazda3,2021,CCKS-53
2059,1516,Toyota,Corolla,2020,ZT-3392
2060,991,Mazda,Mazda3,2020,FA-8231
2061,3911,Mazda,Mazda3,2018,DTYK-40
2062,3838,Kia,Rio,2017,JY-8106
2063,1610,Suzuki,Baleno,2017,LY-6798
2064,2177,Toyota,Corolla,2020,KXKH-43
2065,2266,Chevrolet,Spark,2014,VXRB-46
2066,4652,Chevrolet,Spark,2014,FJYY-36
2067,1942,Chevrolet,Spark,2016,PT-5431
2068,391,Hyundai,Tucson,2024,HPBW-07
2069,3367,Kia,Rio,2012,ZDPS-73
2070,4387,Suzuki,Swift,2015,WGDL-18
2071,2303,Mazda,Mazda3,2018,ZYGR-36
2072,4254,Chevrolet,Tracker,2020,CCZH-37
2073,2791,Hyundai,Tucson,2016,ZCBF-52
2074,1851,Hyundai,Accent,2021,SZPK-51
2075,4913,Kia,Rio,2012,HWWD-55
2076,2030,Suzuki,Swift,2025,BJTJ-33
2077,184,Mazda,CX-5,2022,HHBD-32
2078,3023,Kia,Rio,2024,CCXJ-09
2079,1803,Toyota,RAV4,2023,TCDH-29
2080,139,Chevrolet,Spark,2016,LJBH-38
2081,2926,Nissan,Sentra,2022,BK-2444
2082,4052,Kia,Sportage,2025,PR-624
2083,3984,Toyota,Corolla,2015,HR-8242
2084,3633,Hyundai,Accent,2014,VG-8719
2085,2484,Toyota,RAV4,2024,YDTJ-08
2086,568,Suzuki,Swift,2012,JJ-5267
2087,1175,Kia,Sportage,2022,RHVJ-48
2088,1915,Chevrolet,Spark,2014,RCYS-98
2089,2728,Suzuki,Swift,2020,CFLV-58
2090,1546,Mazda,CX-5,2015,YKDV-61
2091,1597,Kia,Sportage,2016,WTDK-67
2092,2540,Toyota,Corolla,2019,GVFK-68
2093,4743,Hyundai,Tucson,2014,FYPV-89
2094,3808,Mazda,CX-5,2019,BLGX-04
2095,2883,Kia,Rio,2017,YP-6966
2096,1833,Chevrolet,Tracker,2013,GRVZ-84
2097,2181,Kia,Sportage,2012,VY-4878
2098,746,Nissan,Sentra,2021,GH-5023
2099,340,Mazda,CX-5,2022,RLSR-61
2100,3049,Chevrolet,Spark,2018,KK-0733
2101,3848,Toyota,RAV4,2025,WCJD-01
2102,946,Nissan,Sentra,2014,AC-7675
2103,2797,Chevrolet,Tracker,2022,GW-2057
2104,1119,Toyota,RAV4,2017,GTHD-72
2105,2890,Kia,Sportage,2013,LTXC-13
2106,613,Hyundai,Accent,2025,RP-6236
2107,449,Nissan,Sentra,2019,WZJP-41
2108,3276,Mazda,Mazda3,2020,YSHW-95
2109,1438,Hyundai,Tucson,2025,FHWG-91
2110,2923,Toyota,Corolla,2024,RP-8482
2111,2020,Toyota,RAV4,2016,RP-2450
2112,3424,Mazda,Mazda3,2018,LI-7560
2113,1315,Toyota,Yaris,2014,CD-7533
2114,413,Suzuki,Swift,2016,RP-3000
2115,3445,Mazda,CX-5,2023,HJ-0967
2116,61,Mazda,CX-5,2015,Z-2394
2117,3255,Kia,Sportage,2022,GRLB-35
2118,2482,Toyota,Yaris,2014,GHFB-80
2119,1077,Suzuki,Swift,2015,PVSG-28
2120,3546,Nissan,Versa,2022,KXLD-69
2121,691,Chevrolet,Tracker,2024,WX-4818
2122,4941,Kia,Sportage,2023,HKWT-42
2123,4140,Chevrolet,Spark,2017,VXLK-00
2124,1086,Nissan,Versa,2023,DW-0256
2125,493,Suzuki,Baleno,2015,CH-5769
2126,4801,Mazda,CX-5,2022,BF-3418
2127,2614,Mazda,CX-5,2020,CKVK-16
2128,2231,Toyota,RAV4,2018,GJVV-97
2129,4034,Nissan,Sentra,2013,WHSD-48
2130,4167,Mazda,CX-5,2013,SYBZ-59
2131,2511,Toyota,Yaris,2016,YLFF-13
2132,3024,Hyundai,Tucson,2025,VWTY-47
2133,1448,Toyota,RAV4,2024,RDRJ-91
2134,1945,Toyota,Yaris,2013,WYZH-36
2135,1046,Kia,Rio,2019,CC-8908
2136,1406,Toyota,Corolla,2016,KJYJ-37
2137,3032,Mazda,CX-5,2025,CJBS-17
2138,1200,Nissan,Versa,2015,GRVR-26
2139,1410,Hyundai,Accent,2019,TVHK-98
2140,2304,Toyota,RAV4,2020,CG-3406
2141,696,Nissan,Sentra,2013,CT-2372
2142,266,Hyundai,Tucson,2017,XPSS-77
2143,2583,Chevrolet,Tracker,2024,WXVP-93
2144,4658,Chevrolet,Spark,2020,LTPH-95
2145,3941,Nissan,Versa,2020,CTPW-83
2146,2902,Toyota,Corolla,2024,DGGG-48
2147,2285,Mazda,Mazda3,2024,FLHP-15
2148,1153,Kia,Rio,2016,LL-9170
2149,3391,Hyundai,Tucson,2013,XYDR-25
2150,796,Chevrolet,Tracker,2021,HGTZ-14
2151,144,Kia,Sportage,2023,WH-3156
2152,1225,Kia,Sportage,2016,WJPF-48
2153,2339,Kia,Sportage,2023,FY-1964
2154,1298,Mazda,Mazda3,2021,DS-5740
2155,512,Hyundai,Tucson,2012,ZLFL-88
2156,4499,Mazda,CX-5,2012,RYDX-89
2157,3343,Kia,Sportage,2025,LYJT-42
2158,778,Hyundai,Tucson,2016,PTTY-58
2159,2348,Nissan,Versa,2013,RP-9943
2160,4964,Toyota,RAV4,2018,PHPH-75
2161,1754,Hyundai,Tucson,2019,RDHY-44
2162,508,Toyota,RAV4,2019,VY-2338
2163,2772,Toyota,RAV4,2022,FG-2130
2164,3648,Suzuki,Swift,2016,KK-3231
2165,1970,Toyota,RAV4,2018,TDXH-37
2166,1714,Chevrolet,Tracker,2013,RY-9627
2167,1199,Mazda,CX-5,2025,PWXR-72
2168,4136,Chevrolet,Tracker,2012,TGGK-38
2169,87,Kia,Sportage,2018,DTTV-17
2170,1236,Nissan,Versa,2017,PZYD-03
2171,2751,Hyundai,Accent,2023,LR-6494
2172,4303,Mazda,CX-5,2023,PTZS-80
2173,4155,Suzuki,Swift,2015,GTCC-78
2174,2354,Nissan,Sentra,2019,VT-5526
2175,3659,Kia,Rio,2017,GJHV-51
2176,1679,Nissan,Sentra,2012,DYLW-01
2177,3730,Chevrolet,Spark,2015,KVGK-70
2178,4089,Suzuki,Swift,2018,GYJH-81
2179,10,Suzuki,Baleno,2022,RD-2957
2180,3992,Toyota,Corolla,2019,TF-5451
2181,937,Chevrolet,Tracker,2012,VPPL-80
2182,3711,Hyundai,Tucson,2018,BZTB-91
2183,4949,Chevrolet,Spark,2019,XTRZ-47
2184,1239,Hyundai,Accent,2015,PR-957
2185,1780,Kia,Sportage,2025,GS-2178
2186,4810,Nissan,Versa,2019,HLJH-30
2187,2417,Nissan,Sentra,2025,JD-0256
2188,4242,Mazda,Mazda3,2012,WCTV-07
2189,2058,Kia,Rio,2022,GRRK-59
2190,3705,Kia,Sportage,2016,HZGK-99
2191,3435,Nissan,Sentra,2013,GTBS-16
2192,252,Toyota,Corolla,2020,HLYW-97
2193,4422,Toyota,Yaris,2013,JWGX-66
2194,3436,Nissan,Versa,2020,WH-2138
2195,4643,Toyota,Yaris,2020,WBPC-20
2196,2544,Kia,Sportage,2016,SK-3768
2197,3962,Suzuki,Swift,2022,HTBK-16
2198,3537,Kia,Rio,2013,TS-8942
2199,2613,Chevrolet,Spark,2015,CGTF-94
2200,868,Toyota,Yaris,2025,VGPD-07
2201,4958,Suzuki,Swift,2022,PBZS-61
2202,1296,Mazda,CX-5,2021,FCKF-65
2203,1352,Hyundai,Tucson,2012,JBVH-21
2204,2830,Mazda,CX-5,2019,BLLB-23
2205,3140,Hyundai,Accent,2013,TSKL-95
2206,1248,Kia,Rio,2025,GK-9046
2207,1120,Hyundai,Accent,2013,AL-6907
2208,2986,Suzuki,Swift,2021,PR-130
2209,2706,Hyundai,Tucson,2014,XVCX-00
2210,472,Nissan,Versa,2016,GW-9447
2211,4309,Nissan,Versa,2015,RGSZ-68
2212,1337,Chevrolet,Tracker,2014,SDFZ-67
2213,594,Nissan,Versa,2017,TRWZ-78
2214,2948,Chevrolet,Spark,2014,RRRK-15
2215,4316,Kia,Rio,2024,VGYG-51
2216,2287,Suzuki,Swift,2013,TBCV-86
2217,2530,Mazda,Mazda3,2023,WT-3082
2218,2317,Mazda,CX-5,2025,KBDR-18
2219,3012,Chevrolet,Spark,2012,LSKG-64
2220,4049,Nissan,Versa,2012,DHVG-52
2221,384,Chevrolet,Tracker,2023,PR-717
2222,3762,Kia,Sportage,2017,WPPZ-97
2223,510,Toyota,RAV4,2018,RPXY-16
2224,779,Mazda,Mazda3,2014,GY-1012
2225,4502,Chevrolet,Tracker,2015,RD-2928
2226,4034,Kia,Sportage,2020,RP-1121
2227,3696,Chevrolet,Spark,2012,AT-0254
2228,4786,Kia,Sportage,2013,FTYL-30
2229,1011,Suzuki,Baleno,2020,PJFV-82
2230,3371,Hyundai,Tucson,2016,CXDS-31
2231,4549,Kia,Rio,2018,CD-0555
2232,2606,Chevrolet,Tracker,2025,RP-8020
2233,298,Chevrolet,Spark,2014,DPDP-93
2234,2348,Hyundai,Accent,2016,ZY-8597
2235,135,Toyota,RAV4,2013,FDRF-71
2236,1214,Nissan,Versa,2018,WZPW-70
2237,2142,Kia,Rio,2015,VRRG-44
2238,1499,Chevrolet,Tracker,2021,CC-3632
2239,1742,Hyundai,Accent,2019,DHHL-02
2240,90,Chevrolet,Spark,2023,GKKJ-49
2241,3019,Kia,Rio,2019,ZHPL-97
2242,2786,Hyundai,Accent,2022,DGPV-32
2243,1598,Hyundai,Tucson,2017,Z-2052
2244,3400,Toyota,Yaris,2023,RP-7760
2245,3012,Mazda,Mazda3,2018,RTVW-35
2246,1290,Toyota,Yaris,2018,XZBS-86
2247,2453,Suzuki,Swift,2014,XBCD-07
2248,3343,Nissan,Versa,2013,YVFL-91
2249,4431,Toyota,Corolla,2022,SFBZ-39
2250,60,Toyota,Yaris,2013,PR-383
2251,1193,Mazda,Mazda3,2018,LYBZ-20
2252,3324,Nissan,Versa,2021,KXVL-33
2253,355,Kia,Rio,2013,BY-9575
2254,1839,Nissan,Sentra,2016,TZDS-51
2255,1474,Nissan,Sentra,2013,DHZJ-49
2256,3733,Suzuki,Baleno,2022,RPCS-50
2257,281,Nissan,Versa,2021,YW-8917
2258,4916,Kia,Rio,2025,BFTK-64
2259,3513,Mazda,Mazda3,2016,GS-1715
2260,3644,Nissan,Sentra,2021,YVKR-98
2261,3314,Kia,Rio,2020,TSZF-90
2262,4140,Hyundai,Tucson,2020,GK-9748
2263,201,Nissan,Sentra,2021,JBZJ-69
2264,2508,Mazda,CX-5,2020,RRSD-14
2265,4358,Suzuki,Swift,2014,PR-215
2266,1996,Mazda,CX-5,2015,XCTX-36
2267,3495,Toyota,Yaris,2013,BT-3379
2268,4344,Nissan,Versa,2023,GV-8880
2269,2849,Mazda,CX-5,2024,CH-6448
2270,358,Nissan,Sentra,2017,DPHD-60
2271,364,Mazda,CX-5,2024,CKHW-55
2272,3116,Nissan,Sentra,2024,SVWJ-27
2273,2608,Toyota,Corolla,2018,VRBR-79
2274,4430,Nissan,Versa,2018,RTPS-93
2275,3447,Kia,Sportage,2018,Z-5457
2276,1758,Suzuki,Baleno,2018,FVVL-57
2277,23,Kia,Sportage,2014,JRHT-87
2278,2936,Chevrolet,Tracker,2018,RG-7055
2279,3336,Nissan,Sentra,2024,DGDV-70
2280,490,Hyundai,Tucson,2013,Z-4611
2281,4046,Mazda,Mazda3,2014,PR-953
2282,4730,Nissan,Versa,2020,LLJV-25
2283,423,Toyota,RAV4,2023,JVKF-58
2284,4748,Kia,Sportage,2012,KLHG-59
2285,3949,Chevrolet,Spark,2017,XKVT-85
2286,1897,Toyota,Corolla,2015,RJYV-41
2287,779,Chevrolet,Spark,2017,DDGK-31
2288,4524,Kia,Sportage,2021,LWYF-28
2289,2336,Nissan,Versa,2020,KS-5660
2290,3502,Kia,Rio,2017,PR-543
2291,1484,Nissan,Versa,2025,WTRB-40
2292,1668,Nissan,Sentra,2015,VLGR-10
2293,3322,Nissan,Sentra,2023,ZZPS-91
2294,4276,Toyota,RAV4,2019,PSPJ-51
2295,3419,Hyundai,Tucson,2012,WSWV-51
2296,2336,Mazda,CX-5,2018,SZKP-74
2297,20,Toyota,Yaris,2018,JVYH-08
2298,58,Hyundai,Accent,2017,LFSY-08
2299,1982,Chevrolet,Spark,2024,TA-5662
2300,1608,Hyundai,Accent,2018,BPPW-46
2301,2689,Suzuki,Swift,2017,KRDJ-15
2302,2587,Hyundai,Accent,2022,LH-3392
2303,769,Nissan,Versa,2022,SWBB-51
2304,4645,Mazda,CX-5,2020,YYSL-19
2305,2090,Kia,Rio,2018,LDBR-89
2306,2714,Suzuki,Baleno,2013,JHST-57
2307,4176,Suzuki,Swift,2017,SJXK-55
2308,2702,Nissan,Sentra,2012,ZTXP-00
2309,3257,Toyota,RAV4,2018,FLSK-16
2310,1656,Suzuki,Swift,2015,JWCP-69
2311,2037,Mazda,Mazda3,2025,VVGV-92
2312,2000,Suzuki,Swift,2013,PL-2138
2313,2653,Hyundai,Tucson,2013,DSZK-94
2314,2192,Mazda,CX-5,2012,TY-1519
2315,2358,Nissan,Versa,2019,KVTX-46
2316,3215,Hyundai,Accent,2016,RGYY-63
2317,852,Chevrolet,Spark,2025,DYRS-53
2318,936,Chevrolet,Tracker,2024,JSHX-46
2319,2811,Toyota,RAV4,2013,JHVG-88
2320,1213,Mazda,Mazda3,2013,TKTZ-73
2321,4115,Chevrolet,Tracker,2014,GXPH-84
2322,1712,Chevrolet,Tracker,2022,PR-761
2323,708,Hyundai,Tucson,2015,LHSX-61
2324,3559,Hyundai,Accent,2020,XGJV-16
2325,2047,Suzuki,Baleno,2020,FA-6767
2326,3591,Kia,Rio,2020,ZCHR-49
2327,881,Toyota,Yaris,2018,Z-7928
2328,2349,Suzuki,Swift,2012,CTVL-26
2329,4007,Mazda,CX-5,2019,Z-2013
2330,4899,Hyundai,Tucson,2013,FDJL-40
2331,4927,Hyundai,Tucson,2022,DJ-9884
2332,3347,Toyota,Corolla,2015,JFRB-44
2333,4525,Kia,Rio,2025,BG-7762
2334,1501,Mazda,CX-5,2022,YG-4778
2335,2568,Suzuki,Swift,2020,DRSW-97
2336,3556,Suzuki,Swift,2015,RD-6120
2337,1824,Kia,Rio,2021,Z-8126
2338,4732,Mazda,CX-5,2016,XJVR-34
2339,1381,Chevrolet,Spark,2023,AX-9700
2340,4601,Chevrolet,Spark,2022,SZHJ-33
2341,4014,Suzuki,Swift,2025,Z-6945
2342,2659,Toyota,Yaris,2016,TY-7630
2343,4706,Mazda,Mazda3,2021,TXGV-38
2344,4392,Nissan,Versa,2013,HYGF-32
2345,493,Suzuki,Baleno,2019,ZJ-3107
2346,3826,Chevrolet,Spark,2017,PR-804
2347,1622,Chevrolet,Spark,2023,HSXF-67
2348,4872,Suzuki,Baleno,2013,VCKK-64
2349,1722,Chevrolet,Tracker,2022,TPGG-78
2350,4603,Toyota,RAV4,2012,HJKF-42
2351,4342,Suzuki,Baleno,2020,Z-4975
2352,4877,Mazda,Mazda3,2024,KJTG-08
2353,1634,Chevrolet,Spark,2018,RP-4637
2354,4748,Mazda,CX-5,2018,LH-6172
2355,2258,Toyota,RAV4,2022,RP-1573
2356,4234,Suzuki,Swift,2020,KGVX-41
2357,4412,Toyota,Corolla,2024,XC-7876
2358,502,Mazda,Mazda3,2016,WGPD-67
2359,559,Chevrolet,Spark,2022,SGWJ-96
2360,4469,Nissan,Versa,2014,PR-316
2361,2793,Toyota,Corolla,2023,SYVP-32
2362,1448,Mazda,Mazda3,2017,PR-948
2363,1952,Mazda,Mazda3,2021,PYVB-15
2364,1320,Suzuki,Swift,2023,PR-995
2365,624,Chevrolet,Tracker,2019,PRRY-12
2366,528,Toyota,Corolla,2020,ZF-1163
2367,1439,Mazda,Mazda3,2017,DCFS-84
2368,4701,Chevrolet,Spark,2021,PR-498
2369,4978,Nissan,Versa,2020,VPBY-67
2370,831,Suzuki,Swift,2024,JZKY-41
2371,1820,Toyota,Yaris,2025,CPXR-37
2372,131,Kia,Sportage,2016,VYSR-02
2373,3377,Mazda,CX-5,2019,ZJCV-68
2374,1169,Mazda,CX-5,2024,KWGV-99
2375,3288,Kia,Rio,2015,PWLF-77
2376,3763,Chevrolet,Tracker,2014,CDVZ-78
2377,4122,Hyundai,Tucson,2023,PR-463
2378,4696,Nissan,Sentra,2019,BVWW-80
2379,1892,Toyota,Corolla,2025,Z-9784
2380,4599,Kia,Rio,2016,PBHV-21
2381,4952,Chevrolet,Tracker,2021,KYBP-48
2382,1156,Toyota,RAV4,2017,HD-0232
2383,2543,Suzuki,Baleno,2025,DI-0570
2384,4152,Kia,Sportage,2020,PR-551
2385,4522,Nissan,Versa,2013,JSSJ-26
2386,3615,Nissan,Versa,2019,FPGW-01
2387,2494,Suzuki,Swift,2012,VF-3288
2388,683,Chevrolet,Spark,2025,PBCC-82
2389,2244,Toyota,Yaris,2023,LR-4091
2390,13,Hyundai,Tucson,2015,XVFH-71
2391,4913,Mazda,CX-5,2013,HTKD-19
2392,474,Chevrolet,Spark,2013,JTVR-75
2393,2559,Kia,Rio,2016,CI-2269
2394,2875,Hyundai,Accent,2018,WFPZ-04
2395,4618,Chevrolet,Spark,2017,AP-8910
2396,2702,Toyota,RAV4,2017,RP-3508
2397,3181,Chevrolet,Spark,2024,CZWG-28
2398,3102,Kia,Sportage,2019,SCVR-92
2399,593,Mazda,Mazda3,2015,HPWK-58
2400,1878,Chevrolet,Spark,2014,YWWF-51
2401,3076,Chevrolet,Spark,2023,DBJJ-59
2402,3211,Toyota,Corolla,2012,RVGZ-61
2403,1865,Suzuki,Swift,2023,HFFL-17
2404,4824,Hyundai,Accent,2020,HWSP-10
2405,4687,Chevrolet,Spark,2015,VRDZ-81
2406,1839,Hyundai,Tucson,2014,TXCH-76
2407,4992,Chevrolet,Spark,2012,TZDG-52
2408,2346,Kia,Sportage,2013,AX-7097
2409,3772,Kia,Rio,2014,PR-150
2410,1350,Kia,Rio,2013,BBPJ-21
2411,3884,Mazda,Mazda3,2025,WD-3644
2412,1334,Chevrolet,Spark,2019,JW-4520
2413,1433,Hyundai,Accent,2014,VXLB-14
2414,174,Kia,Sportage,2020,JDHL-02
2415,1424,Suzuki,Swift,2013,KWCD-49
2416,1208,Chevrolet,Tracker,2020,FY-6694
2417,4576,Mazda,Mazda3,2023,JLCS-24
2418,2724,Toyota,Yaris,2015,WWTB-88
2419,995,Nissan,Versa,2012,CD-8685
2420,1219,Nissan,Versa,2016,Z-6852
2421,2536,Nissan,Versa,2024,YCZL-59
2422,1698,Mazda,CX-5,2023,BZVK-04
2423,3284,Mazda,Mazda3,2012,YTFH-82
2424,2981,Hyundai,Tucson,2013,VZVR-98
2425,1748,Chevrolet,Tracker,2020,WG-5677
2426,2298,Hyundai,Accent,2015,SWKF-47
2427,4093,Toyota,RAV4,2013,DRKG-68
2428,4754,Hyundai,Tucson,2024,GXFG-67
2429,2536,Suzuki,Swift,2012,YPDF-66
2430,2507,Toyota,Yaris,2015,DHLZ-76
2431,4822,Kia,Sportage,2012,RS-1652
2432,2868,Nissan,Versa,2014,XCFF-08
2433,1963,Kia,Rio,2023,KPCD-90
2434,3300,Hyundai,Tucson,2013,KW-2171
2435,2602,Nissan,Sentra,2014,PR-314
2436,4145,Toyota,Yaris,2012,CHBS-48
2437,4861,Chevrolet,Spark,2023,DFHV-33
2438,1085,Suzuki,Baleno,2018,PR-745
2439,2346,Chevrolet,Spark,2025,FX-8888
2440,2220,Chevrolet,Spark,2014,FGDY-67
2441,2505,Suzuki,Baleno,2012,FCXB-16
2442,1695,Hyundai,Tucson,2014,LBHB-48
2443,2707,Kia,Rio,2025,SCLH-36
2444,396,Suzuki,Baleno,2018,Z-7383
2445,3608,Mazda,Mazda3,2015,LBBV-54
2446,4799,Chevrolet,Tracker,2020,FVVR-21
2447,3684,Hyundai,Accent,2016,XWTT-41
2448,2380,Hyundai,Tucson,2023,HWXW-95
2449,1873,Nissan,Sentra,2014,YFFX-64
2450,3093,Mazda,CX-5,2013,ZR-6050
2451,1111,Toyota,RAV4,2024,PCVK-75
2452,4830,Kia,Sportage,2022,TBRR-16
2453,2672,Chevrolet,Spark,2019,TZWP-73
2454,4979,Toyota,RAV4,2025,ZBKJ-88
2455,3317,Toyota,Yaris,2014,Z-9687
2456,3551,Suzuki,Baleno,2016,PPBF-71
2457,542,Toyota,Yaris,2023,WJPZ-34
2458,4404,Kia,Rio,2021,RPCT-55
2459,3597,Chevrolet,Tracker,2017,WP-0215
2460,617,Hyundai,Accent,2018,PJKV-13
2461,3359,Hyundai,Accent,2012,LSSL-54
2462,2177,Toyota,RAV4,2014,LDPK-54
2463,2801,Kia,Sportage,2012,PR-240
2464,207,Chevrolet,Spark,2014,BSJV-90
2465,1705,Chevrolet,Tracker,2022,SR-5241
2466,4206,Toyota,Yaris,2025,XRXJ-32
2467,102,Toyota,Corolla,2014,ZFXH-61
2468,1131,Suzuki,Swift,2014,SKSP-38
2469,2817,Toyota,RAV4,2014,Z-4116
2470,2776,Suzuki,Baleno,2020,WHFD-39
2471,1899,Kia,Sportage,2025,LJYL-28
2472,2099,Mazda,CX-5,2020,TVCH-12
2473,179,Chevrolet,Tracker,2018,VL-4370
2474,3378,Nissan,Versa,2024,KYYJ-64
2475,3224,Mazda,Mazda3,2012,FT-4814
2476,178,Nissan,Sentra,2025,FLWY-67
2477,2840,Hyundai,Accent,2013,HXDW-09
2478,2408,Nissan,Sentra,2023,SB-9804
2479,4853,Kia,Sportage,2025,FKLH-91
2480,502,Kia,Rio,2014,XFKK-26
2481,1568,Chevrolet,Tracker,2023,LPXL-21
2482,2759,Suzuki,Baleno,2018,YVWG-90
2483,3241,Kia,Sportage,2012,HBKK-68
2484,3424,Chevrolet,Spark,2019,DYLL-18
2485,999,Mazda,Mazda3,2020,TDKY-10
2486,1952,Chevrolet,Spark,2021,CGJP-08
2487,3622,Kia,Rio,2014,LRVL-43
2488,3186,Nissan,Sentra,2025,RH-6215
2489,1859,Hyundai,Accent,2016,KJ-8381
2490,2532,Mazda,CX-5,2024,CHBC-86
2491,526,Chevrolet,Tracker,2012,SYYL-79
2492,781,Kia,Sportage,2012,HD-2249
2493,993,Toyota,Corolla,2014,PXHX-27
2494,3588,Hyundai,Accent,2021,HVGZ-39
2495,874,Suzuki,Swift,2017,FJCL-56
2496,2246,Kia,Rio,2019,PR-373
2497,4563,Kia,Rio,2018,DXCK-87
2498,3200,Chevrolet,Tracker,2018,GWKT-52
2499,2289,Nissan,Sentra,2021,XWSS-46
2500,4968,Suzuki,Swift,2013,WWTL-16
2501,4825,Toyota,Corolla,2014,HP-8350
2502,2910,Kia,Rio,2017,LZWB-37
2503,2329,Chevrolet,Tracker,2019,Z-8264
2504,4154,Chevrolet,Spark,2025,KZJF-38
2505,4546,Chevrolet,Tracker,2021,WHCP-61
2506,1139,Mazda,Mazda3,2013,LBYB-11
2507,225,Toyota,Corolla,2018,YVCR-06
2508,2561,Mazda,Mazda3,2020,XC-8075
2509,3514,Nissan,Versa,2015,DKJR-42
2510,44,Mazda,Mazda3,2016,PDVW-33
2511,2523,Toyota,RAV4,2016,BWGR-31
2512,2391,Suzuki,Baleno,2018,HY-7446
2513,3418,Hyundai,Accent,2012,DSZB-60
2514,4656,Chevrolet,Tracker,2013,GWWR-89
2515,2178,Toyota,RAV4,2016,HDLB-64
2516,4140,Chevrolet,Tracker,2025,GVBK-38
2517,4900,Mazda,Mazda3,2019,VPCY-06
2518,3169,Suzuki,Swift,2025,BTTT-49
2519,772,Nissan,Sentra,2016,JBZC-87
2520,2310,Mazda,Mazda3,2018,XD-2481
2521,1284,Kia,Rio,2024,BK-5115
2522,1554,Hyundai,Tucson,2024,TJDK-74
2523,1807,Kia,Sportage,2014,WFXL-55
2524,685,Nissan,Versa,2014,FWWF-98
2525,4713,Hyundai,Accent,2019,GBRL-01
2526,4525,Hyundai,Accent,2022,WWDK-65
2527,985,Toyota,Corolla,2024,VYLL-65
2528,498,Nissan,Versa,2013,CI-1511
2529,2904,Nissan,Sentra,2016,XSDS-17
2530,1643,Chevrolet,Spark,2022,SL-7481
2531,2544,Hyundai,Accent,2012,Z-6903
2532,808,Nissan,Versa,2021,ZD-4469
2533,1287,Chevrolet,Tracker,2024,HDCD-64
2534,859,Nissan,Sentra,2021,WCGL-10
2535,4564,Nissan,Versa,2024,KJ-4735
2536,774,Mazda,Mazda3,2025,JGXT-72
2537,1751,Kia,Rio,2013,PDST-07
2538,1645,Toyota,RAV4,2020,PR-313
2539,4393,Kia,Sportage,2022,FSRS-82
2540,162,Mazda,Mazda3,2020,FF-2611
2541,4531,Mazda,CX-5,2012,Z-2080
2542,1542,Mazda,CX-5,2015,SRYP-90
2543,1010,Toyota,RAV4,2013,BF-2346
2544,1978,Toyota,Corolla,2019,WHSR-15
2545,2035,Chevrolet,Spark,2020,HKJY-31
2546,1290,Kia,Rio,2014,LKHP-79
2547,2627,Kia,Rio,2015,WPYW-61
2548,992,Toyota,RAV4,2022,RPGV-73
2549,4225,Toyota,Yaris,2023,KPVW-61
2550,4538,Hyundai,Accent,2016,RP-8280
2551,329,Hyundai,Tucson,2013,PGFF-08
2552,3122,Chevrolet,Spark,2013,DXGW-96
2553,1045,Mazda,Mazda3,2019,WHSP-51
2554,3683,Nissan,Versa,2021,ZXYG-97
2555,119,Toyota,RAV4,2020,PR-046
2556,4836,Suzuki,Baleno,2015,KGSR-52
2557,2320,Suzuki,Baleno,2017,WYFK-80
2558,1590,Nissan,Sentra,2015,SWKK-39
2559,870,Kia,Sportage,2017,FSTW-05
2560,2607,Nissan,Versa,2017,XGSF-65
2561,2216,Hyundai,Tucson,2025,WFVG-25
2562,2816,Mazda,Mazda3,2012,Z-2227
2563,472,Mazda,CX-5,2024,KXLH-86
2564,3489,Kia,Sportage,2015,PR-000
2565,1607,Nissan,Versa,2022,PG-6285
2566,543,Nissan,Sentra,2019,GLLD-29
2567,452,Chevrolet,Spark,2019,YSCG-55
2568,1993,Nissan,Sentra,2025,TP-2917
2569,3842,Hyundai,Tucson,2015,WC-6232
2570,805,Nissan,Versa,2021,Z-5237
2571,3740,Nissan,Sentra,2021,FLXX-54
2572,1445,Mazda,Mazda3,2018,TLBC-99
2573,2237,Chevrolet,Tracker,2020,KC-6204
2574,1113,Mazda,Mazda3,2019,WDCD-22
2575,2743,Nissan,Sentra,2015,WKTT-98
2576,1445,Nissan,Versa,2017,HRGL-27
2577,2078,Mazda,CX-5,2022,Z-6825
2578,2395,Chevrolet,Spark,2020,RP-6799
2579,4124,Suzuki,Baleno,2020,HDXP-51
2580,508,Kia,Rio,2022,XBRD-75
2581,2058,Chevrolet,Spark,2018,PSCF-25
2582,1014,Suzuki,Baleno,2020,RP-9012
2583,4995,Mazda,Mazda3,2015,PLYV-82
2584,2657,Suzuki,Swift,2018,FXDK-15
2585,2554,Mazda,CX-5,2018,FX-2516
2586,864,Toyota,Yaris,2025,PXGT-65
2587,4882,Mazda,Mazda3,2022,RZTR-23
2588,903,Toyota,RAV4,2024,RYBJ-40
2589,2417,Nissan,Versa,2015,JI-8961
2590,1941,Suzuki,Baleno,2023,ZJ-8074
2591,4808,Chevrolet,Tracker,2015,DCWH-53
2592,3122,Kia,Sportage,2013,XJHZ-43
2593,3438,Nissan,Versa,2017,JZXJ-91
2594,763,Chevrolet,Spark,2016,KSCS-19
2595,3700,Suzuki,Baleno,2022,SLXK-19
2596,2150,Suzuki,Swift,2024,CC-8379
2597,1002,Mazda,CX-5,2022,DSHC-51
2598,4751,Chevrolet,Spark,2019,DD-8797
2599,1462,Toyota,RAV4,2013,Z-0315
2600,3894,Kia,Rio,2021,GH-0676
2601,1538,Kia,Rio,2022,RT-6007
2602,1832,Hyundai,Accent,2018,LYPH-93
2603,1750,Toyota,Corolla,2019,RP-0512
2604,34,Mazda,Mazda3,2020,GP-1620
2605,490,Nissan,Sentra,2025,PR-502
2606,736,Nissan,Sentra,2024,XWSZ-79
2607,2197,Kia,Rio,2024,BLPY-78
2608,1472,Mazda,Mazda3,2022,KSRK-39
2609,126,Mazda,Mazda3,2021,SLDC-15
2610,4999,Suzuki,Swift,2022,YVFF-86
2611,649,Hyundai,Accent,2015,HGDS-22
2612,4597,Suzuki,Swift,2015,GSHY-96
2613,3216,Chevrolet,Spark,2013,KD-8122
2614,1024,Hyundai,Tucson,2019,BTWG-81
2615,4870,Toyota,RAV4,2014,RKYR-94
2616,2245,Nissan,Versa,2020,ST-7037
2617,3712,Suzuki,Swift,2016,PZ-0169
2618,4705,Nissan,Versa,2020,KTKJ-26
2619,270,Toyota,Yaris,2016,Z-2235
2620,381,Toyota,RAV4,2015,VK-0149
2621,4452,Suzuki,Swift,2015,PI-4444
2622,1548,Hyundai,Accent,2013,YX-8590
2623,4110,Suzuki,Baleno,2022,SD-9565
2624,1524,Hyundai,Accent,2014,BBSS-35
2625,3986,Nissan,Versa,2018,HRLG-90
2626,848,Kia,Sportage,2016,RWJK-13
2627,3435,Chevrolet,Spark,2016,XLJY-78
2628,4492,Hyundai,Accent,2020,SSZR-04
2629,4831,Mazda,Mazda3,2014,DSFC-91
2630,3466,Mazda,CX-5,2020,CX-9215
2631,1044,Kia,Rio,2014,FGHY-30
2632,3317,Suzuki,Swift,2025,PR-158
2633,3711,Kia,Rio,2022,HT-2984
2634,3407,Toyota,Yaris,2024,XKWK-10
2635,2726,Mazda,CX-5,2019,ZDRV-75
2636,1857,Nissan,Versa,2025,FT-9435
2637,3071,Kia,Sportage,2013,RP-8997
2638,998,Nissan,Sentra,2021,PR-609
2639,3028,Toyota,Corolla,2019,CC-9904
2640,2151,Suzuki,Baleno,2013,PKXX-40
2641,3475,Mazda,CX-5,2019,VPLT-11
2642,1756,Chevrolet,Spark,2014,VGPL-46
2643,2258,Hyundai,Tucson,2021,HZYV-32
2644,2115,Chevrolet,Spark,2022,JPJK-11
2645,2681,Toyota,Corolla,2024,JSYL-93
2646,4960,Nissan,Versa,2018,FHDJ-74
2647,645,Toyota,Corolla,2019,VJVH-73
2648,2589,Chevrolet,Tracker,2022,FXGJ-02
2649,4691,Suzuki,Swift,2015,CVFC-36
2650,2906,Hyundai,Tucson,2021,WK-1600
2651,4092,Nissan,Versa,2018,GSSL-47
2652,2533,Chevrolet,Spark,2023,STPC-74
2653,4163,Suzuki,Baleno,2018,PR-564
2654,3940,Toyota,Yaris,2024,FS-2591
2655,4165,Kia,Rio,2019,CTYJ-52
2656,2441,Mazda,CX-5,2018,VX-6985
2657,4041,Nissan,Sentra,2018,XBPS-54
2658,3753,Hyundai,Tucson,2023,JLWH-92
2659,3800,Chevrolet,Spark,2022,JBVJ-20
2660,4147,Toyota,RAV4,2019,RP-9763
2661,3731,Nissan,Versa,2012,CHGH-45
2662,2768,Nissan,Versa,2014,FXRB-77
2663,621,Mazda,CX-5,2023,VVHC-01
2664,4779,Kia,Rio,2022,PFSY-38
2665,322,Suzuki,Swift,2025,RP-7872
2666,1589,Mazda,CX-5,2018,SPZS-40
2667,2986,Toyota,Corolla,2013,HGVP-38
2668,4024,Chevrolet,Tracker,2017,YXZT-08
2669,3208,Suzuki,Baleno,2015,ZLFC-90
2670,2953,Kia,Rio,2023,CK-1126
2671,171,Kia,Sportage,2017,Z-1140
2672,690,Hyundai,Accent,2014,PBWP-40
2673,3931,Mazda,CX-5,2019,TLPT-71
2674,3745,Kia,Sportage,2017,JXVC-12
2675,62,Suzuki,Swift,2019,SF-3038
2676,1487,Mazda,Mazda3,2021,ZDZJ-28
2677,2781,Kia,Sportage,2024,SVYB-54
2678,1874,Hyundai,Accent,2017,VWRD-59
2679,936,Mazda,Mazda3,2012,XFCP-20
2680,2839,Kia,Sportage,2024,XXXL-49
2681,4703,Kia,Sportage,2018,KWPD-90
2682,3070,Suzuki,Swift,2023,SWXL-98
2683,1869,Mazda,Mazda3,2016,WBPL-25
2684,3740,Suzuki,Swift,2013,PR-640
2685,930,Chevrolet,Tracker,2013,LFXZ-39
2686,198,Hyundai,Tucson,2012,WXDZ-37
2687,2451,Kia,Rio,2015,KTKJ-11
2688,2393,Hyundai,Tucson,2018,RLFF-85
2689,1260,Toyota,RAV4,2013,BSSC-00
2690,1600,Suzuki,Swift,2024,LGZT-10
2691,2789,Kia,Rio,2017,DGWK-21
2692,2746,Nissan,Sentra,2019,LCRD-65
2693,2448,Mazda,CX-5,2022,XTWR-15
2694,1321,Chevrolet,Spark,2023,TVVT-35
2695,4661,Kia,Sportage,2024,LS-0511
2696,234,Mazda,Mazda3,2024,CWLL-15
2697,1148,Chevrolet,Spark,2013,ZJRK-91
2698,4923,Mazda,CX-5,2012,SC-2669
2699,2244,Nissan,Versa,2025,AR-4606
2700,1567,Hyundai,Accent,2021,JFZT-27
2701,3660,Kia,Sportage,2018,FHJW-81
2702,913,Chevrolet,Tracker,2014,TCWY-01
2703,4896,Hyundai,Accent,2013,RP-6785
2704,1433,Chevrolet,Spark,2018,VW-4241
2705,3966,Mazda,CX-5,2019,BYVJ-80
2706,2239,Mazda,Mazda3,2023,KI-9947
2707,4098,Suzuki,Swift,2012,CDZT-60
2708,1260,Suzuki,Baleno,2019,CCKS-02
2709,4519,Hyundai,Accent,2023,DGKX-64
2710,2369,Nissan,Sentra,2021,RP-9302
2711,3498,Toyota,Yaris,2018,YVLR-56
2712,1854,Chevrolet,Tracker,2022,VSWC-30
2713,1491,Suzuki,Swift,2023,PVZJ-00
2714,3994,Hyundai,Tucson,2015,YVBP-69
2715,1670,Chevrolet,Tracker,2020,CSVK-48
2716,1614,Mazda,Mazda3,2015,KFVW-49
2717,4848,Mazda,CX-5,2025,KTBH-04
2718,818,Suzuki,Baleno,2017,CD-5196
2719,4698,Mazda,Mazda3,2012,FD-6204
2720,1670,Toyota,Corolla,2019,RDLB-30
2721,4412,Nissan,Sentra,2021,CVRW-40
2722,3421,Suzuki,Baleno,2021,LJBX-76
2723,2153,Toyota,Yaris,2023,GHZH-45
2724,272,Chevrolet,Spark,2025,PWXL-09
2725,111,Kia,Sportage,2025,FY-9332
2726,1208,Nissan,Versa,2018,ZFJG-25
2727,644,Kia,Sportage,2018,HW-4938
2728,4755,Hyundai,Accent,2022,TRZX-60
2729,743,Chevrolet,Spark,2013,YYGW-62
2730,1910,Toyota,Corolla,2021,YF-9828
2731,4520,Kia,Rio,2023,ZV-0319
2732,2334,Suzuki,Baleno,2015,VV-6057
2733,2844,Kia,Rio,2025,CV-1496
2734,4284,Suzuki,Swift,2014,SWGJ-13
2735,2589,Mazda,Mazda3,2012,FS-7278
2736,106,Chevrolet,Tracker,2016,VYXJ-13
2737,3670,Hyundai,Tucson,2025,ZGFJ-07
2738,4300,Suzuki,Baleno,2024,ST-9694
2739,1662,Hyundai,Accent,2014,BC-6862
2740,1453,Toyota,Yaris,2020,CRWR-10
2741,2144,Mazda,CX-5,2025,LSGL-86
2742,1998,Mazda,CX-5,2019,HCGF-82
2743,3252,Nissan,Sentra,2022,PR-459
2744,3408,Suzuki,Swift,2021,AZ-4039
2745,4178,Toyota,Yaris,2013,GWPK-28
2746,484,Toyota,Yaris,2013,YZFL-33
2747,1054,Hyundai,Accent,2014,RSCV-50
2748,4918,Mazda,Mazda3,2012,WB-6686
2749,1376,Kia,Rio,2024,SHKT-65
2750,3072,Kia,Rio,2017,VT-7246
2751,3774,Hyundai,Accent,2013,BZPH-59
2752,4786,Kia,Rio,2022,RP-7290
2753,50,Suzuki,Baleno,2022,PY-5265
2754,3155,Hyundai,Tucson,2015,PKLL-02
2755,691,Nissan,Versa,2025,GZFK-86
2756,4595,Hyundai,Tucson,2020,KPVZ-73
2757,2975,Nissan,Versa,2022,BVCH-51
2758,4198,Chevrolet,Tracker,2024,BC-7366
2759,2438,Hyundai,Accent,2019,CHXD-51
2760,3976,Nissan,Sentra,2016,JJGJ-51
2761,4931,Hyundai,Tucson,2012,CWFS-22
2762,3382,Hyundai,Accent,2020,CFDT-98
2763,3226,Nissan,Sentra,2021,RLCL-75
2764,2286,Toyota,RAV4,2023,ZLTX-47
2765,4855,Suzuki,Swift,2025,RZHX-10
2766,112,Chevrolet,Spark,2021,XWBW-91
2767,3818,Mazda,CX-5,2020,JPPJ-91
2768,351,Mazda,CX-5,2012,ZC-7741
2769,4451,Suzuki,Swift,2025,RF-9746
2770,1816,Kia,Rio,2019,FZXR-00
2771,543,Hyundai,Tucson,2018,ZV-9902
2772,269,Nissan,Versa,2025,VL-0297
2773,365,Kia,Rio,2019,BFTJ-44
2774,3163,Toyota,Corolla,2018,VF-3479
2775,4925,Hyundai,Accent,2021,CZZD-29
2776,5,Nissan,Sentra,2019,PR-226
2777,1573,Chevrolet,Spark,2021,BXDD-88
2778,2354,Toyota,Yaris,2012,JY-0650
2779,599,Suzuki,Swift,2016,RYLY-52
2780,2435,Kia,Rio,2012,XJVF-18
2781,1132,Kia,Rio,2015,ZYXJ-20
2782,374,Toyota,RAV4,2012,TPWY-51
2783,4545,Kia,Rio,2012,WLBV-65
2784,4346,Hyundai,Accent,2016,HJPJ-76
2785,2889,Suzuki,Baleno,2020,XBVJ-37
2786,2916,Hyundai,Accent,2021,GSVJ-85
2787,3320,Nissan,Versa,2014,RHWL-30
2788,3046,Suzuki,Swift,2025,LPYP-69
2789,4430,Kia,Rio,2016,VGVB-14
2790,921,Chevrolet,Spark,2020,DKSF-65
2791,2711,Nissan,Versa,2013,RLYX-30
2792,2377,Suzuki,Swift,2023,KRRJ-44
2793,698,Chevrolet,Spark,2017,PLYH-45
2794,4320,Chevrolet,Spark,2023,BJ-3855
2795,2037,Nissan,Sentra,2024,BJJJ-52
2796,4092,Nissan,Sentra,2015,KS-3486
2797,1207,Kia,Rio,2018,WZXW-26
2798,1603,Hyundai,Tucson,2019,TJFX-44
2799,2360,Nissan,Sentra,2016,DF-3036
2800,784,Mazda,Mazda3,2021,PR-797
2801,2959,Suzuki,Baleno,2018,WJVC-53
2802,3863,Hyundai,Accent,2021,PR-756
2803,3149,Toyota,RAV4,2015,RSJS-70
2804,1194,Nissan,Sentra,2024,RWRD-05
2805,72,Mazda,CX-5,2025,PR-511
2806,2000,Nissan,Sentra,2020,STGT-17
2807,2551,Chevrolet,Tracker,2017,LYGC-15
2808,4618,Toyota,Yaris,2025,GS-3402
2809,1297,Toyota,Yaris,2018,BP-6450
2810,3682,Nissan,Versa,2024,ZWTC-81
2811,606,Nissan,Versa,2016,SCCS-40
2812,2287,Kia,Rio,2022,FKRH-88
2813,4197,Toyota,Yaris,2025,PDDL-31
2814,377,Toyota,Yaris,2012,TSJC-33
2815,1491,Suzuki,Swift,2020,VK-1709
2816,1885,Hyundai,Accent,2021,BXTX-62
2817,186,Kia,Rio,2022,PR-175
2818,2823,Nissan,Sentra,2020,DY-2327
2819,4934,Toyota,RAV4,2024,YLCR-16
2820,4395,Hyundai,Tucson,2018,ZLRK-94
2821,21,Chevrolet,Tracker,2021,LPGX-06
2822,4206,Kia,Sportage,2025,PJ-0288
2823,1782,Chevrolet,Spark,2018,BHGD-26
2824,2555,Kia,Rio,2014,VPJT-89
2825,1743,Kia,Sportage,2017,GG-4984
2826,719,Chevrolet,Spark,2018,VVYX-60
2827,642,Nissan,Sentra,2025,GJYS-02
2828,2426,Nissan,Sentra,2019,PR-376
2829,2311,Mazda,Mazda3,2013,RZWK-62
2830,2759,Toyota,Corolla,2015,KVRG-31
2831,2656,Kia,Rio,2017,RGTB-12
2832,1160,Nissan,Sentra,2012,DPZJ-90
2833,870,Kia,Rio,2013,TJBS-21
2834,3124,Suzuki,Swift,2019,RGXT-11
2835,4213,Hyundai,Accent,2025,Z-5554
2836,728,Nissan,Sentra,2025,BJFD-63
2837,963,Toyota,Corolla,2015,PLBR-43
2838,1739,Chevrolet,Tracker,2024,AX-0073
2839,2158,Suzuki,Baleno,2020,SPXT-74
2840,2350,Chevrolet,Tracker,2025,YGVH-93
2841,532,Toyota,Yaris,2019,CA-2595
2842,4595,Chevrolet,Spark,2025,PR-060
2843,1304,Nissan,Sentra,2018,SBPS-47
2844,4235,Kia,Sportage,2022,XYRX-07
2845,3303,Hyundai,Tucson,2018,RKPK-02
2846,2953,Mazda,CX-5,2013,TTGR-88
2847,2872,Toyota,RAV4,2012,BXDD-33
2848,3669,Nissan,Versa,2012,TK-6025
2849,713,Toyota,RAV4,2024,PR-962
2850,4707,Kia,Sportage,2012,WPDD-19
2851,651,Chevrolet,Spark,2014,PR-620
2852,2647,Suzuki,Baleno,2017,DGDS-86
2853,2623,Kia,Sportage,2023,HKHP-73
2854,510,Hyundai,Accent,2012,GZJJ-38
2855,2641,Mazda,CX-5,2022,PDYY-37
2856,3953,Chevrolet,Tracker,2012,VXRX-99
2857,3165,Chevrolet,Tracker,2022,SVPV-10
2858,4670,Suzuki,Baleno,2019,GI-2124
2859,4664,Mazda,CX-5,2015,DW-6742
2860,2509,Nissan,Versa,2025,RYXP-60
2861,3257,Mazda,CX-5,2020,FJVD-85
2862,3589,Mazda,CX-5,2025,XZ-9499
2863,4632,Chevrolet,Spark,2025,DCWV-08
2864,1994,Nissan,Sentra,2019,BCCB-04
2865,4076,Hyundai,Accent,2019,BKYR-31
2866,4622,Kia,Sportage,2012,AH-0396
2867,3729,Kia,Sportage,2018,LVTT-72
2868,2229,Chevrolet,Spark,2025,LBHK-68
2869,4284,Nissan,Sentra,2016,YSFP-53
2870,124,Mazda,CX-5,2012,VGLS-57
2871,1605,Suzuki,Swift,2014,GJ-3520
2872,1543,Chevrolet,Tracker,2021,JZ-2505
2873,1666,Kia,Rio,2015,LFTK-13
2874,2218,Mazda,CX-5,2016,YCWC-89
2875,3427,Chevrolet,Spark,2023,XPYV-03
2876,624,Chevrolet,Spark,2012,PGDB-15
2877,4777,Chevrolet,Spark,2024,BXTJ-59
2878,2223,Hyundai,Tucson,2016,TV-2798
2879,2890,Mazda,CX-5,2019,CXBL-77
2880,2208,Toyota,Yaris,2022,KH-1422
2881,3728,Toyota,Corolla,2018,WYVT-40
2882,2262,Suzuki,Swift,2023,TVWB-47
2883,4975,Chevrolet,Spark,2025,RC-6768
2884,556,Toyota,Yaris,2025,WSTY-82
2885,4472,Nissan,Versa,2017,TWGX-33
2886,4160,Chevrolet,Spark,2016,RP-9776
2887,2930,Chevrolet,Tracker,2023,CB-1895
2888,4328,Chevrolet,Tracker,2016,PSTH-55
2889,1178,Suzuki,Baleno,2018,YBJY-10
2890,4317,Kia,Sportage,2021,SB-8251
2891,375,Suzuki,Swift,2020,CLGC-99
2892,1537,Mazda,CX-5,2025,BKZZ-35
2893,1415,Kia,Sportage,2024,ZFKT-87
2894,411,Chevrolet,Tracker,2013,FGCY-51
2895,810,Mazda,CX-5,2022,WLGR-38
2896,122,Chevrolet,Spark,2021,LXYY-46
2897,2256,Mazda,CX-5,2020,WV-5752
2898,3832,Mazda,Mazda3,2025,XZ-1755
2899,380,Suzuki,Baleno,2018,HWZD-86
2900,2634,Chevrolet,Tracker,2015,HS-1904
2901,4383,Kia,Rio,2019,YWHY-47
2902,3668,Suzuki,Swift,2023,VCJZ-88
2903,1075,Mazda,CX-5,2017,LGZY-37
2904,1935,Mazda,Mazda3,2012,PSLG-19
2905,2930,Hyundai,Accent,2012,WH-7743
2906,4208,Suzuki,Swift,2016,LBLF-63
2907,4577,Suzuki,Swift,2012,VYSD-07
2908,4114,Toyota,Corolla,2023,FGGL-13
2909,4528,Mazda,CX-5,2022,YXRL-46
2910,4659,Hyundai,Tucson,2025,FSJH-09
2911,2892,Toyota,Yaris,2017,HJHL-66
2912,1970,Mazda,Mazda3,2015,KCXZ-56
2913,3418,Toyota,Yaris,2023,HGLW-59
2914,4043,Suzuki,Baleno,2025,YHCZ-52
2915,4411,Mazda,CX-5,2016,KSCK-99
2916,4319,Nissan,Versa,2022,XF-6615
2917,645,Mazda,CX-5,2020,HTPY-68
2918,335,Suzuki,Baleno,2015,CWZG-91
2919,3847,Toyota,RAV4,2014,WRPG-10
2920,1615,Nissan,Sentra,2023,CD-1253
2921,1360,Toyota,Yaris,2015,JWWJ-11
2922,3121,Toyota,RAV4,2025,DZTD-73
2923,3723,Suzuki,Swift,2017,Z-5427
2924,3216,Kia,Rio,2012,VJXG-16
2925,4862,Nissan,Sentra,2021,WJRR-62
2926,4203,Kia,Sportage,2024,XXHY-60
2927,2109,Nissan,Sentra,2021,PJDG-02
2928,3560,Hyundai,Tucson,2022,FCPS-81
2929,2915,Suzuki,Swift,2019,ZXYS-23
2930,719,Hyundai,Tucson,2021,DL-1891
2931,1001,Chevrolet,Tracker,2012,PR-264
2932,1545,Kia,Sportage,2019,YH-8901
2933,3026,Toyota,Corolla,2013,JV-7574
2934,3721,Chevrolet,Spark,2017,SG-5190
2935,827,Hyundai,Tucson,2024,YLFD-89
2936,2050,Nissan,Sentra,2017,CD-0723
2937,2691,Hyundai,Accent,2022,JT-3347
2938,2390,Toyota,Corolla,2022,ZG-6899
2939,3973,Mazda,Mazda3,2015,LD-6558
2940,3721,Nissan,Sentra,2020,WG-5163
2941,2781,Hyundai,Accent,2020,TKKV-18
2942,7,Hyundai,Accent,2016,XDZG-13
2943,4160,Nissan,Sentra,2014,WGXX-06
2944,4330,Kia,Sportage,2022,GPGC-32
2945,2744,Nissan,Versa,2015,WZPZ-13
2946,3201,Hyundai,Accent,2017,PGXS-70
2947,3,Nissan,Sentra,2018,JZRB-03
2948,1005,Mazda,Mazda3,2021,LFTB-08
2949,191,Kia,Rio,2024,WA-8691
2950,1409,Hyundai,Accent,2012,GD-7403
2951,4511,Nissan,Sentra,2013,CYCK-30
2952,3533,Toyota,Yaris,2018,CY-4498
2953,3114,Nissan,Versa,2025,PRHY-92
2954,4126,Nissan,Versa,2015,XFRY-84
2955,2580,Hyundai,Tucson,2013,ZWKY-99
2956,803,Nissan,Versa,2012,BKXC-33
2957,4305,Chevrolet,Tracker,2022,PZSX-34
2958,1856,Kia,Sportage,2020,GX-4066
2959,2961,Nissan,Versa,2022,PR-696
2960,1646,Nissan,Sentra,2019,TCVR-52
2961,118,Hyundai,Tucson,2025,DRGB-84
2962,3465,Suzuki,Swift,2025,HPHY-54
2963,2619,Suzuki,Swift,2017,FRCK-34
2964,3814,Mazda,CX-5,2015,LB-9455
2965,1711,Mazda,Mazda3,2018,Z-5226
2966,3720,Toyota,Corolla,2018,LW-9243
2967,754,Hyundai,Accent,2019,CK-3225
2968,516,Kia,Sportage,2016,GV-7526
2969,4826,Mazda,Mazda3,2015,ZZHL-42
2970,4604,Kia,Sportage,2023,KLZK-93
2971,2222,Chevrolet,Spark,2015,PB-2172
2972,3119,Suzuki,Swift,2016,YZJB-99
2973,4008,Chevrolet,Spark,2012,WTLC-20
2974,4402,Chevrolet,Spark,2014,RP-6939
2975,4918,Chevrolet,Spark,2022,TTCL-07
2976,2458,Mazda,Mazda3,2018,PR-900
2977,1529,Kia,Rio,2017,CK-0860
2978,2107,Hyundai,Accent,2023,XYKF-64
2979,113,Nissan,Sentra,2012,RHFJ-85
2980,2620,Toyota,Corolla,2022,HY-4442
2981,2950,Kia,Sportage,2016,WX-6264
2982,3164,Suzuki,Swift,2013,CWHB-55
2983,607,Nissan,Sentra,2022,BKXX-98
2984,3332,Kia,Sportage,2018,Z-0943
2985,3942,Chevrolet,Tracker,2016,JSDP-84
2986,4387,Chevrolet,Tracker,2023,WRBX-16
2987,4409,Chevrolet,Spark,2016,SSFV-96
2988,480,Nissan,Sentra,2022,DFLP-22
2989,4766,Nissan,Versa,2016,LHGF-14
2990,2709,Hyundai,Tucson,2017,TZSJ-51
2991,3222,Nissan,Versa,2025,BKDX-56
2992,3921,Suzuki,Baleno,2013,PPHX-42
2993,3322,Kia,Sportage,2016,CD-2533
2994,4351,Nissan,Versa,2014,LHFK-12
2995,3343,Kia,Sportage,2014,CZLT-42
2996,1297,Mazda,Mazda3,2021,HVYG-27
2997,3919,Kia,Rio,2020,CKZK-36
2998,2928,Nissan,Sentra,2022,WKZY-87
2999,2465,Hyundai,Accent,2017,TVJS-87
3000,465,Toyota,Corolla,2015,SX-0367
3001,3479,Toyota,Corolla,2021,DGLV-67
3002,3787,Hyundai,Tucson,2015,WBDP-34
3003,1425,Toyota,RAV4,2025,KGSK-84
3004,2517,Nissan,Versa,2022,GPBL-78
3005,2604,Chevrolet,Spark,2014,TJHF-81
3006,1090,Kia,Sportage,2019,HFFB-15
3007,1714,Toyota,Yaris,2012,Z-0122
3008,3883,Nissan,Versa,2017,GKDT-21
3009,4738,Suzuki,Swift,2014,PLZF-81
3010,4184,Chevrolet,Spark,2024,YDDV-48
3011,2329,Toyota,RAV4,2022,WYFV-80
3012,909,Chevrolet,Spark,2016,TR-2096
3013,530,Suzuki,Baleno,2018,AK-3698
3014,3895,Nissan,Sentra,2015,WGJS-59
3015,4842,Mazda,Mazda3,2019,Z-6537
3016,906,Suzuki,Swift,2013,PPPX-57
3017,1478,Nissan,Sentra,2021,HYSK-13
3018,787,Chevrolet,Tracker,2014,JKRG-07
3019,1195,Nissan,Sentra,2017,VGRL-00
3020,1525,Hyundai,Accent,2012,RWBR-97
3021,2699,Kia,Rio,2017,PCZV-62
3022,1591,Mazda,CX-5,2019,XFBZ-29
3023,4283,Nissan,Sentra,2012,LY-2076
3024,3513,Hyundai,Accent,2025,ZFFG-90
3025,4554,Suzuki,Baleno,2018,TWBH-92
3026,754,Suzuki,Baleno,2012,RP-4167
3027,1,Suzuki,Swift,2013,RP-5131
3028,237,Hyundai,Tucson,2023,BXTG-80
3029,1539,Hyundai,Tucson,2017,KXWH-05
3030,4446,Nissan,Versa,2020,ZZLV-95
3031,3631,Hyundai,Tucson,2015,PR-166
3032,847,Chevrolet,Tracker,2020,SYCH-29
3033,1400,Suzuki,Baleno,2023,RZCC-38
3034,4561,Nissan,Sentra,2016,FFKL-64
3035,1188,Nissan,Versa,2024,GFPC-95
3036,2585,Suzuki,Swift,2019,PYCG-13
3037,4875,Kia,Sportage,2012,WLGX-42
3038,4952,Mazda,Mazda3,2025,YJ-6064
3039,2565,Suzuki,Swift,2015,JCHZ-46
3040,3580,Kia,Rio,2015,BYYZ-74
3041,4361,Toyota,Yaris,2024,CJZR-83
3042,1356,Toyota,RAV4,2015,SSSY-83
3043,410,Hyundai,Tucson,2015,DBJG-28
3044,657,Suzuki,Baleno,2017,JTDK-20
3045,3236,Chevrolet,Spark,2016,XL-6906
3046,3533,Kia,Rio,2024,XSPV-70
3047,180,Chevrolet,Tracker,2014,YTFC-92
3048,4781,Kia,Sportage,2023,ZYLT-53
3049,977,Chevrolet,Spark,2017,CCPB-46
3050,157,Toyota,Yaris,2025,GX-0711
3051,3007,Nissan,Sentra,2020,SCPY-02
3052,334,Kia,Rio,2012,XPGZ-49
3053,4885,Mazda,CX-5,2013,DBKT-30
3054,3613,Hyundai,Tucson,2024,CW-8717
3055,4639,Chevrolet,Spark,2012,GCWY-85
3056,700,Nissan,Sentra,2016,JWTZ-55
3057,2220,Toyota,RAV4,2014,DCGV-86
3058,380,Mazda,Mazda3,2021,PZVK-37
3059,4524,Hyundai,Accent,2023,JFFY-95
3060,969,Chevrolet,Tracker,2015,WGDS-66
3061,4166,Hyundai,Tucson,2012,CDPC-31
3062,773,Hyundai,Tucson,2025,BF-1471
3063,1264,Toyota,Yaris,2012,VGTH-89
3064,3935,Chevrolet,Spark,2018,GXFX-32
3065,4927,Nissan,Sentra,2021,TXGW-81
3066,1773,Suzuki,Swift,2018,TH-9468
3067,3976,Chevrolet,Spark,2014,HZVW-84
3068,4395,Suzuki,Swift,2018,ZD-7149
3069,3624,Toyota,Yaris,2024,VJ-1453
3070,4839,Toyota,Yaris,2013,PX-4855
3071,4367,Kia,Rio,2022,Z-3337
3072,261,Toyota,Yaris,2017,CBWD-72
3073,3220,Chevrolet,Spark,2014,FT-0756
3074,3309,Mazda,CX-5,2022,YHTP-04
3075,4313,Mazda,Mazda3,2013,BYXF-94
3076,313,Chevrolet,Tracker,2022,FS-6079
3077,3228,Suzuki,Baleno,2021,YDCK-26
3078,3654,Toyota,Corolla,2023,BKWC-27
3079,3506,Toyota,Corolla,2021,BVGL-45
3080,1016,Mazda,Mazda3,2018,WGFJ-87
3081,2980,Chevrolet,Spark,2015,ZR-7667
3082,4918,Suzuki,Baleno,2015,ZKRB-82
3083,440,Suzuki,Swift,2019,HWRJ-12
3084,2860,Nissan,Sentra,2016,CP-4389
3085,3789,Kia,Sportage,2013,FKLJ-58
3086,922,Hyundai,Tucson,2019,JRWD-65
3087,3826,Chevrolet,Spark,2016,FCYG-87
3088,2563,Mazda,CX-5,2015,WZXB-12
3089,4841,Mazda,CX-5,2014,PR-075
3090,3366,Kia,Sportage,2016,BKZY-36
3091,3473,Nissan,Sentra,2015,HS-2895
3092,1711,Chevrolet,Spark,2020,VCXF-75
3093,2322,Suzuki,Swift,2020,JSDP-42
3094,599,Mazda,Mazda3,2019,VCVL-15
3095,3932,Hyundai,Accent,2016,GRCP-39
3096,1647,Kia,Sportage,2025,JSJT-36
3097,1807,Chevrolet,Tracker,2021,BY-7732
3098,1981,Toyota,Corolla,2014,CD-7611
3099,1157,Hyundai,Accent,2020,CFXK-54
3100,4532,Chevrolet,Tracker,2013,WJVZ-94
3101,1294,Kia,Rio,2018,PH-3422
3102,4240,Toyota,Corolla,2015,CCTY-54
3103,774,Kia,Rio,2017,KLDR-37
3104,1623,Toyota,RAV4,2022,TRHP-09
3105,1158,Toyota,Corolla,2015,PR-521
3106,1454,Toyota,Yaris,2012,TWGL-77
3107,2881,Nissan,Sentra,2017,TFXB-73
3108,3915,Nissan,Sentra,2018,ZSSZ-84
3109,1603,Toyota,Corolla,2025,RP-9507
3110,3203,Chevrolet,Tracker,2012,BWFP-99
3111,2078,Nissan,Sentra,2013,GGLH-56
3112,1838,Hyundai,Accent,2021,AS-4000
3113,2497,Chevrolet,Spark,2020,KFXR-00
3114,3253,Kia,Rio,2017,GVJG-57
3115,248,Kia,Sportage,2014,PCBG-21
3116,3658,Suzuki,Swift,2016,XSRC-94
3117,4980,Toyota,RAV4,2018,ZYKD-71
3118,4946,Hyundai,Tucson,2014,XP-1525
3119,1544,Mazda,Mazda3,2021,VTYG-22
3120,3235,Mazda,CX-5,2022,FXJG-23
3121,895,Toyota,Yaris,2021,SVSW-25
3122,3610,Mazda,Mazda3,2021,PR-053
3123,3572,Mazda,CX-5,2014,HFCD-35
3124,1945,Suzuki,Swift,2019,CVBT-33
3125,2580,Toyota,RAV4,2023,AH-0178
3126,3672,Mazda,CX-5,2016,YS-1600
3127,4977,Hyundai,Accent,2014,DVCD-69
3128,2784,Chevrolet,Tracker,2012,YD-3224
3129,1405,Toyota,RAV4,2021,VJVY-32
3130,944,Hyundai,Tucson,2023,FP-8996
3131,2147,Kia,Rio,2021,PWFL-48
3132,416,Mazda,CX-5,2021,ZD-7334
3133,1299,Toyota,Corolla,2019,GJRV-71
3134,3784,Hyundai,Accent,2019,CTSK-40
3135,4249,Toyota,Corolla,2014,TXYJ-39
3136,53,Mazda,Mazda3,2021,FZBH-52
3137,1286,Suzuki,Baleno,2013,JSVW-02
3138,4660,Mazda,CX-5,2012,WYZG-49
3139,706,Toyota,Corolla,2023,Z-2365
3140,4182,Toyota,Yaris,2022,JJHP-32
3141,4752,Toyota,Yaris,2024,SHDG-24
3142,2116,Chevrolet,Spark,2014,YXFY-90
3143,2837,Suzuki,Baleno,2013,SFJP-63
3144,1685,Suzuki,Swift,2022,TVZD-15
3145,2849,Kia,Sportage,2016,RDLG-56
3146,2640,Chevrolet,Tracker,2014,KZYG-64
3147,608,Suzuki,Baleno,2024,DS-1558
3148,4491,Nissan,Sentra,2021,GZFB-72
3149,3850,Chevrolet,Tracker,2016,LXBV-25
3150,2057,Nissan,Sentra,2022,YZDR-09
3151,449,Suzuki,Baleno,2015,GWSY-74
3152,2476,Chevrolet,Spark,2013,CLFL-66
3153,1550,Hyundai,Tucson,2021,HRVY-65
3154,1758,Chevrolet,Tracker,2018,VHWT-94
3155,3222,Suzuki,Swift,2012,FV-6349
3156,3078,Nissan,Sentra,2022,TCJP-09
3157,210,Suzuki,Baleno,2013,HHYR-60
3158,868,Toyota,Yaris,2025,WRKZ-12
3159,4676,Kia,Sportage,2021,ZJHV-59
3160,3406,Toyota,Corolla,2024,VYXY-12
3161,2822,Mazda,Mazda3,2023,ZJDL-38
3162,4872,Chevrolet,Spark,2018,BJ-1554
3163,337,Nissan,Sentra,2018,VCZC-39
3164,1946,Suzuki,Swift,2016,CFJX-36
3165,341,Chevrolet,Tracker,2012,PR-601
3166,1054,Kia,Rio,2018,CC-9047
3167,4556,Hyundai,Accent,2024,RGVJ-02
3168,4551,Kia,Sportage,2025,CZ-3318
3169,4682,Nissan,Versa,2021,GV-3902
3170,1907,Mazda,CX-5,2017,RXKC-19
3171,2935,Chevrolet,Tracker,2024,FYPJ-36
3172,4052,Suzuki,Swift,2019,RYBC-15
3173,4052,Suzuki,Baleno,2025,PR-308
3174,2799,Mazda,CX-5,2012,DHYG-26
3175,3794,Hyundai,Tucson,2019,JHYV-78
3176,3910,Chevrolet,Spark,2012,GLDL-03
3177,393,Hyundai,Accent,2016,PR-501
3178,3092,Chevrolet,Tracker,2014,ZKTJ-22
3179,1937,Nissan,Sentra,2025,SBWL-58
3180,4116,Hyundai,Tucson,2014,GRXH-13
3181,1192,Suzuki,Swift,2017,KLBH-09
3182,1037,Mazda,CX-5,2021,THTV-91
3183,3830,Chevrolet,Spark,2018,DVDH-79
3184,2767,Nissan,Versa,2025,VGPT-38
3185,2961,Kia,Sportage,2017,YF-7539
3186,1762,Toyota,Yaris,2014,JWFB-49
3187,4543,Toyota,Corolla,2019,VTPJ-08
3188,1367,Suzuki,Swift,2014,FL-1245
3189,2267,Kia,Rio,2015,PFXH-76
3190,2725,Suzuki,Baleno,2020,RRHH-20
3191,3486,Kia,Sportage,2020,PR-210
3192,4843,Toyota,Corolla,2015,BKTP-04
3193,3674,Nissan,Sentra,2017,DZWY-25
3194,1178,Nissan,Versa,2020,RI-6232
3195,2576,Nissan,Versa,2023,FKPG-04
3196,1968,Hyundai,Accent,2016,CFPP-06
3197,868,Suzuki,Swift,2014,GV-9314
3198,1079,Kia,Rio,2015,YVFX-13
3199,2753,Kia,Sportage,2021,BHSV-08
3200,2366,Suzuki,Baleno,2025,WPBG-23
3201,3254,Suzuki,Baleno,2019,VX-3633
3202,507,Toyota,RAV4,2014,YYYB-53
3203,749,Toyota,Yaris,2019,GKVY-77
3204,1949,Mazda,CX-5,2015,YJYL-61
3205,464,Kia,Rio,2016,XTKC-21
3206,2948,Toyota,RAV4,2018,WHHY-41
3207,4705,Nissan,Versa,2025,RDHX-48
3208,715,Toyota,RAV4,2015,RPHB-89
3209,4271,Toyota,Corolla,2015,DBXW-59
3210,491,Toyota,Yaris,2013,WZZX-39
3211,3332,Mazda,Mazda3,2021,BCBZ-79
3212,3887,Chevrolet,Spark,2015,SFDD-19
3213,3697,Mazda,CX-5,2016,TSVP-63
3214,4712,Hyundai,Tucson,2020,PPDR-83
3215,885,Kia,Sportage,2021,DXRW-85
3216,3500,Mazda,Mazda3,2018,Z-9521
3217,2298,Mazda,CX-5,2024,RP-3320
3218,2987,Suzuki,Baleno,2020,RL-3769
3219,3630,Hyundai,Accent,2023,XZSH-96
3220,5000,Suzuki,Swift,2014,PRLV-35
3221,3668,Mazda,CX-5,2017,TJBH-35
3222,1980,Kia,Rio,2017,FCKZ-29
3223,4915,Hyundai,Tucson,2024,KPHS-83
3224,1817,Hyundai,Accent,2024,BHZX-55
3225,3448,Suzuki,Baleno,2020,XGDJ-52
3226,4251,Kia,Sportage,2012,XGXW-75
3227,3667,Hyundai,Tucson,2025,XB-8346
3228,2133,Hyundai,Tucson,2024,Z-6566
3229,4411,Nissan,Versa,2024,PVLG-75
3230,4762,Kia,Rio,2015,AG-6959
3231,2649,Hyundai,Tucson,2019,GJ-1330
3232,3572,Chevrolet,Tracker,2021,CXBY-19
3233,4827,Suzuki,Baleno,2019,CCYZ-15
3234,1606,Kia,Sportage,2016,PR-349
3235,2907,Chevrolet,Spark,2018,DTTS-93
3236,671,Hyundai,Accent,2021,VL-1239
3237,3865,Mazda,CX-5,2012,RTFB-84
3238,613,Chevrolet,Spark,2022,VW-5422
3239,4681,Mazda,CX-5,2014,DS-4384
3240,2567,Nissan,Versa,2017,DBTG-12
3241,4157,Suzuki,Baleno,2022,RP-4059
3242,3658,Hyundai,Tucson,2021,DYFR-34
3243,3830,Hyundai,Accent,2022,WYTH-80
3244,2265,Mazda,CX-5,2021,XBLL-33
3245,1976,Mazda,Mazda3,2021,ZGGY-66
3246,1591,Mazda,CX-5,2016,CLVB-04
3247,471,Chevrolet,Spark,2021,WFGP-82
3248,2303,Hyundai,Tucson,2023,HI-7765
3249,840,Kia,Sportage,2021,FFYF-59
3250,2497,Hyundai,Accent,2020,PFXV-33
3251,4430,Nissan,Sentra,2025,YKLC-28
3252,4019,Mazda,CX-5,2020,RP-0477
3253,1567,Kia,Rio,2019,DVTY-90
3254,2920,Chevrolet,Tracker,2012,Z-2470
3255,467,Nissan,Versa,2025,GWSZ-91
3256,32,Kia,Sportage,2016,PHHK-98
3257,2789,Mazda,CX-5,2025,YPYH-15
3258,4323,Hyundai,Accent,2016,JFPT-75
3259,3918,Mazda,Mazda3,2017,PDBV-58
3260,1009,Suzuki,Baleno,2016,JDDR-89
3261,4701,Kia,Sportage,2015,CL-6763
3262,1178,Nissan,Versa,2014,PRSD-52
3263,1949,Nissan,Versa,2017,FKBH-19
3264,2114,Nissan,Sentra,2022,GWCK-99
3265,3706,Kia,Sportage,2020,DB-7592
3266,3805,Kia,Rio,2013,YGKX-85
3267,1564,Mazda,CX-5,2013,RZDF-90
3268,4796,Hyundai,Tucson,2012,PR-439
3269,2223,Kia,Sportage,2024,SKCG-08
3270,1314,Hyundai,Accent,2013,TRBF-85
3271,315,Toyota,Yaris,2019,FGTS-94
3272,776,Kia,Rio,2019,BBHR-70
3273,121,Toyota,Corolla,2018,LDBL-34
3274,4781,Nissan,Versa,2021,ZKJH-69
3275,2311,Nissan,Versa,2013,RI-3889
3276,2407,Nissan,Sentra,2013,YGRC-26
3277,4402,Mazda,Mazda3,2019,CWDC-66
3278,1947,Suzuki,Swift,2025,PR-108
3279,829,Hyundai,Tucson,2016,TPLJ-27
3280,4397,Suzuki,Baleno,2021,PCBB-48
3281,3947,Nissan,Versa,2019,PR-161
3282,1582,Suzuki,Swift,2023,WL-1233
3283,3710,Kia,Sportage,2013,XXBG-82
3284,3398,Toyota,RAV4,2019,PF-7035
3285,4288,Chevrolet,Tracker,2013,YXPZ-67
3286,2517,Suzuki,Baleno,2013,CRFL-63
3287,3540,Kia,Rio,2016,PRGD-06
3288,24,Chevrolet,Spark,2015,AJ-3451
3289,975,Kia,Rio,2024,KFJC-18
3290,3231,Suzuki,Swift,2012,KZJL-62
3291,4274,Kia,Rio,2023,SRTK-18
3292,1551,Toyota,RAV4,2024,LCCL-04
3293,148,Toyota,Corolla,2014,KRPS-25
3294,3197,Kia,Rio,2013,VLVW-60
3295,3010,Hyundai,Accent,2020,LT-0689
3296,280,Chevrolet,Tracker,2017,LXHX-55
3297,3530,Kia,Sportage,2021,GDLY-81
3298,3036,Suzuki,Baleno,2024,DZ-7982
3299,2109,Kia,Rio,2025,PRJZ-21
3300,3698,Hyundai,Accent,2024,BVFV-38
3301,114,Nissan,Versa,2023,YT-9466
3302,3795,Toyota,Corolla,2023,DWFS-05
3303,4925,Nissan,Sentra,2023,Z-2167
3304,2118,Hyundai,Tucson,2018,GCBZ-73
3305,2997,Suzuki,Baleno,2020,KFPZ-73
3306,3576,Toyota,RAV4,2016,FJRD-36
3307,3502,Chevrolet,Spark,2024,SKVB-36
3308,3206,Kia,Sportage,2017,GY-8326
3309,3131,Hyundai,Accent,2012,PR-567
3310,2979,Hyundai,Tucson,2019,FBXV-06
3311,1460,Chevrolet,Spark,2019,TZGV-85
3312,4492,Mazda,CX-5,2018,HDJF-20
3313,1858,Suzuki,Swift,2019,VSBC-70
3314,3573,Nissan,Versa,2015,PPVF-41
3315,92,Mazda,Mazda3,2022,BWHK-84
3316,192,Suzuki,Swift,2012,RP-2022
3317,1532,Hyundai,Accent,2025,SGHD-00
3318,2678,Suzuki,Swift,2012,HZGF-09
3319,4536,Mazda,Mazda3,2016,Z-0274
3320,4349,Nissan,Versa,2019,BXSF-63
3321,4446,Mazda,CX-5,2016,GZGD-53
3322,1279,Chevrolet,Spark,2020,PR-024
3323,4022,Toyota,RAV4,2021,THKS-15
3324,2578,Kia,Rio,2017,LVTX-30
3325,2882,Hyundai,Accent,2023,PJWB-45
3326,3735,Kia,Sportage,2020,KR-7926
3327,1591,Hyundai,Tucson,2023,FGBX-45
3328,1970,Mazda,Mazda3,2023,YHSH-16
3329,1845,Nissan,Versa,2019,FLPF-37
3330,2706,Suzuki,Swift,2013,TJFB-20
3331,57,Suzuki,Baleno,2023,WKJG-39
3332,3096,Toyota,Yaris,2012,RP-3863
3333,3998,Chevrolet,Spark,2020,HSFC-24
3334,728,Nissan,Versa,2015,YLRS-73
3335,4078,Suzuki,Swift,2017,PPXD-63
3336,4415,Suzuki,Swift,2022,PD-9243
3337,3683,Nissan,Sentra,2019,ZKFY-30
3338,2585,Hyundai,Tucson,2022,ZKYJ-92
3339,202,Kia,Sportage,2024,VJXP-25
3340,580,Hyundai,Accent,2018,RA-0268
3341,2612,Hyundai,Accent,2018,GFYS-39
3342,2962,Chevrolet,Spark,2014,WKDL-13
3343,640,Nissan,Sentra,2022,TPVD-65
3344,991,Toyota,Yaris,2017,GDVL-37
3345,650,Hyundai,Tucson,2019,GPFD-79
3346,4084,Kia,Rio,2013,RWZZ-97
3347,4409,Toyota,Yaris,2012,VBBX-85
3348,4117,Nissan,Sentra,2023,LHTH-27
3349,1404,Suzuki,Swift,2017,SWDC-88
3350,605,Toyota,Corolla,2021,VSPL-90
3351,188,Suzuki,Swift,2016,XP-9455
3352,3162,Nissan,Versa,2019,CC-6906
3353,1935,Toyota,Corolla,2025,CKXJ-43
3354,216,Suzuki,Swift,2016,FCDF-91
3355,934,Chevrolet,Tracker,2018,VKVR-51
3356,2333,Kia,Rio,2014,RP-5557
3357,4155,Hyundai,Accent,2014,ZXWG-05
3358,1728,Suzuki,Swift,2018,BXBT-87
3359,4459,Hyundai,Accent,2017,PP-4877
3360,4106,Kia,Sportage,2025,YKHL-73
3361,2378,Kia,Sportage,2015,XL-7671
3362,2427,Nissan,Sentra,2025,BYSV-32
3363,2000,Kia,Sportage,2024,CJVD-95
3364,3048,Toyota,RAV4,2019,HWDT-15
3365,2242,Mazda,CX-5,2016,DGTB-76
3366,2296,Mazda,Mazda3,2019,JLRJ-59
3367,165,Toyota,Yaris,2025,FX-5960
3368,3312,Mazda,CX-5,2019,LCHH-90
3369,840,Hyundai,Accent,2024,CC-2983
3370,4767,Mazda,CX-5,2025,RP-9225
3371,3742,Kia,Sportage,2012,Z-7744
3372,2305,Suzuki,Swift,2024,YC-1422
3373,4190,Nissan,Sentra,2015,RTGG-87
3374,123,Chevrolet,Tracker,2013,ZLPR-39
3375,1062,Suzuki,Baleno,2016,DP-0309
3376,4994,Hyundai,Accent,2023,DSWF-10
3377,4445,Chevrolet,Spark,2024,FSPR-56
3378,71,Suzuki,Swift,2022,XGRF-59
3379,4703,Hyundai,Accent,2013,VDBW-20
3380,2962,Hyundai,Tucson,2023,DKHV-58
3381,327,Nissan,Sentra,2017,SHFT-49
3382,4686,Toyota,RAV4,2025,ZPGY-16
3383,3902,Kia,Sportage,2018,WCTR-70
3384,1189,Suzuki,Swift,2018,SZ-7750
3385,1333,Hyundai,Tucson,2017,PR-605
3386,2133,Kia,Sportage,2022,XGRL-87
3387,1920,Kia,Rio,2018,FGDH-60
3388,2994,Chevrolet,Tracker,2023,CRLB-81
3389,85,Hyundai,Accent,2024,PR-308
3390,4254,Hyundai,Tucson,2021,CHDV-00
3391,473,Kia,Sportage,2024,BVXW-66
3392,2545,Nissan,Sentra,2015,DBKD-34
3393,2535,Nissan,Versa,2020,XSPY-74
3394,4479,Toyota,RAV4,2022,KCFF-37
3395,600,Kia,Rio,2012,CD-0757
3396,1517,Chevrolet,Spark,2015,FSVF-48
3397,3599,Nissan,Sentra,2012,JKXS-78
3398,4158,Chevrolet,Spark,2023,GKYX-16
3399,4046,Toyota,RAV4,2019,SBCS-21
3400,328,Nissan,Sentra,2012,BY-4747
3401,2014,Hyundai,Accent,2013,JY-3907
3402,1484,Chevrolet,Spark,2014,XYXY-56
3403,3966,Toyota,RAV4,2021,CR-9354
3404,177,Suzuki,Swift,2013,WXCG-80
3405,4538,Chevrolet,Spark,2019,SJGS-11
3406,2580,Suzuki,Swift,2013,SG-3986
3407,4886,Mazda,CX-5,2025,SS-7680
3408,2967,Chevrolet,Tracker,2019,JPFW-91
3409,3636,Kia,Rio,2016,LYXP-78
3410,61,Chevrolet,Tracker,2015,GTYD-46
3411,1076,Kia,Rio,2017,FL-0102
3412,2017,Suzuki,Swift,2016,PZVW-90
3413,304,Hyundai,Tucson,2016,FB-8450
3414,4510,Hyundai,Tucson,2015,SL-9240
3415,2740,Nissan,Sentra,2013,FZHK-40
3416,3220,Kia,Sportage,2024,YZ-9717
3417,3157,Toyota,Corolla,2020,LCSP-00
3418,2519,Hyundai,Tucson,2017,FCRL-16
3419,2240,Suzuki,Swift,2018,KSKP-80
3420,165,Kia,Rio,2018,LWLL-10
3421,1052,Chevrolet,Spark,2020,FK-1000
3422,2472,Nissan,Sentra,2013,BYJV-20
3423,4071,Chevrolet,Spark,2013,ZA-6270
3424,1557,Nissan,Versa,2017,WDXT-88
3425,1988,Toyota,Corolla,2013,GTHD-40
3426,3435,Toyota,RAV4,2014,SCGR-26
3427,553,Toyota,Corolla,2020,VP-4366
3428,1362,Hyundai,Tucson,2022,AX-3124
3429,1743,Kia,Sportage,2016,RTHW-18
3430,2080,Nissan,Sentra,2025,GZVK-39
3431,1850,Kia,Rio,2017,XZ-2853
3432,3476,Kia,Sportage,2017,TZPJ-63
3433,303,Suzuki,Swift,2023,FZ-7138
3434,4006,Suzuki,Baleno,2025,LXZJ-07
3435,783,Mazda,Mazda3,2021,CPHV-46
3436,71,Toyota,RAV4,2020,JJLF-62
3437,3978,Chevrolet,Spark,2020,RZGG-20
3438,4539,Suzuki,Swift,2022,RHWR-75
3439,2370,Mazda,CX-5,2021,JJXR-17
3440,4201,Nissan,Sentra,2019,YRKW-57
3441,2916,Nissan,Sentra,2012,BVHB-29
3442,3699,Hyundai,Tucson,2020,PY-6927
3443,1588,Mazda,CX-5,2014,HWFH-76
3444,642,Nissan,Sentra,2022,JH-3640
3445,668,Hyundai,Tucson,2015,SJVL-55
3446,2297,Toyota,Corolla,2024,XTLK-45
3447,2908,Suzuki,Swift,2012,FVJP-94
3448,707,Suzuki,Baleno,2018,HZSX-92
3449,1675,Toyota,Yaris,2012,XPPD-68
3450,1014,Kia,Sportage,2023,TRZZ-06
3451,1798,Chevrolet,Spark,2021,CC-9795
3452,1579,Suzuki,Swift,2013,WGDX-56
3453,1120,Nissan,Versa,2022,DLSZ-04
3454,2883,Suzuki,Baleno,2017,ZYWX-56
3455,1951,Kia,Rio,2020,VKSP-62
3456,2058,Toyota,Yaris,2025,YJYP-39
3457,2618,Mazda,Mazda3,2022,XS-8020
3458,4578,Toyota,Yaris,2024,BWVK-71
3459,918,Toyota,Corolla,2012,WXDY-25
3460,2679,Nissan,Versa,2017,DFWJ-54
3461,2336,Hyundai,Tucson,2019,GLLP-41
3462,2923,Chevrolet,Spark,2019,CJ-6390
3463,1922,Hyundai,Accent,2020,HSXY-98
3464,946,Chevrolet,Spark,2023,XRDW-64
3465,206,Toyota,Corolla,2017,XCHY-33
3466,797,Hyundai,Accent,2020,RZZB-10
3467,347,Kia,Sportage,2023,CK-2067
3468,1438,Toyota,Corolla,2016,WRSF-19
3469,4088,Suzuki,Baleno,2021,WXSB-05
3470,1630,Toyota,RAV4,2015,JXJK-88
3471,3255,Toyota,Yaris,2017,YHTH-97
3472,260,Toyota,Yaris,2016,TSDH-42
3473,2046,Chevrolet,Tracker,2015,TRLX-53
3474,1563,Mazda,CX-5,2021,XF-5938
3475,4365,Mazda,CX-5,2018,XTGD-71
3476,4738,Nissan,Sentra,2025,XWWV-13
3477,3465,Nissan,Versa,2022,ZK-3934
3478,3354,Chevrolet,Spark,2023,SP-1435
3479,4475,Toyota,Corolla,2013,XKXX-50
3480,3082,Nissan,Versa,2025,DW-3093
3481,3035,Nissan,Sentra,2018,FLBT-28
3482,4374,Hyundai,Accent,2023,ZKDX-22
3483,1432,Hyundai,Accent,2024,HJVS-44
3484,2115,Mazda,CX-5,2015,LFDV-52
3485,4040,Hyundai,Tucson,2020,JZLR-64
3486,28,Toyota,RAV4,2019,FXTF-18
3487,4298,Kia,Rio,2022,RP-4125
3488,1979,Toyota,RAV4,2012,LGTS-78
3489,4456,Toyota,Corolla,2017,JLGX-16
3490,4703,Suzuki,Baleno,2017,XJWK-17
3491,2625,Kia,Sportage,2023,THCP-04
3492,2311,Mazda,CX-5,2013,DV-1799
3493,315,Suzuki,Baleno,2025,GHCF-30
3494,4055,Chevrolet,Tracker,2023,JZRY-72
3495,4298,Hyundai,Accent,2024,DJDW-05
3496,4592,Hyundai,Tucson,2013,LTCV-27
3497,1180,Chevrolet,Tracker,2024,Z-2236
3498,3551,Mazda,CX-5,2016,PBWJ-83
3499,2961,Mazda,Mazda3,2014,GDWY-26
3500,887,Suzuki,Swift,2016,ZKWP-46
3501,3714,Mazda,CX-5,2016,RBYW-38
3502,4674,Nissan,Sentra,2022,XZHJ-88
3503,3279,Suzuki,Baleno,2018,CSXS-49
3504,1961,Nissan,Sentra,2013,RX-2501
3505,1148,Suzuki,Swift,2013,JBTX-35
3506,4256,Hyundai,Accent,2018,SVSS-05
3507,3922,Nissan,Versa,2019,JXGK-99
3508,2964,Kia,Sportage,2012,FVWG-89
3509,4813,Hyundai,Tucson,2015,PJFG-49
3510,3796,Kia,Sportage,2022,CDXW-79
3511,622,Hyundai,Accent,2020,ZB-0100
3512,2297,Hyundai,Tucson,2015,KZRY-66
3513,2218,Nissan,Sentra,2025,RP-9537
3514,1480,Kia,Sportage,2024,ZHZV-21
3515,973,Nissan,Sentra,2023,WK-3911
3516,4195,Chevrolet,Spark,2022,CS-0302
3517,152,Suzuki,Baleno,2018,JJZY-17
3518,2288,Mazda,CX-5,2018,PR-252
3519,910,Hyundai,Accent,2016,RP-6155
3520,2631,Toyota,RAV4,2016,HRDY-84
3521,744,Hyundai,Accent,2012,TDHT-47
3522,2586,Mazda,CX-5,2012,FRBV-62
3523,1462,Chevrolet,Spark,2019,RPSL-70
3524,2861,Chevrolet,Spark,2021,HTRX-95
3525,3403,Hyundai,Accent,2021,JL-9044
3526,1143,Hyundai,Tucson,2015,TGGD-34
3527,1370,Kia,Rio,2022,GVWW-17
3528,803,Mazda,Mazda3,2012,YRVH-89
3529,503,Hyundai,Tucson,2017,FKYS-02
3530,86,Suzuki,Swift,2022,TFLJ-79
3531,3584,Toyota,RAV4,2019,PWDC-85
3532,3774,Hyundai,Tucson,2019,Z-4380
3533,2708,Kia,Rio,2021,KLHB-29
3534,195,Nissan,Versa,2015,HDDG-27
3535,1272,Toyota,RAV4,2020,XWYD-44
3536,625,Nissan,Versa,2012,ZCHP-51
3537,2373,Hyundai,Tucson,2014,KR-1124
3538,1054,Hyundai,Tucson,2022,YD-9820
3539,2414,Chevrolet,Tracker,2014,KFCY-37
3540,3060,Chevrolet,Tracker,2014,Z-8898
3541,1152,Toyota,Corolla,2019,RVLD-71
3542,1974,Nissan,Versa,2013,KSWX-34
3543,3287,Chevrolet,Spark,2014,KGLB-80
3544,2622,Suzuki,Baleno,2016,CC-2637
3545,1609,Nissan,Sentra,2024,PR-992
3546,1345,Kia,Rio,2015,XGDS-47
3547,110,Mazda,CX-5,2015,WXWB-59
3548,1063,Kia,Rio,2023,WYVP-96
3549,4807,Mazda,Mazda3,2013,WX-0016
3550,3027,Nissan,Sentra,2023,YJCG-98
3551,195,Mazda,CX-5,2019,XTFH-54
3552,1295,Chevrolet,Tracker,2022,LXRB-97
3553,1115,Kia,Sportage,2016,TPFT-76
3554,4467,Hyundai,Tucson,2020,WTWT-63
3555,576,Suzuki,Swift,2015,SYCH-71
3556,3104,Hyundai,Tucson,2021,BKZS-82
3557,4715,Suzuki,Baleno,2024,Z-0788
3558,1419,Toyota,Corolla,2025,GLJD-17
3559,54,Chevrolet,Spark,2021,TVZT-83
3560,4949,Toyota,Corolla,2025,BXZF-58
3561,871,Chevrolet,Tracker,2014,KC-4050
3562,1920,Chevrolet,Tracker,2020,KGDY-16
3563,2950,Kia,Rio,2017,Z-9111
3564,1226,Hyundai,Accent,2017,PYGV-68
3565,2239,Nissan,Sentra,2014,JLZS-31
3566,1322,Mazda,Mazda3,2018,SY-8833
3567,2062,Suzuki,Swift,2023,XKXB-12
3568,2486,Suzuki,Baleno,2014,TBCT-28
3569,3732,Chevrolet,Spark,2014,BHWK-20
3570,1441,Toyota,RAV4,2016,CRZF-71
3571,1221,Chevrolet,Tracker,2023,XVKJ-95
3572,3204,Mazda,Mazda3,2012,HJLG-51
3573,3419,Chevrolet,Spark,2013,AI-7620
3574,4687,Toyota,Yaris,2014,LVRK-95
3575,4524,Toyota,Corolla,2019,RP-8884
3576,4242,Hyundai,Accent,2012,RBLD-24
3577,1844,Mazda,Mazda3,2022,YZRL-17
3578,4709,Hyundai,Tucson,2012,FFKT-69
3579,3050,Chevrolet,Tracker,2022,HXXC-00
3580,2854,Mazda,CX-5,2012,FJYP-03
3581,2020,Nissan,Sentra,2019,RCST-12
3582,3248,Mazda,CX-5,2018,SZWS-45
3583,2208,Mazda,Mazda3,2015,WBBD-93
3584,893,Hyundai,Accent,2013,CTJY-60
3585,3636,Toyota,Yaris,2018,ZRZR-32
3586,3802,Nissan,Versa,2015,XC-8985
3587,190,Suzuki,Baleno,2017,DC-1649
3588,1441,Mazda,CX-5,2018,LBFJ-82
3589,2166,Suzuki,Swift,2019,PXKW-31
3590,2921,Chevrolet,Tracker,2017,DFCP-89
3591,996,Hyundai,Accent,2024,VLZJ-79
3592,1603,Suzuki,Swift,2022,YXKH-92
3593,3984,Toyota,RAV4,2012,HTHY-41
3594,3591,Toyota,RAV4,2013,PZGW-16
3595,3786,Hyundai,Tucson,2012,XTGL-15
3596,4241,Chevrolet,Spark,2021,XSXT-80
3597,2303,Nissan,Versa,2021,JXHB-66
3598,1320,Nissan,Versa,2013,BGVL-02
3599,4384,Toyota,Corolla,2015,FPDP-54
3600,307,Toyota,Corolla,2015,RRXB-23
3601,3370,Chevrolet,Tracker,2021,WL-7154
3602,4410,Mazda,Mazda3,2021,ZJ-1627
3603,2354,Mazda,Mazda3,2015,WBHC-06
3604,4614,Nissan,Versa,2020,LZ-3022
3605,2073,Hyundai,Accent,2023,YGBS-98
3606,4942,Nissan,Sentra,2020,TYXS-58
3607,443,Toyota,Corolla,2023,ZH-5729
3608,952,Hyundai,Tucson,2021,DPHV-19
3609,1054,Chevrolet,Spark,2021,HKLY-05
3610,579,Toyota,RAV4,2025,XZDR-10
3611,1837,Nissan,Versa,2012,SA-3603
3612,2154,Chevrolet,Spark,2014,PRHK-24
3613,4379,Toyota,Corolla,2025,BCVX-65
3614,536,Nissan,Sentra,2015,GRPC-60
3615,1610,Chevrolet,Tracker,2018,YC-1891
3616,1776,Toyota,Corolla,2015,LG-7414
3617,1066,Chevrolet,Tracker,2025,GR-9785
3618,4096,Nissan,Versa,2022,XJTC-42
3619,1932,Toyota,Corolla,2021,PV-4259
3620,4448,Chevrolet,Spark,2019,BLXR-00
3621,3276,Chevrolet,Tracker,2015,YGVW-46
3622,857,Chevrolet,Spark,2015,TDVY-23
3623,4927,Kia,Sportage,2012,RFCD-65
3624,510,Chevrolet,Tracker,2012,VCPG-97
3625,50,Nissan,Versa,2020,YR-4781
3626,2468,Chevrolet,Tracker,2020,CL-7489
3627,2090,Hyundai,Accent,2022,KYLT-94
3628,4327,Mazda,CX-5,2024,BA-0882
3629,820,Hyundai,Tucson,2017,WXDG-63
3630,3746,Suzuki,Baleno,2017,GXCW-13
3631,1688,Kia,Rio,2018,PKJT-40
3632,4844,Kia,Rio,2013,ZYTC-48
3633,4397,Hyundai,Accent,2014,CHXV-03
3634,923,Chevrolet,Spark,2014,RHKZ-45
3635,4013,Nissan,Sentra,2023,CXWY-94
3636,2773,Nissan,Versa,2016,JHPC-74
3637,646,Mazda,Mazda3,2021,VHDR-11
3638,3104,Hyundai,Tucson,2013,FH-5495
3639,2456,Nissan,Versa,2012,CTYW-18
3640,3364,Kia,Rio,2012,JCYW-91
3641,1686,Suzuki,Swift,2018,DJJC-21
3642,1214,Chevrolet,Tracker,2014,SDTK-74
3643,2448,Chevrolet,Tracker,2022,PR-224
3644,277,Suzuki,Swift,2024,WSZG-11
3645,2828,Suzuki,Baleno,2018,GF-5408
3646,4090,Nissan,Versa,2014,VFBY-15
3647,4988,Hyundai,Accent,2019,DXHL-45
3648,4310,Nissan,Versa,2025,HZ-4132
3649,1232,Mazda,CX-5,2025,JWWS-54
3650,1220,Toyota,RAV4,2020,FG-0692
3651,417,Mazda,Mazda3,2017,AV-7465
3652,2776,Kia,Rio,2014,WZ-4392
3653,922,Suzuki,Swift,2022,CCLZ-08
3654,1410,Nissan,Sentra,2012,KCFL-70
3655,1919,Toyota,Corolla,2021,DLDT-41
3656,93,Suzuki,Baleno,2012,WBYB-23
3657,1032,Hyundai,Tucson,2021,YWBL-54
3658,1110,Kia,Sportage,2012,SVVJ-92
3659,4506,Toyota,Yaris,2019,ZWRY-68
3660,3866,Nissan,Sentra,2013,RDGX-54
3661,3024,Kia,Rio,2024,THLJ-22
3662,133,Chevrolet,Spark,2020,FS-4313
3663,3594,Chevrolet,Tracker,2025,XXFC-62
3664,3219,Kia,Sportage,2024,TDTY-31
3665,2123,Kia,Sportage,2016,HJRL-21
3666,2978,Mazda,Mazda3,2017,HCFG-65
3667,4110,Chevrolet,Tracker,2020,VT-5624
3668,3786,Suzuki,Baleno,2014,Z-3483
3669,3519,Mazda,Mazda3,2022,PR-148
3670,4811,Mazda,CX-5,2014,PX-1695
3671,1864,Chevrolet,Tracker,2017,RSGV-73
3672,1649,Toyota,RAV4,2014,CKZF-08
3673,1685,Mazda,Mazda3,2017,PF-9652
3674,4128,Mazda,CX-5,2014,VPWB-63
3675,1136,Kia,Sportage,2019,PVXW-47
3676,2775,Hyundai,Accent,2024,TZYW-20
3677,4824,Hyundai,Accent,2023,CJHC-34
3678,2898,Hyundai,Accent,2018,FBYW-55
3679,3739,Suzuki,Swift,2025,YCWC-79
3680,195,Chevrolet,Spark,2022,PLFL-68
3681,2096,Nissan,Sentra,2023,AJ-7869
3682,1337,Suzuki,Swift,2025,Z-3711
3683,674,Hyundai,Accent,2021,JBPF-36
3684,2259,Toyota,Yaris,2014,XWKW-05
3685,2783,Suzuki,Swift,2023,BHPL-40
3686,1701,Mazda,Mazda3,2016,JCFZ-06
3687,2842,Kia,Rio,2020,PSCS-11
3688,4548,Suzuki,Baleno,2023,TRPC-93
3689,3948,Kia,Sportage,2020,THBS-03
3690,4849,Kia,Rio,2012,HJYB-62
3691,1638,Mazda,Mazda3,2021,WRFL-27
3692,667,Chevrolet,Tracker,2019,WYLR-12
3693,3102,Hyundai,Tucson,2014,PR-873
3694,2580,Suzuki,Swift,2020,XZWP-52
3695,2867,Suzuki,Baleno,2023,ZGRH-50
3696,3492,Kia,Sportage,2020,FKXW-51
3697,1567,Kia,Rio,2018,LX-9635
3698,1205,Kia,Rio,2020,RTYF-65
3699,2751,Nissan,Sentra,2016,HTVP-84
3700,1560,Kia,Rio,2013,KD-6147
3701,4252,Suzuki,Baleno,2019,DRXR-75
3702,1285,Toyota,Yaris,2016,BXCC-72
3703,815,Suzuki,Baleno,2017,LW-3272
3704,547,Toyota,Corolla,2012,KRKG-94
3705,3363,Kia,Rio,2013,RP-7739
3706,2065,Chevrolet,Spark,2015,WJDR-51
3707,4214,Mazda,CX-5,2020,PR-848
3708,4866,Mazda,CX-5,2012,SV-4464
3709,2168,Toyota,Yaris,2018,DB-0917
3710,3249,Toyota,Corolla,2015,HZZF-30
3711,664,Chevrolet,Tracker,2016,BV-8036
3712,3517,Toyota,Yaris,2013,AF-6420
3713,4097,Suzuki,Baleno,2018,TDJW-95
3714,3907,Suzuki,Swift,2021,CZJG-53
3715,1947,Toyota,Yaris,2017,YG-8254
3716,2705,Nissan,Sentra,2019,FHKZ-99
3717,249,Kia,Sportage,2023,WDLH-93
3718,1486,Kia,Sportage,2022,Z-4643
3719,3882,Suzuki,Baleno,2016,WHPF-46
3720,1713,Toyota,Yaris,2024,RP-9255
3721,3219,Chevrolet,Tracker,2021,YH-4110
3722,2781,Hyundai,Tucson,2019,XZBK-66
3723,4043,Chevrolet,Spark,2017,HKXX-42
3724,1777,Toyota,Yaris,2025,PR-421
3725,4552,Toyota,RAV4,2019,KTDL-16
3726,1332,Toyota,RAV4,2016,RBBV-06
3727,2052,Nissan,Versa,2021,PR-125
3728,2364,Mazda,CX-5,2023,KWYY-68
3729,4400,Chevrolet,Tracker,2014,XFPL-52
3730,3941,Nissan,Versa,2013,YXKT-43
3731,1740,Mazda,Mazda3,2019,PKBV-18
3732,2732,Chevrolet,Spark,2024,RGBT-17
3733,1411,Hyundai,Tucson,2019,CBRV-04
3734,3917,Chevrolet,Spark,2019,CKLL-30
3735,2022,Mazda,Mazda3,2015,FB-7402
3736,4728,Chevrolet,Spark,2016,Z-8401
3737,864,Chevrolet,Spark,2019,RDYR-09
3738,3426,Kia,Rio,2018,RP-7501
3739,2437,Chevrolet,Tracker,2020,DA-7565
3740,2254,Kia,Rio,2015,JKJT-30
3741,3109,Chevrolet,Spark,2019,KYJL-09
3742,2155,Hyundai,Tucson,2019,ZLBG-50
3743,265,Mazda,CX-5,2018,BCRP-63
3744,3871,Kia,Rio,2019,FX-2686
3745,2838,Suzuki,Baleno,2014,RLGD-20
3746,2716,Mazda,Mazda3,2014,WLPT-73
3747,524,Chevrolet,Tracker,2022,FW-8413
3748,650,Toyota,Yaris,2015,XA-8121
3749,4209,Hyundai,Tucson,2014,BYJG-48
3750,3344,Toyota,Yaris,2024,JP-7680
3751,3002,Hyundai,Accent,2012,RSXR-51
3752,1455,Suzuki,Swift,2016,JDSB-55
3753,3434,Hyundai,Accent,2025,SC-1984
3754,2403,Chevrolet,Spark,2016,ZF-2205
3755,4137,Hyundai,Tucson,2021,HBHZ-04
3756,2435,Chevrolet,Spark,2025,YDRB-12
3757,1720,Chevrolet,Spark,2025,Z-8817
3758,1668,Mazda,Mazda3,2015,FYYV-67
3759,830,Kia,Sportage,2022,BKYJ-99
3760,4753,Toyota,RAV4,2018,FR-3729
3761,4196,Suzuki,Swift,2025,HX-5636
3762,941,Mazda,Mazda3,2015,GJGL-37
3763,625,Suzuki,Swift,2021,RP-0724
3764,1431,Toyota,RAV4,2016,RP-5555
3765,280,Kia,Sportage,2013,CTXF-62
3766,4034,Chevrolet,Spark,2025,KCBP-00
3767,4322,Toyota,Corolla,2023,JZYZ-68
3768,947,Suzuki,Swift,2018,HZVJ-98
3769,3414,Chevrolet,Spark,2016,FL-8147
3770,1362,Chevrolet,Spark,2017,CGFZ-12
3771,3194,Toyota,Yaris,2018,TVYC-67
3772,4014,Nissan,Versa,2018,RP-4743
3773,1877,Hyundai,Accent,2025,GVPB-41
3774,4854,Hyundai,Tucson,2014,HVLB-72
3775,1709,Mazda,CX-5,2015,AJ-4337
3776,1489,Toyota,Yaris,2016,XCVB-26
3777,818,Suzuki,Swift,2021,PKDB-07
3778,34,Mazda,CX-5,2013,RXGD-61
3779,1246,Mazda,Mazda3,2024,YL-2402
3780,1939,Toyota,Yaris,2022,GXVK-38
3781,2154,Nissan,Versa,2016,CD-0814
3782,3299,Kia,Rio,2023,JCJD-95
3783,1510,Mazda,Mazda3,2019,PHSV-63
3784,38,Chevrolet,Spark,2020,TGKZ-23
3785,3435,Nissan,Sentra,2025,VDGS-70
3786,3583,Suzuki,Baleno,2013,DVSR-75
3787,2571,Hyundai,Accent,2017,JZCB-60
3788,4376,Suzuki,Baleno,2016,CD-5762
3789,3201,Hyundai,Tucson,2014,YXGS-81
3790,1031,Chevrolet,Tracker,2017,CWFH-26
3791,2323,Toyota,Yaris,2022,PR-500
3792,3196,Hyundai,Accent,2015,Z-9217
3793,1745,Toyota,RAV4,2022,VKTY-53
3794,931,Toyota,Corolla,2020,SPXG-47
3795,1463,Toyota,RAV4,2020,XB-0361
3796,884,Hyundai,Tucson,2014,VLFW-60
3797,2655,Suzuki,Baleno,2023,THLV-51
3798,502,Toyota,RAV4,2023,RP-9824
3799,970,Chevrolet,Tracker,2023,YVLB-74
3800,1431,Suzuki,Swift,2013,HVSP-90
3801,2885,Chevrolet,Spark,2017,Z-2782
3802,58,Mazda,CX-5,2025,PR-510
3803,454,Kia,Rio,2024,WBLJ-35
3804,589,Mazda,Mazda3,2021,VZVV-09
3805,474,Kia,Rio,2019,FC-7410
3806,2759,Mazda,CX-5,2015,YJJY-23
3807,1709,Mazda,CX-5,2017,PZFK-62
3808,1717,Nissan,Sentra,2013,TVWG-04
3809,938,Chevrolet,Tracker,2020,FWJY-19
3810,3647,Suzuki,Baleno,2015,BDBD-84
3811,2492,Chevrolet,Tracker,2025,JVSX-98
3812,250,Toyota,Yaris,2021,BF-5782
3813,1242,Kia,Rio,2023,TDJY-23
3814,4575,Mazda,CX-5,2016,BJ-9657
3815,1236,Nissan,Versa,2017,CJCD-03
3816,3060,Hyundai,Tucson,2015,LVWW-76
3817,3977,Toyota,Corolla,2015,PR-635
3818,3398,Kia,Rio,2014,BWHJ-45
3819,2862,Mazda,Mazda3,2021,GWSB-83
3820,2608,Kia,Sportage,2017,WZZY-40
3821,853,Mazda,CX-5,2022,JDCX-92
3822,341,Kia,Rio,2019,FKZG-13
3823,1510,Chevrolet,Spark,2024,HR-7415
3824,2104,Nissan,Versa,2014,THKK-63
3825,694,Suzuki,Swift,2021,ZBSB-41
3826,4353,Toyota,Corolla,2015,YGTW-25
3827,2280,Kia,Sportage,2015,FRBH-06
3828,3551,Suzuki,Baleno,2013,HLGF-36
3829,2666,Toyota,RAV4,2023,CHGD-19
3830,649,Nissan,Sentra,2014,PR-053
3831,1318,Mazda,Mazda3,2023,RBRK-72
3832,1791,Chevrolet,Spark,2021,YLSC-34
3833,4307,Mazda,Mazda3,2023,YLHD-39
3834,1247,Suzuki,Baleno,2024,JCLW-91
3835,4364,Chevrolet,Spark,2023,PR-838
3836,3252,Suzuki,Swift,2023,ZTBS-30
3837,2691,Suzuki,Swift,2014,DFGY-20
3838,1530,Kia,Rio,2019,YT-7667
3839,1617,Hyundai,Accent,2021,YGYX-38
3840,4343,Suzuki,Baleno,2014,BS-5809
3841,4354,Mazda,CX-5,2012,XT-4496
3842,877,Kia,Sportage,2013,PHXL-16
3843,68,Suzuki,Baleno,2019,SGTB-54
3844,4680,Suzuki,Swift,2019,LTPX-08
3845,1257,Kia,Rio,2025,YXZF-96
3846,1422,Toyota,Yaris,2012,KRLY-58
3847,50,Mazda,CX-5,2013,HSXS-26
3848,1372,Chevrolet,Tracker,2016,HTSC-84
3849,1064,Nissan,Sentra,2014,SXSR-52
3850,1265,Kia,Rio,2025,PH-9136
3851,4451,Chevrolet,Spark,2019,KTRP-29
3852,2859,Suzuki,Swift,2019,LVRJ-90
3853,4566,Hyundai,Tucson,2025,CVGS-42
3854,897,Toyota,Corolla,2021,HSTP-18
3855,1082,Kia,Sportage,2017,XBXW-85
3856,647,Kia,Sportage,2018,RZFV-39
3857,2253,Kia,Sportage,2014,TA-5296
3858,4999,Suzuki,Baleno,2025,STXC-38
3859,1788,Nissan,Versa,2016,KYSR-75
3860,823,Mazda,CX-5,2022,FHCK-23
3861,2015,Chevrolet,Tracker,2019,JYDJ-46
3862,4923,Suzuki,Baleno,2012,JVRB-22
3863,1121,Hyundai,Accent,2018,Z-4080
3864,943,Nissan,Versa,2016,GKYR-85
3865,4168,Nissan,Sentra,2012,RP-8897
3866,2488,Toyota,Yaris,2019,XSBF-33
3867,1702,Nissan,Sentra,2022,DJKT-66
3868,2662,Nissan,Versa,2013,RSBJ-61
3869,1261,Chevrolet,Spark,2017,ST-7888
3870,1713,Nissan,Sentra,2012,ZFHV-84
3871,40,Suzuki,Swift,2013,FPCG-77
3872,1557,Hyundai,Accent,2014,DXYF-76
3873,1270,Nissan,Versa,2020,DK-6366
3874,1719,Suzuki,Baleno,2015,ZKXY-33
3875,4365,Mazda,CX-5,2013,GJFH-11
3876,2529,Toyota,Corolla,2014,FGCW-84
3877,55,Kia,Rio,2018,FTHB-49
3878,2244,Suzuki,Baleno,2020,RPTG-17
3879,2189,Mazda,CX-5,2012,DDBP-02
3880,4732,Hyundai,Tucson,2024,PR-482
3881,4825,Toyota,Yaris,2021,PBKS-27
3882,2984,Suzuki,Swift,2020,CD-0865
3883,2135,Suzuki,Baleno,2019,BRTD-12
3884,3227,Hyundai,Tucson,2022,JLXJ-46
3885,4628,Nissan,Sentra,2025,SCFR-06
3886,1073,Chevrolet,Spark,2021,RI-8330
3887,4093,Toyota,RAV4,2013,GPFZ-19
3888,2200,Toyota,Corolla,2016,SWZK-12
3889,2982,Toyota,RAV4,2015,JXDJ-83
3890,195,Hyundai,Tucson,2014,FKBX-72
3891,3237,Suzuki,Baleno,2017,FJGW-57
3892,2397,Chevrolet,Spark,2023,BYSP-07
3893,2121,Toyota,Corolla,2023,GV-1818
3894,1013,Chevrolet,Tracker,2024,VHYB-17
3895,1354,Mazda,CX-5,2018,XV-1917
3896,2346,Suzuki,Swift,2015,KVZK-36
3897,2555,Chevrolet,Spark,2015,HBRL-02
3898,2851,Suzuki,Swift,2018,FTGB-67
3899,4975,Toyota,Yaris,2020,JWTK-14
3900,3986,Hyundai,Accent,2014,FV-2571
3901,1422,Toyota,RAV4,2015,SVZV-71
3902,1225,Hyundai,Tucson,2019,XWPX-95
3903,1816,Chevrolet,Tracker,2015,DYZV-31
3904,1830,Kia,Rio,2024,PR-058
3905,67,Suzuki,Baleno,2023,SJTY-77
3906,4263,Suzuki,Baleno,2022,XBJY-42
3907,3601,Mazda,CX-5,2025,ZKJD-63
3908,1085,Toyota,Yaris,2014,GYXP-12
3909,2804,Chevrolet,Tracker,2023,TFHS-15
3910,1796,Mazda,CX-5,2020,JFFC-84
3911,1115,Chevrolet,Tracker,2013,RW-8116
3912,3811,Kia,Rio,2014,JGHW-88
3913,1143,Nissan,Versa,2013,PPGH-83
3914,3409,Toyota,Yaris,2024,YPCJ-12
3915,515,Chevrolet,Tracker,2015,LDHG-26
3916,1987,Hyundai,Accent,2016,ZTDY-84
3917,2857,Nissan,Versa,2018,YA-7376
3918,128,Mazda,CX-5,2015,FKYB-14
3919,3838,Nissan,Versa,2018,STFC-30
3920,2755,Mazda,CX-5,2018,AC-2175
3921,3337,Toyota,Corolla,2021,TFYJ-33
3922,4742,Toyota,Yaris,2018,RI-6340
3923,1959,Suzuki,Swift,2017,WTGS-83
3924,3126,Kia,Rio,2022,HD-5529
3925,241,Kia,Sportage,2019,FZPY-44
3926,4684,Toyota,Corolla,2018,Z-6746
3927,1213,Mazda,CX-5,2022,JHGC-70
3928,254,Hyundai,Tucson,2022,FGJP-06
3929,2094,Hyundai,Accent,2013,JJFZ-28
3930,3504,Suzuki,Baleno,2015,JYVS-19
3931,410,Suzuki,Baleno,2014,BJ-5488
3932,1997,Chevrolet,Tracker,2024,WCJX-57
3933,108,Nissan,Sentra,2025,CCFB-36
3934,968,Chevrolet,Spark,2019,VK-3038
3935,915,Kia,Rio,2013,LLXH-74
3936,1902,Kia,Sportage,2019,LJRK-84
3937,252,Chevrolet,Tracker,2023,SSTJ-90
3938,1692,Hyundai,Tucson,2022,WTBH-42
3939,675,Hyundai,Accent,2012,CD-2991
3940,63,Hyundai,Accent,2014,XDLS-93
3941,517,Hyundai,Accent,2025,SS-6972
3942,4560,Toyota,RAV4,2021,DTSB-73
3943,3717,Toyota,RAV4,2023,KWJL-96
3944,704,Kia,Sportage,2013,DCHZ-76
3945,768,Mazda,Mazda3,2021,TBRJ-36
3946,469,Chevrolet,Spark,2016,LT-7475
3947,2493,Toyota,Corolla,2024,VWHT-15
3948,3223,Nissan,Sentra,2020,WJ-6238
3949,1273,Hyundai,Tucson,2025,FI-1433
3950,2818,Chevrolet,Spark,2020,ZR-3419
3951,2070,Hyundai,Tucson,2023,SZYC-12
3952,2206,Suzuki,Baleno,2022,CZJJ-82
3953,3258,Hyundai,Tucson,2019,Z-3747
3954,3476,Hyundai,Accent,2018,XBJV-45
3955,4651,Kia,Rio,2012,RHTS-74
3956,2401,Hyundai,Tucson,2013,RP-8967
3957,3874,Suzuki,Baleno,2022,HK-4890
3958,4990,Mazda,Mazda3,2013,HBHR-70
3959,1608,Suzuki,Swift,2013,PSZV-58
3960,3553,Nissan,Versa,2022,GBWJ-10
3961,3468,Chevrolet,Spark,2017,WX-7339
3962,1958,Suzuki,Baleno,2015,PWGZ-30
3963,243,Kia,Sportage,2017,LSRG-78
3964,18,Kia,Rio,2021,KDJP-74
3965,2690,Toyota,Corolla,2015,TKCK-32
3966,454,Nissan,Versa,2022,XV-1234
3967,1377,Chevrolet,Tracker,2015,DLJD-49
3968,4839,Nissan,Versa,2015,XPHB-15
3969,4544,Toyota,RAV4,2016,FZYT-32
3970,3614,Suzuki,Baleno,2020,CKZB-57
3971,3982,Mazda,CX-5,2020,HRXV-18
3972,2425,Nissan,Sentra,2020,CD-1011
3973,4583,Hyundai,Accent,2025,RG-0641
3974,1853,Nissan,Sentra,2015,ZJHB-31
3975,3852,Toyota,RAV4,2012,HPSL-06
3976,3373,Nissan,Versa,2015,XTHD-20
3977,3369,Nissan,Sentra,2013,FYDC-96
3978,3218,Suzuki,Baleno,2022,LKLZ-87
3979,3759,Hyundai,Accent,2025,WB-8756
3980,1103,Suzuki,Swift,2020,CHJT-84
3981,786,Kia,Sportage,2024,Z-2158
3982,3252,Chevrolet,Tracker,2015,VZVB-05
3983,215,Hyundai,Tucson,2019,TJTT-80
3984,4268,Suzuki,Swift,2020,ZXSV-31
3985,3582,Toyota,Yaris,2013,FLRY-58
3986,3960,Kia,Rio,2013,SPPZ-21
3987,286,Kia,Sportage,2019,CHSJ-94
3988,1058,Hyundai,Accent,2019,RDYS-44
3989,4892,Chevrolet,Spark,2016,YD-8468
3990,2303,Kia,Rio,2025,FZKY-01
3991,1090,Chevrolet,Tracker,2019,GSDX-63
3992,2755,Chevrolet,Tracker,2019,XSXL-95
3993,1974,Toyota,Yaris,2021,PR-383
3994,1447,Kia,Sportage,2014,ZP-5192
3995,1546,Mazda,CX-5,2018,CKXG-63
3996,2192,Kia,Sportage,2020,PR-485
3997,3133,Kia,Rio,2019,CF-5202
3998,10,Kia,Rio,2023,FYXC-72
3999,4804,Toyota,RAV4,2022,JY-6553
4000,1314,Hyundai,Tucson,2023,TLFL-19
4001,1448,Nissan,Sentra,2021,WKPY-39
4002,4707,Hyundai,Accent,2014,KDBJ-73
4003,4169,Hyundai,Tucson,2017,AZ-8872
4004,1402,Suzuki,Swift,2025,SCPS-22
4005,4751,Suzuki,Baleno,2023,CG-5751
4006,1442,Hyundai,Tucson,2014,LYVW-58
4007,1282,Chevrolet,Tracker,2018,ZKHZ-62
4008,4770,Kia,Sportage,2013,CDDJ-31
4009,4618,Chevrolet,Tracker,2014,GXSK-43
4010,654,Nissan,Sentra,2018,ZKJW-90
4011,2842,Nissan,Sentra,2025,TZFX-75
4012,1046,Toyota,RAV4,2022,JY-4623
4013,3485,Chevrolet,Spark,2013,KJ-0950
4014,1359,Chevrolet,Spark,2014,CHHZ-27
4015,1869,Nissan,Sentra,2018,CD-9969
4016,487,Hyundai,Tucson,2012,FHVF-78
4017,1167,Nissan,Sentra,2024,Z-3746
4018,1871,Nissan,Versa,2018,SD-8663
4019,4869,Kia,Rio,2013,BK-8929
4020,1519,Toyota,Corolla,2024,SY-0179
4021,3645,Mazda,Mazda3,2015,SYLK-56
4022,4128,Suzuki,Swift,2017,HVRR-48
4023,534,Nissan,Versa,2016,TCJV-42
4024,3795,Toyota,Corolla,2022,AS-4562
4025,2213,Kia,Sportage,2015,BWXW-78
4026,3433,Chevrolet,Spark,2022,PR-567
4027,1524,Chevrolet,Spark,2021,XWYC-56
4028,4932,Toyota,RAV4,2018,LT-8787
4029,1597,Chevrolet,Spark,2016,PBJF-83
4030,2017,Kia,Sportage,2015,RP-2412
4031,4030,Nissan,Versa,2017,VYHV-73
4032,3919,Hyundai,Tucson,2012,TTBW-27
4033,4807,Suzuki,Swift,2018,ZF-1190
4034,4252,Chevrolet,Spark,2022,PR-209
4035,2736,Suzuki,Baleno,2012,Z-9892
4036,553,Mazda,CX-5,2012,AX-1707
4037,1395,Suzuki,Baleno,2023,GBKJ-58
4038,1958,Mazda,CX-5,2015,RP-2541
4039,2441,Mazda,CX-5,2018,DLGS-65
4040,2294,Hyundai,Tucson,2021,XVJD-60
4041,2649,Mazda,CX-5,2014,TJHY-58
4042,4106,Toyota,Corolla,2017,GC-8508
4043,3282,Mazda,CX-5,2018,FRYG-26
4044,512,Mazda,CX-5,2016,PBDX-78
4045,343,Suzuki,Baleno,2018,TKDT-02
4046,2504,Nissan,Sentra,2020,RT-2529
4047,2873,Suzuki,Swift,2013,DXJG-99
4048,197,Toyota,Yaris,2019,CXDG-55
4049,789,Suzuki,Baleno,2023,RGZX-54
4050,795,Hyundai,Accent,2016,DFSP-02
4051,1283,Mazda,Mazda3,2025,DFZV-86
4052,1567,Suzuki,Baleno,2013,PR-256
4053,3209,Kia,Sportage,2020,TFBT-64
4054,1843,Kia,Sportage,2018,BPJB-15
4055,992,Mazda,CX-5,2025,CD-8639
4056,2741,Toyota,RAV4,2016,KDSJ-15
4057,4491,Chevrolet,Spark,2020,GLZC-77
4058,542,Chevrolet,Tracker,2019,BPPY-32
4059,1834,Kia,Sportage,2015,LFXG-50
4060,4547,Nissan,Versa,2015,BZCV-42
4061,2956,Toyota,Corolla,2019,RP-6486
4062,575,Nissan,Sentra,2019,VTYG-96
4063,3447,Suzuki,Swift,2022,XTRY-15
4064,995,Chevrolet,Tracker,2025,JLGP-68
4065,4222,Chevrolet,Spark,2017,RKJW-26
4066,2757,Suzuki,Swift,2016,WWPX-83
4067,2577,Toyota,Corolla,2023,HW-5046
4068,2999,Mazda,Mazda3,2019,Z-8967
4069,1372,Hyundai,Accent,2023,VBKT-90
4070,4994,Kia,Rio,2020,BJLR-21
4071,2234,Toyota,Corolla,2016,KTPB-05
4072,1889,Toyota,RAV4,2013,GJJV-35
4073,3448,Kia,Rio,2015,CLYZ-22
4074,2959,Kia,Sportage,2022,YKVR-85
4075,1705,Kia,Sportage,2018,SFYZ-04
4076,4917,Chevrolet,Tracker,2015,RPPK-00
4077,1516,Nissan,Versa,2013,HRBR-78
4078,2324,Nissan,Versa,2020,Z-7868
4079,4820,Hyundai,Tucson,2012,CS-4347
4080,2568,Suzuki,Swift,2025,SCVT-41
4081,3868,Nissan,Sentra,2019,PR-996
4082,3250,Mazda,Mazda3,2018,LTBY-06
4083,1145,Toyota,Yaris,2025,XX-9222
4084,1910,Hyundai,Accent,2020,YSDX-97
4085,2844,Kia,Rio,2016,WDPT-12
4086,999,Suzuki,Swift,2012,GGFF-20
4087,615,Hyundai,Tucson,2025,PR-861
4088,74,Kia,Rio,2014,GBFV-55
4089,2524,Hyundai,Accent,2022,CJ-5559
4090,722,Hyundai,Accent,2019,CC-4722
4091,3059,Hyundai,Tucson,2017,FWKR-54
4092,734,Mazda,Mazda3,2021,RP-4987
4093,753,Toyota,Yaris,2024,RXLH-99
4094,1146,Nissan,Versa,2020,FW-6372
4095,413,Kia,Rio,2017,VWRG-42
4096,2586,Hyundai,Tucson,2020,FLFP-20
4097,4088,Kia,Rio,2021,YLZT-23
4098,3829,Kia,Rio,2022,JBTX-25
4099,4679,Mazda,Mazda3,2023,WPLG-31
4100,261,Kia,Sportage,2024,KXRS-60
4101,1630,Kia,Rio,2018,RP-4222
4102,1948,Nissan,Sentra,2014,LCXX-17
4103,248,Nissan,Versa,2022,LRKV-15
4104,2267,Toyota,RAV4,2014,DYJR-70
4105,453,Mazda,Mazda3,2012,CXZT-63
4106,1649,Chevrolet,Tracker,2021,TDKD-39
4107,1722,Toyota,Corolla,2024,DFZY-59
4108,4091,Nissan,Versa,2017,XRFS-65
4109,2359,Mazda,Mazda3,2015,TS-2379
4110,3107,Hyundai,Accent,2022,LDPX-43
4111,2992,Chevrolet,Spark,2022,JS-8283
4112,3818,Chevrolet,Tracker,2019,XB-5797
4113,1,Nissan,Sentra,2019,KPTY-56
4114,855,Chevrolet,Spark,2014,FDST-12
4115,424,Nissan,Sentra,2021,DTPZ-94
4116,2665,Nissan,Sentra,2019,XKWF-95
4117,973,Nissan,Versa,2021,HZPW-53
4118,3526,Nissan,Versa,2019,STKL-85
4119,4364,Chevrolet,Tracker,2020,LWCY-97
4120,3037,Suzuki,Baleno,2015,RYVV-72
4121,3912,Chevrolet,Spark,2017,PJRC-70
4122,4477,Nissan,Versa,2018,RZLB-51
4123,2823,Nissan,Sentra,2016,WBPL-27
4124,4606,Mazda,Mazda3,2020,PVHZ-87
4125,161,Mazda,CX-5,2015,BL-2048
4126,3726,Chevrolet,Spark,2019,PTYT-23
4127,4918,Mazda,Mazda3,2017,SHYS-53
4128,2413,Hyundai,Accent,2025,DFTD-33
4129,2685,Suzuki,Baleno,2016,JCZF-11
4130,1022,Kia,Sportage,2012,FXHX-77
4131,1000,Nissan,Sentra,2017,WLBG-13
4132,703,Kia,Rio,2022,WRKT-47
4133,848,Chevrolet,Tracker,2012,JLZH-97
4134,2325,Chevrolet,Tracker,2021,CJGC-75
4135,4795,Chevrolet,Spark,2020,TLZZ-95
4136,1359,Mazda,Mazda3,2014,ZHWY-51
4137,2379,Kia,Rio,2022,LZTW-41
4138,1172,Nissan,Sentra,2016,JLTP-65
4139,3921,Toyota,Yaris,2012,TS-6387
4140,900,Chevrolet,Spark,2019,XYTP-11
4141,1689,Toyota,Corolla,2023,CKWG-86
4142,1239,Suzuki,Baleno,2015,PR-066
4143,873,Suzuki,Swift,2016,HS-0185
4144,3315,Hyundai,Tucson,2025,PR-890
4145,4680,Kia,Sportage,2013,KKFF-42
4146,1462,Chevrolet,Spark,2022,BT-9677
4147,3117,Hyundai,Accent,2018,AG-1011
4148,3756,Nissan,Versa,2019,PBVT-06
4149,4757,Nissan,Sentra,2021,HZKF-55
4150,721,Nissan,Versa,2018,SRDV-23
4151,3016,Suzuki,Swift,2025,HC-0217
4152,4216,Mazda,CX-5,2020,HTJH-44
4153,2694,Mazda,CX-5,2022,PR-042
4154,1295,Suzuki,Baleno,2014,XB-2222
4155,2140,Toyota,Yaris,2025,Z-6208
4156,3273,Hyundai,Accent,2022,VF-1261
4157,3215,Suzuki,Swift,2014,RCCF-37
4158,1288,Mazda,Mazda3,2016,PR-276
4159,1794,Kia,Rio,2018,CG-0392
4160,4087,Kia,Rio,2015,ZGZY-99
4161,2999,Toyota,RAV4,2017,SRGL-73
4162,876,Chevrolet,Spark,2021,RTFV-97
4163,2797,Suzuki,Swift,2015,FFLX-51
4164,1139,Nissan,Sentra,2018,VX-7937
4165,974,Hyundai,Tucson,2016,CH-9710
4166,3160,Chevrolet,Spark,2024,RP-4942
4167,4720,Suzuki,Baleno,2023,VSBD-46
4168,3254,Chevrolet,Tracker,2014,LDGB-73
4169,4917,Hyundai,Accent,2019,JZ-1555
4170,4486,Suzuki,Baleno,2023,RP-4397
4171,2753,Suzuki,Swift,2024,WVJS-25
4172,3177,Nissan,Versa,2014,STPJ-03
4173,2819,Nissan,Versa,2020,GBPY-64
4174,2446,Chevrolet,Tracker,2021,YVGV-88
4175,141,Suzuki,Swift,2020,TF-6211
4176,3201,Suzuki,Swift,2014,RYBV-05
4177,4171,Toyota,Yaris,2017,CD-5258
4178,4082,Hyundai,Accent,2024,YSLG-11
4179,3821,Chevrolet,Spark,2012,FBPZ-64
4180,1135,Chevrolet,Spark,2023,HDHK-28
4181,1642,Nissan,Versa,2021,LI-8190
4182,3678,Nissan,Versa,2025,RCZT-48
4183,641,Toyota,Yaris,2015,LKJG-99
4184,1391,Chevrolet,Tracker,2024,HPTW-28
4185,1772,Nissan,Sentra,2022,JCPR-57
4186,4937,Mazda,CX-5,2022,KPVR-50
4187,885,Suzuki,Baleno,2024,FD-1845
4188,2193,Nissan,Sentra,2025,FTWZ-98
4189,939,Mazda,CX-5,2012,PR-446
4190,2383,Hyundai,Accent,2016,RXHS-46
4191,419,Chevrolet,Spark,2020,XSTK-01
4192,3848,Kia,Sportage,2022,LRYK-40
4193,2513,Hyundai,Accent,2013,SVCD-20
4194,4117,Hyundai,Accent,2015,KP-9714
4195,4591,Hyundai,Tucson,2012,PCFP-93
4196,752,Kia,Sportage,2025,FRFK-57
4197,2920,Suzuki,Swift,2017,CSKS-63
4198,3938,Suzuki,Swift,2017,PZGH-99
4199,2462,Chevrolet,Tracker,2014,DVTH-58
4200,1379,Nissan,Sentra,2018,TXLT-15
